2;5;7.1;6.2814;-1.12894;0.740665
2;6;8.611;7.7651;-1.01611;0.749273
2;7;10.0777;9.2526;-1.0734;0.792215
2;8;11.5237;10.7426;-1.10272;0.812473
2;9;12.9633;12.2343;-1.12605;0.827539
2;10;14.4044;13.7274;-1.15099;0.845559
2;11;15.8516;15.2216;-1.17832;0.865962
2;12;17.3066;16.7167;-1.20737;0.888282
2;13;18.77;18.2125;-1.23671;0.909236
2;14;20.2413;19.7089;-1.2678;0.932229
2;15;21.7198;21.2058;-1.30097;0.956389
2;16;23.2044;22.703;-1.32719;0.991476
2;17;24.6941;24.2006;-1.3638;1.01707
2;18;26.1879;25.6985;-1.41333;1.03776
2;19;27.6849;27.1966;-1.4522;1.06629
2;20;29.1844;28.6949;-1.48867;1.09668
2;21;30.6855;30.1933;-1.60742;1.20639
2;22;32.1879;31.6919;-1.65658;1.23488
2;23;33.6911;33.1906;-1.71176;1.2684
2;24;35.1948;34.6894;-1.76611;1.30745
2;25;36.6986;36.1883;-1.82481;1.34687
2;26;38.2024;37.6872;-1.88185;1.38618
2;27;39.7061;39.1863;-1.94192;1.42613
2;28;41.2095;40.6854;-2.00937;1.47243
2;29;42.7126;42.1846;-2.0831;1.52344
2;30;44.2154;43.6838;-2.22646;1.63541
2;31;45.7179;45.1831;-2.31111;1.69312
2;32;47.2199;46.6824;-2.40988;1.75565
2;33;48.7217;48.1817;-2.51642;1.83069
2;34;50.2231;49.6811;-2.64116;1.91307
2;35;51.7243;51.1805;-2.83726;2.06479
2;36;53.2251;52.68;-3.00628;2.17781
2;37;54.7258;54.1794;-3.20895;2.32034
2;38;56.2262;55.6789;-3.50478;2.54041
2;39;57.7264;57.1785;-3.81619;2.76391
2;40;59.2265;58.678;-4.25167;3.0828
2;41;60.7264;60.1776;-4.76103;3.43938
2;42;62.2263;61.6772;-5.44945;3.93858
2;43;63.726;63.1768;-6.34237;4.57143
2;44;65.2257;64.6764;-7.46716;5.32911
2;45;66.7253;66.176;-9.05139;6.36483
2;46;68.2249;67.6757;-11.1041;7.62321
2;47;69.7244;69.1753;-13.8911;9.18986
2;48;71.224;70.675;-17.5758;11.0334
2;49;72.7235;72.1747;-1.06969;0.699797
2;50;74.223;73.6744;-0.966115;0.734137
2.2;5;6.7816;6.0118;-1.0235;0.775495
2.2;6;8.2352;7.4171;-1.0509;0.79559
2.2;7;9.6408;8.8252;-1.0728;0.809995
2.2;8;11.0202;10.235;-1.09708;0.827238
2.2;10;13.7509;13.0578;-1.12273;0.846718
2.2;12;16.4857;15.8835;-1.14967;0.867938
2.2;14;19.2433;18.7112;-1.1773;0.888002
2.2;16;22.026;21.5404;-1.2064;0.910093
2.2;18;24.8296;24.3704;-1.23672;0.932424
2.2;20;27.6488;27.2012;-1.27376;0.960995
2.2;22;30.4783;30.0324;-1.30679;0.985328
2.2;24;33.3141;32.8639;-1.34219;1.01023
2.2;26;36.1532;35.6958;-1.37766;1.03694
2.2;28;38.9936;38.5278;-1.41517;1.0648
2.2;30;41.8341;41.36;-1.52364;1.17152
2.2;32;44.674;44.1923;-1.56907;1.19819
2.2;34;47.5129;47.0247;-1.62008;1.22945
2.2;36;50.3507;49.8573;-1.67006;1.2662
2.2;38;53.1874;52.6899;-1.72431;1.30332
2.2;40;56.0231;55.5225;-1.77636;1.33986
2.2;42;58.858;58.3553;-1.83181;1.37779
2.2;44;61.6923;61.188;-1.89429;1.42203
2.2;46;64.5259;64.0209;-1.96351;1.47141
2.2;48;67.3592;66.8537;-2.10178;1.58167
2.2;50;70.1922;69.6866;-2.18276;1.63855
2.4;6;7.9504;7.162;-2.27866;1.7024
2.4;7;9.3156;8.5128;-2.38373;1.77813
2.4;8;10.6511;9.8649;-2.50812;1.86578
2.4;9;11.9703;11.2179;-2.70616;2.0245
2.4;10;13.2819;12.5715;-2.8802;2.14671
2.4;11;14.5916;13.9256;-3.09725;2.30614
2.4;12;15.9027;15.2802;-3.39809;2.53799
2.4;13;17.2173;16.635;-3.72409;2.78148
2.4;14;18.5366;17.9902;-4.17968;3.12553
2.4;15;19.861;19.3456;-4.71122;3.50922
2.4;16;21.1905;20.7013;-5.42615;4.03939
2.4;17;22.5249;22.0571;-6.34629;4.70425
2.4;18;23.8639;23.413;-7.49375;5.48936
2.4;19;25.2069;24.7691;-9.08977;6.54638
2.4;20;26.5534;26.1253;-11.1276;7.80786
2.4;21;27.903;27.4816;-13.8458;9.35383
2.4;22;29.2551;28.838;-17.3501;11.1342
2.4;23;30.6093;30.1944;-1.03608;0.70479
2.4;24;31.9653;31.5509;-0.924706;0.715508
2.4;25;33.3226;32.9075;-0.983114;0.757211
2.4;26;34.681;34.2641;-1.00653;0.778132
2.4;27;36.0401;35.6207;-1.02625;0.792283
2.4;28;37.3999;36.9774;-1.04928;0.80884
2.4;29;38.76;38.3341;-1.07328;0.827476
2.4;30;40.1204;39.6908;-1.09831;0.846826
2.4;31;41.4809;41.0476;-1.12464;0.867458
2.4;32;42.8415;42.4043;-1.15124;0.887701
2.4;33;44.202;43.7611;-1.17987;0.909156
2.4;34;45.5623;45.1179;-1.21466;0.936196
2.4;35;46.9225;46.4748;-1.23395;0.964688
2.4;36;48.2826;47.8316;-1.2678;0.987488
2.4;37;49.6424;49.1885;-1.29984;1.01097
2.4;38;51.002;50.5453;-1.34461;1.03312
2.4;39;52.3614;51.9022;-1.44779;1.13627
2.4;40;53.7205;53.2591;-1.48985;1.16127
2.4;41;55.0794;54.616;-1.53829;1.18991
2.4;42;56.4382;55.9729;-1.58386;1.22539
2.4;43;57.7967;57.3299;-1.63443;1.26085
2.4;44;59.155;58.6868;-1.68235;1.29503
2.4;45;60.5131;60.0437;-1.73444;1.33196
2.4;46;61.8711;61.4007;-1.79361;1.37469
2.4;47;63.2289;62.7576;-1.85988;1.42334
2.4;48;64.5866;64.1146;-1.99413;1.53139
2.4;49;65.9442;65.4716;-2.07443;1.59222
2.4;50;67.3016;66.8285;-2.16971;1.65882
2.6;5;6.3389;5.661;-2.27593;1.73842
2.6;6;7.7243;6.9669;-2.40252;1.83048
2.6;7;9.061;8.2746;-2.60396;1.99756
2.6;8;10.366;9.5832;-2.78645;2.13043
2.6;9;11.652;10.8925;-3.01349;2.30365
2.6;10;12.9274;12.2023;-3.32749;2.5519
2.6;11;14.198;13.5125;-3.67145;2.81582
2.6;12;15.4674;14.823;-4.14559;3.18228
2.6;13;16.7382;16.1337;-4.69811;3.59035
2.6;14;18.0119;17.4447;-5.43868;4.14608
2.6;15;19.2893;18.7558;-6.37963;4.83736
2.6;16;20.5708;20.0671;-7.54025;5.64137
2.6;17;21.8566;21.3785;-9.14093;6.71211
2.6;18;23.1464;22.6901;-11.1495;7.96484
2.6;19;24.4402;24.0017;-13.7885;9.47528
2.6;20;25.7375;25.3135;-17.1003;11.187
2.6;21;27.038;26.6253;-0.998022;0.688578
2.6;22;28.3413;27.9372;-0.884314;0.700316
2.6;23;29.647;29.2491;-0.943835;0.74117
2.6;24;30.9549;30.5611;-0.96543;0.76163
2.6;25;32.2645;31.8731;-0.984655;0.773357
2.6;26;33.5756;33.1852;-1.00619;0.790542
2.6;27;34.8879;34.4973;-1.0286;0.808354
2.6;28;36.2011;35.8094;-1.05196;0.826493
2.6;29;37.5152;37.1216;-1.07616;0.845865
2.6;30;38.8298;38.4337;-1.10126;0.864753
2.6;31;40.1448;39.7459;-1.12752;0.88479
2.6;32;41.4601;41.0581;-1.16133;0.910061
2.6;33;42.7757;42.3703;-1.18856;0.932195
2.6;34;44.0913;43.6826;-1.21783;0.954345
2.6;35;45.4069;44.9948;-1.24823;0.977337
2.6;36;46.7226;46.3071;-1.28055;1.00124
2.6;37;48.0381;47.6194;-1.37871;1.10131
2.6;38;49.3535;48.9316;-1.41783;1.12493
2.6;39;50.6688;50.2439;-1.46321;1.15191
2.6;40;51.9839;51.5562;-1.50611;1.18526
2.6;41;53.2989;52.8686;-1.55386;1.22038
2.6;42;54.6137;54.1809;-1.59886;1.25309
2.6;43;55.9282;55.4932;-1.64896;1.2898
2.6;44;57.2426;56.8055;-1.70602;1.33208
2.6;45;58.5569;58.1179;-1.77065;1.38118
2.6;46;59.8709;59.4302;-1.9054;1.49041
2.6;47;61.1848;60.7426;-1.98621;1.55153
2.6;48;62.4985;62.0549;-2.07997;1.6244
2.6;49;63.812;63.3673;-2.18835;1.7069
2.6;50;65.1254;64.6796;-2.32035;1.80697
2.8;5;6.1755;5.5405;-2.52994;1.98553
2.8;6;7.5385;6.8129;-2.72016;2.12798
2.8;7;8.8541;8.0868;-2.95438;2.30992
2.8;8;10.1371;9.3615;-3.28672;2.57947
2.8;9;11.3992;10.6368;-3.64631;2.86184
2.8;10;12.6484;11.9125;-4.14028;3.24962
2.8;11;13.8906;13.1884;-4.70927;3.67967
2.8;12;15.1296;14.4646;-5.4713;4.25771
2.8;13;16.368;15.7409;-6.43077;4.96301
2.8;14;17.6076;17.0174;-7.59929;5.78324
2.8;15;18.8496;18.2941;-9.19237;6.85544
2.8;16;20.0947;19.5709;-11.1648;8.09545
2.8;17;21.3432;20.8478;-13.7078;9.56834
2.8;18;22.5951;22.1248;-16.8349;11.1976
2.8;19;23.8506;23.4019;-0.962234;0.67185
2.8;20;25.1094;24.679;-0.848911;0.683553
2.8;21;26.3714;25.9562;-0.908177;0.725104
2.8;22;27.6362;27.2335;-0.928209;0.744562
2.8;23;28.9035;28.5108;-0.945902;0.756525
2.8;24;30.1732;29.7881;-0.966562;0.772045
2.8;25;31.4449;31.0655;-0.987694;0.788798
2.8;26;32.7184;32.3429;-1.00933;0.805995
2.8;27;33.9933;33.6204;-1.03171;0.824206
2.8;28;35.2695;34.8979;-1.05508;0.842216
2.8;29;36.5468;36.1753;-1.07951;0.860767
2.8;30;37.825;37.4529;-1.09955;0.890579
2.8;31;39.1038;38.7304;-1.13643;0.905446
2.8;32;40.3833;40.0079;-1.16349;0.926255
2.8;33;41.6632;41.2855;-1.19152;0.947612
2.8;34;42.9434;42.563;-1.21692;0.971303
2.8;35;44.2238;43.8406;-1.31561;1.06752
2.8;36;45.5044;45.1182;-1.35257;1.0902
2.8;37;46.7851;46.3958;-1.39544;1.11576
2.8;38;48.0658;47.6734;-1.43661;1.14842
2.8;39;49.3465;48.951;-1.48223;1.18281
2.8;40;50.6271;50.2286;-1.52539;1.21489
2.8;41;51.9077;51.5062;-1.57442;1.25179
2.8;42;53.1881;52.7838;-1.63067;1.29491
2.8;43;54.4684;54.0615;-1.69477;1.3447
2.8;44;55.7486;55.3391;-1.83012;1.45672
2.8;45;57.0286;56.6168;-1.91246;1.52102
2.8;46;58.3085;57.8944;-2.00872;1.5985
2.8;47;59.5882;59.1721;-2.1215;1.68682
2.8;48;60.8678;60.4497;-2.259;1.7946
2.8;49;62.1472;61.7274;-2.47721;1.98376
2.8;50;63.4264;63.005;-2.67719;2.13733
3;5;6.0372;5.4427;-2.92783;2.33816
3;6;7.3819;6.6882;-3.26998;2.61866
3;7;8.6811;7.935;-3.64389;2.91738
3;8;9.9476;9.1825;-4.15609;3.32437
3;9;11.1919;10.4305;-4.74217;3.77226
3;10;12.4217;11.6788;-5.52174;4.36741
3;11;13.6427;12.9273;-6.49186;5.08789
3;12;14.8588;14.176;-7.66171;5.91378
3;13;16.0728;15.4248;-9.2423;6.98246
3;14;17.2865;16.6738;-11.1688;8.20167
3;15;18.5013;17.9229;-13.6151;9.62925
3;16;19.7182;19.172;-16.5439;11.1795
3;17;20.9376;20.4213;-0.929764;0.654326
3;18;22.1598;21.6706;-0.816215;0.666716
3;19;23.385;22.92;-0.8751;0.709027
3;20;24.6131;24.1695;-0.893843;0.727385
3;21;25.8442;25.419;-0.910481;0.739051
3;22;27.078;26.6686;-0.929891;0.753633
3;23;28.3144;27.9182;-0.949518;0.769413
3;24;29.5531;29.1678;-0.969754;0.785585
3;25;30.794;30.4175;-0.990453;0.802177
3;26;32.0368;31.6672;-1.01205;0.819219
3;27;33.2812;32.9169;-1.03482;0.836938
3;28;34.5272;34.1666;-1.06411;0.860526
3;29;35.7744;35.4164;-1.08817;0.879092
3;30;37.0227;36.6661;-1.11411;0.898058
3;31;38.272;37.9159;-1.13934;0.918959
3;32;39.5221;39.1657;-1.16711;0.94042
3;33;40.7729;40.4155;-1.25831;1.03532
3;34;42.0241;41.6654;-1.29344;1.05706
3;35;43.2759;42.9152;-1.33439;1.08213
3;36;44.5279;44.165;-1.37613;1.11387
3;37;45.7802;45.4149;-1.41678;1.14622
3;38;47.0327;46.6647;-1.46261;1.18222
3;39;48.2854;47.9146;-1.51033;1.21892
3;40;49.5381;49.1644;-1.56584;1.26275
3;41;50.7908;50.4143;-1.63081;1.31489
3;42;52.0435;51.6642;-1.76749;1.43174
3;43;53.2962;52.914;-1.85344;1.49897
3;44;54.5488;54.1639;-1.95337;1.58046
3;45;55.8013;55.4138;-2.0727;1.67753
3;46;57.0538;56.6637;-2.21555;1.79212
3;47;58.3061;57.9136;-2.4435;1.99237
3;48;59.5583;59.1635;-2.65321;2.15728
3;49;60.8104;60.4134;-2.90507;2.36248
3;50;62.0623;61.6633;-3.27149;2.66644
3.2;5;5.9181;5.3618;-3.65892;2.97993
3.2;6;7.2473;6.5852;-4.1883;3.40366
3.2;7;8.5333;7.8097;-4.78874;3.86982
3.2;8;9.7869;9.0349;-5.57987;4.4762
3.2;9;11.0176;10.2605;-6.55902;5.20874
3.2;10;12.2326;11.4864;-7.72482;6.03202
3.2;11;13.4375;12.7125;-9.28757;7.09153
3.2;12;14.6361;13.9386;-11.1619;8.28536
3.2;13;15.8312;15.1649;-13.5008;9.66438
3.2;14;17.0249;16.3914;-16.2394;11.1343
3.2;15;18.2185;17.6178;-0.887731;0.62109
3.2;16;19.4132;18.8444;-0.784768;0.6491
3.2;17;20.6095;20.0711;-0.844288;0.692901
3.2;18;21.808;21.2978;-0.861653;0.710084
3.2;19;23.0089;22.5245;-0.877157;0.721249
3.2;20;24.2124;23.7513;-0.895592;0.735
3.2;21;25.4184;24.9782;-0.913996;0.74992
3.2;22;26.6269;26.2051;-0.93275;0.765004
3.2;23;27.8379;27.432;-0.952078;0.780635
3.2;24;29.0511;28.659;-0.972226;0.796854
3.2;25;30.2665;29.8859;-0.99347;0.813509
3.2;26;31.4839;31.1129;-1.02101;0.835858
3.2;27;32.703;32.34;-1.04356;0.853636
3.2;28;33.9237;33.567;-1.06789;0.871548
3.2;29;35.1459;34.7941;-1.09162;0.891352
3.2;30;36.3694;36.0211;-1.1178;0.912089
3.2;31;37.594;37.2482;-1.20625;1.00507
3.2;32;38.8195;38.4753;-1.24032;1.0266
3.2;33;40.0459;39.7024;-1.28019;1.05149
3.2;34;41.273;40.9295;-1.32128;1.08336
3.2;35;42.5008;42.1567;-1.36174;1.1161
3.2;36;43.729;43.3838;-1.4074;1.15309
3.2;37;44.9577;44.6109;-1.4555;1.1911
3.2;38;46.1867;45.8381;-1.51179;1.23672
3.2;39;47.4159;47.0652;-1.57868;1.29177
3.2;40;48.6454;48.2924;-1.71841;1.41275
3.2;41;49.875;49.5195;-1.80602;1.48616
3.2;42;51.1048;50.7467;-1.91362;1.57212
3.2;43;52.3346;51.9738;-2.0371;1.67638
3.2;44;53.5644;53.201;-2.1877;1.79824
3.2;45;54.7942;54.4282;-2.42537;2.0096
3.2;46;56.024;55.6554;-2.64481;2.18556
3.2;47;57.2538;56.8825;-2.9095;2.4016
3.2;48;58.4834;58.1097;-3.28797;2.7211
3.2;49;59.713;59.3369;-3.68817;3.04767
3.2;50;60.9425;60.5641;-4.23181;3.4855
3.4;5;5.8143;5.2937;-4.84368;3.9635
3.4;6;7.1297;6.4986;-5.64492;4.58006
3.4;7;8.4047;7.7046;-6.62661;5.31804
3.4;8;9.6479;8.9112;-7.78384;6.13776
3.4;9;10.8679;10.1181;-9.31989;7.1867
3.4;10;12.0715;11.3253;-11.1397;8.348
3.4;11;13.2639;12.5326;-13.3752;9.67608
3.4;12;14.4488;13.74;-15.9211;11.0624
3.4;13;15.6292;14.9475;-0.869948;0.621832
3.4;14;16.8071;16.1551;-0.756608;0.632857
3.4;15;17.9839;17.3628;-0.815337;0.676778
3.4;16;19.1609;18.5705;-0.831263;0.692839
3.4;17;20.3388;19.7783;-0.845948;0.703596
3.4;18;21.5181;20.9861;-0.863366;0.716599
3.4;19;22.6993;22.194;-0.880502;0.730744
3.4;20;23.8826;23.402;-0.898111;0.745008
3.4;21;25.0681;24.6099;-0.916029;0.759589
3.4;22;26.2558;25.8179;-0.934894;0.774896
3.4;23;27.4457;27.0259;-0.954992;0.790787
3.4;24;28.6377;28.234;-0.981171;0.811993
3.4;25;29.8318;29.4421;-1.00242;0.828903
3.4;26;31.0279;30.6502;-1.02538;0.846103
3.4;27;32.2257;31.8583;-1.04786;0.865167
3.4;28;33.4252;33.0664;-1.07296;0.885347
3.4;29;34.6262;34.2745;-1.15956;0.977118
3.4;30;35.8286;35.4827;-1.19318;0.998915
3.4;31;37.0322;36.6909;-1.23235;1.02386
3.4;32;38.2369;37.899;-1.27322;1.05613
3.4;33;39.4427;39.1072;-1.31339;1.08903
3.4;34;40.6492;40.3154;-1.36025;1.12841
3.4;35;41.8566;41.5236;-1.40963;1.16841
3.4;36;43.0646;42.7318;-1.46769;1.21802
3.4;37;44.2731;43.94;-1.53656;1.27469
3.4;38;45.4822;45.1482;-1.68041;1.40052
3.4;39;46.6916;46.3565;-1.77239;1.47942
3.4;40;47.9014;47.5647;-1.88494;1.57109
3.4;41;49.1114;48.7729;-2.01476;1.68248
3.4;42;50.3217;49.9812;-2.17261;1.81266
3.4;43;51.5321;51.1894;-2.42027;2.03461
3.4;44;52.7427;52.3976;-2.64982;2.22068
3.4;45;53.9533;53.6059;-2.92621;2.45229
3.4;46;55.164;54.8141;-3.31638;2.78014
3.4;47;56.3748;56.0224;-3.73819;3.12227
3.4;48;57.5855;57.2306;-4.28365;3.56825
3.4;49;58.7962;58.4389;-4.90373;4.05525
3.4;50;60.0069;59.6471;-5.71173;4.67914
3.6;5;5.7228;5.2356;-6.69335;5.41841
3.6;6;7.0258;6.4249;-7.83744;6.23174
3.6;7;8.2912;7.6151;-9.34517;7.26409
3.6;8;9.5259;8.8059;-11.1055;8.39318
3.6;9;10.7373;9.997;-13.229;9.66857
3.6;10;11.9318;11.1883;-15.5916;10.9778
3.6;11;13.1142;12.3797;-0.842935;0.604996
3.6;12;14.2884;13.5713;-0.728985;0.615913
3.6;13;15.4571;14.7629;-0.788015;0.660808
3.6;14;16.6223;15.9546;-0.80263;0.675628
3.6;15;17.7858;17.1463;-0.816647;0.686056
3.6;16;18.9485;18.3381;-0.833205;0.698559
3.6;17;20.1115;19.5299;-0.849231;0.711825
3.6;18;21.2752;20.7218;-0.865669;0.725162
3.6;19;22.4403;21.9137;-0.88255;0.739147
3.6;20;23.6069;23.1057;-0.900116;0.753634
3.6;21;24.7754;24.2976;-0.919272;0.768861
3.6;22;25.9457;25.4896;-0.944295;0.789427
3.6;23;27.118;26.6817;-0.964469;0.805593
3.6;24;28.2922;27.8737;-0.986527;0.822217
3.6;25;29.4684;29.0658;-1.00802;0.840909
3.6;26;30.6464;30.2579;-1.03259;0.860928
3.6;27;31.8262;31.45;-1.1178;0.952014
3.6;28;33.0076;32.6421;-1.15108;0.974309
3.6;29;34.1905;33.8343;-1.19045;0.999808
3.6;30;35.3748;35.0264;-1.23181;1.03301
3.6;31;36.5605;36.2186;-1.27275;1.06742
3.6;32;37.7474;37.4107;-1.32078;1.10848
3.6;33;38.9353;38.6029;-1.37203;1.15112
3.6;34;40.1242;39.7951;-1.43184;1.20307
3.6;35;41.314;40.9873;-1.50405;1.26324
3.6;36;42.5045;42.1795;-1.65237;1.39466
3.6;37;43.6957;43.3717;-1.7492;1.4789
3.6;38;44.8875;44.5639;-1.86723;1.57681
3.6;39;46.0799;45.7561;-2.0036;1.69517
3.6;40;47.2727;46.9483;-2.16845;1.8331
3.6;41;48.4659;48.1405;-2.42626;2.06574
3.6;42;49.6593;49.3327;-2.66514;2.26121
3.6;43;50.8531;50.525;-2.94915;2.49855
3.6;44;52.0471;51.7172;-3.35133;2.84079
3.6;45;53.2413;52.9094;-3.77427;3.1906
3.6;46;54.4356;54.1016;-4.34001;3.65023
3.6;47;55.63;55.2939;-4.9668;4.14377
3.6;48;56.8245;56.4861;-5.77794;4.77138
3.6;49;58.019;57.6783;-6.7566;5.50085
3.6;50;59.2136;58.8706;-7.88474;6.31374
3.8;5;5.6415;5.1855;-9.3614;7.3243
3.8;6;6.9331;6.3614;-11.0571;8.42186
3.8;7;8.19;7.5381;-13.0724;9.6442
3.8;8;9.4173;8.7153;-15.2555;10.8735
3.8;9;10.6217;9.8928;-0.81629;0.588928
3.8;10;11.8088;11.0705;-0.702741;0.599133
3.8;11;12.9833;12.2483;-0.762213;0.64486
3.8;12;14.1488;13.4262;-0.775505;0.658793
3.8;13;15.3081;14.6042;-0.789048;0.668766
3.8;14;16.4632;15.7822;-0.80475;0.680813
3.8;15;17.6157;16.9603;-0.819864;0.693418
3.8;16;18.7669;18.1384;-0.835339;0.706245
3.8;17;19.9176;19.3165;-0.851203;0.719504
3.8;18;21.0685;20.4947;-0.868112;0.733225
3.8;19;22.2203;21.673;-0.886153;0.748258
3.8;20;23.3731;22.8512;-0.910271;0.767839
3.8;21;24.5273;24.0295;-0.929873;0.783759
3.8;22;25.6831;25.2078;-0.951098;0.800121
3.8;23;26.8406;26.3861;-0.97217;0.818775
3.8;24;27.9998;27.5645;-0.9963;0.838758
3.8;25;29.1607;28.7428;-1.08066;0.929664
3.8;26;30.3233;29.9212;-1.11453;0.952879
3.8;27;31.4876;31.0996;-1.1543;0.979379
3.8;28;32.6535;32.278;-1.19635;1.01372
3.8;29;33.8209;33.4564;-1.23858;1.05016
3.8;30;34.9897;34.6348;-1.28835;1.09316
3.8;31;36.1598;35.8133;-1.34179;1.13846
3.8;32;37.3312;36.9917;-1.40434;1.19365
3.8;33;38.5037;38.1701;-1.47961;1.25768
3.8;34;39.6772;39.3486;-1.63349;1.39501
3.8;35;40.8517;40.5271;-1.73493;1.48432
3.8;36;42.027;41.7055;-1.85895;1.58856
3.8;37;43.2031;42.884;-2.00159;1.71395
3.8;38;44.3799;44.0625;-2.17358;1.85929
3.8;39;45.5574;45.241;-2.44119;2.10177
3.8;40;46.7353;46.4194;-2.68852;2.30617
3.8;41;47.9138;47.5979;-2.98606;2.55593
3.8;42;49.0927;48.7764;-3.39547;2.90598
3.8;43;50.2719;49.9549;-3.82752;3.26368
3.8;44;51.4514;51.1334;-4.39938;3.73006
3.8;45;52.6312;52.3119;-5.0306;4.22804
3.8;46;53.8113;53.4904;-5.84273;4.85808
3.8;47;54.9915;54.6689;-6.81374;5.59233
3.8;48;56.1718;55.8474;-7.92302;6.38365
3.8;49;57.3523;57.0259;-9.36206;7.37603
3.8;50;58.5329;58.2044;-10.996;8.43565
4;5;5.5689;5.1418;-12.9083;9.60483
4;6;6.8497;6.306;-14.9123;10.7575
4;7;8.0988;7.471;-0.791294;0.572715
4;8;9.3198;8.6364;-0.677722;0.582469
4;9;10.5182;9.8021;-0.736991;0.629974
4;10;11.6992;10.968;-0.749764;0.642095
4;11;12.8672;12.134;-0.762946;0.652084
4;12;14.0257;13.3001;-0.776757;0.663619
4;13;15.1773;14.4663;-0.791243;0.675689
4;14;16.3241;15.6325;-0.806656;0.688143
4;15;17.4677;16.7987;-0.821626;0.700812
4;16;18.6094;17.965;-0.838231;0.714114
4;17;19.75;19.1313;-0.855951;0.728713
4;18;20.8904;20.2976;-0.879113;0.747876
4;19;22.031;21.4639;-0.898102;0.763525
4;20;23.1723;22.6303;-0.911373;0.783159
4;21;24.3146;23.7967;-0.931524;0.802081
4;22;25.4581;24.9631;-0.96396;0.819048
4;23;26.603;26.1296;-1.04843;0.910173
4;24;27.7494;27.296;-1.08293;0.934592
4;25;28.8973;28.4625;-1.12396;0.961619
4;26;30.0467;29.629;-1.16564;1.00006
4;27;31.1977;30.7955;-1.21368;1.04005
4;28;32.3502;31.962;-1.26234;1.08232
4;29;33.5041;33.1285;-1.31843;1.13069
4;30;34.6594;34.2951;-1.38556;1.18925
4;31;35.816;35.4616;-1.46275;1.25729
4;32;36.9738;36.6282;-1.62201;1.40031
4;33;38.1328;37.7947;-1.7302;1.49346
4;34;39.2929;38.9613;-1.85775;1.60593
4;35;40.454;40.1278;-2.0069;1.73664
4;36;41.616;41.2944;-2.18672;1.89028
4;37;42.7788;42.461;-2.4649;2.13974
4;38;43.9424;43.6276;-2.71491;2.35258
4;39;45.1067;44.7941;-3.02169;2.61285
4;40;46.2716;45.9607;-3.44072;2.96985
4;41;47.4371;47.1273;-3.87903;3.33451
4;42;48.6031;48.2939;-4.46109;3.80758
4;43;49.7695;49.4605;-5.09324;4.30576
4;44;50.9363;50.6271;-5.91042;4.94534
4;45;52.1034;51.7937;-6.86436;5.66588
4;46;53.2709;52.9603;-7.95355;6.44413
4;47;54.4386;54.1269;-9.35439;7.41299
4;48;55.6065;55.2935;-10.9232;8.43708
4;49;56.7746;56.4601;-12.7262;9.55194
4;50;57.9429;57.6267;-14.5666;10.6299
4.2;5;5.5035;5.1033;-0.768701;0.557354
4.2;6;6.7743;6.2573;-0.653969;0.566089
4.2;7;8.0162;7.412;-0.714553;0.614101
4.2;8;9.2314;8.5672;-0.725675;0.626034
4.2;9;10.4246;9.7226;-0.738445;0.635981
4.2;10;11.6005;10.8781;-0.75298;0.647115
4.2;11;12.7632;12.0338;-0.766646;0.658766
4.2;12;13.9158;13.1895;-0.780592;0.670585
4.2;13;15.0612;14.3453;-0.795462;0.682981
4.2;14;16.2012;15.5012;-0.810902;0.696198
4.2;15;17.3374;16.657;-0.828272;0.710714
4.2;16;18.4712;17.8129;-0.850879;0.729616
4.2;17;19.6034;18.9688;-0.869693;0.745382
4.2;18;20.7349;20.1248;-0.890567;0.761797
4.2;19;21.8662;21.2808;-0.911972;0.780769
4.2;20;22.9978;22.4368;-0.935728;0.801809
4.2;21;24.13;23.5928;-1.02054;0.893793
4.2;22;25.2631;24.7488;-1.05598;0.919434
4.2;23;26.3973;25.9048;-1.09834;0.948034
4.2;24;27.5327;27.0609;-1.1417;0.98825
4.2;25;28.6694;28.217;-1.19128;1.03068
4.2;26;29.8075;29.3731;-1.2425;1.07556
4.2;27;30.947;30.5292;-1.30171;1.12736
4.2;28;32.0878;31.6853;-1.37161;1.18906
4.2;29;33.23;32.8414;-1.45254;1.26118
4.2;30;34.3735;33.9975;-1.61771;1.41059
4.2;31;35.5183;35.1536;-1.73099;1.5087
4.2;32;36.6643;36.3098;-1.86503;1.62595
4.2;33;37.8115;37.4659;-2.0193;1.76424
4.2;34;38.9597;38.6221;-2.20587;1.92429
4.2;35;40.109;39.7782;-2.49191;2.18357
4.2;36;41.2592;40.9344;-2.75377;2.40407
4.2;37;42.4102;42.0905;-3.06216;2.66509
4.2;38;43.5621;43.2467;-3.49087;3.03432
4.2;39;44.7148;44.4029;-3.93479;3.40401
4.2;40;45.8681;45.5591;-4.52137;3.88153
4.2;41;47.022;46.7152;-5.1544;4.38085
4.2;42;48.1766;47.8714;-5.96029;5.01001
4.2;43;49.3316;49.0276;-6.90915;5.73068
4.2;44;50.4871;50.1838;-7.97621;6.49417
4.2;45;51.643;51.34;-9.33727;7.43898
4.2;46;52.7992;52.4962;-10.8406;8.42593
4.2;47;53.9558;53.6524;-12.5417;9.48843
4.2;48;55.1127;54.8086;-14.2201;10.4942
4.2;49;56.2698;55.9647;-0.566905;0.480698
4.2;50;57.4271;57.1209;-0.679964;0.588001
4.4;5;5.4444;5.0692;-0.692056;0.600119
4.4;6;6.7056;6.2142;-0.703771;0.610103
4.4;7;7.9407;7.3598;-0.716791;0.621256
4.4;8;9.1507;8.5059;-0.72907;0.631803
4.4;9;10.3394;9.6522;-0.742547;0.64303
4.4;10;11.5109;10.7986;-0.756086;0.654596
4.4;11;12.669;11.9451;-0.77053;0.666727
4.4;12;13.8169;13.0917;-0.785949;0.679667
4.4;13;14.957;14.2384;-0.803085;0.694109
4.4;14;16.0913;15.3851;-0.825479;0.712964
4.4;15;17.2214;16.5318;-0.844258;0.728865
4.4;16;18.3486;17.6786;-0.864623;0.746329
4.4;17;19.4738;18.8253;-0.88647;0.765492
4.4;18;20.5978;19.9721;-0.911213;0.786983
4.4;19;21.7213;21.1189;-0.996785;0.880067
4.4;20;22.8446;22.2657;-1.03366;0.907509
4.4;21;23.9682;23.4126;-1.07731;0.937777
4.4;22;25.0924;24.5594;-1.12261;0.980401
4.4;23;26.2175;25.7063;-1.17431;1.02512
4.4;24;27.3435;26.8532;-1.2281;1.07274
4.4;25;28.4705;28.0001;-1.29012;1.12782
4.4;26;29.5988;29.147;-1.3638;1.1934
4.4;27;30.7283;30.2939;-1.44853;1.26944
4.4;28;31.859;31.4408;-1.61853;1.42335
4.4;29;32.9909;32.5878;-1.73767;1.52792
4.4;30;34.1241;33.7347;-1.87702;1.65081
4.4;31;35.2585;34.8817;-2.03767;1.79497
4.4;32;36.3941;36.0286;-2.23011;1.96151
4.4;33;37.5308;37.1756;-2.5254;2.22856
4.4;34;38.6685;38.3225;-2.793;2.45758
4.4;35;39.8073;39.4695;-3.10691;2.72206
4.4;36;40.947;40.6165;-3.54452;3.09868
4.4;37;42.0877;41.7635;-3.99242;3.4721
4.4;38;43.2291;42.9104;-4.58081;3.95197
4.4;39;44.3714;44.0574;-5.21219;4.45062
4.4;40;45.5144;45.2044;-6.01298;5.0774
4.4;41;46.658;46.3514;-6.9491;5.78751
4.4;42;47.8023;47.4984;-7.99074;6.53413
4.4;43;48.9471;48.6454;-9.31143;7.45475
4.4;44;50.0924;49.7924;-10.7472;8.40431
4.4;45;51.2382;50.9394;-12.346;9.41513
4.4;46;52.3845;52.0864;-13.8703;10.3507
4.4;47;53.5311;53.2334;-0.725205;0.527016
4.4;48;54.6781;54.3804;-0.609726;0.534554
4.4;49;55.8253;55.5274;-0.671707;0.586197
4.4;50;56.9729;56.6744;-0.681392;0.595711
4.6;5;5.3908;5.0388;-0.694013;0.605831
4.6;6;6.6429;6.1758;-0.706453;0.616411
4.6;7;7.8715;7.3133;-0.7195;0.627482
4.6;8;9.0766;8.4513;-0.733816;0.639473
4.6;9;10.2612;9.5894;-0.747602;0.651446
4.6;10;11.4289;10.7278;-0.763196;0.664635
4.6;11;12.5831;11.8662;-0.7803;0.679134
4.6;12;13.7269;13.0046;-0.802692;0.69808
4.6;13;14.8626;14.1432;-0.821667;0.714489
4.6;14;15.9922;15.2817;-0.835231;0.735014
4.6;15;17.1172;16.4203;-0.856343;0.755536
4.6;16;18.2388;17.5589;-0.890331;0.774842
4.6;17;19.3581;18.6976;-0.977187;0.869426
4.6;18;20.4758;19.8362;-1.01529;0.898652
4.6;19;21.5925;20.9749;-1.06056;0.930827
4.6;20;22.7089;22.1136;-1.10818;0.97557
4.6;21;23.8252;23.2522;-1.16209;1.02283
4.6;22;24.9418;24.3909;-1.21856;1.07347
4.6;23;26.0589;25.5297;-1.28383;1.13181
4.6;24;27.1768;26.6684;-1.36109;1.20128
4.6;25;28.2955;27.8071;-1.44939;1.28089
4.6;26;29.4152;28.9459;-1.62543;1.44091
4.6;27;30.5359;30.0846;-1.74907;1.55093
4.6;28;31.6578;31.2234;-1.89387;1.67907
4.6;29;32.7808;32.3622;-2.06017;1.82864
4.6;30;33.9049;33.5009;-2.25809;2.00077
4.6;31;35.0301;34.6397;-2.56074;2.27454
4.6;32;36.1565;35.7785;-2.83031;2.50603
4.6;33;37.2839;36.9173;-3.1561;2.78421
4.6;34;38.4123;38.0561;-3.596;3.15959
4.6;35;39.5417;39.1949;-4.04667;3.53661
4.6;36;40.6721;40.3337;-4.63747;4.01862
4.6;37;41.8034;41.4725;-5.26636;4.51512
4.6;38;42.9356;42.6114;-6.06703;5.14364
4.6;39;44.0685;43.7502;-6.98085;5.83665
4.6;40;45.2022;44.889;-7.99603;6.56631
4.6;41;46.3366;46.0278;-9.27494;7.4609
4.6;42;47.4717;47.1667;-10.6461;8.3745
4.6;43;48.6073;48.3055;-12.142;9.33323
4.6;44;49.7436;49.4443;-13.5242;10.2018
4.6;45;50.8803;50.5832;-0.703541;0.51205
4.6;46;52.0175;51.722;-0.589463;0.519671
4.6;47;53.1551;52.8608;-0.653095;0.572088
4.6;48;54.2931;53.9997;-0.661478;0.58171
4.6;49;55.4315;55.1385;-0.674297;0.592129
4.6;50;56.5702;56.2773;-0.687923;0.602833
4.8;5;5.342;5.0114;-0.700599;0.614034
4.8;6;6.5853;6.1412;-0.713701;0.625374
4.8;7;7.8077;7.2716;-0.727687;0.637672
4.8;8;9.0082;8.4023;-0.742845;0.651
4.8;9;10.189;9.5332;-0.760165;0.665863
4.8;10;11.3533;10.6642;-0.782357;0.685003
4.8;11;12.5042;11.7954;-0.801795;0.702038
4.8;12;13.6445;12.9266;-0.823593;0.72002
4.8;13;14.7765;14.0579;-0.846461;0.741165
4.8;14;15.902;15.1891;-0.872569;0.76502
4.8;15;17.0227;16.3204;-0.961011;0.861463
4.8;16;18.1396;17.4518;-1.00097;0.892647
4.8;17;19.2539;18.5831;-1.04825;0.926647
4.8;18;20.3662;19.7145;-1.09773;0.973967
4.8;19;21.4773;20.8459;-1.15426;1.02369
4.8;20;22.5876;21.9772;-1.21355;1.07756
4.8;21;23.6976;23.1086;-1.28224;1.1394
4.8;22;24.8076;24.24;-1.36255;1.21236
4.8;23;25.9179;25.3715;-1.45456;1.29577
4.8;24;27.0287;26.5029;-1.63678;1.46178
4.8;25;28.1402;27.6343;-1.76509;1.57607
4.8;26;29.2525;28.7658;-1.91469;1.70929
4.8;27;30.3656;29.8972;-2.08723;1.86446
4.8;28;31.4797;31.0287;-2.28989;2.04155
4.8;29;32.5947;32.1602;-2.59753;2.32431
4.8;30;33.7108;33.2916;-2.87797;2.55939
4.8;31;34.828;34.4231;-3.2016;2.83502
4.8;32;35.9461;35.5546;-3.64749;3.22002
4.8;33;37.0653;36.6861;-4.10067;3.599
4.8;34;38.1854;37.8176;-4.69206;4.08124
4.8;35;39.3065;38.9491;-5.31703;4.57463
4.8;36;40.4286;40.0806;-6.10352;5.1868
4.8;37;41.5515;41.2121;-7.00692;5.87893
4.8;38;42.6753;42.3436;-7.9952;6.59081
4.8;39;43.7999;43.4751;-9.23176;7.45911
4.8;40;44.9252;44.6066;-10.5363;8.33549
4.8;41;46.0513;45.7382;-11.9381;9.24363
4.8;42;47.178;46.8697;-13.1813;10.0472
4.8;43;48.3054;48.0012;-0.51027;0.440523
4.8;44;49.4333;49.1327;-0.621854;0.547036
4.8;45;50.5618;50.2643;-0.63456;0.560285
4.8;46;51.6909;51.3958;-0.64538;0.569574
4.8;47;52.8204;52.5273;-0.657672;0.580388
4.8;48;53.9503;53.6588;-0.669161;0.590556
4.8;49;55.0806;54.7904;-0.682023;0.601779
4.8;50;56.2113;55.9219;-0.695111;0.613139
5;5;5.2973;4.9867;-0.709298;0.625462
5;6;6.5323;6.1101;-0.72467;0.639027
5;7;7.7486;7.2339;-0.742223;0.65436
5;8;8.9448;8.3581;-0.764686;0.6738
5;9;10.1221;9.4825;-0.784622;0.691356
5;10;11.2834;10.607;-0.80671;0.711049
5;11;12.4313;11.7316;-0.830641;0.732824
5;12;13.5686;12.8562;-0.858149;0.757603
5;13;14.6974;13.981;-0.948489;0.856276
5;14;15.8195;15.1057;-0.990382;0.889336
5;15;16.9364;16.2304;-1.0392;0.925608
5;16;18.0494;17.3552;-1.0912;0.975426
5;17;19.1593;18.48;-1.15016;1.02753
5;18;20.2671;19.6048;-1.21237;1.08454
5;19;21.3732;20.7296;-1.28425;1.14947
5;20;22.4784;21.8544;-1.3684;1.22612
5;21;23.583;22.9793;-1.46391;1.31355
5;22;24.6873;24.1041;-1.65169;1.48506
5;23;25.7917;25.229;-1.78478;1.60382
5;24;26.8964;26.3538;-1.93929;1.74157
5;25;28.0015;27.4787;-2.11644;1.90176
5;26;29.1072;28.6036;-2.32338;2.08313
5;27;30.2136;29.7285;-2.63745;2.37068
5;28;31.3209;30.8534;-2.92252;2.61288
5;29;32.429;31.9783;-3.25376;2.89503
5;30;33.538;33.1032;-3.69916;3.27809
5;31;34.6479;34.2281;-4.15526;3.65835
5;32;35.7588;35.353;-4.74401;4.13944
5;33;36.8706;36.4779;-5.36275;4.62875
5;34;37.9833;37.6028;-6.13832;5.23644
5;35;39.097;38.7277;-7.02754;5.90901
5;36;40.2115;39.8527;-7.98633;6.60649
5;37;41.3269;40.9776;-9.17973;7.44907
5;38;42.4432;42.1025;-10.4215;8.28887
5;39;43.5602;43.2275;-11.7296;9.14933
5;40;44.678;44.3524;-12.8404;9.89054
5;41;45.7965;45.4773;-0.494643;0.42807
5;42;46.9157;46.6023;-0.605393;0.534981
5;43;48.0356;47.7272;-0.618081;0.548358
5;44;49.1561;48.8522;-0.629248;0.557201
5;45;50.2771;49.9771;-0.641519;0.568306
5;46;51.3987;51.1021;-0.65118;0.578197
5;47;52.5208;52.227;-0.66397;0.589525
5;48;53.6433;53.352;-0.678657;0.601994
5;49;54.7663;54.4769;-0.692377;0.614457
5;50;55.8897;55.6019;-0.708584;0.628595
5.2;5;5.2564;4.9643;-0.726572;0.644537
5.2;6;6.4833;6.0818;-0.750216;0.663533
5.2;7;7.6939;7.1998;-0.770898;0.682193
5.2;8;8.8858;8.318;-0.785891;0.705865
5.2;9;10.0598;9.4365;-0.809667;0.729449
5.2;10;11.2182;10.5551;-0.846978;0.752196
5.2;11;12.3636;11.6738;-0.938942;0.853253
5.2;12;13.4982;12.7925;-0.982786;0.888649
5.2;13;14.6242;13.9113;-1.034;0.926873
5.2;14;15.7434;15.0301;-1.08858;0.979122
5.2;15;16.8571;16.1489;-1.1472;1.03121
5.2;16;17.9667;17.2678;-1.21164;1.09031
5.2;17;19.0729;18.3866;-1.28999;1.16248
5.2;18;20.1767;19.5055;-1.3777;1.24244
5.2;19;21.2787;20.6244;-1.47673;1.33346
5.2;20;22.3794;21.7432;-1.67161;1.51035
5.2;21;23.4793;22.8621;-1.80557;1.63563
5.2;22;24.5787;23.981;-1.96617;1.77561
5.2;23;25.6779;25.1;-2.147;1.94026
5.2;24;26.7772;26.2189;-2.35905;2.12531
5.2;25;27.8767;27.3378;-2.68097;2.41692
5.2;26;28.9767;28.4567;-2.96261;2.65999
5.2;27;30.0773;29.5757;-3.30206;2.94752
5.2;28;31.1785;30.6946;-3.75184;3.33283
5.2;29;32.2804;31.8136;-4.20318;3.71318
5.2;30;33.3831;32.9325;-4.79549;4.19462
5.2;31;34.4866;34.0515;-5.40499;4.67724
5.2;32;35.591;35.1704;-6.1766;5.2847
5.2;33;36.6962;36.2894;-7.04027;5.93753
5.2;34;37.8023;37.4084;-7.96988;6.61584
5.2;35;38.9093;38.5274;-9.1206;7.43201
5.2;36;40.0171;39.6463;-10.299;8.23626
5.2;37;41.1257;40.7653;-11.5169;9.04922
5.2;38;42.2352;41.8843;-12.5037;9.7321
5.2;39;43.3454;43.0033;-0.478289;0.41693
5.2;40;44.4564;44.1223;-0.588924;0.523292
5.2;41;45.568;45.2413;-0.60353;0.536934
5.2;42;46.6804;46.3603;-0.613431;0.547125
5.2;43;47.7934;47.4793;-0.625949;0.558146
5.2;44;48.9071;48.5983;-0.637858;0.568131
5.2;45;50.0213;49.7173;-0.650759;0.579761
5.2;46;51.1361;50.8363;-0.664093;0.591744
5.2;47;52.2514;51.9553;-0.678759;0.605138
5.2;48;53.3672;53.0743;-0.69464;0.619626
5.2;49;54.4835;54.1933;-0.713201;0.636377
5.2;50;55.6002;55.3123;-0.73654;0.656683
5.4;5;5.2188;4.9439;-0.758079;0.676031
5.4;6;6.438;6.0561;-0.782371;0.697161
5.4;7;7.6429;7.1687;-0.807877;0.721919
5.4;8;8.8307;8.2816;-0.838138;0.74938
5.4;9;10.0016;9.3947;-0.932697;0.852814
5.4;10;11.1574;10.5079;-0.97843;0.890307
5.4;11;12.3004;11.6212;-1.03082;0.932129
5.4;12;13.4327;12.7345;-1.08453;0.981807
5.4;13;14.5563;13.8479;-1.151;1.04044
5.4;14;15.6729;14.9613;-1.22195;1.10506
5.4;15;16.7839;16.0747;-1.29893;1.17758
5.4;16;17.8904;17.1882;-1.38622;1.25923
5.4;17;18.9935;18.3016;-1.4922;1.35546
5.4;18;20.0939;19.4151;-1.69253;1.53735
5.4;19;21.1922;20.5286;-1.83075;1.66659
5.4;20;22.289;21.6421;-1.99486;1.81014
5.4;21;23.3848;22.7556;-2.18004;1.97913
5.4;22;24.4799;23.8691;-2.39607;2.16772
5.4;23;25.5746;24.9826;-2.72253;2.46494
5.4;24;26.6692;26.0961;-3.012;2.71154
5.4;25;27.7639;27.2096;-3.35878;3.0074
5.4;26;28.8588;28.3232;-3.79997;3.38591
5.4;27;29.9541;29.4367;-4.25092;3.76543
5.4;28;31.05;30.5502;-4.83656;4.24269
5.4;29;32.1464;31.6638;-5.44306;4.72394
5.4;30;33.2435;32.7773;-6.19681;5.31278
5.4;31;34.3413;33.8909;-7.05484;5.95586
5.4;32;35.4399;35.0044;-7.94862;6.61904
5.4;33;36.5393;36.118;-9.05591;7.40581
5.4;34;37.6394;37.2316;-10.1719;8.17756
5.4;35;38.7403;38.3451;-11.2993;8.94246
5.4;36;39.8421;39.4587;-12.1722;9.57015
5.4;37;40.9446;40.5723;-0.464689;0.406097
5.4;38;42.0479;41.6858;-0.57522;0.512948
5.4;39;43.1519;42.7994;-0.586725;0.528714
5.4;40;44.2567;43.913;-0.600101;0.536661
5.4;41;45.3622;45.0266;-0.612718;0.548175
5.4;42;46.4683;46.1402;-0.622503;0.55828
5.4;43;47.5751;47.2538;-0.635867;0.57024
5.4;44;48.6826;48.3673;-0.649898;0.582974
5.4;45;49.7906;49.4809;-0.665517;0.596953
5.4;46;50.8992;50.5945;-0.682626;0.61227
5.4;47;52.0083;51.7081;-0.701116;0.62881
5.4;48;53.1179;52.8217;-0.726756;0.65003
5.4;49;54.228;53.9353;-0.749014;0.67056
5.4;50;55.3386;55.0489;-0.766095;0.69625
5.6;5;5.1842;4.9252;-0.800652;0.719036
5.6;6;6.396;6.0325;-0.832333;0.74817
5.6;7;7.5954;7.1402;-0.929023;0.854556
5.6;8;8.7792;8.2482;-0.977009;0.893991
5.6;9;9.947;9.3564;-1.03153;0.93789
5.6;10;11.1004;10.4647;-1.08752;0.990092
5.6;11;12.2411;11.573;-1.15681;1.05174
5.6;12;13.3713;12.6815;-1.23045;1.1193
5.6;13;14.4928;13.7899;-1.31069;1.19467
5.6;14;15.6072;14.8984;-1.40083;1.27908
5.6;15;16.7158;16.0069;-1.51035;1.37901
5.6;16;17.8198;17.1154;-1.71585;1.56597
5.6;17;18.9201;18.224;-1.85761;1.69891
5.6;18;20.0175;19.3325;-2.0257;1.84573
5.6;19;21.1126;20.4411;-2.21442;2.01795
5.6;20;22.2061;21.5496;-2.4335;2.20966
5.6;21;23.2983;22.6582;-2.76443;2.50984
5.6;22;24.3896;23.7668;-3.05194;2.75794
5.6;23;25.4803;24.8754;-3.39483;3.04827
5.6;24;26.5708;25.9839;-3.84814;3.4347
5.6;25;27.6611;27.0925;-4.29581;3.81417
5.6;26;28.7516;28.2011;-4.87794;4.28865
5.6;27;29.8423;29.3097;-5.47636;4.76334
5.6;28;30.9334;30.4183;-6.22219;5.3501
5.6;29;32.025;31.5269;-7.04851;5.97469
5.6;30;33.1171;32.6355;-7.91932;6.61634
5.6;31;34.2098;33.7442;-8.98551;7.38063
5.6;32;35.3032;34.8528;-10.0408;8.11393
5.6;33;36.3973;35.9614;-11.0865;8.83744
5.6;34;37.492;37.07;-11.8453;9.40739
5.6;35;38.5876;38.1787;-0.450688;0.396113
5.6;36;39.6838;39.2873;-0.561149;0.503005
5.6;37;40.7808;40.3959;-0.577177;0.518118
5.6;38;41.8785;41.5046;-0.587151;0.528498
5.6;39;42.9769;42.6132;-0.599968;0.540291
5.6;40;44.0761;43.7218;-0.61238;0.550678
5.6;41;45.1759;44.8305;-0.625811;0.563139
5.6;42;46.2764;45.9391;-0.639914;0.576196
5.6;43;47.3775;47.0478;-0.655612;0.590516
5.6;44;48.4792;48.1564;-0.672583;0.606195
5.6;45;49.5815;49.2651;-0.692542;0.624655
5.6;46;50.6845;50.3737;-0.717159;0.646339
5.6;47;51.7879;51.4824;-0.740746;0.667811
5.6;48;52.8918;52.591;-0.767221;0.691191
5.6;49;53.9963;53.6997;-0.79504;0.718842
5.6;50;55.1012;54.8084;-0.828058;0.749381
5.8;5;5.1522;4.908;-0.927876;0.858158
5.8;6;6.3569;6.0108;-0.978061;0.899757
5.8;7;7.551;7.1141;-1.03466;0.945967
5.8;8;8.7308;8.2176;-1.09286;1.00066
5.8;9;9.8957;9.3213;-1.16489;1.065
5.8;10;11.0467;10.425;-1.24148;1.13483
5.8;11;12.1854;11.5289;-1.32457;1.21361
5.8;12;13.3137;12.6328;-1.41747;1.30071
5.8;13;14.4333;13.7368;-1.53043;1.40358
5.8;14;15.5457;14.8407;-1.74057;1.59549
5.8;15;16.6522;15.9447;-1.88572;1.73163
5.8;16;17.7539;17.0487;-2.05719;1.88194
5.8;17;18.8518;18.1527;-2.24923;2.05681
5.8;18;19.9466;19.2568;-2.47157;2.25144
5.8;19;21.039;20.3608;-2.80618;2.5552
5.8;20;22.1295;21.4648;-3.10007;2.80596
5.8;21;23.2186;22.5689;-3.43391;3.09099
5.8;22;24.3066;23.6729;-3.89169;3.48209
5.8;23;25.3938;24.777;-4.33792;3.85999
5.8;24;26.4806;25.8811;-4.91569;4.33112
5.8;25;27.5672;26.9851;-5.50502;4.79859
5.8;26;28.6537;28.0892;-6.23351;5.3685
5.8;27;29.7403;29.1933;-7.04384;5.98623
5.8;28;30.8272;30.2974;-7.88642;6.60823
5.8;29;31.9144;31.4014;-8.90862;7.34623
5.8;30;33.002;32.5055;-9.9059;8.04602
5.8;31;34.0902;33.6096;-10.8703;8.7245
5.8;32;35.1789;34.7137;-11.5255;9.24345
5.8;33;36.2682;35.8178;-0.438206;0.386945
5.8;34;37.3582;36.9219;-0.549885;0.494417
5.8;35;38.4488;38.026;-0.565766;0.510199
5.8;36;39.5401;39.1301;-0.575945;0.520877
5.8;37;40.632;40.2342;-0.589186;0.532985
5.8;38;41.7247;41.3383;-0.602037;0.543888
5.8;39;42.818;42.4425;-0.615931;0.556697
5.8;40;43.912;43.5466;-0.630518;0.570322
5.8;41;45.0067;44.6507;-0.646511;0.585243
5.8;42;46.1019;45.7548;-0.664244;0.601771
5.8;43;47.1979;46.8589;-0.685248;0.620912
5.8;44;48.2944;47.963;-0.710747;0.643778
5.8;45;49.3915;49.0672;-0.73501;0.666255
5.8;46;50.4892;50.1713;-0.762712;0.69094
5.8;47;51.5874;51.2754;-0.792089;0.719984
5.8;48;52.6862;52.3795;-0.826513;0.752004
5.8;49;53.7854;53.4837;-0.928978;0.863493
5.8;50;54.8851;54.5878;-0.981138;0.907351
6;5;5.1226;4.8921;-1.03986;0.955697
6;6;6.3205;5.9909;-1.10064;1.01269
6;7;7.5094;7.09;-1.17517;1.07952
6;8;8.6854;8.1894;-1.25446;1.15232
6;9;9.8474;9.2889;-1.34046;1.23366
6;10;10.9961;10.3885;-1.43617;1.32386
6;11;12.1329;11.4882;-1.55225;1.42943
6;12;13.2595;12.588;-1.76707;1.62565
6;13;14.3773;13.6878;-1.91526;1.76469
6;14;15.488;14.7876;-2.08971;1.91776
6;15;16.5926;15.8874;-2.28459;2.09569
6;16;17.6924;16.9873;-2.5092;2.29241
6;17;18.7881;18.0872;-2.84736;2.60013
6;18;19.8807;19.187;-3.14259;2.85122
6;19;20.9706;20.2869;-3.47678;3.13614
6;20;22.0585;21.3868;-3.93474;3.5279
6;21;23.1448;22.4867;-4.37725;3.90191
6;22;24.2299;23.5866;-4.94942;4.36879
6;23;25.3141;24.6865;-5.52983;4.82926
6;24;26.3976;25.7864;-6.24294;5.38786
6;25;27.4808;26.8863;-7.03469;5.99223
6;26;28.5638;27.9862;-7.84693;6.59474
6;27;29.6468;29.0861;-8.82779;7.30397
6;28;30.7299;30.186;-9.76776;7.974
6;29;31.8132;31.2859;-10.6503;8.60998
6;30;32.8968;32.3859;-11.2113;9.08143
6;31;33.9809;33.4858;-0.427146;0.37877
6;32;35.0654;34.5857;-0.538242;0.486226
6;33;36.1504;35.6857;-0.554981;0.50374
6;34;37.236;36.7856;-0.566223;0.514133
6;35;38.3222;37.8855;-0.579787;0.526717
6;36;39.409;38.9855;-0.592972;0.538108
6;37;40.4964;40.0854;-0.607428;0.551435
6;38;41.5844;41.1854;-0.622175;0.565811
6;39;42.6731;42.2853;-0.63922;0.58131
6;40;43.7624;43.3853;-0.65784;0.598665
6;41;44.8524;44.4852;-0.679555;0.618906
6;42;45.9429;45.5852;-0.70582;0.642487
6;43;47.0341;46.6851;-0.731372;0.666179
6;44;48.1258;47.7851;-0.760447;0.692148
6;45;49.2181;48.885;-0.791543;0.722072
6;46;50.311;49.985;-0.827;0.756044
6;47;51.4044;51.085;-0.931987;0.870726
6;48;52.4984;52.1849;-0.986571;0.916567
6;49;53.5928;53.2849;-1.0485;0.965643
6;50;54.6877;54.3848;-1.11517;1.03032
6.2;5;5.0952;4.8774;-1.1868;1.09529
6.2;6;6.2865;5.9724;-1.26395;1.16735
6.2;7;7.4704;7.0678;-1.35803;1.2549
6.2;8;8.6426;8.1633;-1.46072;1.35013
6.2;9;9.8018;9.259;-1.57503;1.45635
6.2;10;10.9483;10.3548;-1.79469;1.65645
6.2;11;12.0833;11.4507;-1.94566;1.79829
6.2;12;13.2082;12.5466;-2.12282;1.95363
6.2;13;14.3245;13.6426;-2.32025;2.13368
6.2;14;15.4335;14.7385;-2.54677;2.33229
6.2;15;16.5365;15.8345;-2.88807;2.64287
6.2;16;17.6346;16.9306;-3.18361;2.89398
6.2;17;18.7285;18.0266;-3.51755;3.17845
6.2;18;19.819;19.1226;-3.975;3.5684
6.2;19;20.9068;20.2187;-4.41364;3.94069
6.2;20;21.9924;21.3147;-4.9838;4.40402
6.2;21;23.0762;22.4107;-5.55045;4.85387
6.2;22;24.1587;23.5068;-6.2496;5.4044
6.2;23;25.2402;24.6029;-7.02048;5.99551
6.2;24;26.3209;25.6989;-7.80303;6.57785
6.2;25;27.4011;26.795;-8.74344;7.26446
6.2;26;28.4809;27.8911;-9.62597;7.89865
6.2;27;29.5606;28.9871;-10.4382;8.49551
6.2;28;30.6403;30.0832;-10.9015;8.9215
6.2;29;31.7202;31.1793;-0.417464;0.371173
6.2;30;32.8002;32.2754;-0.529225;0.479563
6.2;31;33.8806;33.3715;-0.543747;0.498369
6.2;32;34.9613;34.4675;-0.558339;0.507815
6.2;33;36.0425;35.5636;-0.572202;0.520958
6.2;34;37.1241;36.6597;-0.585284;0.533517
6.2;35;38.2063;37.7558;-0.59837;0.546662
6.2;36;39.289;38.8519;-0.614701;0.561674
6.2;37;40.3723;39.948;-0.633417;0.578689
6.2;38;41.4561;41.0441;-0.652889;0.59699
6.2;39;42.5405;42.1402;-0.675512;0.618012
6.2;40;43.6256;43.2363;-0.703469;0.641739
6.2;41;44.7112;44.3324;-0.730059;0.666752
6.2;42;45.7974;45.4285;-0.759735;0.694844
6.2;43;46.8842;46.5247;-0.792255;0.726277
6.2;44;47.9715;47.6208;-0.829235;0.761857
6.2;45;49.0595;48.7169;-0.93726;0.879092
6.2;46;50.1479;49.813;-0.99368;0.927328
6.2;47;51.2369;50.9091;-1.05669;0.97951
6.2;48;52.3264;52.0052;-1.12669;1.04697
6.2;49;53.4163;53.1013;-1.20062;1.11282
6.2;50;54.5068;54.1975;-1.28025;1.18704
6.4;5;5.0697;4.8638;-1.37357;1.27441
6.4;6;6.2547;5.9553;-1.48234;1.37508
6.4;7;7.4337;7.0471;-1.59913;1.48339
6.4;8;8.6022;8.1391;-1.82155;1.68962
6.4;9;9.7586;9.2313;-1.97638;1.83188
6.4;10;10.903;10.3235;-2.15609;1.98962
6.4;11;12.0362;11.4159;-2.35591;2.17069
6.4;12;13.1596;12.5082;-2.58413;2.37128
6.4;13;14.2744;13.6006;-2.92519;2.68388
6.4;14;15.3821;14.6931;-3.22055;2.93458
6.4;15;16.4836;15.7855;-3.57158;3.23391
6.4;16;17.5801;16.878;-4.01121;3.60934
6.4;17;18.6723;17.9705;-4.44669;3.97618
6.4;18;19.7611;19.0629;-5.00806;4.44057
6.4;19;20.8469;20.1554;-5.56781;4.87559
6.4;20;21.9305;21.2479;-6.25215;5.41659
6.4;21;23.0122;22.3404;-7.00005;5.99346
6.4;22;24.0924;23.4329;-7.75501;6.55606
6.4;23;25.1714;24.5254;-8.65373;7.2179
6.4;24;26.2496;25.6179;-9.48371;7.82042
6.4;25;27.3271;26.7104;-10.2252;8.38017
6.4;26;28.4042;27.8029;-10.6046;8.75684
6.4;27;29.481;28.8955;-0.40782;0.364438
6.4;28;30.5576;29.988;-0.458233;0.420224
6.4;29;31.6343;31.0805;-0.538469;0.492613
6.4;30;32.7111;32.173;-0.550454;0.503757
6.4;31;33.7882;33.2655;-0.562794;0.515977
6.4;32;34.8655;34.3581;-0.579023;0.529942
6.4;33;35.9432;35.4506;-0.59435;0.544963
6.4;34;37.0212;36.5431;-0.610875;0.560286
6.4;35;38.0997;37.6357;-0.629135;0.577421
6.4;36;39.1787;38.7282;-0.649495;0.596504
6.4;37;40.2582;39.8208;-0.67236;0.617684
6.4;38;41.3383;40.9133;-0.702033;0.643418
6.4;39;42.4188;42.0058;-0.719025;0.67384
6.4;40;43.4999;43.0984;-0.752831;0.701843
6.4;41;44.5816;44.1909;-0.794207;0.731946
6.4;42;45.6638;45.2835;-0.833288;0.768943
6.4;43;46.7466;46.376;-0.943842;0.889301
6.4;44;47.8299;47.4686;-1.00271;0.939201
6.4;45;48.9137;48.5611;-1.06776;0.993436
6.4;46;49.9981;49.6537;-1.13529;1.05822
6.4;47;51.083;50.7462;-1.21623;1.13103
6.4;48;52.1684;51.8388;-1.30209;1.2115
6.4;49;53.2543;52.9314;-1.39835;1.30141
6.4;50;54.3406;54.0239;-1.50487;1.40052
6.6;5;5.0459;4.8511;-1.62414;1.51095
6.6;6;6.225;5.9394;-1.85054;1.72085
6.6;7;7.3992;7.0279;-2.00764;1.8653
6.6;8;8.564;8.1167;-2.18946;2.02388
6.6;9;9.7177;9.2055;-2.39068;2.20834
6.6;10;10.86;10.2945;-2.62051;2.40922
6.6;11;11.9915;11.3835;-2.96537;2.722
6.6;12;13.1134;12.4726;-3.26179;2.97587
6.6;13;14.2269;13.5617;-3.59312;3.25947
6.6;14;15.3332;14.6508;-4.047;3.64523
6.6;15;16.4335;15.74;-4.47706;4.00904
6.6;16;17.5285;16.8291;-5.0338;4.46188
6.6;17;18.6193;17.9183;-5.57993;4.89542
6.6;18;19.7065;19.0075;-6.24866;5.42667
6.6;19;20.7907;20.0967;-6.97782;5.98535
6.6;20;21.8724;21.1859;-7.70358;6.53073
6.6;21;22.9522;22.2751;-8.56398;7.16728
6.6;22;24.0304;23.3643;-9.33821;7.73848
6.6;23;25.1072;24.4535;-10.0123;8.2627
6.6;24;26.1831;25.5427;-10.3111;8.59887
6.6;25;27.2582;26.6319;-0.399566;0.358551
6.6;26;28.3328;27.7211;-0.449305;0.413574
6.6;27;29.407;28.8103;-0.531838;0.488572
6.6;28;30.4809;29.8995;-0.544375;0.500094
6.6;29;31.5548;30.9887;-0.557291;0.512711
6.6;30;32.6287;32.078;-0.574136;0.527295
6.6;31;33.7027;33.1672;-0.589891;0.543168
6.6;32;34.7769;34.2564;-0.607084;0.559175
6.6;33;35.8514;35.3456;-0.626272;0.577244
6.6;34;36.9263;36.4349;-0.647614;0.597312
6.6;35;38.0015;37.5241;-0.672225;0.620204
6.6;36;39.0771;38.6133;-0.702312;0.646143
6.6;37;40.1532;39.7026;-0.730385;0.674196
6.6;38;41.2297;40.7918;-0.762668;0.704537
6.6;39;42.3067;41.881;-0.798225;0.738611
6.6;40;43.3842;42.9703;-0.838726;0.77726
6.6;41;44.4623;44.0595;-0.952198;0.900454
6.6;42;45.5408;45.1488;-1.01308;0.952265
6.6;43;46.6199;46.238;-1.07997;1.00854
6.6;44;47.6995;47.3272;-1.14948;1.07464
6.6;45;48.7796;48.4165;-1.23291;1.15038
6.6;46;49.8602;49.5057;-1.32078;1.23305
6.6;47;50.9413;50.595;-1.41957;1.32502
6.6;48;52.0229;51.6842;-1.52848;1.42601
6.6;49;53.1049;52.7735;-1.64961;1.53883
6.6;50;54.1874;53.8627;-1.87968;1.75195
6.8;5;5.0238;4.8393;-2.03872;1.89812
6.8;6;6.1971;5.9246;-2.22227;2.05858
6.8;7;7.3666;7.01;-2.42496;2.24389
6.8;8;8.5279;8.0957;-2.65595;2.44613
6.8;9;9.6789;9.1815;-3.00199;2.75933
6.8;10;10.8191;10.2674;-3.2982;3.0129
6.8;11;11.949;11.3534;-3.6413;3.30562
6.8;12;13.0695;12.4394;-4.07926;3.67916
6.8;13;14.1817;13.5254;-4.50436;4.03853
6.8;14;15.2868;14.6115;-5.05394;4.48527
6.8;15;16.3858;15.6975;-5.58931;4.91095
6.8;16;17.4797;16.7836;-6.24497;5.42846
6.8;17;18.5691;17.8697;-6.95129;5.97532
6.8;18;19.6549;18.9558;-7.64741;6.5014
6.8;19;20.7376;20.042;-8.46901;7.11453
6.8;20;21.8177;21.1281;-9.19337;7.65672
6.8;21;22.8958;22.2142;-9.80109;8.14387
6.8;22;23.9721;23.3003;-10.0256;8.43753
6.8;23;25.0471;24.3864;-0.392488;0.353411
6.8;24;26.1209;25.4726;-0.506174;0.464473
6.8;25;27.1939;26.5587;-0.524079;0.485877
6.8;26;28.2662;27.6448;-0.539421;0.497341
6.8;27;29.338;28.731;-0.552834;0.510681
6.8;28;30.4095;29.8171;-0.570211;0.525825
6.8;29;31.4809;30.9033;-0.585239;0.541063
6.8;30;32.5521;31.9894;-0.603637;0.558492
6.8;31;33.6234;33.0756;-0.624096;0.577628
6.8;32;34.6948;34.1617;-0.646779;0.59904
6.8;33;35.7665;35.2479;-0.672811;0.623127
6.8;34;36.8383;36.334;-0.702715;0.650791
6.8;35;37.9105;37.4202;-0.733078;0.679242
6.8;36;38.9831;38.5063;-0.766509;0.710981
6.8;37;40.056;39.5925;-0.80382;0.746288
6.8;38;41.1293;40.6786;-0.845923;0.786251
6.8;39;42.2031;41.7648;-0.961939;0.912706
6.8;40;43.2773;42.851;-1.02472;0.966617
6.8;41;44.352;43.9371;-1.09456;1.02343
6.8;42;45.4272;45.0233;-1.16723;1.09479
6.8;43;46.5029;46.1095;-1.25051;1.17045
6.8;44;47.579;47.1956;-1.34057;1.2549
6.8;45;48.6557;48.2818;-1.4414;1.3491
6.8;46;49.7328;49.368;-1.55254;1.45217
6.8;47;50.8104;50.4541;-1.67571;1.56689
6.8;48;51.8885;51.5403;-1.90843;1.78125
6.8;49;52.967;52.6265;-2.07042;1.93114
6.8;50;54.046;53.7126;-2.25505;2.09251
7;5;5.0031;4.8283;-2.45938;2.27638
7;6;6.1709;5.9107;-2.69025;2.48133
7;7;7.336;6.9933;-3.03813;2.7973
7;8;8.4937;8.0762;-3.33317;3.04849
7;9;9.642;9.1591;-3.65985;3.3311
7;10;10.7802;10.2421;-4.10967;3.70774
7;11;11.9084;11.3252;-4.52919;4.06536
7;12;13.0276;12.4084;-5.07084;4.50607
7;13;14.1386;13.4915;-5.5954;4.92524
7;14;15.2426;14.5747;-6.23233;5.43259
7;15;16.3405;15.6579;-6.9203;5.96219
7;16;17.4332;16.7411;-7.58902;6.46978
7;17;18.5215;17.8244;-8.37203;7.05868
7;18;19.606;18.9076;-9.04703;7.57188
7;19;20.6873;19.9909;-9.59306;8.02194
7;20;21.766;21.0741;-9.74582;8.28126
7;21;22.8426;22.1574;-0.554934;0.403399
7;22;23.9173;23.2406;-0.501402;0.460628
7;23;24.9905;24.3239;-0.519549;0.483549
7;24;26.0625;25.4071;-0.528559;0.489668
7;25;27.1335;26.4904;-0.552257;0.510539
7;26;28.2038;27.5737;-0.567689;0.525357
7;27;29.2735;28.6569;-0.58323;0.541276
7;28;30.3428;29.7402;-0.602615;0.559422
7;29;31.4119;30.8235;-0.623891;0.579529
7;30;32.4807;31.9068;-0.647437;0.601743
7;31;33.5496;32.99;-0.674388;0.627131
7;32;34.6185;34.0733;-0.706245;0.654782
7;33;35.6875;35.1566;-0.737664;0.684644
7;34;36.7567;36.2399;-0.771705;0.718611
7;35;37.8261;37.3231;-0.810466;0.755021
7;36;38.8958;38.4064;-0.854118;0.796419
7;37;39.9659;39.4897;-0.972617;0.925724
7;38;41.0363;40.573;-1.03753;0.98158
7;39;42.1071;41.6563;-1.10815;1.04159
7;40;43.1783;42.7396;-1.18384;1.11318
7;41;44.2499;43.8229;-1.26909;1.19089
7;42;45.322;44.9062;-1.36094;1.27723
7;43;46.3945;45.9895;-1.45983;1.37025
7;44;47.4675;47.0728;-1.57698;1.47841
7;45;48.541;48.156;-1.70209;1.59444
7;46;49.6149;49.2393;-1.93814;1.81265
7;47;50.6892;50.3226;-2.10256;1.95894
7;48;51.764;51.4059;-2.28542;2.1262
7;49;52.8392;52.4892;-2.49252;2.31038
7;50;53.9149;53.5725;-2.72398;2.51566
7.2;5;4.9837;4.8179;-3.07184;2.83178
7.2;6;6.1463;5.8977;-3.36533;3.08239
7.2;7;7.307;6.9777;-3.69444;3.36388
7.2;8;8.4613;8.0578;-4.13494;3.74047
7.2;9;9.607;9.1381;-4.55096;4.09059
7.2;10;10.7431;10.2185;-5.08173;4.5229
7.2;11;11.8697;11.2989;-5.59791;4.9348
7.2;12;12.9876;12.3793;-6.22089;5.43038
7.2;13;14.0975;13.4598;-6.886;5.9453
7.2;14;15.2004;14.5403;-7.52641;6.43501
7.2;15;16.2973;15.6208;-8.27382;7.00039
7.2;16;17.3889;16.7014;-8.90044;7.48548
7.2;17;18.4761;17.7819;-9.38825;7.90304
7.2;18;19.5595;18.8625;-9.47461;8.12626
7.2;19;20.6396;19.943;-0.546116;0.397122
7.2;20;21.717;21.0236;-0.496302;0.45852
7.2;21;22.7922;22.1042;-0.516221;0.481904
7.2;22;23.8654;23.1847;-0.525253;0.488447
7.2;23;24.9371;24.2653;-0.550042;0.5102
7.2;24;26.0074;25.3459;-0.565749;0.526119
7.2;25;27.0767;26.4265;-0.582435;0.542369
7.2;26;28.1452;27.5071;-0.602591;0.561498
7.2;27;29.213;28.5876;-0.624681;0.582423
7.2;28;30.2803;29.6682;-0.649321;0.605722
7.2;29;31.3473;30.7488;-0.677193;0.632029
7.2;30;32.414;31.8294;-0.709545;0.66158
7.2;31;33.4806;32.91;-0.741984;0.692492
7.2;32;34.5472;33.9906;-0.778143;0.726838
7.2;33;35.6138;35.0712;-0.818093;0.764912
7.2;34;36.6805;36.1518;-0.863293;0.807818
7.2;35;37.7475;37.2324;-0.984551;0.939777
7.2;36;38.8146;38.313;-1.05131;0.99738
7.2;37;39.882;39.3936;-1.12361;1.05897
7.2;38;40.9498;40.4742;-1.2011;1.13255
7.2;39;42.0178;41.5548;-1.2883;1.21178
7.2;40;43.0863;42.6354;-1.38225;1.30008
7.2;41;44.1551;43.716;-1.4827;1.39454
7.2;42;45.2243;44.7966;-1.60159;1.50461
7.2;43;46.2939;45.8772;-1.7282;1.622
7.2;44;47.364;46.9578;-1.96748;1.84264
7.2;45;48.4345;48.0384;-2.13297;1.99019
7.2;46;49.5054;49.119;-2.31702;2.15845
7.2;47;50.5767;50.1996;-2.5245;2.34289
7.2;48;51.6485;51.2802;-2.75591;2.54804
7.2;49;52.7207;52.3608;-3.1019;2.86469
7.2;50;53.7933;53.4415;-3.39516;3.10805
7.4;5;4.9656;4.8082;-3.72339;3.39351
7.4;6;6.1231;5.8855;-4.16048;3.76462
7.4;7;7.2796;6.963;-4.57003;4.11176
7.4;8;8.4306;8.0406;-5.09254;4.53722
7.4;9;9.5736;9.1184;-5.59673;4.94104
7.4;10;10.7076;10.1962;-6.20325;5.4253
7.4;11;11.8327;11.2741;-6.84871;5.92604
7.4;12;12.9493;12.3521;-7.46258;6.39767
7.4;13;14.0581;13.4301;-8.17263;6.94014
7.4;14;15.16;14.508;-8.75344;7.39789
7.4;15;16.256;15.5861;-9.1717;7.78514
7.4;16;17.3466;16.6641;-9.21024;7.97392
7.4;17;18.4328;17.7421;-0.376405;0.342721
7.4;18;19.5152;18.8202;-0.492825;0.456674
7.4;19;20.5942;19.8982;-0.513783;0.481087
7.4;20;21.6705;20.9762;-0.530682;0.494427
7.4;21;22.7444;22.0543;-0.54898;0.510725
7.4;22;23.8163;23.1324;-0.565626;0.526959
7.4;23;24.8866;24.2104;-0.582653;0.544363
7.4;24;25.9554;25.2885;-0.603616;0.564285
7.4;25;27.0232;26.3665;-0.627237;0.586477
7.4;26;28.09;27.4446;-0.652098;0.610445
7.4;27;29.1561;28.5227;-0.68021;0.636779
7.4;28;30.2216;29.6007;-0.703505;0.672189
7.4;29;31.2866;30.6788;-0.737462;0.70425
7.4;30;32.3514;31.7569;-0.777831;0.738584
7.4;31;33.416;32.8349;-0.827076;0.775387
7.4;32;34.4804;33.913;-0.873051;0.820077
7.4;33;35.5449;34.9911;-0.997381;0.954434
7.4;34;36.6094;36.0692;-1.06573;1.01352
7.4;35;37.674;37.1472;-1.14005;1.07669
7.4;36;38.7388;38.2253;-1.22224;1.15579
7.4;37;39.8038;39.3034;-1.30825;1.23333
7.4;38;40.8691;40.3815;-1.40366;1.32296
7.4;39;41.9346;41.4596;-1.50462;1.41788
7.4;40;43.0005;42.5377;-1.62632;1.53049
7.4;41;44.0667;43.6157;-1.75444;1.64956
7.4;42;45.1333;44.6938;-1.99616;1.87296
7.4;43;46.2003;45.7719;-2.16268;2.02064
7.4;44;47.2676;46.85;-2.34922;2.18865
7.4;45;48.3354;47.9281;-2.55521;2.37694
7.4;46;49.4035;49.0062;-2.78696;2.57941
7.4;47;50.472;50.0843;-3.13421;2.89469
7.4;48;51.541;51.1624;-3.42338;3.13627
7.4;49;52.6104;52.2404;-3.74629;3.41427
7.4;50;53.6801;53.3185;-4.18275;3.78994
7.6;5;4.9486;4.7991;-4.58551;4.12905
7.6;6;6.1013;5.874;-5.10092;4.5569
7.6;7;7.2536;6.9492;-5.5928;4.94397
7.6;8;8.4013;8.0245;-6.18628;5.41447
7.6;9;9.5417;9.0999;-6.81001;5.90343
7.6;10;10.6738;10.1754;-7.39594;6.35735
7.6;11;11.7973;11.2509;-8.06962;6.87918
7.6;12;12.9126;12.3265;-8.60769;7.30934
7.6;13;14.0204;13.4021;-8.98539;7.66483
7.6;14;15.1214;14.4777;-8.95348;7.82141
7.6;15;16.2164;15.5534;-0.373397;0.340829
7.6;16;17.3062;16.629;-0.490596;0.455111
7.6;17;18.3915;17.7047;-0.512072;0.481287
7.6;18;19.4729;18.7804;-0.530301;0.494498
7.6;19;20.5509;19.8561;-0.548553;0.51205
7.6;20;21.6261;20.9317;-0.565986;0.528988
7.6;21;22.6989;22.0074;-0.583836;0.547336
7.6;22;23.7697;23.0831;-0.605674;0.56804
7.6;23;24.8386;24.1588;-0.630219;0.591056
7.6;24;25.9062;25.2345;-0.656053;0.615891
7.6;25;26.9725;26.3102;-0.686154;0.644278
7.6;26;28.0378;27.3859;-0.721125;0.675328
7.6;27;29.1023;28.4616;-0.755815;0.708538
7.6;28;30.1662;29.5373;-0.794371;0.745564
7.6;29;31.2295;30.613;-0.836606;0.786733
7.6;30;32.2925;31.6887;-0.883976;0.832669
7.6;31;33.3552;32.7644;-1.01119;0.969916
7.6;32;34.4178;33.8401;-1.08122;1.03047
7.6;33;35.4803;34.9158;-1.15703;1.09519
7.6;34;36.5427;35.9916;-1.24084;1.17568
7.6;35;37.6052;37.0673;-1.32858;1.25469
7.6;36;38.6679;38.143;-1.42553;1.34591
7.6;37;39.7307;39.2187;-1.52814;1.4422
7.6;38;40.7937;40.2944;-1.6513;1.5563
7.6;39;41.8569;41.3701;-1.78061;1.67627
7.6;40;42.9204;42.4458;-2.02482;1.90197
7.6;41;43.9843;43.5216;-2.192;2.05038
7.6;42;45.0484;44.5973;-2.37928;2.21921
7.6;43;46.1129;45.673;-2.58514;2.40717
7.6;44;47.1777;46.7487;-2.81675;2.60926
7.6;45;48.2429;47.8244;-3.1647;2.92523
7.6;46;49.3085;48.9002;-3.45026;3.16877
7.6;47;50.3744;49.9759;-3.78624;3.45449
7.6;48;51.4408;51.0516;-4.20362;3.8102
7.6;49;52.5075;52.1273;-4.59951;4.14532
7.6;50;53.5746;53.2031;-5.1062;4.56637
7.8;5;4.9326;4.7905;-5.58641;4.94474
7.8;6;6.0807;5.8632;-6.16287;5.40458
7.8;7;7.2291;6.9362;-6.76634;5.87862
7.8;8;8.3735;8.0093;-7.32625;6.31521
7.8;9;9.5114;9.0824;-7.96611;6.815
7.8;10;10.6415;10.1557;-8.46179;7.22097
7.8;11;11.7634;11.229;-8.79012;7.54674
7.8;12;12.8775;12.3024;-8.70296;7.67542
7.8;13;13.9842;13.3758;-0.370193;0.33936
7.8;14;15.0842;14.4492;-0.417681;0.392585
7.8;15;16.1784;15.5226;-0.514015;0.481611
7.8;16;17.2674;16.596;-0.529694;0.496571
7.8;17;18.3518;17.6695;-0.546307;0.512991
7.8;18;19.4324;18.7429;-0.567301;0.531981
7.8;19;20.5095;19.8164;-0.587803;0.55227
7.8;20;21.5838;20.8898;-0.609771;0.573103
7.8;21;22.6556;21.9633;-0.634002;0.596474
7.8;22;23.7252;23.0368;-0.660908;0.62213
7.8;23;24.7931;24.1102;-0.690946;0.6507
7.8;24;25.8594;25.1837;-0.728082;0.683587
7.8;25;26.9244;26.2572;-0.752361;0.72258
7.8;26;27.9884;27.3307;-0.795315;0.759041
7.8;27;29.0515;28.4041;-0.846805;0.798856
7.8;28;30.1138;29.4776;-0.895683;0.845979
7.8;29;31.1756;30.5511;-1.02531;0.98578
7.8;30;32.237;31.6246;-1.09714;1.04772
7.8;31;33.298;32.698;-1.17456;1.11392
7.8;32;34.3588;33.7715;-1.25946;1.19453
7.8;33;35.4195;34.845;-1.34904;1.2764
7.8;34;36.4801;35.9185;-1.44763;1.3688
7.8;35;37.5406;36.992;-1.55704;1.47125
7.8;36;38.6013;38.0655;-1.67603;1.58183
7.8;37;39.6621;39.1389;-1.80663;1.70293
7.8;38;40.723;40.2124;-2.0526;1.93041
7.8;39;41.7841;41.2859;-2.21923;2.07941
7.8;40;42.8454;42.3594;-2.40819;2.2481
7.8;41;43.907;43.4329;-2.61446;2.43632
7.8;42;44.9689;44.5064;-2.84551;2.63782
7.8;43;46.0311;45.5799;-3.19207;2.95153
7.8;44;47.0936;46.6534;-3.47914;3.19617
7.8;45;48.1565;47.7269;-3.80887;3.47759
7.8;46;49.2197;48.8004;-4.22245;3.82645
7.8;47;50.2832;49.8739;-4.61076;4.15939
7.8;48;51.3471;50.9474;-5.11099;4.56721
7.8;49;52.4114;52.0209;-5.5771;4.94118
7.8;50;53.476;53.0944;-6.1393;5.39112
8;5;4.9176;4.7823;-6.7217;5.85264
8;6;6.0612;5.853;-7.25582;6.27144
8;7;7.2058;6.9239;-7.8622;6.74954
8;8;8.347;7.9949;-8.31129;7.13177
8;9;9.4824;9.066;-8.59598;7.42959
8;10;10.6105;10.1372;-8.45973;7.52869
8;11;11.7309;11.2084;-0.368711;0.338844
8;12;12.8437;12.2796;-0.488252;0.455441
8;13;13.9494;13.3509;-0.511618;0.483514
8;14;15.0486;14.4222;-0.531193;0.498046
8;15;16.1419;15.4936;-0.547745;0.515806
8;16;17.2301;16.5649;-0.569534;0.535593
8;17;18.3138;17.6362;-0.58891;0.555264
8;18;19.3936;18.7076;-0.612368;0.577574
8;19;20.4699;19.779;-0.63794;0.602281
8;20;21.5433;20.8503;-0.666497;0.629117
8;21;22.6142;21.9217;-0.698522;0.65962
8;22;23.6828;22.9931;-0.735544;0.692668
8;23;24.7496;24.0644;-0.772645;0.728225
8;24;25.8148;25.1358;-0.812978;0.767986
8;25;26.8787;26.2072;-0.858189;0.811289
8;26;27.9414;27.2785;-0.90846;0.859233
8;27;29.0032;28.3499;-1.04039;1.002
8;28;30.0642;29.4213;-1.11357;1.06549
8;29;31.1246;30.4927;-1.19368;1.13134
8;30;32.1845;31.5641;-1.27571;1.21191
8;31;33.244;32.6354;-1.37018;1.29859
8;32;34.3032;33.7068;-1.46956;1.39173
8;33;35.3622;34.7782;-1.58055;1.4953
8;34;36.421;35.8496;-1.70087;1.60709
8;35;37.4798;36.921;-1.83215;1.72914
8;36;38.5387;37.9924;-2.07962;1.95639
8;37;39.5976;39.0637;-2.24755;2.11178
8;38;40.6566;40.1351;-2.4366;2.27631
8;39;41.7157;41.2065;-2.64297;2.46166
8;40;42.7751;42.2779;-2.87261;2.6648
8;41;43.8346;43.3493;-3.21894;2.97912
8;42;44.8944;44.4207;-3.50311;3.22039
8;43;45.9545;45.4921;-3.8116;3.48698
8;44;47.0148;46.5635;-4.2374;3.84607
8;45;48.0755;47.6349;-4.6195;4.17109
8;46;49.1365;48.7063;-5.11098;4.57243
8;47;50.1978;49.7777;-5.56542;4.93941
8;48;51.2594;50.8491;-6.10965;5.37922
8;49;52.3214;51.9205;-6.67385;5.82189
8;50;53.3837;52.9919;-7.1823;6.22615
8.2;5;4.9034;4.7746;-7.75675;6.68373
8.2;6;6.0428;5.8434;-8.16304;7.04162
8.2;7;7.1836;6.9123;-8.40752;7.31313
8.2;8;8.3218;7.9813;-8.22035;7.38637
8.2;9;9.4547;9.0504;-0.366826;0.338801
8.2;10;10.5808;10.1196;-0.487395;0.456977
8.2;11;11.6997;11.1889;-0.512367;0.485695
8.2;12;12.8113;12.2582;-0.532189;0.501641
8.2;13;13.9159;13.3275;-0.550026;0.519293
8.2;14;15.0143;14.3968;-0.572536;0.539784
8.2;15;16.1068;15.4661;-0.592659;0.560188
8.2;16;17.1943;16.5355;-0.616911;0.583484
8.2;17;18.2773;17.6049;-0.643549;0.609009
8.2;18;19.3563;18.6742;-0.672762;0.636931
8.2;19;20.4319;19.7436;-0.705967;0.668349
8.2;20;21.5045;20.813;-0.743251;0.703069
8.2;21;22.5745;21.8824;-0.78139;0.739423
8.2;22;23.6423;22.9518;-0.823615;0.779781
8.2;23;24.7081;24.0211;-0.870027;0.824229
8.2;24;25.7723;25.0905;-0.921582;0.873388
8.2;25;26.8351;26.1599;-1.05568;1.01846
8.2;26;27.8968;27.2293;-1.13069;1.08336
8.2;27;28.9574;28.2987;-1.21184;1.15071
8.2;28;30.0171;29.3681;-1.29529;1.23229
8.2;29;31.0762;30.4375;-1.39131;1.32006
8.2;30;32.1347;31.5069;-1.49165;1.41436
8.2;31;33.1928;32.5763;-1.60407;1.51919
8.2;32;34.2505;33.6457;-1.72518;1.632
8.2;33;35.308;34.7151;-1.85733;1.75443
8.2;34;36.3653;35.7845;-2.10648;1.98339
8.2;35;37.4225;36.8539;-2.27464;2.13891
8.2;36;38.4796;37.9233;-2.46395;2.30358
8.2;37;39.5368;38.9927;-2.66963;2.48826
8.2;38;40.594;40.0621;-2.898;2.69066
8.2;39;41.6514;41.1315;-3.24101;3.0039
8.2;40;42.7088;42.2009;-3.52512;3.24231
8.2;41;43.7665;43.2703;-3.82979;3.50624
8.2;42;44.8244;44.3397;-4.25073;3.86142
8.2;43;45.8825;45.4092;-4.62612;4.18073
8.2;44;46.9408;46.4786;-5.10901;4.57508
8.2;45;47.9995;47.548;-5.55114;4.93319
8.2;46;49.0584;48.6174;-6.08235;5.36278
8.2;47;50.1176;49.6868;-6.62494;5.79101
8.2;48;51.1771;50.7562;-7.10942;6.17853
8.2;49;52.2369;51.8256;-7.65146;6.61566
8.2;50;53.297;52.895;-8.02873;6.95035
8.4;5;4.89;4.7674;-8.21994;7.19703
8.4;6;6.0254;5.8342;-7.99528;7.24656
8.4;7;7.1626;6.9013;-0.366285;0.339385
8.4;8;8.2978;7.9685;-0.488032;0.458278
8.4;9;9.4282;9.0357;-0.516766;0.488086
8.4;10;10.5524;10.103;-0.534407;0.505135
8.4;11;11.6697;11.1704;-0.555573;0.525337
8.4;12;12.7801;12.2378;-0.575827;0.54503
8.4;13;13.8837;13.3053;-0.599032;0.567311
8.4;14;14.9812;14.3727;-0.623395;0.590655
8.4;15;16.073;15.4402;-0.650384;0.61667
8.4;16;17.1598;16.5077;-0.679969;0.644883
8.4;17;18.2421;17.5752;-0.713089;0.676614
8.4;18;19.3205;18.6426;-0.740833;0.717091
8.4;19;20.3953;19.7101;-0.780142;0.754665
8.4;20;21.4672;20.7777;-0.834685;0.792085
8.4;21;22.5365;21.8452;-0.881948;0.837783
8.4;22;23.6034;22.9127;-0.934693;0.888267
8.4;23;24.6684;23.9802;-1.07144;1.03548
8.4;24;25.7317;25.0477;-1.1479;1.10163
8.4;25;26.7935;26.1152;-1.23028;1.16972
8.4;26;27.8541;27.1827;-1.31505;1.2527
8.4;27;28.9137;28.2503;-1.41217;1.34167
8.4;28;29.9723;29.3178;-1.5137;1.43694
8.4;29;31.0302;30.3853;-1.62704;1.5428
8.4;30;32.0875;31.4528;-1.74916;1.65604
8.4;31;33.1442;32.5203;-1.88201;1.77929
8.4;32;34.2006;33.5879;-2.13266;2.00931
8.4;33;35.2567;34.6554;-2.30215;2.16085
8.4;34;36.3125;35.7229;-2.48974;2.32954
8.4;35;37.3682;36.7905;-2.69494;2.51362
8.4;36;38.4238;37.858;-2.92278;2.71492
8.4;37;39.4794;38.9255;-3.26544;3.02576
8.4;38;40.535;39.993;-3.54421;3.26372
8.4;39;41.5907;41.0606;-3.8477;3.52156
8.4;40;42.6464;42.1281;-4.2628;3.87596
8.4;41;43.7023;43.1956;-4.63036;4.18854
8.4;42;44.7584;44.2632;-5.10412;4.57533
8.4;43;45.8147;45.3307;-5.53504;4.92523
8.4;44;46.8712;46.3982;-6.05075;5.34396
8.4;45;47.9279;47.4658;-6.57399;5.75851
8.4;46;48.9849;48.5333;-7.03383;6.13018
8.4;47;50.0422;49.6008;-7.54538;6.54702
8.4;48;51.0997;50.6684;-7.88674;6.85976
8.4;49;52.1575;51.7359;-8.03797;7.08329
8.4;50;53.2156;52.8034;-7.76979;7.10722
8.6;5;4.8774;4.7604;-0.366458;0.34049
8.6;6;6.0089;5.8256;-0.490121;0.460336
8.6;7;7.1426;6.8909;-0.516439;0.491876
8.6;8;8.2748;7.9563;-0.537434;0.509135
8.6;9;9.4028;9.0218;-0.559821;0.529561
8.6;10;10.5251;10.0873;-0.580712;0.5501
8.6;11;11.6409;11.1529;-0.6024;0.572223
8.6;12;12.75;12.2186;-0.628087;0.596899
8.6;13;13.8527;13.2842;-0.657161;0.624535
8.6;14;14.9494;14.3499;-0.687764;0.653777
8.6;15;16.0405;15.4156;-0.72269;0.687284
8.6;16;17.1266;16.4813;-0.761803;0.723736
8.6;17;18.2082;17.547;-0.802127;0.762397
8.6;18;19.2859;18.6127;-0.846412;0.8047
8.6;19;20.3602;19.6784;-0.89502;0.85121
8.6;20;21.4314;20.7442;-0.948641;0.903086
8.6;21;22.4999;21.8099;-1.0877;1.0525
8.6;22;23.5661;22.8756;-1.16524;1.11968
8.6;23;24.6303;23.9414;-1.24785;1.19031
8.6;24;25.6928;25.0071;-1.33867;1.27781
8.6;25;26.7537;26.0729;-1.43259;1.36267
8.6;26;27.8134;27.1386;-1.53588;1.45927
8.6;27;28.8719;28.2044;-1.64388;1.56065
8.6;28;29.9295;29.2701;-1.7727;1.67998
8.6;29;30.9863;30.3358;-1.90612;1.80343
8.6;30;32.0425;31.4016;-2.15937;2.03346
8.6;31;33.0981;32.4673;-2.32617;2.19019
8.6;32;34.1532;33.5331;-2.51493;2.35416
8.6;33;35.208;34.5988;-2.71899;2.54017
8.6;34;36.2625;35.6646;-2.94556;2.73747
8.6;35;37.3168;36.7303;-3.2854;3.0482
8.6;36;38.371;37.7961;-3.56066;3.28006
8.6;37;39.4251;38.8618;-3.87757;3.54992
8.6;38;40.4792;39.9276;-4.27141;3.88615
8.6;39;41.5333;40.9933;-4.63278;4.19411
8.6;40;42.5875;42.0591;-5.09621;4.5806
8.6;41;43.6417;43.1248;-5.52662;4.91234
8.6;42;44.6962;44.1906;-6.01681;5.32278
8.6;43;45.7507;45.2564;-6.51907;5.73198
8.6;44;46.8055;46.3221;-6.95707;6.08015
8.6;45;47.8605;47.3879;-7.43903;6.47945
8.6;46;48.9157;48.4536;-7.74576;6.76954
8.6;47;49.9711;49.5194;-7.85887;6.96783
8.6;48;51.0268;50.5851;-7.5545;6.97478
8.6;49;52.0828;51.6509;-0.367163;0.342305
8.6;50;53.139;52.7167;-0.491937;0.463517
8.8;5;4.8655;4.7539;-0.522175;0.495316
8.8;6;5.9932;5.8174;-0.540922;0.513792
8.8;7;7.1236;6.881;-0.563466;0.535494
8.8;8;8.2529;7.9447;-0.58537;0.556544
8.8;9;9.3786;9.0085;-0.609876;0.580252
8.8;10;10.4989;10.0724;-0.635831;0.605304
8.8;11;11.6132;11.1363;-0.664499;0.632898
8.8;12;12.7211;12.2003;-0.69586;0.662997
8.8;13;13.8228;13.2642;-0.730862;0.696487
8.8;14;14.9186;14.3282;-0.760307;0.738844
8.8;15;16.009;15.3922;-0.801723;0.778134
8.8;16;17.0945;16.4563;-0.850083;0.820102
8.8;17;18.1755;17.5203;-0.90794;0.865492
8.8;18;19.2526;18.5843;-0.962945;0.918038
8.8;19;20.3263;19.6484;-1.10399;1.0697
8.8;20;21.3968;20.7124;-1.18286;1.13797
8.8;21;22.4647;21.7765;-1.26752;1.21005
8.8;22;23.5303;22.8405;-1.35828;1.29821
8.8;23;24.5938;23.9046;-1.45346;1.38377
8.8;24;25.6554;24.9686;-1.55743;1.48112
8.8;25;26.7156;26.0327;-1.66615;1.5833
8.8;26;27.7744;27.0967;-1.79579;1.70318
8.8;27;28.832;28.1608;-1.92969;1.82719
8.8;28;29.8887;29.2248;-2.18417;2.05764
8.8;29;30.9445;30.2889;-2.35115;2.21044
8.8;30;31.9996;31.353;-2.53919;2.37811
8.8;31;33.054;32.417;-2.74196;2.56234
8.8;32;34.108;33.4811;-2.96759;2.75942
8.8;33;35.1616;34.5452;-3.30661;3.06731
8.8;34;36.2149;35.6092;-3.57541;3.29875
8.8;35;37.268;36.6733;-3.87493;3.5488
8.8;36;38.3208;37.7373;-4.27908;3.89585
8.8;37;39.3736;38.8014;-4.63331;4.1981
8.8;38;40.4263;39.8655;-5.08762;4.57758
8.8;39;41.4789;40.9295;-5.50603;4.90106
8.8;40;42.5316;41.9936;-5.97972;5.29987
8.8;41;43.5844;43.0577;-6.4647;5.69603
8.8;42;44.6373;44.1218;-6.87954;6.02909
8.8;43;45.6903;45.1858;-7.33163;6.4099
8.8;44;46.7434;46.2499;-7.60661;6.67929
8.8;45;47.7968;47.314;-7.68563;6.85491
8.8;46;48.8503;48.378;-7.34403;6.84138
8.8;47;49.904;49.4421;-0.369239;0.344584
8.8;48;50.958;50.5062;-0.494545;0.466997
8.8;49;52.0122;51.5703;-0.522913;0.500233
8.8;50;53.0667;52.6343;-0.545816;0.518212
9;5;4.8542;4.7476;-0.568947;0.540605
9;6;5.9783;5.8095;-0.591248;0.56258
9;7;7.1055;6.8716;-0.614415;0.586209
9;8;8.232;7.9337;-0.641894;0.612468
9;9;9.3553;8.9959;-0.672631;0.64155
9;10;10.4738;10.0582;-0.704748;0.672762
9;11;11.5865;11.1205;-0.741528;0.707888
9;12;12.6932;12.1829;-0.783363;0.745571
9;13;13.7939;13.2453;-0.825528;0.786019
9;14;14.8889;14.3077;-0.871773;0.830462
9;15;15.9786;15.3701;-0.921647;0.879497
9;16;17.0635;16.4325;-0.97719;0.933258
9;17;18.1439;17.4949;-1.12077;1.08693
9;18;19.2205;18.5573;-1.20065;1.15631
9;19;20.2936;19.6198;-1.28546;1.22899
9;20;21.3636;20.6822;-1.37833;1.31812
9;21;22.4308;21.7447;-1.47443;1.40469
9;22;23.4957;22.8071;-1.57904;1.50282
9;23;24.5586;23.8696;-1.68845;1.60549
9;24;25.6196;24.932;-1.81848;1.72592
9;25;26.679;25.9945;-1.95238;1.85016
9;26;27.737;27.0569;-2.208;2.08137
9;27;28.7938;28.1194;-2.37461;2.23408
9;28;29.8495;29.1819;-2.56226;2.40085
9;29;30.9044;30.2443;-2.76409;2.58409
9;30;31.9586;31.3068;-2.98764;2.77965
9;31;33.012;32.3692;-3.32673;3.08694
9;32;34.065;33.4317;-3.59824;3.31607
9;33;35.1175;34.4942;-3.90147;3.57631
9;34;36.1696;35.5566;-4.28375;3.90355
9;35;37.2215;36.6191;-4.63485;4.20113
9;36;38.2731;37.6815;-5.07684;4.57234
9;37;39.3246;38.744;-5.48379;4.88741
9;38;40.376;39.8065;-5.94932;5.27938
9;39;41.4274;40.8689;-6.4091;5.65966
9;40;42.4787;41.9314;-6.80173;5.97759
9;41;43.5301;42.9939;-7.22658;6.33988
9;42;44.5815;44.0563;-7.47017;6.58962
9;43;45.633;45.1188;-7.51001;6.74639
9;44;46.6847;46.1813;-7.13995;6.7105
9;45;47.7365;47.2437;-0.370335;0.347209
9;46;48.7885;48.3062;-0.497703;0.471016
9;47;49.8406;49.3687;-0.529814;0.504746
9;48;50.893;50.4312;-0.550052;0.524388
9;49;51.9456;51.4936;-0.57396;0.547518
9;50;52.9984;52.5561;-0.59707;0.570055
9.2;5;4.8434;4.7417;-0.62307;0.595114
9.2;6;5.9642;5.8021;-0.650594;0.621798
9.2;7;7.0882;6.8626;-0.68092;0.650886
9.2;8;8.212;7.9233;-0.714031;0.682558
9.2;9;9.333;8.984;-0.750643;0.71794
9.2;10;10.4496;10.0447;-0.781251;0.76255
9.2;11;11.5608;11.1055;-0.824722;0.803218
9.2;12;12.6663;12.1663;-0.883803;0.844385
9.2;13;13.7661;13.2272;-0.934954;0.894087
9.2;14;14.8603;14.2881;-0.992145;0.948293
9.2;15;15.9493;15.349;-1.13739;1.10423
9.2;16;17.0335;16.4099;-1.21858;1.17447
9.2;17;18.1134;17.4708;-1.30541;1.24659
9.2;18;19.1894;18.5317;-1.39427;1.33395
9.2;19;20.2619;19.5926;-1.49484;1.42543
9.2;20;21.3314;20.6535;-1.59513;1.51953
9.2;21;22.3981;21.7144;-1.71633;1.63245
9.2;22;23.4625;22.7754;-1.84086;1.74811
9.2;23;24.5247;23.8363;-1.97475;1.8722
9.2;24;25.585;24.8972;-2.2302;2.10711
9.2;25;26.6437;25.9581;-2.39721;2.26018
9.2;26;27.701;27.0191;-2.58439;2.42335
9.2;27;28.7571;28.08;-2.78569;2.60308
9.2;28;29.812;29.141;-3.00709;2.79873
9.2;29;30.8661;30.2019;-3.34344;3.10306
9.2;30;31.9193;31.2628;-3.6092;3.33019
9.2;31;32.9718;32.3238;-3.9109;3.58668
9.2;32;34.0238;33.3847;-4.28877;3.9098
9.2;33;35.0753;34.4456;-4.62871;4.20088
9.2;34;36.1264;35.5066;-5.06557;4.5599
9.2;35;37.1772;36.5675;-5.44963;4.87524
9.2;36;38.2277;37.6285;-5.90476;5.24914
9.2;37;39.278;38.6894;-6.35482;5.61494
9.2;38;40.3282;39.7503;-6.72298;5.92451
9.2;39;41.3783;40.8113;-7.12185;6.26901
9.2;40;42.4284;41.8722;-7.33261;6.50003
9.2;41;43.4785;42.9332;-7.34264;6.63431
9.2;42;44.5286;43.9941;-6.94159;6.5856
9.2;43;45.5787;45.0551;-0.373506;0.350565
9.2;44;46.629;46.116;-0.500634;0.475769
9.2;45;47.6794;47.1769;-0.531478;0.510579
9.2;46;48.7299;48.2379;-0.55571;0.52974
9.2;47;49.7806;49.2988;-0.577071;0.552173
9.2;48;50.8314;50.3598;-0.603973;0.576863
9.2;49;51.8825;51.4207;-0.628655;0.601857
9.2;50;52.9338;52.4817;-0.657512;0.629769
9.4;5;4.8333;4.7361;-0.68901;0.660147
9.4;6;5.9508;5.795;-0.723597;0.693174
9.4;7;7.0717;6.8541;-0.76226;0.729983
9.4;8;8.1928;7.9133;-0.805845;0.769201
9.4;9;9.3116;8.9726;-0.849595;0.811268
9.4;10;10.4263;10.0319;-0.896991;0.858178
9.4;11;11.5361;11.0912;-0.949468;0.908276
9.4;12;12.6404;12.1506;-1.00722;0.963434
9.4;13;13.7391;13.21;-1.15415;1.12164
9.4;14;14.8325;14.2694;-1.23635;1.1927
9.4;15;15.9208;15.3289;-1.32396;1.26542
9.4;16;17.0045;16.3883;-1.41396;1.35343
9.4;17;18.0838;17.4478;-1.5151;1.44559
9.4;18;19.1593;18.5072;-1.62092;1.5449
9.4;19;20.2314;19.5667;-1.73786;1.65381
9.4;20;21.3003;20.6262;-1.86234;1.76962
9.4;21;22.3665;21.6856;-1.99657;1.89387
9.4;22;23.4303;22.7451;-2.25224;2.1291
9.4;23;24.4919;23.8046;-2.41879;2.2816
9.4;24;25.5517;24.8641;-2.60545;2.44413
9.4;25;26.6098;25.9235;-2.80567;2.62234
9.4;26;27.6664;26.983;-3.02482;2.81632
9.4;27;28.7217;28.0425;-3.35939;3.11988
9.4;28;29.776;29.102;-3.6223;3.3421
9.4;29;30.8292;30.1615;-3.90247;3.58546
9.4;30;31.8816;31.221;-4.29152;3.9162
9.4;31;32.9333;32.2804;-4.62374;4.20018
9.4;32;33.9844;33.3399;-5.05161;4.55181
9.4;33;35.035;34.3994;-5.4247;4.85848
9.4;34;36.0851;35.4589;-5.86657;5.2245
9.4;35;37.1349;36.5184;-6.29695;5.57624
9.4;36;38.1844;37.5779;-6.64389;5.8712
9.4;37;39.2336;38.6374;-7.01684;6.19969
9.4;38;40.2827;39.6969;-7.19969;6.41103
9.4;39;41.3316;40.7564;-7.17729;6.52897
9.4;40;42.3805;41.8159;-6.75062;6.46146
9.4;41;43.4294;42.8753;-0.375727;0.354063
9.4;42;44.4782;43.9348;-0.505356;0.480266
9.4;43;45.5271;44.9943;-0.536598;0.516327
9.4;44;46.5761;46.0538;-0.561024;0.536763
9.4;45;47.6251;47.1133;-0.583423;0.559319
9.4;46;48.6743;48.1728;-0.611205;0.584759
9.4;47;49.7236;49.2323;-0.636362;0.610326
9.4;48;50.773;50.2918;-0.665951;0.638839
9.4;49;51.8227;51.3513;-0.698454;0.670071
9.4;50;52.8725;52.4108;-0.733624;0.703771
9.6;5;4.8236;4.7306;-0.773153;0.741289
9.6;6;5.938;5.7882;-0.816648;0.782208
9.6;7;7.056;6.846;-0.861337;0.825089
9.6;8;8.1745;7.9038;-0.910267;0.871854
9.6;9;9.291;8.9617;-0.963548;0.922834
9.6;10;10.404;10.0196;-1.02216;0.978929
9.6;11;11.5122;11.0776;-1.17079;1.13882
9.6;12;12.6153;12.1356;-1.25403;1.21069
9.6;13;13.7131;13.1936;-1.34244;1.28542
9.6;14;14.8057;14.2516;-1.43296;1.37288
9.6;15;15.8933;15.3097;-1.53501;1.46569
9.6;16;16.9763;16.3677;-1.64145;1.56538
9.6;17;18.0552;17.4258;-1.7587;1.67436
9.6;18;19.1302;18.4839;-1.88352;1.79025
9.6;19;20.2017;19.542;-2.0177;1.91459
9.6;20;21.2702;20.6001;-2.27401;2.15005
9.6;21;22.336;21.6582;-2.44009;2.30228
9.6;22;23.3992;22.7162;-2.62533;2.4637
9.6;23;24.4603;23.7743;-2.82394;2.64069
9.6;24;25.5195;24.8324;-3.04181;2.8329
9.6;25;26.577;25.8905;-3.37349;3.13465
9.6;26;27.6331;26.9486;-3.63285;3.35374
9.6;27;28.6877;28.0067;-3.90895;3.59309
9.6;28;29.7413;29.0648;-4.29072;3.91781
9.6;29;30.7938;30.1229;-4.61719;4.19776
9.6;30;31.8455;31.181;-5.03596;4.54241
9.6;31;32.8964;32.2391;-5.39712;4.84089
9.6;32;33.9467;33.2972;-5.82457;5.1953
9.6;33;34.9964;34.3554;-6.23815;5.53555
9.6;34;36.0456;35.4135;-6.5651;5.81644
9.6;35;37.0944;36.4716;-6.91099;6.1286
9.6;36;38.1429;37.5297;-7.06768;6.31989
9.6;37;39.1912;38.5878;-7.01714;6.42352
9.6;38;40.2392;39.6459;-6.56192;6.33855
9.6;39;41.2871;40.704;-0.37977;0.358187
9.6;40;42.3349;41.7621;-0.510001;0.485176
9.6;41;43.3826;42.8202;-0.542073;0.52247
9.6;42;44.4303;43.8783;-0.567556;0.542975
9.6;43;45.478;44.9364;-0.593591;0.568234
9.6;44;46.5257;45.9945;-0.618487;0.59278
9.6;45;47.5735;47.0526;-0.644597;0.619102
9.6;46;48.6214;48.1108;-0.674966;0.64841
9.6;47;49.6694;49.1689;-0.708758;0.680255
9.6;48;50.7176;50.227;-0.743853;0.714598
9.6;49;51.7659;51.2851;-0.784045;0.753029
9.6;50;52.8143;52.3432;-0.829256;0.793717
9.8;5;4.8145;4.7255;-0.874717;0.837333
9.8;6;5.9258;5.7818;-0.924199;0.885129
9.8;7;7.041;6.8382;-0.977795;0.937459
9.8;8;8.157;7.8947;-1.03675;0.994452
9.8;9;9.2713;8.9513;-1.18769;1.15599
9.8;10;10.3824;10.0079;-1.27172;1.22862
9.8;11;11.4892;11.0645;-1.36002;1.30414
9.8;12;12.5911;12.1212;-1.45567;1.39636
9.8;13;13.6879;13.1779;-1.55439;1.48526
9.8;14;14.7797;14.2346;-1.66113;1.58526
9.8;15;15.8666;15.2914;-1.77243;1.68926
9.8;16;16.9491;16.3481;-1.90387;1.81047
9.8;17;18.0274;17.4049;-2.03802;1.93446
9.8;18;19.1019;18.4616;-2.29413;2.16895
9.8;19;20.173;19.5184;-2.46195;2.3219
9.8;20;21.2411;20.5752;-2.64443;2.4821
9.8;21;22.3063;21.6319;-2.84196;2.65817
9.8;22;23.3692;22.6887;-3.05703;2.84849
9.8;23;24.4298;23.7455;-3.38631;3.14783
9.8;24;25.4885;24.8022;-3.64447;3.36506
9.8;25;26.5454;25.859;-3.91475;3.59721
9.8;26;27.6009;26.9158;-4.2913;3.91996
9.8;27;28.655;27.9726;-4.60926;4.19407
9.8;28;29.7079;29.0294;-5.01811;4.53153
9.8;29;30.7598;30.0861;-5.36986;4.81761
9.8;30;31.8107;31.1429;-5.78208;5.16624
9.8;31;32.8609;32.1997;-6.17897;5.49563
9.8;32;33.9104;33.2565;-6.48489;5.7615
9.8;33;34.9593;34.3133;-6.80655;6.05713
9.8;34;36.0077;35.3701;-6.93765;6.23454
9.8;35;37.0556;36.4268;-6.85795;6.31839
9.8;36;38.1032;37.4836;-6.38179;6.22172
9.8;37;39.1506;38.5404;-0.382871;0.362639
9.8;38;40.1976;39.5972;-0.514504;0.491516
9.8;39;41.2445;40.654;-0.547848;0.529065
9.8;40;42.2913;41.7108;-0.573613;0.550798
9.8;41;43.338;42.7676;-0.600577;0.575927
9.8;42;44.3846;43.8244;-0.626442;0.601162
9.8;43;45.4312;44.8811;-0.652901;0.627995
9.8;44;46.4778;45.9379;-0.684099;0.658057
9.8;45;47.5244;46.9947;-0.718533;0.690694
9.8;46;48.5711;48.0515;-0.754543;0.725642
9.8;47;49.6179;49.1083;-0.79546;0.764712
9.8;48;50.6648;50.1651;-0.840683;0.807029
9.8;49;51.7118;51.2219;-0.886933;0.851381
9.8;50;52.759;52.2787;-0.937255;0.899702
10;5;4.8057;4.7206;-0.992298;0.95207
10;6;5.9142;5.7756;-1.05194;1.00991
10;7;7.0266;6.8308;-1.20439;1.17303
10;8;8.1401;7.886;-1.28926;1.24635
10;9;9.2524;8.9413;-1.37814;1.32231
10;10;10.3617;9.9967;-1.47442;1.41502
10;11;11.467;11.0521;-1.5738;1.50442
10;12;12.5677;12.1075;-1.6809;1.60464
10;13;13.6635;13.1629;-1.79222;1.70821
10;14;14.7545;14.2184;-1.92408;1.83001
10;15;15.8408;15.2739;-2.05747;1.95391
10;16;16.9227;16.3294;-2.31551;2.18657
10;17;18.0005;17.3848;-2.48121;2.3405
10;18;19.0745;18.4403;-2.66229;2.49974
10;19;20.1452;19.4958;-2.85873;2.67476
10;20;21.2128;20.5513;-3.07102;2.86261
10;21;22.2776;21.6069;-3.39847;3.15983
10;22;23.34;22.6624;-3.64781;3.36674
10;23;24.4002;23.7179;-3.92507;3.61005
10;24;25.4584;24.7734;-4.28868;3.92033
10;25;26.5149;25.8289;-4.60022;4.18893
10;26;27.5698;26.8844;-4.99676;4.51957
10;27;28.6233;27.9399;-5.33982;4.79764
10;28;29.6756;28.9955;-5.74442;5.13772
10;29;30.7269;30.051;-6.11895;5.45378
10;30;31.7772;31.1065;-6.4052;5.70679
10;31;32.8267;32.162;-6.7058;5.98567
10;32;33.8755;33.2175;-6.80915;6.14791
10;33;34.9236;34.2731;-6.70485;6.21523
10;34;35.9713;35.3286;-6.20521;6.10408
10;35;37.0184;36.3841;-0.388081;0.368392
10;36;38.0652;37.4396;-0.519826;0.497419
10;37;39.1116;38.4952;-0.55735;0.535554
10;38;40.1578;39.5507;-0.580424;0.558068
10;39;41.2038;40.6062;-0.608177;0.584018
10;40;42.2496;41.6617;-0.634429;0.609694
10;41;43.2953;42.7173;-0.663519;0.638686
10;42;44.3409;43.7728;-0.694749;0.668623
10;43;45.3864;44.8283;-0.728518;0.701352
10;44;46.432;45.8838;-0.765269;0.736855
10;45;47.4775;46.9394;-0.806972;0.776744
10;46;48.5231;47.9949;-0.852777;0.819446
10;47;49.5688;49.0504;-0.89964;0.864447
10;48;50.6145;50.106;-0.950883;0.913708
10;49;51.6604;51.1615;-1.00663;0.966811
10;50;52.7063;52.217;-1.06702;1.02516
10.2;5;4.7974;4.7158;-1.22105;1.18979
10.2;6;5.9031;5.7697;-1.30653;1.26372
10.2;7;7.0129;6.8237;-1.39573;1.3412
10.2;8;8.124;7.8777;-1.49236;1.43284
10.2;9;9.2342;8.9318;-1.59383;1.5245
10.2;10;10.3417;9.986;-1.695;1.61878
10.2;11;11.4455;11.0402;-1.81284;1.72731
10.2;12;12.545;12.0944;-1.94332;1.84892
10.2;13;13.6399;13.1486;-2.07639;1.9726
10.2;14;14.73;14.2029;-2.33475;2.20516
10.2;15;15.8157;15.2571;-2.49921;2.35847
10.2;16;16.897;16.3114;-2.67751;2.51661
10.2;17;17.9743;17.3657;-2.87383;2.69002
10.2;18;19.0479;18.42;-3.0844;2.87565
10.2;19;20.1182;19.4743;-3.40841;3.1687
10.2;20;21.1854;20.5286;-3.65837;3.37865
10.2;21;22.2498;21.5829;-3.92745;3.61453
10.2;22;23.3118;22.6372;-4.28445;3.91929
10.2;23;24.3715;23.6915;-4.58886;4.18214
10.2;24;25.4293;24.7458;-4.97627;4.50629
10.2;25;26.4853;25.8001;-5.30917;4.77606
10.2;26;27.5397;26.8544;-5.69473;5.10081
10.2;27;28.5927;27.9087;-6.05762;5.41114
10.2;28;29.6445;28.963;-6.3256;5.65097
10.2;29;30.6952;30.0174;-6.6028;5.91365
10.2;30;31.7449;31.0717;-6.68173;6.06251
10.2;31;32.7938;32.126;-6.55366;6.11444
10.2;32;33.8419;33.1803;-6.03625;5.99189
10.2;33;34.8894;34.2346;-0.392694;0.373401
10.2;34;35.9363;35.2889;-0.525578;0.503835
10.2;35;36.9827;36.3432;-0.564725;0.542121
10.2;36;38.0287;37.3976;-0.587599;0.565761
10.2;37;39.0743;38.4519;-0.615999;0.592279
10.2;38;40.1197;39.5062;-0.642924;0.618755
10.2;39;41.1648;40.5605;-0.672947;0.64795
10.2;40;42.2097;41.6148;-0.7047;0.678533
10.2;41;43.2544;42.6691;-0.739022;0.711941
10.2;42;44.2991;43.7235;-0.776357;0.748159
10.2;43;45.3437;44.7778;-0.818682;0.788802
10.2;44;46.3882;45.8321;-0.865147;0.832297
10.2;45;47.4328;46.8864;-0.912968;0.877888
10.2;46;48.4773;47.9407;-0.965228;0.927014
10.2;47;49.5219;48.9951;-1.02095;0.981276
10.2;48;50.5665;50.0494;-1.08217;1.04005
10.2;49;51.6113;51.1037;-1.23757;1.20665
10.2;50;52.6561;52.158;-1.32373;1.28082
10.4;5;4.7895;4.7113;-1.41366;1.35768
10.4;6;5.8925;5.764;-1.50481;1.44506
10.4;7;6.9997;6.8168;-1.61099;1.5412
10.4;8;8.1085;7.8697;-1.71866;1.64188
10.4;9;9.2166;8.9227;-1.82909;1.74492
10.4;10;10.3224;9.9757;-1.96119;1.8686
10.4;11;11.4248;11.0287;-2.0948;1.99019
10.4;12;12.5231;12.0818;-2.35313;2.22361
10.4;13;13.617;13.1349;-2.51643;2.37539
10.4;14;14.7064;14.188;-2.69391;2.53226
10.4;15;15.7913;15.2411;-2.88733;2.70345
10.4;16;16.8721;16.2942;-3.09622;2.88796
10.4;17;17.9489;17.3473;-3.41795;3.18037
10.4;18;19.0221;18.4005;-3.66333;3.38604
10.4;19;20.0919;19.4536;-3.92017;3.60787
10.4;20;21.1587;20.5068;-4.27888;3.91721
10.4;21;22.2228;21.5599;-4.57699;4.17462
10.4;22;23.2843;22.6131;-4.95544;4.49141
10.4;23;24.3437;23.6662;-5.27663;4.75787
10.4;24;25.401;24.7194;-5.64999;5.06874
10.4;25;26.4566;25.7725;-5.99675;5.36493
10.4;26;27.5106;26.8257;-6.24689;5.59524
10.4;27;28.5631;27.8788;-6.50126;5.84524
10.4;28;29.6144;28.932;-6.55817;5.97655
10.4;29;30.6645;29.9851;-6.40585;6.01263
10.4;30;31.7137;31.0383;-5.86998;5.87964
10.4;31;32.762;32.0915;-0.3977;0.379139
10.4;32;33.8095;33.1446;-0.532191;0.509782
10.4;33;34.8563;34.1978;-0.571018;0.550092
10.4;34;35.9025;35.2509;-0.59519;0.57363
10.4;35;36.9483;36.3041;-0.623679;0.601265
10.4;36;37.9935;37.3573;-0.651564;0.627867
10.4;37;39.0384;38.4104;-0.681928;0.657832
10.4;38;40.083;39.4636;-0.714269;0.689004
10.4;39;41.1273;40.5167;-0.749445;0.723033
10.4;40;42.1714;41.5699;-0.787441;0.759673
10.4;41;43.2153;42.6231;-0.83047;0.800765
10.4;42;44.2591;43.6762;-0.877681;0.844972
10.4;43;45.3027;44.7294;-0.926026;0.891313
10.4;44;46.3463;45.7826;-0.978576;0.941485
10.4;45;47.3899;46.8357;-1.03516;0.995812
10.4;46;48.4335;47.8889;-1.09731;1.05493
10.4;47;49.4771;48.942;-1.25386;1.22311
10.4;48;50.5207;49.9952;-1.34049;1.2977
10.4;49;51.5644;51.0484;-1.43093;1.37502
10.4;50;52.6082;52.1015;-1.5226;1.46257
10.6;5;4.782;4.707;-1.62936;1.55922
10.6;6;5.8824;5.7586;-1.73693;1.65979
10.6;7;6.9871;6.8103;-1.84724;1.76271
10.6;8;8.0937;7.8621;-1.97924;1.88628
10.6;9;9.1998;8.914;-2.11232;2.00738
10.6;10;10.3039;9.9659;-2.37028;2.24038
10.6;11;11.4048;11.0178;-2.53293;2.3912
10.6;12;12.5019;12.0698;-2.70875;2.54703
10.6;13;13.5948;13.1217;-2.90082;2.71664
10.6;14;14.6834;14.1737;-3.10714;2.89899
10.6;15;15.7677;15.2257;-3.42558;3.18728
10.6;16;16.8479;16.2777;-3.66822;3.39117
10.6;17;17.9242;17.3298;-3.92762;3.61825
10.6;18;18.9969;18.3818;-4.27228;3.91495
10.6;19;20.0664;19.4338;-4.56348;4.16612
10.6;20;21.1328;20.4859;-4.93306;4.47587
10.6;21;22.1965;21.5379;-5.24356;4.73408
10.6;22;23.2577;22.5899;-5.60403;5.03682
10.6;23;24.3167;23.642;-5.93487;5.32093
10.6;24;25.3736;24.694;-6.16628;5.53906
10.6;25;26.4288;25.7461;-6.40083;5.77599
10.6;26;27.4823;26.7981;-6.43492;5.8925
10.6;27;28.5344;27.8502;-6.26291;5.91513
10.6;28;29.5852;28.9022;-5.71053;5.77359
10.6;29;30.6349;29.9543;-0.402762;0.384623
10.6;30;31.6835;31.0063;-0.538135;0.517116
10.6;31;32.7313;32.0584;-0.578124;0.55785
10.6;32;33.7782;33.1104;-0.603066;0.581805
10.6;33;34.8244;34.1625;-0.631941;0.610084
10.6;34;35.87;35.2145;-0.660664;0.637146
10.6;35;36.9151;36.2666;-0.691461;0.667809
10.6;36;37.9597;37.3186;-0.724258;0.699494
10.6;37;39.0039;38.3707;-0.760152;0.734061
10.6;38;40.0477;39.4227;-0.798905;0.771268
10.6;39;41.0913;40.4748;-0.84249;0.812957
10.6;40;42.1346;41.5269;-0.890292;0.857554
10.6;41;43.1777;42.5789;-0.938996;0.904552
10.6;42;44.2206;43.631;-0.9922;0.955418
10.6;43;45.2635;44.683;-1.04948;1.01022
10.6;44;46.3062;45.7351;-1.11208;1.06984
10.6;45;47.3489;46.7871;-1.26989;1.23923
10.6;46;48.3915;47.8392;-1.3574;1.31441
10.6;47;49.4342;48.8912;-1.44814;1.39206
10.6;48;50.4768;49.9433;-1.54012;1.47967
10.6;49;51.5196;50.9954;-1.64689;1.57638
10.6;50;52.5623;52.0474;-1.75445;1.67702
10.8;5;4.7747;4.7028;-1.86474;1.78
10.8;6;5.8727;5.7534;-1.99635;1.90331
10.8;7;6.9751;6.804;-2.12939;2.02411
10.8;8;8.0794;7.8548;-2.3871;2.25653
10.8;9;9.1836;8.9056;-2.54835;2.40661
10.8;10;10.286;9.9564;-2.72262;2.56081
10.8;11;11.3855;11.0073;-2.91296;2.72865
10.8;12;12.4814;12.0582;-3.11681;2.90904
10.8;13;13.5733;13.1091;-3.43207;3.19484
10.8;14;14.6611;14.16;-3.6709;3.39533
10.8;15;15.7447;15.211;-3.92721;3.62018
10.8;16;16.8243;16.2619;-4.26496;3.91171
10.8;17;17.9002;17.3129;-4.54872;4.15636
10.8;18;18.9725;18.3639;-4.90961;4.45936
10.8;19;20.0415;19.4148;-5.20962;4.71031
10.8;20;21.1076;20.4658;-5.55647;5.00246
10.8;21;22.1709;21.5168;-5.87272;5.27632
10.8;22;23.2318;22.5678;-6.08704;5.48359
10.8;23;24.2904;23.6187;-6.30115;5.7033
10.8;24;25.347;24.6697;-6.31481;5.80851
10.8;25;26.4018;25.7207;-6.12262;5.81852
10.8;26;27.4549;26.7717;-5.55303;5.66663
10.8;27;28.5066;27.8227;-0.408539;0.390723
10.8;28;29.557;28.8737;-0.544887;0.524232
10.8;29;30.6062;29.9247;-0.58573;0.565698
10.8;30;31.6543;30.9756;-0.610913;0.590192
10.8;31;32.7016;32.0266;-0.641113;0.618425
10.8;32;33.748;33.0776;-0.66969;0.64648
10.8;33;34.7936;34.1286;-0.701232;0.677758
10.8;34;35.8387;35.1796;-0.734584;0.710085
10.8;35;36.8831;36.2306;-0.770827;0.745104
10.8;36;37.9271;37.2816;-0.810192;0.782785
10.8;37;38.9706;38.3326;-0.854426;0.825212
10.8;38;40.0138;39.3836;-0.902662;0.870344
10.8;39;41.0566;40.4346;-0.952086;0.917657
10.8;40;42.0992;41.4856;-1.00578;0.969112
10.8;41;43.1416;42.5365;-1.06359;1.02454
10.8;42;44.1837;43.5875;-1.12647;1.08481
10.8;43;45.2258;44.6385;-1.28592;1.2553
10.8;44;46.2677;45.6895;-1.37382;1.33067
10.8;45;47.3095;46.7405;-1.46496;1.40852
10.8;46;48.3513;47.7915;-1.56268;1.5024
10.8;47;49.3931;48.8425;-1.66392;1.59298
10.8;48;50.4348;49.8935;-1.7716;1.69417
10.8;49;51.4766;50.9445;-1.88461;1.79742
10.8;50;52.5185;51.9955;-2.01375;1.91824
11;5;4.7679;4.6988;-2.1453;2.03959
11;6;5.8634;5.7484;-2.40243;2.2716
11;7;6.9635;6.798;-2.56327;2.42074
11;8;8.0657;7.8478;-2.73614;2.57348
11;9;9.1679;8.8976;-2.92343;2.74229
11;10;10.2687;9.9474;-3.12596;2.91796
11;11;11.3668;10.9972;-3.4382;3.20101
11;12;12.4615;12.0471;-3.67283;3.39831
11;13;13.5525;13.097;-3.92305;3.61806
11;14;14.6394;14.1469;-4.25728;3.90505
11;15;15.7224;15.1968;-4.5346;4.13978
11;16;16.8014;16.2468;-4.88554;4.449
11;17;17.8768;17.2967;-5.17447;4.68484
11;18;18.9487;18.3466;-5.50992;4.96884
11;19;20.0174;19.3966;-5.81104;5.23533
11;20;21.0831;20.4466;-6.00885;5.42653
11;21;22.146;21.4965;-6.20464;5.63516
11;22;23.2066;22.5465;-6.1975;5.72704
11;23;24.2648;23.5964;-5.98464;5.72434
11;24;25.3211;24.6464;-5.40165;5.56353
11;25;26.3755;25.6964;-0.414154;0.396782
11;26;27.4283;26.7463;-0.461149;0.449303
11;27;28.4796;27.7963;-0.59334;0.573723
11;28;29.5295;28.8463;-0.619272;0.598873
11;29;30.5783;29.8962;-0.646411;0.625958
11;30;31.626;30.9462;-0.676595;0.655107
11;31;32.6728;31.9962;-0.710948;0.687745
11;32;33.7187;33.0461;-0.744951;0.720622
11;33;34.7639;34.0961;-0.781881;0.756218
11;34;35.8083;35.1461;-0.82173;0.794507
11;35;36.8522;36.196;-0.86648;0.837339
11;36;37.8956;37.246;-0.915263;0.883139
11;37;38.9385;38.296;-0.965263;0.930908
11;38;39.9811;39.346;-1.0193;0.982845
11;39;41.0233;40.3959;-1.06571;1.04322
11;40;42.0651;41.4459;-1.14103;1.09933
11;41;43.1068;42.4959;-1.30167;1.27105
11;42;44.1482;43.5458;-1.38976;1.3479
11;43;45.1895;44.5958;-1.48143;1.42467
11;44;46.2307;45.6458;-1.57938;1.51893
11;45;47.2717;46.6958;-1.68052;1.60929
11;46;48.3127;47.7457;-1.78341;1.70571
11;47;49.3536;48.7957;-1.90096;1.81356
11;48;50.3945;49.8457;-2.02997;1.93377
11;49;51.4355;50.8957;-2.16095;2.05482
11;50;52.4764;51.9456;-2.41766;2.28587
11.2;5;4.7613;4.695;-2.57693;2.43424
11.2;6;5.8545;5.7435;-2.74805;2.58573
11.2;7;6.9524;6.7922;-2.93389;2.75275
11.2;8;8.0525;7.841;-3.13374;2.92645
11.2;9;9.1529;8.8898;-3.44255;3.20698
11.2;10;10.252;9.9387;-3.6719;3.3984
11.2;11;11.3487;10.9875;-3.91928;3.61733
11.2;12;12.4423;12.0364;-4.24757;3.8985
11.2;13;13.5322;13.0854;-4.51636;4.13414
11.2;14;14.6184;14.1343;-4.86055;4.43074
11.2;15;15.7007;15.1832;-5.13958;4.65926
11.2;16;16.7792;16.2322;-5.46114;4.93405
11.2;17;17.8541;17.2811;-5.74845;5.19032
11.2;18;18.9255;18.3301;-5.93021;5.37073
11.2;19;19.9938;19.3791;-6.10552;5.56703
11.2;20;21.0592;20.4281;-6.08112;5.6451
11.2;21;22.1218;21.477;-5.85055;5.6316
11.2;22;23.182;22.526;-5.25609;5.46458
11.2;23;24.24;23.575;-0.420311;0.403067
11.2;24;25.2959;24.624;-0.558866;0.538921
11.2;25;26.35;25.673;-0.601908;0.581209
11.2;26;27.4024;26.7219;-0.627661;0.607514
11.2;27;28.4533;27.7709;-0.658683;0.636622
11.2;28;29.5029;28.8199;-0.688333;0.665796
11.2;29;30.5513;29.8689;-0.72123;0.697608
11.2;30;31.5986;30.9179;-0.755776;0.731149
11.2;31;32.6449;31.9669;-0.792805;0.767444
11.2;32;33.6904;33.0159;-0.833246;0.806236
11.2;33;34.735;34.0649;-0.878625;0.8496
11.2;34;35.779;35.1139;-0.927818;0.895718
11.2;35;36.8224;36.1628;-0.97825;0.94407
11.2;36;37.8652;37.2118;-1.03302;0.996368
11.2;37;38.9076;38.2608;-1.09169;1.05242
11.2;38;39.9495;39.3098;-1.15549;1.11337
11.2;39;40.9911;40.3588;-1.31714;1.28646
11.2;40;42.0323;41.4078;-1.40587;1.36237
11.2;41;43.0733;42.4568;-1.49757;1.44048
11.2;42;44.1141;43.5058;-1.59556;1.53497
11.2;43;45.1546;44.5548;-1.69673;1.62525
11.2;44;46.1951;45.6038;-1.79964;1.72126
11.2;45;47.2354;46.6528;-1.91685;1.82901
11.2;46;48.2756;47.7018;-2.0455;1.94912
11.2;47;49.3157;48.7508;-2.17566;2.06933
11.2;48;50.3559;49.7998;-2.43166;2.29995
11.2;49;51.396;50.8487;-2.58994;2.44697
11.2;50;52.4361;51.8977;-2.76043;2.59821
11.4;5;4.755;4.6912;-2.94307;2.7624
11.4;6;5.846;5.7389;-3.1404;2.93343
11.4;7;6.9417;6.7867;-3.44706;3.21301
11.4;8;8.0398;7.8345;-3.6732;3.40274
11.4;9;9.1383;8.8824;-3.90795;3.60524
11.4;10;10.2358;9.9303;-4.23691;3.89177
11.4;11;11.3312;10.9782;-4.49891;4.12161
11.4;12;12.4236;12.0262;-4.83435;4.41166
11.4;13;13.5126;13.0742;-5.10288;4.63314
11.4;14;14.5979;14.1221;-5.41278;4.89831
11.4;15;15.6795;15.1701;-5.68575;5.1447
11.4;16;16.7575;16.2182;-5.85203;5.31469
11.4;17;17.8319;17.2662;-6.01036;5.49816
11.4;18;18.9029;18.3142;-5.96696;5.56511
11.4;19;19.9709;19.3622;-5.72004;5.5393
11.4;20;21.0359;20.4103;-5.11379;5.36554
11.4;21;22.0982;21.4583;-0.42656;0.409635
11.4;22;23.1581;22.5063;-0.473684;0.462584
11.4;23;24.2157;23.5544;-0.609336;0.590364
11.4;24;25.2713;24.6024;-0.636242;0.616361
11.4;25;26.3251;25.6505;-0.667191;0.646582
11.4;26;27.3772;26.6985;-0.695441;0.674406
11.4;27;28.4278;27.7465;-0.730925;0.708232
11.4;28;29.477;28.7946;-0.76611;0.742131
11.4;29;30.525;29.8426;-0.803815;0.778576
11.4;30;31.5719;30.8907;-0.844725;0.817757
11.4;31;32.6178;31.9387;-0.890603;0.861532
11.4;32;33.6629;32.9868;-0.940584;0.908325
11.4;33;34.7071;34.0348;-0.991317;0.956891
11.4;34;35.7506;35.0829;-1.04641;1.00967
11.4;35;36.7935;36.1309;-1.09334;1.07095
11.4;36;37.8358;37.179;-1.1635;1.12826
11.4;37;38.8776;38.227;-1.33239;1.3015
11.4;38;39.919;39.2751;-1.42127;1.37773
11.4;39;40.96;40.3231;-1.51313;1.45589
11.4;40;42.0006;41.3712;-1.60562;1.54438
11.4;41;43.041;42.4192;-1.71299;1.6411
11.4;42;44.0811;43.4673;-1.82006;1.74107
11.4;43;45.121;44.5153;-1.92978;1.84334
11.4;44;46.1608;45.5634;-2.06047;1.96348
11.4;45;47.2004;46.6114;-2.18956;2.08299
11.4;46;48.2399;47.6595;-2.44544;2.31297
11.4;47;49.2793;48.7075;-2.60203;2.45917
11.4;48;50.3187;49.7556;-2.77065;2.60667
11.4;49;51.358;50.8036;-2.9522;2.76805
11.4;50;52.3973;51.8517;-3.14619;2.94002
11.6;5;4.7489;4.6877;-3.44641;3.21558
11.6;6;5.8379;5.7345;-3.67049;3.40024
11.6;7;6.9315;6.7813;-3.90094;3.60593
11.6;8;8.0276;7.8282;-4.22364;3.88398
11.6;9;9.1243;8.8752;-4.48048;4.10824
11.6;10;10.2203;9.9222;-4.80587;4.3851
11.6;11;11.3142;10.9693;-5.06589;4.60537
11.6;12;12.4055;12.0163;-5.36457;4.86259
11.6;13;13.4935;13.0634;-5.62268;5.09948
11.6;14;14.5781;14.1105;-5.77406;5.25778
11.6;15;15.659;15.1576;-5.91479;5.43075
11.6;16;16.7364;16.2047;-5.85476;5.48513
11.6;17;17.8103;17.2518;-5.59286;5.45021
11.6;18;18.8809;18.2989;-4.97449;5.26815
11.6;19;19.9485;19.346;-0.433053;0.416531
11.6;20;21.0132;20.3931;-0.574418;0.553785
11.6;21;22.0752;21.4403;-0.618252;0.598084
11.6;22;23.1348;22.4874;-0.644986;0.625242
11.6;23;24.1921;23.5345;-0.677049;0.655243
11.6;24;25.2474;24.5817;-0.70756;0.685348
11.6;25;26.3009;25.6288;-0.741367;0.718135
11.6;26;27.3527;26.6759;-0.776868;0.75248
11.6;27;28.403;27.7231;-0.815143;0.789618
11.6;28;29.4519;28.7702;-0.856412;0.829527
11.6;29;30.4995;29.8174;-0.902674;0.873598
11.6;30;31.546;30.8645;-0.952804;0.920703
11.6;31;32.5916;31.9116;-1.00422;0.969844
11.6;32;33.6362;32.9588;-1.06032;1.02247
11.6;33;34.68;34.0059;-1.11927;1.07992
11.6;34;35.723;35.0531;-1.18366;1.14126
11.6;35;36.7655;36.1002;-1.34716;1.31638
11.6;36;37.8073;37.1473;-1.43665;1.39279
11.6;37;38.8486;38.1945;-1.52851;1.47113
11.6;38;39.8894;39.2416;-1.62132;1.55951
11.6;39;40.9299;40.2888;-1.72835;1.65612
11.6;40;41.97;41.3359;-1.83542;1.75598
11.6;41;43.0098;42.3831;-1.94437;1.85744
11.6;42;44.0493;43.4302;-2.07462;1.97742
11.6;43;45.0886;44.4773;-2.20323;2.09603
11.6;44;46.1277;45.5245;-2.45789;2.3255
11.6;45;47.1667;46.5716;-2.6134;2.47028
11.6;46;48.2055;47.6188;-2.78035;2.61663
11.6;47;49.2442;48.6659;-2.96004;2.7759
11.6;48;50.2829;49.7131;-3.1514;2.94555
11.6;49;51.3215;50.7602;-3.4516;3.21959
11.6;50;52.36;51.8074;-3.6701;3.40294
11.8;5;4.7431;4.6843;-3.90891;3.61081
11.8;6;5.8301;5.7302;-4.21097;3.87645
11.8;7;6.9216;6.7762;-4.46085;4.09424
11.8;8;8.0158;7.8222;-4.77809;4.36441
11.8;9;9.1108;8.8683;-5.02835;4.57817
11.8;10;10.2052;9.9145;-5.31528;4.82637
11.8;11;11.2978;10.9606;-5.56007;5.05328
11.8;12;12.3879;12.0068;-5.69726;5.20195
11.8;13;13.475;13.053;-5.81994;5.3611
11.8;14;14.5587;14.0992;-5.74428;5.40645
11.8;15;15.639;15.1454;-5.4669;5.3633
11.8;16;16.7158;16.1917;-4.84018;5.17718
11.8;17;17.7893;17.2379;-0.439765;0.423403
11.8;18;18.8595;18.2841;-0.581393;0.562164
11.8;19;19.9267;19.3304;-0.625972;0.607333
11.8;20;20.991;20.3766;-0.65367;0.634172
11.8;21;22.0527;21.4229;-0.68567;0.665279
11.8;22;23.112;22.4692;-0.717435;0.695279
11.8;23;24.1691;23.5154;-0.751205;0.728817
11.8;24;25.2241;24.5617;-0.78713;0.763508
11.8;25;26.2773;25.6079;-0.82609;0.80101
11.8;26;27.3288;26.6542;-0.867839;0.841071
11.8;27;28.3788;27.7005;-0.914611;0.885776
11.8;28;29.4274;28.7467;-0.965282;0.933065
11.8;29;30.4747;29.793;-1.017;0.982647
11.8;30;31.5209;30.8393;-1.0726;1.03599
11.8;31;32.566;31.8855;-1.13272;1.09315
11.8;32;33.6103;32.9318;-1.19748;1.15501
11.8;33;34.6537;33.9781;-1.36182;1.33104
11.8;34;35.6963;35.0243;-1.45146;1.40746
11.8;35;36.7383;36.0706;-1.54379;1.48582
11.8;36;37.7797;37.1169;-1.6361;1.57422
11.8;37;38.8205;38.1632;-1.7433;1.67053
11.8;38;39.8609;39.2094;-1.8498;1.77006
11.8;39;40.9008;40.2557;-1.95851;1.87151
11.8;40;41.9404;41.302;-2.08813;1.99045
11.8;41;42.9796;42.3482;-2.21602;2.10864
11.8;42;44.0186;43.3945;-2.47007;2.33701
11.8;43;45.0573;44.4408;-2.62427;2.4805
11.8;44;46.0958;45.487;-2.78882;2.62543
11.8;45;47.1341;46.5333;-2.96633;2.78315
11.8;46;48.1723;47.5796;-3.15526;2.95021
11.8;47;49.2104;48.6259;-3.4517;3.2201
11.8;48;50.2484;49.6721;-3.6676;3.40166
11.8;49;51.2863;50.7184;-3.89381;3.60182
11.8;50;52.3241;51.7647;-4.19797;3.86552
12;5;4.7376;4.6809;-4.4405;4.07923
12;6;5.8225;5.726;-4.74997;4.34354
12;7;6.9122;6.7712;-4.99003;4.54973
12;8;8.0045;7.8164;-5.26566;4.78985
12;9;9.0978;8.8617;-5.49769;5.0079
12;10;10.1906;9.907;-5.62019;5.14654
12;11;11.282;10.9523;-5.72831;5.29723
12;12;12.3709;11.9976;-5.63529;5.32709
12;13;13.457;13.043;-5.34563;5.2775
12;14;14.5399;14.0884;-4.71062;5.08376
12;15;15.6195;15.1337;-0.446486;0.430454
12;16;16.6958;16.1791;-0.494001;0.483984
12;17;17.7687;17.2245;-0.634545;0.615954
12;18;18.8385;18.2699;-0.662713;0.643353
12;19;19.9054;19.3153;-0.695211;0.674842
12;20;20.9694;20.3608;-0.724625;0.704188
12;21;22.0308;21.4062;-0.761583;0.739191
12;22;23.0898;22.4516;-0.797843;0.774318
12;23;24.1466;23.497;-0.837158;0.812052
12;24;25.2014;24.5424;-0.879282;0.852588
12;25;26.2543;25.5878;-0.926453;0.897558
12;26;27.3055;26.6333;-0.977548;0.945367
12;27;28.3552;27.6787;-1.02945;0.995249
12;28;29.4035;28.7241;-1.08579;1.04891
12;29;30.4505;29.7695;-1.13314;1.11113
12;30;31.4963;30.815;-1.20443;1.16916
12;31;32.5412;31.8604;-1.37617;1.34513
12;32;33.585;32.9058;-1.46611;1.42167
12;33;34.6281;33.9512;-1.55845;1.50015
12;34;35.6703;34.9967;-1.65074;1.58838
12;35;36.7119;36.0421;-1.75759;1.68451
12;36;37.7529;37.0875;-1.86407;1.78385
12;37;38.7933;38.133;-1.97236;1.88475
12;38;39.8332;39.1784;-2.10116;2.00311
12;39;40.8726;40.2238;-2.22813;2.1203
12;40;41.9117;41.2692;-2.48134;2.34807
12;41;42.9504;42.3147;-2.63398;2.49042
12;42;43.9888;43.3601;-2.79727;2.63327
12;43;45.027;44.4055;-2.97238;2.78916
12;44;46.065;45.451;-3.15861;2.9542
12;45;47.1027;46.4964;-3.44875;3.22149
12;46;48.1403;47.5418;-3.66157;3.3966
12;47;49.1777;48.5873;-3.87783;3.59114
12;48;50.2151;49.6327;-4.18374;3.85634
12;49;51.2524;50.6781;-4.41924;4.06339
12;50;52.2896;51.7235;-4.72048;4.32142
12.2;5;4.7322;4.6778;-4.9516;4.5209
12.2;6;5.8153;5.722;-5.21647;4.75322
12.2;7;6.9031;6.7664;-5.43532;4.96194
12.2;8;7.9936;7.8108;-5.54386;5.09085
12.2;9;9.0852;8.8553;-5.63696;5.23054
12.2;10;10.1766;9.8997;-5.53072;5.25279
12.2;11;11.2666;10.9443;-5.22699;5.19173
12.2;12;12.3544;11.9888;-4.58334;4.99568
12.2;13;13.4395;13.0333;-0.453413;0.437685
12.2;14;14.5217;14.0779;-0.59731;0.578362
12.2;15;15.6006;15.1225;-0.642952;0.624727
12.2;16;16.6762;16.1671;-0.67171;0.652371
12.2;17;17.7487;17.2116;-0.705045;0.683912
12.2;18;18.8181;18.2562;-0.736878;0.714991
12.2;19;19.8846;19.3008;-0.771852;0.749446
12.2;20;20.9483;20.3454;-0.80858;0.784877
12.2;21;22.0094;21.39;-0.848149;0.823156
12.2;22;23.0681;22.4346;-0.890787;0.864034
12.2;23;24.1247;23.4792;-0.938254;0.909365
12.2;24;25.1792;24.5239;-0.989662;0.957555
12.2;25;26.2318;25.5685;-1.04216;1.00759
12.2;26;27.2828;26.6131;-1.09858;1.06141
12.2;27;28.3322;27.6577;-1.15901;1.11934
12.2;28;29.3802;28.7023;-1.22382;1.18173
12.2;29;30.4269;29.7469;-1.3903;1.3591
12.2;30;31.4725;30.7915;-1.4801;1.43559
12.2;31;32.517;31.8361;-1.57259;1.51548
12.2;32;33.5605;32.8808;-1.67042;1.60796
12.2;33;34.6032;33.9254;-1.77104;1.69762
12.2;34;35.6451;34.97;-1.8726;1.79232
12.2;35;36.6863;36.0146;-1.988;1.89801
12.2;36;37.7268;37.0592;-2.11351;2.01523
12.2;37;38.7668;38.1038;-2.23935;2.13155
12.2;38;39.8063;39.1485;-2.49192;2.35848
12.2;39;40.8453;40.1931;-2.64321;2.49942
12.2;40;41.8839;41.2377;-2.80502;2.64196
12.2;41;42.9221;42.2823;-2.97696;2.79623
12.2;42;43.9601;43.3269;-3.16124;2.95769
12.2;43;44.9977;44.3715;-3.45099;3.22162
12.2;44;46.0351;45.4162;-3.65841;3.39683
12.2;45;47.0723;46.4608;-3.87622;3.58991
12.2;46;48.1094;47.5054;-4.16944;3.84356
12.2;47;49.1462;48.55;-4.39907;4.0475
12.2;48;50.183;49.5946;-4.69105;4.30578
12.2;49;51.2196;50.6393;-4.91285;4.49186
12.2;50;52.2562;51.6839;-5.16653;4.71591
12.4;5;4.7271;4.6747;-5.37277;4.91235
12.4;6;5.8084;5.7182;-5.46805;5.03506
12.4;7;6.8943;6.7618;-5.54705;5.16315
12.4;8;7.9831;7.8054;-5.42565;5.17817
12.4;9;9.0731;8.8491;-5.11076;5.11002
12.4;10;10.1629;9.8928;-4.46037;4.90856
12.4;11;11.2516;10.9365;-0.460558;0.444895
12.4;12;12.3384;11.9803;-0.508318;0.498778
12.4;13;13.4226;13.024;-0.651627;0.633435
12.4;14;14.5039;14.0678;-0.680685;0.661603
12.4;15;15.5821;15.1116;-0.711098;0.691843
12.4;16;16.6572;16.1554;-0.744289;0.723874
12.4;17;17.7292;17.1992;-0.782052;0.759758
12.4;18;18.7982;18.243;-0.819153;0.795581
12.4;19;19.8643;19.2868;-0.859116;0.834048
12.4;20;20.9276;20.3306;-0.902169;0.875355
12.4;21;21.9885;21.3745;-0.950077;0.921138
12.4;22;23.0469;22.4183;-1.0017;0.969318
12.4;23;24.1032;23.4621;-1.05441;1.01984
12.4;24;25.1575;24.5059;-1.11107;1.07392
12.4;25;26.2099;25.5498;-1.15901;1.13686
12.4;26;27.2606;26.5936;-1.23711;1.19454
12.4;27;28.3097;27.6374;-1.40403;1.37258
12.4;28;29.3575;28.6812;-1.49416;1.44939
12.4;29;30.4039;29.7251;-1.58636;1.52875
12.4;30;31.4492;30.7689;-1.68421;1.62158
12.4;31;32.4934;31.8127;-1.7845;1.71066
12.4;32;33.5366;32.8566;-1.88568;1.80507
12.4;33;34.579;33.9004;-2.00031;1.91011
12.4;34;35.6205;34.9442;-2.12538;2.02663
12.4;35;36.6614;35.9881;-2.25031;2.1422
12.4;36;37.7015;37.0319;-2.50161;2.36803
12.4;37;38.7411;38.0757;-2.65179;2.50768
12.4;38;39.7802;39.1196;-2.81139;2.6484
12.4;39;40.8188;40.1634;-2.98139;2.80111
12.4;40;41.8569;41.2072;-3.16297;2.95996
12.4;41;42.8947;42.2511;-3.44638;3.22158
12.4;42;43.9322;43.2949;-3.64891;3.39063
12.4;43;44.9694;44.3387;-3.85984;3.57319
12.4;44;46.0063;45.3826;-4.15212;3.83289
12.4;45;47.0429;46.4264;-4.37535;4.03052
12.4;46;48.0794;47.4703;-4.66065;4.28231
12.4;47;49.1157;48.5141;-4.87359;4.4621
12.4;48;50.1519;49.5579;-5.11565;4.67811
12.4;49;51.188;50.6018;-5.31092;4.86572
12.4;50;52.224;51.6456;-5.39378;4.98023
12.6;5;4.7222;4.6717;-5.45839;5.09818
12.6;6;5.8017;5.7144;-5.3246;5.10454
12.6;7;6.8859;6.7573;-4.9986;5.02869
12.6;8;7.9729;7.8002;-4.34152;4.82258
12.6;9;9.0613;8.8431;-0.46775;0.45225
12.6;10;10.1498;9.886;-0.614206;0.594372
12.6;11;11.2372;10.929;-0.661016;0.641652
12.6;12;12.3228;11.972;-0.689888;0.670815
12.6;13;13.406;13.015;-0.724;0.702917
12.6;14;14.4865;14.0581;-0.756639;0.734789
12.6;15;15.5641;15.1011;-0.792464;0.769646
12.6;16;16.6386;16.1441;-0.830086;0.805937
12.6;17;17.7101;17.1872;-0.870121;0.845119
12.6;18;18.7787;18.2302;-0.913497;0.886484
12.6;19;19.8444;19.2733;-0.961497;0.932568
12.6;20;20.9075;20.3164;-1.01373;0.981306
12.6;21;21.968;21.3594;-1.06657;1.03192
12.6;22;23.0262;22.4025;-1.12362;1.08609
12.6;23;24.0823;23.4456;-1.18444;1.14439
12.6;24;25.1363;24.4886;-1.24996;1.20692
12.6;25;26.1884;25.5317;-1.41747;1.386
12.6;26;27.2389;26.5748;-1.5075;1.46239
12.6;27;28.2878;27.6178;-1.5999;1.54189
12.6;28;29.3353;28.6609;-1.69764;1.63427
12.6;29;30.3815;29.704;-1.79744;1.72348
12.6;30;31.4265;30.7471;-1.89809;1.81738
12.6;31;32.4704;31.7901;-2.01253;1.92188
12.6;32;33.5133;32.8332;-2.1366;2.03748
12.6;33;34.5554;33.8763;-2.26084;2.15204
12.6;34;35.5966;34.9194;-2.5111;2.37725
12.6;35;36.6371;35.9625;-2.65952;2.51536
12.6;36;37.6769;37.0055;-2.81717;2.65439
12.6;37;38.7162;38.0486;-2.985;2.80525
12.6;38;39.7548;39.0917;-3.16414;2.96161
12.6;39;40.793;40.1348;-3.44717;3.222
12.6;40;41.8308;41.1778;-3.64673;3.38907
12.6;41;42.8681;42.2209;-3.8491;3.56575
12.6;42;43.9052;43.264;-4.13506;3.82059
12.6;43;44.9419;44.3071;-4.35237;4.01321
12.6;44;45.9783;45.3502;-4.62994;4.25934
12.6;45;47.0145;46.3932;-4.83364;4.43177
12.6;46;48.0505;47.4363;-5.0656;4.64068
12.6;47;49.0863;48.4794;-5.2496;4.81979
12.6;48;50.1219;49.5225;-5.31968;4.92473
12.6;49;51.1574;50.5656;-5.37081;5.03384
12.6;50;52.1929;51.6086;-5.22425;5.03091
12.8;5;4.7175;4.6688;-4.88664;4.94531
12.8;6;5.7953;5.7108;-4.22659;4.74098
12.8;7;6.8777;6.753;-0.47522;0.45972
12.8;8;7.9631;7.7951;-0.523124;0.514059
12.8;9;9.05;8.8373;-0.669303;0.651114
12.8;10;10.137;9.8795;-0.698943;0.67996
12.8;11;11.2232;10.9218;-0.732997;0.712969
12.8;12;12.3077;11.9641;-0.764018;0.743681
12.8;13;13.39;13.0063;-0.802468;0.780343
12.8;14;14.4697;14.0486;-0.840283;0.816759
12.8;15;15.5465;15.0909;-0.881001;0.855848
12.8;16;16.6205;16.1333;-0.924606;0.897808
12.8;17;17.6915;17.1756;-0.973103;0.944045
12.8;18;18.7597;18.2179;-1.02535;0.992945
12.8;19;19.825;19.2602;-1.07845;1.04372
12.8;20;20.8878;20.3026;-1.1358;1.09833
12.8;21;21.948;21.3449;-1.18387;1.16131
12.8;22;23.006;22.3872;-1.25574;1.21984
12.8;23;24.0618;23.4296;-1.43047;1.39896
12.8;24;25.1155;24.4719;-1.52088;1.4753
12.8;25;26.1675;25.5142;-1.61305;1.55327
12.8;26;27.2177;26.5566;-1.70479;1.64097
12.8;27;28.2664;27.5989;-1.81039;1.73592
12.8;28;29.3136;28.6413;-1.91546;1.83365
12.8;29;30.3596;29.6836;-2.02144;1.93213
12.8;30;31.4043;30.726;-2.14659;2.04933
12.8;31;32.448;31.7683;-2.27034;2.16159
12.8;32;33.4906;32.8107;-2.51979;2.3863
12.8;33;34.5324;33.853;-2.66441;2.51788
12.8;34;35.5733;34.8954;-2.82266;2.66088
12.8;35;36.6135;35.9377;-2.98861;2.80706
12.8;36;37.653;36.98;-3.16405;2.96279
12.8;37;38.6919;38.0224;-3.44131;3.22021
12.8;38;39.7302;39.0647;-3.63785;3.38138
12.8;39;40.768;40.1071;-3.8445;3.56671
12.8;40;41.8054;41.1494;-4.11879;3.80681
12.8;41;42.8423;42.1918;-4.32846;3.99513
12.8;42;43.8789;43.2341;-4.59792;4.2307
12.8;43;44.9152;44.2765;-4.79373;4.4017
12.8;44;45.9512;45.3188;-5.01621;4.60305
12.8;45;46.9869;46.3612;-5.18756;4.77714
12.8;46;48.0224;47.4035;-5.24678;4.8705
12.8;47;49.0577;48.4459;-5.28277;4.97225
12.8;48;50.0928;49.4882;-5.12601;4.95971
12.8;49;51.1279;50.5306;-4.78023;4.87042
12.8;50;52.1627;51.5729;-4.11318;4.6593
13;5;4.7129;4.666;-0.482617;0.46726
13;6;5.7891;5.7074;-0.629925;0.611297
13;7;6.8699;6.7488;-0.678608;0.659401
13;8;7.9537;7.7902;-0.708119;0.689185
13;9;9.039;8.8317;-0.742909;0.721939
13;10;10.1246;9.8733;-0.776474;0.7547
13;11;11.2096;10.9148;-0.813048;0.790057
13;12;12.293;11.9564;-0.850988;0.826872
13;13;13.3744;12.9979;-0.891839;0.866605
13;14;14.4532;14.0395;-0.935833;0.908779
13;15;15.5294;15.0811;-0.984489;0.955242
13;16;16.6028;16.1227;-1.03716;1.00438
13;17;17.6733;17.1643;-1.09045;1.05541
13;18;18.7411;18.206;-1.14828;1.10951
13;19;19.8061;19.2476;-1.20905;1.16853
13;20;20.8685;20.2892;-1.27482;1.231
13;21;21.9285;21.3308;-1.44347;1.41133
13;22;22.9862;22.3725;-1.53353;1.48799
13;23;24.0417;23.4141;-1.62564;1.5657
13;24;25.0953;24.4557;-1.71698;1.65314
13;25;26.147;25.4974;-1.82249;1.7478
13;26;27.197;26.539;-1.92674;1.8449
13;27;28.2454;27.5806;-2.03219;1.94269
13;28;29.2925;28.6223;-2.15678;2.05916
13;29;30.3382;29.6639;-2.2795;2.17063
13;30;31.3827;30.7056;-2.52795;2.39419
13;31;32.4261;31.7472;-2.67086;2.52443
13;32;33.4685;32.7888;-2.82674;2.66557
13;33;34.5099;33.8305;-2.99056;2.81014
13;34;35.5506;34.8721;-3.16361;2.96363
13;35;36.5905;35.9138;-3.43998;3.21822
13;36;37.6296;36.9554;-3.63175;3.37862
13;37;38.6682;37.9971;-3.82393;3.54837
13;38;39.7062;39.0387;-4.10106;3.79448
13;39;40.7436;40.0803;-4.30496;3.97641
13;40;41.7806;41.122;-4.56606;4.206
13;41;42.8172;42.1636;-4.75369;4.37065
13;42;43.8534;43.2053;-4.96538;4.56536
13;43;44.8893;44.2469;-5.12572;4.73147
13;44;45.9248;45.2886;-5.17371;4.81589
13;45;46.9601;46.3302;-5.19822;4.9086
13;46;47.9952;47.3718;-5.02971;4.88881
13;47;49.03;48.4135;-4.67369;4.79377
13;48;50.0647;49.4551;-4.00337;4.58233
13;49;51.0992;50.4968;-0.489994;0.474821
13;50;52.1336;51.5384;-0.638227;0.619718
13.2;5;4.7085;4.6633;-0.686924;0.669024
13.2;6;5.7831;5.704;-0.717271;0.698429
13.2;7;6.8623;6.7447;-0.752074;0.732026
13.2;8;7.9445;7.7855;-0.786094;0.764401
13.2;9;9.0284;8.8263;-0.82269;0.800436
13.2;10;10.1127;9.8672;-0.861122;0.837516
13.2;11;11.1964;10.908;-0.902491;0.877303
13.2;12;12.2787;11.9489;-0.946538;0.919534
13.2;13;13.3592;12.9898;-0.995761;0.966296
13.2;14;14.4373;14.0307;-1.04851;1.01575
13.2;15;15.5128;15.0716;-1.10216;1.06686
13.2;16;16.5856;16.1126;-1.15952;1.12156
13.2;17;17.6556;17.1535;-1.22095;1.18016
13.2;18;18.7229;18.1944;-1.28683;1.24272
13.2;19;19.7876;19.2354;-1.45572;1.42379
13.2;20;20.8497;20.2763;-1.54592;1.50001
13.2;21;21.9094;21.3173;-1.63786;1.57755
13.2;22;22.9668;22.3582;-1.72899;1.66479
13.2;23;24.0221;23.3992;-1.8343;1.75893
13.2;24;25.0754;24.4401;-1.93795;1.85548
13.2;25;26.1269;25.4811;-2.04388;1.95369
13.2;26;27.1767;26.522;-2.16703;2.06711
13.2;27;28.225;27.563;-2.28774;2.17892
13.2;28;29.2718;28.6039;-2.53543;2.40143
13.2;29;30.3172;29.6449;-2.67644;2.53004
13.2;30;31.3615;30.6858;-2.8307;2.66981
13.2;31;32.4047;31.7268;-2.99221;2.81202
13.2;32;33.4468;32.7677;-3.16267;2.96338
13.2;33;34.488;33.8087;-3.43507;3.21334
13.2;34;35.5284;34.8497;-3.62346;3.37248
13.2;35;36.568;35.8906;-3.81823;3.54713
13.2;36;37.6069;36.9316;-4.0838;3.77871
13.2;37;38.6451;37.9725;-4.28023;3.95778
13.2;38;39.6828;39.0135;-4.5334;4.18096
13.2;39;40.7199;40.0545;-4.71338;4.34014
13.2;40;41.7566;41.0954;-4.91588;4.53144
13.2;41;42.7928;42.1364;-5.06502;4.68533
13.2;42;43.8286;43.1773;-5.10155;4.76193
13.2;43;44.8641;44.2183;-5.11426;4.847
13.2;44;45.8992;45.2593;-4.93521;4.81949
13.2;45;46.9341;46.3002;-4.5724;4.71811
13.2;46;47.9687;47.3412;-3.89698;4.50557
13.2;47;49.0032;48.3821;-0.497611;0.482535
13.2;48;50.0374;49.4231;-0.646504;0.628158
13.2;49;51.0714;50.4641;-0.696392;0.677147
13.2;50;52.1053;51.505;-0.726475;0.707618
13.4;5;4.7043;4.6607;-0.761874;0.741092
13.4;6;5.7774;5.7007;-0.795848;0.77418
13.4;7;6.855;6.7408;-0.833081;0.810097
13.4;8;7.9357;7.7809;-0.871715;0.847497
13.4;9;9.0181;8.8211;-0.913057;0.887846
13.4;10;10.101;9.8613;-0.95757;0.930435
13.4;11;11.1836;10.9015;-1.00678;0.977336
13.4;12;12.2649;11.9417;-1.05978;1.02694
13.4;13;13.3444;12.982;-1.11368;1.0782
13.4;14;14.4217;14.0222;-1.17105;1.13306
13.4;15;15.4965;15.0625;-1.23248;1.19157
13.4;16;16.5687;16.1027;-1.29866;1.25431
13.4;17;17.6383;17.143;-1.46799;1.43565
13.4;18;18.7052;18.1833;-1.55823;1.51178
13.4;19;19.7694;19.2235;-1.64988;1.58922
13.4;20;20.8312;20.2638;-1.74645;1.68187
13.4;21;21.8907;21.3041;-1.84497;1.76914
13.4;22;22.9478;22.3444;-1.94347;1.86128
13.4;23;24.0029;23.3847;-2.05523;1.96323
13.4;24;25.056;24.425;-2.176;2.0761
13.4;25;26.1073;25.4653;-2.29575;2.1866
13.4;26;27.1569;26.5056;-2.54209;2.40814
13.4;27;28.2049;27.5458;-2.68375;2.53995
13.4;28;29.2515;28.5861;-2.83344;2.67168
13.4;29;30.2968;29.6264;-2.99189;2.81414
13.4;30;31.3408;30.6667;-3.16054;2.9626
13.4;31;32.3838;31.707;-3.43043;3.21184
13.4;32;33.4257;32.7473;-3.61404;3.36606
13.4;33;34.4667;33.7876;-3.79883;3.52785
13.4;34;35.5068;34.8279;-4.06341;3.76463
13.4;35;36.5461;35.8682;-4.25636;3.93816
13.4;36;37.5847;36.9085;-4.50143;4.15442
13.4;37;38.6226;37.9488;-4.67264;4.30891
13.4;38;39.66;38.9891;-4.86562;4.48956
13.4;39;40.6968;40.0294;-5.0107;4.63639
13.4;40;41.7331;41.0697;-5.03135;4.70875
13.4;41;42.769;42.11;-5.03214;4.78358
13.4;42;43.8045;43.1503;-4.84236;4.75075
13.4;43;44.8396;44.1906;-4.47067;4.64488
13.4;44;45.8744;45.2309;-3.79387;4.42914
13.4;45;46.9089;46.2712;-0.505141;0.489953
13.4;46;47.9431;47.3115;-0.654831;0.636547
13.4;47;48.9771;48.3518;-0.704602;0.686664
13.4;48;50.0109;49.3921;-0.7356;0.716675
13.4;49;51.0445;50.4324;-0.771311;0.750497
13.4;50;52.0779;51.4727;-0.805606;0.783736
13.6;5;4.7003;4.6582;-0.842722;0.820462
13.6;6;5.7718;5.6976;-0.881935;0.858043
13.6;7;6.8479;6.737;-0.923648;0.89813
13.6;8;7.9272;7.7765;-0.968305;0.940908
13.6;9;9.0082;8.816;-1.01767;0.988247
13.6;10;10.0898;9.8556;-1.0711;1.03782
13.6;11;11.1711;10.8952;-1.12464;1.08905
13.6;12;12.2514;11.9347;-1.18246;1.14414
13.6;13;13.33;12.9743;-1.24408;1.20289
13.6;14;14.4065;14.0139;-1.30958;1.26589
13.6;15;15.4806;15.0536;-1.47983;1.4473
13.6;16;16.5523;16.0932;-1.5697;1.52314
13.6;17;17.6213;17.1328;-1.66158;1.60026
13.6;18;18.6878;18.1724;-1.75772;1.69258
13.6;19;19.7517;19.2121;-1.85542;1.77949
13.6;20;20.8132;20.2517;-1.95376;1.87124
13.6;21;21.8723;21.2914;-2.06459;1.97244
13.6;22;22.9293;22.331;-2.18474;2.08416
13.6;23;23.9841;23.3707;-2.30339;2.19413
13.6;24;25.037;24.4103;-2.54822;2.41406
13.6;25;26.0881;25.45;-2.68808;2.54482
13.6;26;27.1375;26.4896;-2.83625;2.67457
13.6;27;28.1853;27.5293;-2.992;2.8153
13.6;28;29.2317;28.5689;-3.15817;2.96142
13.6;29;30.2768;29.6086;-3.4242;3.20578
13.6;30;31.3206;30.6482;-3.60456;3.35898
13.6;31;32.3633;31.6879;-3.79017;3.52543
13.6;32;33.405;32.7276;-4.04391;3.75014
13.6;33;34.4457;33.7672;-4.22949;3.91827
13.6;34;35.4856;34.8069;-4.46838;4.12905
13.6;35;36.5247;35.8465;-4.63225;4.27777
13.6;36;37.563;36.8862;-4.81642;4.45466
13.6;37;38.6007;37.9258;-4.95077;4.59045
13.6;38;39.6378;38.9655;-4.96056;4.65557
13.6;39;40.6743;40.0052;-4.95308;4.72346
13.6;40;41.7103;41.0448;-4.7526;4.68271
13.6;41;42.7459;42.0845;-4.3739;4.57289
13.6;42;43.781;43.1241;-3.69392;4.35628
13.6;43;44.8158;44.1638;-0.51266;0.497764
13.6;44;45.8502;45.2035;-0.560446;0.552236
13.6;45;46.8843;46.2431;-0.713299;0.695513
13.6;46;47.9181;47.2828;-0.744738;0.725715
13.6;47;48.9517;48.3224;-0.777208;0.758083
13.6;48;49.9851;49.3621;-0.812791;0.79234
13.6;49;51.0183;50.4018;-0.852633;0.830348
13.6;50;52.0513;51.4414;-0.891894;0.868164
13.8;5;4.6963;4.6558;-0.933899;0.908496
13.8;6;5.7665;5.6945;-0.978866;0.951532
13.8;7;6.8411;6.7333;-1.02856;0.998669
13.8;8;7.9189;7.7722;-1.08182;1.04852
13.8;9;8.9985;8.8111;-1.13571;1.10004
13.8;10;10.0789;9.8501;-1.19362;1.15518
13.8;11;11.1591;10.889;-1.24164;1.21874
13.8;12;12.2383;11.928;-1.32066;1.27675
13.8;13;13.316;12.967;-1.49114;1.45857
13.8;14;14.3917;14.0059;-1.58113;1.53418
13.8;15;15.4652;15.0449;-1.6725;1.61107
13.8;16;16.5362;16.0839;-1.76842;1.70314
13.8;17;17.6048;17.123;-1.86588;1.78946
13.8;18;18.6708;18.162;-1.96358;1.88058
13.8;19;19.7344;19.201;-2.07335;1.9811
13.8;20;20.7955;20.24;-2.19274;2.0921
13.8;21;21.8544;21.279;-2.31014;2.20092
13.8;22;22.9111;22.3181;-2.55371;2.41968
13.8;23;23.9657;23.3571;-2.69206;2.54909
13.8;24;25.0184;24.3961;-2.83758;2.67779
13.8;25;26.0692;25.4352;-2.99192;2.81563
13.8;26;27.1184;26.4742;-3.15489;2.95948
13.8;27;28.1661;27.5132;-3.4157;3.20285
13.8;28;29.2123;28.5523;-3.59127;3.34885
13.8;29;30.2571;29.5913;-3.78308;3.51677
13.8;30;31.3008;30.6303;-4.02448;3.73366
13.8;31;32.3433;31.6694;-4.20322;3.89822
13.8;32;33.3848;32.7084;-4.43576;4.10304
13.8;33;34.4253;33.7474;-4.59118;4.24614
13.8;34;35.4649;34.7865;-4.76524;4.412
13.8;35;36.5038;35.8255;-4.89158;4.54519
13.8;36;37.5419;36.8646;-4.89149;4.6034
13.8;37;38.5793;37.9036;-4.87149;4.66275
13.8;38;39.6161;38.9426;-4.66266;4.61662
13.8;39;40.6523;39.9817;-4.27645;4.49831
13.8;40;41.688;41.0207;-3.59476;4.28556
13.8;41;42.7233;42.0598;-0.520251;0.505316
13.8;42;43.7581;43.0988;-0.671558;0.653246
13.8;43;44.7925;44.1378;-0.722162;0.704201
13.8;44;45.8266;45.1769;-0.753773;0.73485
13.8;45;46.8604;46.2159;-0.789695;0.769548
13.8;46;47.8939;47.255;-0.824877;0.802852
13.8;47;48.9271;48.294;-0.862468;0.840082
13.8;48;49.9601;49.333;-0.901945;0.877968
13.8;49;50.9929;50.3721;-0.944177;0.918601
13.8;50;52.0255;51.4111;-0.989137;0.961722
14;5;4.6925;4.6534;-1.03908;1.00919
14;6;5.7613;5.6915;-1.0926;1.05913
14;7;6.8346;6.7298;-1.14677;1.11051
14;8;7.9109;7.7681;-1.2047;1.16575
14;9;8.9892;8.8064;-1.26616;1.2244
14;10;10.0683;9.8447;-1.33208;1.28701
14;11;11.1473;10.8831;-1.5024;1.4693
14;12;12.2255;11.9214;-1.59211;1.54504
14;13;13.3023;12.9598;-1.68416;1.62175
14;14;14.3772;13.9982;-1.773;1.70722
14;15;15.45;15.0366;-1.87623;1.79947
14;16;16.5205;16.075;-1.97758;1.89398
14;17;17.5886;17.1134;-2.07948;1.98864
14;18;18.6542;18.1518;-2.20027;2.09967
14;19;19.7174;19.1902;-2.31669;2.20705
14;20;20.7782;20.2287;-2.55844;2.42435
14;21;21.8368;21.2671;-2.69555;2.55248
14;22;22.8932;22.3055;-2.83923;2.67978
14;23;23.9476;23.3439;-2.99152;2.81609
14;24;25.0001;24.3824;-3.15166;2.95736
14;25;26.0508;25.4208;-3.4105;3.19606
14;26;27.0998;26.4592;-3.58374;3.34277
14;27;28.1472;27.4977;-3.76058;3.50251
14;28;29.1933;28.5361;-4.00362;3.71922
14;29;30.2379;29.5745;-4.17745;3.87752
14;30;31.2814;30.613;-4.40263;4.07906
14;31;32.3237;31.6514;-4.55021;4.21412
14;32;33.365;32.6898;-4.71876;4.37881
14;33;34.4053;33.7283;-4.82547;4.50479
14;34;35.4447;34.7667;-4.8228;4.55055
14;35;36.4833;35.8051;-4.79272;4.60257
14;36;37.5212;36.8436;-4.57557;4.55146
14;37;38.5584;37.882;-4.1837;4.4331
14;38;39.5949;38.9205;-3.5007;4.21395
14;39;40.6309;39.9589;-0.528006;0.512905
14;40;41.6663;40.9973;-0.576466;0.56848
14;41;42.7013;42.0358;-0.730873;0.713029
14;42;43.7358;43.0742;-0.762808;0.743776
14;43;44.7699;44.1127;-0.798854;0.778786
14;44;45.8037;45.1511;-0.831926;0.811355
14;45;46.8371;46.1895;-0.872347;0.849766
14;46;47.8702;47.228;-0.911977;0.887781
14;47;48.9031;48.2664;-0.954371;0.928549
14;48;49.9357;49.3049;-0.999502;0.971811
14;49;50.9682;50.3433;-1.04963;1.01943
14;50;52.0004;51.3817;-1.10308;1.06929
14.2;5;4.6889;4.6511;-1.15745;1.12107
14.2;6;5.7563;5.6887;-1.21531;1.17623
14.2;7;6.8282;6.7263;-1.26296;1.23982
14.2;8;7.9032;7.764;-1.33544;1.29813
14.2;9;8.9802;8.8018;-1.51318;1.48014
14.2;10;10.058;9.8395;-1.60284;1.55522
14.2;11;11.1359;10.8773;-1.69449;1.63183
14.2;12;12.2131;11.9151;-1.78289;1.71687
14.2;13;13.289;12.9529;-1.88565;1.80868
14.2;14;14.3632;13.9907;-1.98649;1.90238
14.2;15;15.4353;15.0285;-2.08744;1.99651
14.2;16;16.5052;16.0663;-2.20722;2.10627
14.2;17;17.5728;17.1041;-2.32251;2.21301
14.2;18;18.6379;18.142;-2.56271;2.42892
14.2;19;19.7008;19.1798;-2.69845;2.55588
14.2;20;20.7613;20.2176;-2.84013;2.68106
14.2;21;21.8196;21.2555;-2.98967;2.81549
14.2;22;22.8758;22.2933;-3.14729;2.95423
14.2;23;23.9299;23.3312;-3.40335;3.19071
14.2;24;24.9822;24.369;-3.57094;3.33134
14.2;25;26.0327;25.4069;-3.73811;3.48589
14.2;26;27.0815;26.4447;-3.984;3.70132
14.2;27;28.1288;27.4826;-4.15056;3.85687
14.2;28;29.1746;28.5204;-4.36889;4.05273
14.2;29;30.2191;29.5583;-4.50922;4.1825
14.2;30;31.2624;30.5961;-4.66618;4.33579
14.2;31;32.3045;31.634;-4.76741;4.46041
14.2;32;33.3456;32.6718;-4.75438;4.49893
14.2;33;34.3857;33.7097;-4.71529;4.54704
14.2;34;35.4249;34.7475;-4.4912;4.48734
14.2;35;36.4633;35.7854;-4.0937;4.36156
14.2;36;37.501;36.8233;-3.40721;4.14784
14.2;37;38.5379;37.8611;-0.53582;0.52082
14.2;38;39.5742;38.899;-0.689139;0.669313
14.2;39;40.6099;39.9368;-0.740162;0.720906
14.2;40;41.6451;40.9747;-0.771739;0.752594
14.2;41;42.6798;42.0125;-0.808506;0.787344
14.2;42;43.714;43.0504;-0.843896;0.821758
14.2;43;44.7478;44.0882;-0.882167;0.85885
14.2;44;45.7813;45.1261;-0.921887;0.897257
14.2;45;46.8144;46.164;-0.964619;0.93821
14.2;46;47.8472;47.2018;-1.00961;0.981666
14.2;47;48.8798;48.2397;-1.05985;1.02949
14.2;48;49.912;49.2775;-1.11368;1.07956
14.2;49;50.9441;50.3154;-1.16763;1.13132
14.2;50;51.976;51.3532;-1.22617;1.18568
14.4;5;4.6854;4.6488;-1.28713;1.24499
14.4;6;5.7515;5.6859;-1.35281;1.30721
14.4;7;6.822;6.723;-1.5237;1.49035
14.4;8;7.8957;7.7601;-1.6132;1.5654
14.4;9;8.9714;8.7973;-1.70468;1.64138
14.4;10;10.0481;9.8345;-1.79255;1.72607
14.4;11;11.1249;10.8717;-1.89475;1.81749
14.4;12;12.2011;11.9089;-1.99497;1.91046
14.4;13;13.2761;12.9461;-2.09485;2.00378
14.4;14;14.3494;13.9834;-2.21348;2.11269
14.4;15;15.4209;15.0206;-2.32793;2.21851
14.4;16;16.4902;16.0579;-2.56687;2.43274
14.4;17;17.5573;17.0951;-2.70065;2.55859
14.4;18;18.622;18.1324;-2.84015;2.68214
14.4;19;19.6845;19.1697;-2.98779;2.81435
14.4;20;20.7447;20.207;-3.14274;2.95111
14.4;21;21.8027;21.2442;-3.3953;3.18595
14.4;22;22.8586;22.2815;-3.56067;3.32467
14.4;23;23.9126;23.3188;-3.73568;3.48131
14.4;24;24.9646;24.3561;-3.96272;3.68452
14.4;25;26.0149;25.3934;-4.1247;3.82976
14.4;26;27.0636;26.4306;-4.33524;4.0267
14.4;27;28.1107;27.4679;-4.46812;4.15068
14.4;28;29.1563;28.5052;-4.61712;4.29871
14.4;29;30.2007;29.5425;-4.70868;4.41538
14.4;30;31.2438;30.5798;-4.68734;4.44772
14.4;31;32.2857;31.6171;-4.6391;4.48822
14.4;32;33.3266;32.6544;-4.40632;4.42434
14.4;33;34.3665;33.6917;-4.0045;4.29831
14.4;34;35.4056;34.7289;-3.31859;4.07948
14.4;35;36.4438;35.7662;-0.543198;0.5282
14.4;36;37.4812;36.8035;-0.696616;0.678108
14.4;37;38.5179;37.8408;-0.748262;0.730308
14.4;38;39.554;38.8781;-0.780681;0.761396
14.4;39;40.5894;39.9154;-0.817241;0.796973
14.4;40;41.6244;40.9527;-0.853083;0.830978
14.4;41;42.6588;41.99;-0.891368;0.86851
14.4;42;43.6928;43.0273;-0.93134;0.907155
14.4;43;44.7263;44.0646;-0.974096;0.948131
14.4;44;45.7595;45.1019;-1.01961;0.991611
14.4;45;46.7923;46.1391;-1.06989;1.03946
14.4;46;47.8248;47.1764;-1.12377;1.08956
14.4;47;48.857;48.2137;-1.17777;1.1411
14.4;48;49.889;49.251;-1.2358;1.19626
14.4;49;50.9207;50.2883;-1.29737;1.25481
14.4;50;51.9522;51.3256;-1.3628;1.31706
14.6;5;4.6819;4.6467;-1.53386;1.50031
14.6;6;5.7469;5.6832;-1.62311;1.5751
14.6;7;6.8161;6.7197;-1.71432;1.65081
14.6;8;7.8885;7.7563;-1.80154;1.73521
14.6;9;8.9629;8.7929;-1.90341;1.82569
14.6;10;10.0384;9.8296;-2.0029;1.9183
14.6;11;11.1141;10.8662;-2.10198;2.01056
14.6;12;12.1893;11.9029;-2.21975;2.11904
14.6;13;13.2634;12.9396;-2.33241;2.22329
14.6;14;14.3361;13.9763;-2.57038;2.43666
14.6;15;15.4068;15.013;-2.7025;2.5607
14.6;16;16.4756;16.0497;-2.84018;2.68227
14.6;17;17.5421;17.0864;-2.98528;2.8132
14.6;18;18.6065;18.1231;-3.13739;2.94717
14.6;19;19.6686;19.1599;-3.38624;3.1776
14.6;20;20.7284;20.1966;-3.54856;3.31532
14.6;21;21.7862;21.2333;-3.71295;3.46503
14.6;22;22.8418;22.27;-3.93969;3.66837
14.6;23;23.8956;23.3068;-4.09751;3.81365
14.6;24;24.9474;24.3435;-4.30158;3.99979
14.6;25;25.9975;25.3802;-4.42767;4.11876
14.6;26;27.046;26.417;-4.56856;4.2632
14.6;27;28.0929;27.4537;-4.65134;4.37062
14.6;28;29.1384;28.4904;-4.62157;4.39702
14.6;29;30.1826;29.5272;-4.56404;4.42919
14.6;30;31.2255;30.5639;-4.32552;4.36257
14.6;31;32.2673;31.6007;-3.91785;4.23287
14.6;32;33.308;32.6374;-3.23032;4.01367
14.6;33;34.3478;33.6741;-0.551043;0.53609
14.6;34;35.3866;34.7109;-0.70493;0.686297
14.6;35;36.4246;35.7476;-0.757586;0.738144
14.6;36;37.4618;36.7844;-0.789328;0.770271
14.6;37;38.4983;37.8211;-0.826715;0.805273
14.6;38;39.5342;38.8579;-0.8623;0.839949
14.6;39;40.5694;39.8946;-0.901007;0.877532
14.6;40;41.6041;40.9313;-0.941186;0.916231
14.6;41;42.6383;41.9681;-0.983917;0.957718
14.6;42;43.672;43.0048;-1.0294;1.00127
14.6;43;44.7053;44.0416;-1.07966;1.04919
14.6;44;45.7382;45.0783;-1.13351;1.09913
14.6;45;46.7707;46.1151;-1.18776;1.151
14.6;46;47.8029;47.1518;-1.24577;1.20598
14.6;47;48.8348;48.1885;-1.30702;1.26436
14.6;48;49.8665;49.2253;-1.37272;1.32642
14.6;49;50.8979;50.262;-1.54385;1.50981
14.6;50;51.929;51.2988;-1.63278;1.58441
14.8;5;4.6787;4.6446;-1.72231;1.66109
14.8;6;5.7424;5.6805;-1.81625;1.74929
14.8;7;6.8103;6.7166;-1.91297;1.83526
14.8;8;7.8814;7.7526;-2.00541;1.92106
14.8;9;8.9547;8.7887;-2.11142;2.01794
14.8;10;10.029;9.8248;-2.22554;2.12433
14.8;11;11.1036;10.8609;-2.33712;2.22778
14.8;12;12.1779;11.8971;-2.57314;2.43961
14.8;13;13.2512;12.9332;-2.70346;2.56229
14.8;14;14.323;13.9694;-2.84108;2.68155
14.8;15;15.3931;15.0056;-2.98253;2.81254
14.8;16;16.4613;16.0418;-3.13166;2.94295
14.8;17;17.5273;17.0779;-3.37779;3.17239
14.8;18;18.5912;18.1141;-3.53512;3.3054
14.8;19;19.6529;19.1503;-3.69579;3.44771
14.8;20;20.7125;20.1865;-3.91829;3.65182
14.8;21;21.77;21.2227;-4.0689;3.79187
14.8;22;22.8254;22.2589;-4.26782;3.97784
14.8;23;23.8789;23.2951;-4.38603;4.08612
14.8;24;24.9305;24.3313;-4.51943;4.22559
14.8;25;25.9804;25.3675;-4.5942;4.32127
14.8;26;27.0287;26.4037;-4.55577;4.34692
14.8;27;28.0755;27.4399;-4.49001;4.3731
14.8;28;29.1208;28.4761;-4.24401;4.30098
14.8;29;30.1648;29.5123;-3.83363;4.16931
14.8;30;31.2076;30.5485;-3.1445;3.95367
14.8;31;32.2492;31.5847;-0.557471;0.543617
14.8;32;33.2898;32.6209;-0.713379;0.693769
14.8;33;34.3293;33.6572;-0.765536;0.747282
14.8;34;35.368;34.6934;-0.798233;0.779099
14.8;35;36.4058;35.7296;-0.835089;0.814611
14.8;36;37.4428;36.7658;-0.871012;0.849392
14.8;37;38.4791;37.802;-0.910074;0.88687
14.8;38;39.5148;38.8382;-0.95039;0.925679
14.8;39;40.5498;39.8744;-0.993509;0.967055
14.8;40;41.5843;40.9106;-1.03916;1.01072
14.8;41;42.6182;41.9468;-1.08831;1.05805
14.8;42;43.6517;42.983;-1.12732;1.11423
14.8;43;44.6847;44.0192;-1.18235;1.16562
14.8;44;45.7174;45.0555;-1.24399;1.21804
14.8;45;46.7496;46.0917;-1.3163;1.27423
14.8;46;47.7815;47.1279;-1.38188;1.3359
14.8;47;48.8132;48.1641;-1.5533;1.51923
14.8;48;49.8445;49.2003;-1.64211;1.5934
14.8;49;50.8756;50.2365;-1.73153;1.66962
14.8;50;51.9065;51.2727;-1.82466;1.75765
15;5;4.6755;4.6425;-1.92049;1.84278
15;6;5.738;5.678;-2.01234;1.92803
15;7;6.8047;6.7135;-2.11772;2.02398
15;8;7.8746;7.749;-2.23074;2.12971
15;9;8.9467;8.7846;-2.34112;2.23172
15;10;10.0199;9.8202;-2.57549;2.44243
15;11;11.0935;10.8558;-2.70435;2.56345
15;12;12.1668;11.8914;-2.83985;2.68088
15;13;13.2392;12.9271;-2.97896;2.81031
15;14;14.3103;13.9627;-3.12546;2.93853
15;15;15.3797;14.9984;-3.36814;3.16326
15;16;16.4473;16.034;-3.52027;3.29647
15;17;17.5128;17.0697;-3.67827;3.43741
15;18;18.5763;18.1054;-3.89564;3.63382
15;19;19.6376;19.141;-4.04254;3.76447
15;20;20.6969;20.1767;-4.23223;3.94231
15;21;21.754;21.2124;-4.3493;4.05008
15;22;22.8092;22.2481;-4.47062;4.18446
15;23;23.8625;23.2838;-4.53827;4.27728
15;24;24.9139;24.3194;-4.49106;4.2975
15;25;25.9637;25.3551;-4.4183;4.31901
15;26;27.0118;26.3908;-4.1664;4.24079
15;27;28.0584;27.4265;-3.74993;4.10637
15;28;29.1036;28.4622;-3.06326;3.8901
15;29;30.1474;29.4979;-0.565992;0.551053
15;30;31.19;30.5336;-0.614828;0.607198
15;31;32.2315;31.5693;-0.773911;0.755812
15;32;33.2719;32.6049;-0.806884;0.787554
15;33;34.3113;33.6406;-0.840956;0.821325
15;34;35.3498;34.6763;-0.878006;0.856837
15;35;36.3874;35.712;-0.919176;0.895949
15;36;37.4242;36.7477;-0.959578;0.934912
15;37;38.4604;37.7834;-1.00279;0.976221
15;38;39.4958;38.8191;-1.04853;1.02005
15;39;40.5306;39.8548;-1.09906;1.06779
15;40;41.5649;40.8905;-1.15295;1.11803
15;41;42.5986;41.9262;-1.20722;1.16971
15;42;43.6318;42.9619;-1.26497;1.22475
15;43;44.6646;43.9976;-1.31186;1.28797
15;44;45.697;45.0333;-1.39108;1.34504
15;45;46.729;46.0689;-1.56272;1.52836
15;46;47.7607;47.1046;-1.65104;1.60215
15;47;48.792;48.1403;-1.73991;1.67797
15;48;49.8231;49.176;-1.8328;1.76527
15;49;50.8539;50.2117;-1.92803;1.84994
15;50;51.8845;51.2474;-2.0192;1.93435
15.2;5;4.6724;4.6405;-2.12347;2.02975
15.2;6;5.7338;5.6755;-2.23529;2.13419
15.2;7;6.7993;6.7105;-2.34434;2.23553
15.2;8;7.868;7.7455;-2.5778;2.44484
15.2;9;8.9389;8.7806;-2.70461;2.56425
15.2;10;10.011;9.8157;-2.83835;2.67992
15.2;11;11.0836;10.8508;-2.97499;2.80743
15.2;12;12.1559;11.886;-3.11872;2.93308
15.2;13;13.2275;12.9211;-3.35491;3.15554
15.2;14;14.2978;13.9562;-3.50574;3.28159
15.2;15;15.3666;14.9914;-3.6551;3.41454
15.2;16;16.4336;16.0265;-3.87305;3.61615
15.2;17;17.4987;17.0617;-4.01307;3.74775
15.2;18;18.5617;18.0969;-4.19799;3.91513
15.2;19;19.6227;19.132;-4.30853;4.01833
15.2;20;20.6816;20.1672;-4.42204;4.14587
15.2;21;21.7384;21.2024;-4.48129;4.23378
15.2;22;22.7934;22.2376;-4.42735;4.24794
15.2;23;23.8464;23.2727;-4.34608;4.26398
15.2;24;24.8977;24.3079;-4.08945;4.18208
15.2;25;25.9472;25.3431;-3.67031;4.04547
15.2;26;26.9952;26.3783;-2.98208;3.82775
15.2;27;28.0416;27.4135;-0.572932;0.559048
15.2;28;29.0866;28.4487;-0.730356;0.709994
15.2;29;30.1303;29.4838;-0.782423;0.76401
15.2;30;31.1728;30.519;-0.815414;0.796119
15.2;31;32.2141;31.5542;-0.852802;0.832145
15.2;32;33.2543;32.5894;-0.889053;0.867036
15.2;33;34.2936;33.6246;-0.928232;0.904847
15.2;34;35.3319;34.6598;-0.968905;0.943782
15.2;35;36.3693;35.695;-1.01216;0.985291
15.2;36;37.406;36.7302;-1.05795;1.0291
15.2;37;38.442;37.7653;-1.10725;1.07634
15.2;38;39.4772;38.8005;-1.14534;1.13316
15.2;39;40.5118;39.8357;-1.20079;1.18396
15.2;40;41.5459;40.8709;-1.27405;1.23369
15.2;41;42.5794;41.9061;-1.33479;1.2921
15.2;42;43.6124;42.9413;-1.39995;1.35365
15.2;43;44.645;43.9765;-1.57172;1.53699
15.2;44;45.6771;45.0117;-1.65978;1.61045
15.2;45;46.7089;46.0469;-1.74837;1.68413
15.2;46;47.7403;47.0821;-1.8348;1.76699
15.2;47;48.7714;48.1172;-1.93371;1.85552
15.2;48;49.8022;49.1524;-2.03033;1.94504
15.2;49;50.8327;50.1876;-2.12743;2.03501
15.2;50;51.863;51.2228;-2.23307;2.13432
15.4;5;4.6694;4.6386;-2.34753;2.23894
15.4;6;5.7297;5.6731;-2.57953;2.44918
15.4;7;6.7941;6.7076;-2.70464;2.56476
15.4;8;7.8616;7.7422;-2.83504;2.68082
15.4;9;8.9314;8.7767;-2.97103;2.80138
15.4;10;10.0024;9.8114;-3.11189;2.92759
15.4;11;11.074;10.846;-3.34776;3.14738
15.4;12;12.1454;11.8806;-3.4945;3.27239
15.4;13;13.2161;12.9153;-3.64311;3.40897
15.4;14;14.2857;13.9499;-3.85114;3.59604
15.4;15;15.3538;14.9846;-3.98568;3.72556
15.4;16;16.4202;16.0192;-4.16503;3.89123
15.4;17;17.4848;17.0539;-4.26364;3.99026
15.4;18;18.5474;18.0886;-4.37459;4.10842
15.4;19;19.608;19.1233;-4.42535;4.19417
15.4;20;20.6665;20.158;-4.36456;4.1992
15.4;21;21.7231;21.1926;-4.27601;4.21111
15.4;22;22.7778;22.2273;-4.01311;4.12494
15.4;23;23.8306;23.262;-3.59104;3.98403
15.4;24;24.8817;24.2967;-2.9031;3.7715
15.4;25;25.9311;25.3314;-0.581214;0.56595
15.4;26;26.9788;26.3661;-0.630042;0.622454
15.4;27;28.0251;27.4008;-0.790786;0.772344
15.4;28;29.07;28.4355;-0.823963;0.804253
15.4;29;30.1135;29.4702;-0.861328;0.840488
15.4;30;31.1558;30.5049;-0.895524;0.874319
15.4;31;32.197;31.5396;-0.937166;0.913634
15.4;32;33.2371;32.5743;-0.977822;0.952584
15.4;33;34.2762;33.609;-1.02106;0.994109
15.4;34;35.3143;34.6437;-1.06683;1.03793
15.4;35;36.3516;35.6784;-1.11739;1.08591
15.4;36;37.3881;36.7131;-1.17158;1.13614
15.4;37;38.4239;37.7478;-1.22562;1.18757
15.4;38;39.459;38.7825;-1.28313;1.24235
15.4;39;40.4934;39.8172;-1.32974;1.30556
15.4;40;41.5273;40.8519;-1.40127;1.36261
15.4;41;42.5606;41.8866;-1.58023;1.54548
15.4;42;43.5934;42.9213;-1.66795;1.61837
15.4;43;44.6258;43.956;-1.75616;1.69174
15.4;44;45.6577;44.9907;-1.84184;1.77397
15.4;45;46.6892;46.0254;-1.94066;1.86183
15.4;46;47.7204;47.0601;-2.03606;1.95095
15.4;47;48.7512;48.0948;-2.13222;2.03981
15.4;48;49.7818;49.1295;-2.23724;2.13828
15.4;49;50.812;50.1642;-2.35018;2.24163
15.4;50;51.842;51.1989;-2.58061;2.45057
15.6;5;4.6665;4.6367;-2.70389;2.56466
15.6;6;5.7257;5.6707;-2.83227;2.67909
15.6;7;6.789;6.7048;-2.96652;2.79787
15.6;8;7.8554;7.7389;-3.10435;2.92211
15.6;9;8.9241;8.773;-3.3363;3.1379
15.6;10;9.994;9.8071;-3.47977;3.25887
15.6;11;11.0646;10.8413;-3.62531;3.39521
15.6;12;12.1351;11.8754;-3.82635;3.57809
15.6;13;13.205;12.9096;-3.95954;3.69856
15.6;14;14.2738;13.9438;-4.12999;3.8636
15.6;15;15.3413;14.978;-4.22343;3.95761
15.6;16;16.4072;16.0122;-4.32624;4.07066
15.6;17;17.4712;17.0464;-4.37036;4.1511
15.6;18;18.5334;18.0806;-4.30261;4.15138
15.6;19;19.5936;19.1148;-4.20799;4.15743
15.6;20;20.6518;20.149;-3.93884;4.06713
15.6;21;21.7081;21.1832;-3.51386;3.92612
15.6;22;22.7625;22.2174;-2.82622;3.71186
15.6;23;23.8151;23.2516;-0.588565;0.573361
15.6;24;24.866;24.2858;-0.745487;0.726404
15.6;25;25.9152;25.32;-0.799558;0.779688
15.6;26;26.9628;26.3543;-0.832243;0.812637
15.6;27;28.0089;27.3885;-0.870415;0.848502
15.6;28;29.0536;28.4227;-0.906807;0.88386
15.6;29;30.097;29.4569;-0.946136;0.921944
15.6;30;31.1392;30.4911;-0.986967;0.96094
15.6;31;32.1802;31.5254;-1.03014;1.00274
15.6;32;33.2201;32.5596;-1.07585;1.04662
15.6;33;34.2591;33.5938;-1.12635;1.09466
15.6;34;35.2971;34.628;-1.18047;1.14471
15.6;35;36.3343;35.6623;-1.23443;1.1962
15.6;36;37.3706;36.6965;-1.29243;1.25027
15.6;37;38.4062;37.7307;-1.35252;1.30874
15.6;38;39.4411;38.7649;-1.41727;1.3698
15.6;39;40.4754;39.7992;-1.58849;1.55361
15.6;40;41.5091;40.8334;-1.67611;1.62626
15.6;41;42.5422;41.8676;-1.76355;1.69908
15.6;42;43.5748;42.9018;-1.84907;1.78104
15.6;43;44.6069;43.9361;-1.94702;1.86797
15.6;44;45.6387;44.9703;-2.04185;1.9561
15.6;45;46.67;46.0045;-2.137;2.04456
15.6;46;47.7009;47.0387;-2.24051;2.14191
15.6;47;48.7315;48.073;-2.35265;2.24405
15.6;48;49.7618;49.1072;-2.58141;2.45174
15.6;49;50.7918;50.1414;-2.70275;2.56441
15.6;50;51.8215;51.1756;-2.82947;2.67687
15.8;5;4.6637;4.6349;-2.96085;2.79392
15.8;6;5.7219;5.6684;-3.09657;2.91581
15.8;7;6.7841;6.702;-3.32561;3.13099
15.8;8;7.8494;7.7356;-3.46574;3.24917
15.8;9;8.9169;8.7693;-3.61203;3.38239
15.8;10;9.9859;9.803;-3.80348;3.56011
15.8;11;11.0555;10.8367;-3.93007;3.68007
15.8;12;12.1251;11.8704;-4.09608;3.83616
15.8;13;13.1941;12.9041;-4.18338;3.92599
15.8;14;14.2623;13.9378;-4.27983;4.03719
15.8;15;15.3291;14.9715;-4.31518;4.10875
15.8;16;16.3944;16.0053;-4.24143;4.10362
15.8;17;17.4579;17.039;-4.13924;4.10504
15.8;18;18.5196;18.0727;-3.86657;4.01103
15.8;19;19.5795;19.1065;-3.43869;3.86915
15.8;20;20.6374;20.1402;-2.75137;3.65528
15.8;21;21.6934;21.174;-0.596519;0.581156
15.8;22;22.7476;22.2077;-0.644973;0.63739
15.8;23;23.7999;23.2415;-0.806989;0.7885
15.8;24;24.8506;24.2752;-0.840615;0.820725
15.8;25;25.8996;25.309;-0.875149;0.855002
15.8;26;26.947;26.3427;-0.912689;0.891255
15.8;27;27.993;27.3765;-0.954612;0.930711
15.8;28;29.0375;28.4102;-0.995321;0.969807
15.8;29;30.0808;29.444;-1.03861;1.01126
15.8;30;31.1228;30.4778;-1.0847;1.05524
15.8;31;32.1637;31.5115;-1.13508;1.10313
15.8;32;33.2035;32.5453;-1.18907;1.15329
15.8;33;34.2423;33.579;-1.2429;1.20463
15.8;34;35.2802;34.6128;-1.30047;1.25906
15.8;35;36.3172;35.6466;-1.34654;1.32218
15.8;36;37.3534;36.6803;-1.42499;1.37802
15.8;37;38.3888;37.7141;-1.59673;1.56144
15.8;38;39.4236;38.7479;-1.68355;1.63362
15.8;39;40.4577;39.7816;-1.77112;1.70623
15.8;40;41.4912;40.8154;-1.86123;1.79321
15.8;41;42.5241;41.8491;-1.95202;1.87337
15.8;42;43.5566;42.8829;-2.04208;1.95691
15.8;43;44.5885;43.9167;-2.13976;2.04831
15.8;44;45.62;44.9504;-2.25044;2.14953
15.8;45;46.6511;45.9842;-2.35445;2.24625
15.8;46;47.6818;47.018;-2.58185;2.45085
15.8;47;48.7122;48.0517;-2.7016;2.56367
15.8;48;49.7423;49.0855;-2.82609;2.67463
15.8;49;50.772;50.1192;-2.95652;2.79047
15.8;50;51.8015;51.153;-3.08847;2.90921
16;5;4.661;4.6331;-3.31103;3.12001
16;6;5.7182;5.6662;-3.44807;3.23527
16;7;6.7793;6.6993;-3.58173;3.35561
16;8;7.8436;7.7325;-3.78037;3.54101
16;9;8.91;8.7657;-3.9017;3.65145
16;10;9.978;9.799;-4.0624;3.81416
16;11;11.0466;10.8322;-4.14254;3.89409
16;12;12.1153;11.8654;-4.23239;3.99599
16;13;13.1836;12.8987;-4.26296;4.06553
16;14;14.251;13.932;-4.18095;4.05598
16;15;15.3171;14.9653;-4.07377;4.05197
16;16;16.3818;15.9985;-3.79467;3.95672
16;17;17.4449;17.0318;-3.36547;3.81318
16;18;18.5062;18.0651;-2.68067;3.60344
16;19;19.5656;19.0984;-0.780677;0.638412
16;20;20.6232;20.1317;-0.761696;0.74099
16;21;21.6789;21.165;-0.811324;0.797446
16;22;22.7328;22.1983;-0.833504;0.815111
16;23;23.785;23.2316;-0.886701;0.865466
16;24;24.8354;24.2649;-0.923707;0.900398
16;25;25.8843;25.2982;-0.960905;0.937602
16;26;26.9315;26.3315;-1.00258;0.977462
16;27;27.9773;27.3648;-1.04738;1.01948
16;28;29.0218;28.3981;-1.0933;1.0636
16;29;30.0649;29.4314;-1.14376;1.11163
16;30;31.1068;30.4647;-1.19837;1.16071
16;31;32.1475;31.4981;-1.25149;1.21268
16;32;33.1872;32.5314;-1.30916;1.26647
16;33;34.2259;33.5647;-1.36889;1.32466
16;34;35.2636;34.598;-1.43267;1.3857
16;35;36.3005;35.6313;-1.60427;1.56904
16;36;37.3365;36.6646;-1.69116;1.64078
16;37;38.3718;37.6979;-1.77781;1.71323
16;38;39.4064;38.7312;-1.86762;1.79818
16;39;40.4403;39.7645;-1.95844;1.87937
16;40;41.4737;40.7979;-2.05185;1.96599
16;41;42.5064;41.8312;-2.14506;2.05283
16;42;43.5387;42.8645;-2.24648;2.14807
16;43;44.5704;43.8978;-2.35592;2.24794
16;44;45.6017;44.9311;-2.58186;2.45101
16;45;46.6326;45.9644;-2.69808;2.55773
16;46;47.6632;46.9977;-2.82206;2.67161
16;47;48.6933;48.031;-2.94988;2.78497
16;48;49.7231;49.0644;-3.07999;2.90235
16;49;50.7527;50.0977;-3.30168;3.11029
16;50;51.7819;51.131;-3.43096;3.2243
16.2;5;4.6583;4.6314;-3.56884;3.34965
16.2;6;5.7145;5.664;-3.75765;3.522
16.2;7;6.7747;6.6967;-3.87136;3.63391
16.2;8;7.8379;7.7295;-4.02645;3.78148
16.2;9;8.9033;8.7622;-4.10262;3.86127
16.2;10;9.9703;9.795;-4.1887;3.96376
16.2;11;11.0379;10.8278;-4.20719;4.02813
16.2;12;12.1058;11.8607;-4.12231;4.00945
16.2;13;13.1733;12.8935;-4.00742;4.00238
16.2;14;14.2399;13.9263;-3.72463;3.90192
16.2;15;15.3055;14.9591;-3.29229;3.75693
16.2;16;16.3696;15.992;-2.60967;3.55
16.2;17;17.4321;17.0248;-0.78738;0.645071
16.2;18;18.493;18.0577;-0.769581;0.748781
16.2;19;19.552;19.0905;-0.819238;0.805188
16.2;20;20.6093;20.1234;-0.841423;0.822986
16.2;21;21.6647;21.1563;-0.895313;0.87287
16.2;22;22.7184;22.1891;-0.9319;0.90858
16.2;23;23.7703;23.222;-0.969351;0.945726
16.2;24;24.8206;24.2549;-1.01106;0.985748
16.2;25;25.8692;25.2877;-1.05589;1.02771
16.2;26;26.9163;26.3206;-1.10159;1.07176
16.2;27;27.962;27.3535;-1.15209;1.11974
16.2;28;29.0062;28.3863;-1.20673;1.16875
16.2;29;30.0492;29.4192;-1.26015;1.22014
16.2;30;31.091;30.4521;-1.3173;1.27437
16.2;31;32.1316;31.4849;-1.37677;1.33221
16.2;32;33.1711;32.5178;-1.44027;1.39315
16.2;33;34.2097;33.5507;-1.61165;1.57618
16.2;34;35.2473;34.5836;-1.69792;1.64752
16.2;35;36.284;35.6164;-1.78456;1.71954
16.2;36;37.3199;36.6493;-1.87332;1.80405
16.2;37;38.3551;37.6822;-1.96372;1.88444
16.2;38;39.3895;38.715;-2.0563;1.97053
16.2;39;40.4233;39.7479;-2.14861;2.05611
16.2;40;41.4565;40.7808;-2.24905;2.15071
16.2;41;42.4891;41.8137;-2.357;2.24953
16.2;42;43.5211;42.8465;-2.58139;2.45113
16.2;43;44.5527;43.8794;-2.69581;2.55619
16.2;44;45.5838;44.9123;-2.81829;2.66868
16.2;45;46.6146;45.9452;-2.94342;2.77965
16.2;46;47.6449;46.978;-3.07052;2.89485
16.2;47;48.6748;48.0109;-3.28946;3.10045
16.2;48;49.7044;49.0438;-3.41985;3.21127
16.2;49;50.7338;50.0767;-3.54986;3.33413
16.2;50;51.7628;51.1095;-3.73246;3.50257
16.4;5;4.6558;4.6297;-3.84276;3.61057
16.4;6;5.711;5.6619;-3.99304;3.75371
16.4;7;6.7702;6.6942;-4.06266;3.82686
16.4;8;7.8324;7.7265;-4.13898;3.92464
16.4;9;8.8968;8.7589;-4.15747;3.98252
16.4;10;9.9628;9.7912;-4.06303;3.96317
16.4;11;11.0295;10.8236;-3.94286;3.95222
16.4;12;12.0965;11.856;-3.65639;3.84904
16.4;13;13.1632;12.8884;-3.22275;3.7018
16.4;14;14.2291;13.9208;-2.54048;3.49822
16.4;15;15.294;14.9532;-0.795306;0.652291
16.4;16;16.3576;15.9856;-0.77724;0.756391
16.4;17;17.4196;17.018;-0.826884;0.81278
16.4;18;18.4801;18.0505;-0.849463;0.830741
16.4;19;19.5387;19.0829;-0.903349;0.880812
16.4;20;20.5956;20.1153;-0.940141;0.916496
16.4;21;21.6508;21.1478;-0.977575;0.953614
16.4;22;22.7042;22.1802;-1.01927;0.99383
16.4;23;23.7559;23.2126;-1.06408;1.03577
16.4;24;24.8059;24.2451;-1.10976;1.07979
16.4;25;25.8544;25.2775;-1.16024;1.12774
16.4;26;26.9013;26.3099;-1.21487;1.17673
16.4;27;27.9468;27.3424;-1.26746;1.22859
16.4;28;28.991;28.3748;-1.32512;1.28202
16.4;29;30.0338;29.4073;-1.38455;1.33956
16.4;30;31.0754;30.4397;-1.44802;1.39963
16.4;31;32.1159;31.4722;-1.61883;1.5832
16.4;32;33.1553;32.5046;-1.70472;1.65419
16.4;33;34.1938;33.537;-1.79063;1.72523
16.4;34;35.2312;34.5695;-1.87895;1.80963
16.4;35;36.2678;35.6019;-1.96851;1.88926
16.4;36;37.3036;36.6344;-2.06018;1.97454
16.4;37;38.3386;37.6668;-2.15073;2.0589
16.4;38;39.3729;38.6993;-2.2569;2.15859
16.4;39;40.4066;39.7317;-2.35806;2.2507
16.4;40;41.4396;40.7642;-2.57905;2.45319
16.4;41;42.472;41.7966;-2.69289;2.55435
16.4;42;43.5039;42.8291;-2.81472;2.66342
16.4;43;44.5353;43.8615;-2.93605;2.77587
16.4;44;45.5663;44.894;-3.06164;2.88767
16.4;45;46.5968;45.9264;-3.27488;3.09247
16.4;46;47.6269;46.9588;-3.40124;3.19723
16.4;47;48.6567;47.9913;-3.52602;3.31387
16.4;48;49.6861;49.0237;-3.70825;3.4822
16.4;49;50.7152;50.0562;-3.81432;3.58936
16.4;50;51.744;51.0886;-3.95968;3.72573
16.6;5;4.6533;4.628;-4.0235;3.79514
16.6;6;5.7076;5.6598;-4.0997;3.89236
16.6;7;6.7658;6.6917;-4.10193;3.94535
16.6;8;7.827;7.7236;-4.00546;3.91812
16.6;9;8.8905;8.7556;-3.88002;3.90053
16.6;10;9.9555;9.7875;-3.58987;3.79696
16.6;11;11.0213;10.8195;-3.15313;3.6492
16.6;12;12.0875;11.8514;-2.47305;3.44656
16.6;13;13.1534;12.8834;-0.624075;0.610074
16.6;14;14.2186;13.9154;-0.785026;0.763876
16.6;15;15.2829;14.9474;-0.838847;0.819675
16.6;16;16.3459;15.9794;-0.872898;0.852531
16.6;17;17.4074;17.0114;-0.910749;0.889138
16.6;18;18.4674;18.0434;-0.947694;0.924625
16.6;19;19.5257;19.0754;-0.987609;0.963064
16.6;20;20.5823;20.1074;-1.02858;1.00221
16.6;21;21.6371;21.1395;-1.0719;1.04394
16.6;22;22.6903;22.1715;-1.11776;1.08751
16.6;23;23.7417;23.2035;-1.16818;1.13546
16.6;24;24.7916;24.2355;-1.22194;1.18519
16.6;25;25.8398;25.2675;-1.27525;1.23606
16.6;26;26.8866;26.2996;-1.33199;1.28975
16.6;27;27.932;27.3316;-1.39131;1.34702
16.6;28;28.976;28.3636;-1.45467;1.40682
16.6;29;30.0187;29.3956;-1.62574;1.58987
16.6;30;31.0602;30.4277;-1.7112;1.66054
16.6;31;32.1005;31.4597;-1.79664;1.73124
16.6;32;33.1398;32.4917;-1.88445;1.81467
16.6;33;34.1781;33.5238;-1.9731;1.89389
16.6;34;35.2155;34.5558;-2.06416;1.97839
16.6;35;36.2519;35.5878;-2.15327;2.06159
16.6;36;37.2876;36.6199;-2.25829;2.16038
16.6;37;38.3225;37.6519;-2.35818;2.25116
16.6;38;39.3566;38.6839;-2.57786;2.45226
16.6;39;40.3901;39.7159;-2.69017;2.55224
16.6;40;41.423;40.748;-2.80983;2.65961
16.6;41;42.4553;41.78;-2.92875;2.76977
16.6;42;43.487;42.812;-3.05164;2.87949
16.6;43;44.5183;43.8441;-3.26247;3.08111
16.6;44;45.5491;44.8761;-3.38728;3.18377
16.6;45;46.5794;45.9081;-3.5077;3.29913
16.6;46;47.6094;46.9402;-3.68424;3.46321
16.6;47;48.6389;47.9722;-3.78523;3.56427
16.6;48;49.6682;49.0042;-3.92549;3.69822
16.6;49;50.6971;50.0362;-3.9833;3.76335
16.6;50;51.7257;51.0683;-4.04746;3.85177
16.8;5;4.6509;4.6264;-4.05018;3.9042
16.8;6;5.7043;5.6578;-3.94834;3.8725
16.8;7;6.7616;6.6893;-3.81749;3.85353
16.8;8;7.8218;7.7208;-3.52348;3.74456
16.8;9;8.8843;8.7523;-3.08701;3.59785
16.8;10;9.9484;9.7839;-2.40732;3.39667
16.8;11;11.0133;10.8154;-0.810165;0.666321
16.8;12;12.0786;11.847;-0.792475;0.771091
16.8;13;13.1438;12.8786;-0.842199;0.827925
16.8;14;14.2083;13.9102;-0.86503;0.845904
16.8;15;15.2719;14.9418;-0.918565;0.896856
16.8;16;16.3344;15.9734;-0.956091;0.931952
16.8;17;17.3954;17.005;-0.993365;0.969328
16.8;18;18.455;18.0366;-1.03513;1.00937
16.8;19;19.5129;19.0682;-1.07978;1.05158
16.8;20;20.5691;20.0998;-1.12578;1.09519
16.8;21;21.6237;21.1314;-1.1761;1.14294
16.8;22;22.6766;22.163;-1.23028;1.19172
16.8;23;23.7278;23.1946;-1.28294;1.24337
16.8;24;24.7774;24.2262;-1.33927;1.29683
16.8;25;25.8255;25.2578;-1.39903;1.35359
16.8;26;26.8721;26.2895;-1.46195;1.41312
16.8;27;27.9173;27.3211;-1.63233;1.59653
16.8;28;28.9612;28.3527;-1.71761;1.66634
16.8;29;30.0038;29.3843;-1.80253;1.73673
16.8;30;31.0451;30.4159;-1.88943;1.81952
16.8;31;32.0854;31.4476;-1.97745;1.89805
16.8;32;33.1246;32.4792;-2.06746;1.98183
16.8;33;34.1627;33.5108;-2.15582;2.06423
16.8;34;35.2;34.5424;-2.25962;2.16218
16.8;35;36.2363;35.5741;-2.35817;2.25167
16.8;36;37.2718;36.6057;-2.57645;2.45145
16.8;37;38.3066;37.6373;-2.68715;2.54991
16.8;38;39.3406;38.6689;-2.80454;2.65564
16.8;39;40.374;39.7006;-2.92146;2.764
16.8;40;41.4067;40.7322;-3.04211;2.87173
16.8;41;42.4389;41.7638;-3.25104;3.06882
16.8;42;43.4705;42.7954;-3.36877;3.17092
16.8;43;44.5016;43.8271;-3.48637;3.28137
16.8;44;45.5322;44.8587;-3.65969;3.44338
16.8;45;46.5624;45.8903;-3.75846;3.54323
16.8;46;47.5921;46.9219;-3.89124;3.67061
16.8;47;48.6215;47.9536;-3.94467;3.73154
16.8;48;49.6506;48.9852;-4.00264;3.81507
16.8;49;50.6793;50.0168;-4.00001;3.86414
16.8;50;51.7077;51.0484;-3.89281;3.82822
17;5;4.6485;4.6248;-3.75791;3.8051
17;6;5.7011;5.6559;-3.46025;3.69542
17;7;6.7574;6.687;-3.0207;3.54644
17;8;7.8167;7.7181;-2.34541;3.347
17;9;8.8783;8.7492;-0.639821;0.622938
17;10;9.9414;9.7803;-0.686621;0.679866
17;11;11.0055;10.8115;-0.854625;0.833778
17;12;12.07;11.8427;-0.888672;0.86691
17;13;13.1344;12.8739;-0.923203;0.901926
17;14;14.1983;13.9051;-0.96324;0.94002
17;15;15.2613;14.9363;-1.00361;0.97791
17;16;16.3231;15.9675;-1.04434;1.01737
17;17;17.3837;16.9987;-1.08766;1.05898
17;18;18.4428;18.0299;-1.13352;1.10312
17;19;19.5003;19.0611;-1.18342;1.15024
17;20;20.5562;20.0923;-1.21965;1.20598
17;21;21.6105;21.1235;-1.29073;1.24979
17;22;22.6631;22.1547;-1.33423;1.30667
17;23;23.7141;23.1859;-1.4059;1.36011
17;24;24.7635;24.2172;-1.46861;1.4197
17;25;25.8115;25.2484;-1.63885;1.60265
17;26;26.8579;26.2796;-1.72326;1.67222
17;27;27.9029;27.3108;-1.80758;1.74174
17;28;28.9467;28.3421;-1.89142;1.82083
17;29;29.9891;29.3733;-1.98151;1.9018
17;30;31.0304;30.4045;-2.07077;1.98488
17;31;32.0705;31.4357;-2.16062;2.06756
17;32;33.1095;32.467;-2.25638;2.15763
17;33;34.1476;33.4982;-2.35796;2.25192
17;34;35.1847;34.5294;-2.57433;2.45004
17;35;36.2209;35.5606;-2.68284;2.55182
17;36;37.2563;36.5919;-2.7988;2.65323
17;37;38.291;37.6231;-2.91412;2.75599
17;38;39.3249;38.6543;-3.03191;2.86307
17;39;40.3581;39.6856;-3.23766;3.05758
17;40;41.3907;40.7168;-3.35237;3.15722
17;41;42.4227;41.748;-3.46588;3.26493
17;42;43.4542;42.7793;-3.63524;3.42389
17;43;44.4851;43.8105;-3.72792;3.519
17;44;45.5156;44.8417;-3.85686;3.64097
17;45;46.5456;45.8729;-3.90489;3.70047
17;46;47.5752;46.9042;-3.95642;3.77776
17;47;48.6044;47.9354;-3.95137;3.81934
17;48;49.6333;48.9666;-3.83763;3.78439
17;49;50.6618;49.9979;-3.69582;3.75837
17;50;51.69;51.0291;-3.39703;3.64608
17.2;5;4.6463;4.6233;-2.95597;3.49501
17.2;6;5.698;5.654;-2.2829;3.30082
17.2;7;6.7534;6.6847;-0.646316;0.629242
17.2;8;7.8118;7.7154;-0.694392;0.687426
17.2;9;8.8724;8.7461;-0.862132;0.841082
17.2;10;9.9347;9.7769;-0.896229;0.8743
17.2;11;10.9979;10.8077;-0.930589;0.909406
17.2;12;12.0616;11.8385;-0.971358;0.946954
17.2;13;13.1252;12.8693;-1.0111;0.985365
17.2;14;14.1884;13.9001;-1.05189;1.0247
17.2;15;15.2508;14.9309;-1.09526;1.06617
17.2;16;16.3121;15.9617;-1.14093;1.10995
17.2;17;17.3722;16.9925;-1.19089;1.15763
17.2;18;18.4308;18.0233;-1.24523;1.20609
17.2;19;19.488;19.0542;-1.29805;1.25664
17.2;20;20.5435;20.085;-1.35399;1.30998
17.2;21;21.5975;21.1158;-1.41246;1.36663
17.2;22;22.6499;22.1467;-1.47491;1.42576
17.2;23;23.7007;23.1775;-1.64494;1.60856
17.2;24;24.7499;24.2083;-1.72907;1.67763
17.2;25;25.7976;25.2392;-1.81273;1.74692
17.2;26;26.8439;26.27;-1.89587;1.82513
17.2;27;27.8888;27.3008;-1.98521;1.9055
17.2;28;28.9324;28.3317;-2.07328;1.9876
17.2;29;29.9747;29.3625;-2.16262;2.06922
17.2;30;31.0158;30.3934;-2.2574;2.15852
17.2;31;32.0558;31.4242;-2.35751;2.25159
17.2;32;33.0947;32.455;-2.57232;2.44845
17.2;33;34.1327;33.4859;-2.67905;2.54882
17.2;34;35.1697;34.5167;-2.79304;2.64868
17.2;35;36.2058;35.5476;-2.90617;2.74972
17.2;36;37.2411;36.5784;-3.02152;2.85447
17.2;37;38.2756;37.6092;-3.22227;3.04935
17.2;38;39.3094;38.6401;-3.33558;3.14322
17.2;39;40.3425;39.6709;-3.44554;3.24825
17.2;40;41.375;40.7018;-3.61225;3.40138
17.2;41;42.4068;41.7326;-3.69884;3.49467
17.2;42;43.4382;42.7635;-3.82232;3.61326
17.2;43;44.469;43.7943;-3.86658;3.66877
17.2;44;45.4993;44.8252;-3.91264;3.74216
17.2;45;46.5292;45.856;-3.90099;3.77989
17.2;46;47.5586;46.8868;-3.78273;3.74108
17.2;47;48.5877;47.9177;-3.63794;3.71135
17.2;48;49.6164;48.9485;-3.33532;3.59775
17.2;49;50.6447;49.9794;-2.89456;3.4477
17.2;50;51.6728;51.0102;-2.22191;3.25335
17.4;5;4.6441;4.6218;-0.651555;0.637129
17.4;6;5.695;5.6521;-0.814345;0.792573
17.4;7;6.7495;6.6824;-0.868686;0.849084
17.4;8;7.807;7.7128;-0.902996;0.882227
17.4;9;8.8668;8.7431;-0.941348;0.918928
17.4;10;9.9281;9.7735;-0.978355;0.954722
17.4;11;10.9905;10.8039;-1.01834;0.992829
17.4;12;12.0534;11.8344;-1.05914;1.03207
17.4;13;13.1163;12.8648;-1.10253;1.07367
17.4;14;14.1788;13.8952;-1.14821;1.11711
17.4;15;15.2406;14.9256;-1.19819;1.16445
17.4;16;16.3013;15.9561;-1.25148;1.21377
17.4;17;17.3609;16.9865;-1.30401;1.26397
17.4;18;18.4191;18.017;-1.36021;1.31694
17.4;19;19.4759;19.0474;-1.41838;1.37319
17.4;20;20.5311;20.0779;-1.4805;1.4319
17.4;21;21.5848;21.1083;-1.65056;1.61404
17.4;22;22.6369;22.1388;-1.73433;1.68292
17.4;23;23.6874;23.1692;-1.81762;1.75141
17.4;24;24.7364;24.1997;-1.89999;1.82909
17.4;25;25.784;25.2302;-1.98851;1.90888
17.4;26;26.8301;26.2606;-2.07606;1.99036
17.4;27;27.8749;27.2911;-2.16406;2.07097
17.4;28;28.9183;28.3215;-2.2578;2.15918
17.4;29;29.9605;29.352;-2.35676;2.25146
17.4;30;31.0015;30.3825;-2.5695;2.44675
17.4;31;32.0414;31.4129;-2.6748;2.54534
17.4;32;33.0802;32.4434;-2.78721;2.64368
17.4;33;34.118;33.4739;-2.89757;2.74262
17.4;34;35.1549;34.5043;-3.01036;2.84551
17.4;35;36.1909;35.5348;-3.20828;3.03696
17.4;36;37.2261;36.5653;-3.3208;3.12896
17.4;37;38.2605;37.5957;-3.4266;3.23298
17.4;38;39.2942;38.6262;-3.58647;3.3833
17.4;39;40.3271;39.6567;-3.67041;3.47149
17.4;40;41.3595;40.6871;-3.78919;3.58558
17.4;41;42.3912;41.7176;-3.82791;3.6379
17.4;42;43.4224;42.7481;-3.87223;3.71063
17.4;43;44.4531;43.7785;-3.85204;3.73997
17.4;44;45.4833;44.809;-3.72928;3.69831
17.4;45;46.513;45.8395;-3.57881;3.66509
17.4;46;47.5423;46.8699;-3.27507;3.5493
17.4;47;48.5712;47.9004;-2.83463;3.39912
17.4;48;49.5997;48.9309;-2.16241;3.20786
17.4;49;50.6279;49.9613;-0.838104;0.692759
17.4;50;51.6558;50.9918;-0.821181;0.799175
17.6;5;4.6419;4.6204;-0.871909;0.857225
17.6;6;5.692;5.6503;-0.89462;0.874964
17.6;7;6.7457;6.6802;-0.948562;0.926143
17.6;8;7.8023;7.7102;-0.986004;0.961442
17.6;9;8.8612;8.7402;-1.02342;0.998594
17.6;10;9.9217;9.7703;-1.06533;1.03863
17.6;11;10.9833;10.8003;-1.10966;1.0806
17.6;12;12.0454;11.8303;-1.15532;1.12396
17.6;13;13.1076;12.8604;-1.20527;1.17145
17.6;14;14.1694;13.8905;-1.25907;1.2197
17.6;15;15.2306;14.9205;-1.31076;1.27055
17.6;16;16.2908;15.9506;-1.36664;1.32316
17.6;17;17.3499;16.9807;-1.42505;1.37876
17.6;18;18.4076;18.0108;-1.48682;1.43734
17.6;19;19.464;19.0408;-1.65628;1.61967
17.6;20;20.5189;20.0709;-1.73934;1.68783
17.6;21;21.5723;21.101;-1.82185;1.75555
17.6;22;22.6241;22.1311;-1.90581;1.83272
17.6;23;23.6744;23.1612;-1.99173;1.91197
17.6;24;24.7232;24.1913;-2.07796;1.99254
17.6;25;25.7706;25.2214;-2.16376;2.07251
17.6;26;26.8165;26.2515;-2.26359;2.16395
17.6;27;27.8611;27.2816;-2.35567;2.25046
17.6;28;28.9044;28.3117;-2.56669;2.44457
17.6;29;29.9465;29.3417;-2.67283;2.54182
17.6;30;30.9874;30.3718;-2.78078;2.63828
17.6;31;32.0271;31.4019;-2.88929;2.73559
17.6;32;33.0659;32.432;-2.99947;2.83669
17.6;33;34.1036;33.4621;-3.19334;3.02381
17.6;34;35.1404;34.4922;-3.30187;3.11551
17.6;35;36.1763;35.5223;-3.4025;3.21109
17.6;36;37.2113;36.5524;-3.56134;3.36283
17.6;37;38.2456;37.5825;-3.64109;3.44646
17.6;38;39.2792;38.6126;-3.75498;3.56189
17.6;39;40.312;39.6427;-3.78973;3.60931
17.6;40;41.3443;40.6728;-3.82835;3.67556
17.6;41;42.3759;41.7029;-3.80234;3.70468
17.6;42;43.407;42.733;-3.67602;3.65615
17.6;43;44.4375;43.7631;-3.52108;3.62069
17.6;44;45.4676;44.7932;-3.21623;3.50196
17.6;45;46.4971;45.8233;-2.7743;3.35338
17.6;46;47.5263;46.8534;-2.10434;3.16277
17.6;47;48.555;47.8835;-0.844866;0.699138
17.6;48;49.5834;48.9136;-0.827645;0.807107
17.6;49;50.6114;49.9437;-0.878746;0.863943
17.6;50;51.6391;50.9738;-0.901609;0.882037
17.8;5;4.6398;4.6189;-0.956176;0.932554
17.8;6;5.6892;5.6485;-0.993123;0.968438
17.8;7;6.742;6.6781;-1.03071;1.00554
17.8;8;7.7978;7.7077;-1.07234;1.04553
17.8;9;8.8558;8.7374;-1.11685;1.08723
17.8;10;9.9155;9.767;-1.1622;1.13076
17.8;11;10.9763;10.7967;-1.21209;1.17796
17.8;12;12.0376;11.8264;-1.26582;1.22615
17.8;13;13.099;12.8561;-1.31744;1.27667
17.8;14;14.1602;13.8858;-1.37324;1.32869
17.8;15;15.2208;14.9155;-1.43098;1.38473
17.8;16;16.2804;15.9452;-1.49234;1.44267
17.8;17;17.339;16.975;-1.66144;1.62467
17.8;18;18.3964;18.0047;-1.74435;1.69241
17.8;19;19.4524;19.0344;-1.82638;1.75969
17.8;20;20.5069;20.0641;-1.90947;1.83609
17.8;21;21.56;21.0939;-1.99445;1.91482
17.8;22;22.6115;22.1236;-2.08005;1.99451
17.8;23;23.6616;23.1533;-2.16475;2.07354
17.8;24;24.7102;24.1831;-2.26341;2.16432
17.8;25;25.7574;25.2128;-2.3542;2.24974
17.8;26;26.8032;26.2425;-2.56387;2.44197
17.8;27;27.8476;27.2723;-2.66798;2.53791
17.8;28;28.8908;28.302;-2.7742;2.63294
17.8;29;29.9327;29.3317;-2.88026;2.72825
17.8;30;30.9735;30.3615;-2.98826;2.82714
17.8;31;32.0131;31.3912;-3.18144;3.01237
17.8;32;33.0517;32.421;-3.28425;3.10085
17.8;33;34.0894;33.4507;-3.38166;3.19392
17.8;34;35.126;34.4804;-3.53683;3.34117
17.8;35;36.1618;35.5102;-3.61233;3.42267
17.8;36;37.1968;36.5399;-3.72128;3.53437
17.8;37;38.231;37.5697;-3.75199;3.57811
17.8;38;39.2644;38.5994;-3.78579;3.64081
17.8;39;40.2972;39.6291;-3.75504;3.66649
17.8;40;41.3293;40.6589;-3.62412;3.6137
17.8;41;42.3608;41.6886;-3.4674;3.57611
17.8;42;43.3918;42.7184;-3.15567;3.45458
17.8;43;44.4222;43.7481;-2.71534;3.30782
17.8;44;45.4521;44.7778;-2.04983;3.11975
17.8;45;46.4815;45.8076;-0.67162;0.657013
17.8;46;47.5106;46.8373;-0.835354;0.813067
17.8;47;48.5392;47.8671;-0.890013;0.869877
17.8;48;49.5674;48.8968;-0.924608;0.903094
17.8;49;50.5953;49.9266;-0.962818;0.939875
17.8;50;51.6228;50.9563;-0.999898;0.975535
18;5;4.6378;4.6176;-1.03973;1.01394
18;6;5.6864;5.6468;-1.0806;1.05282
18;7;6.7384;6.676;-1.12358;1.09405
18;8;7.7934;7.7053;-1.16908;1.13733
18;9;8.8506;8.7346;-1.21861;1.1845
18;10;9.9094;9.7639;-1.27143;1.23315
18;11;10.9694;10.7933;-1.32373;1.28264
18;12;12.03;11.8226;-1.37883;1.33512
18;13;13.0907;12.8519;-1.43613;1.39059
18;14;14.1512;13.8813;-1.49732;1.4482
18;15;15.2112;14.9107;-1.66661;1.62962
18;16;16.2703;15.94;-1.7487;1.69699
18;17;17.3284;16.9694;-1.83017;1.76387
18;18;18.3853;17.9988;-1.91301;1.83952
18;19;19.4409;19.0281;-1.99701;1.91747
18;20;20.4951;20.0575;-2.0819;1.99631
18;21;21.5479;21.0869;-2.16546;2.07443
18;22;22.5992;22.1163;-2.26287;2.16424
18;23;23.649;23.1456;-2.3523;2.24823
18;24;24.6974;24.175;-2.56009;2.43936
18;25;25.7444;25.2044;-2.66255;2.53365
18;26;26.79;26.2338;-2.76742;2.62686
18;27;27.8343;27.2632;-2.87146;2.72062
18;28;28.8774;28.2926;-2.97669;2.81781
18;29;29.9192;29.322;-3.16562;3.00121
18;30;30.9598;30.3513;-3.26913;3.08606
18;31;31.9993;31.3807;-3.36144;3.17452
18;32;33.0378;32.4101;-3.51219;3.32236
18;33;34.0753;33.4395;-3.58334;3.39894
18;34;35.1119;34.4689;-3.68805;3.50766
18;35;36.1476;35.4983;-3.71377;3.54715
18;36;37.1825;36.5277;-3.7455;3.60796
18;37;38.2166;37.5571;-3.7069;3.62797
18;38;39.2499;38.5865;-3.57232;3.57285
18;39;40.2826;39.6159;-3.41234;3.52931
18;40;41.3146;40.6453;-3.10106;3.41076
18;41;42.346;41.6746;-2.65772;3.25973
18;42;43.3768;42.704;-1.99448;3.07722
18;43;44.4071;43.7334;-0.858431;0.711843
18;44;45.4369;44.7628;-0.842197;0.819649
18;45;46.4662;45.7922;-0.892728;0.877673
18;46;47.4951;46.8216;-0.915603;0.895538
18;47;48.5236;47.851;-0.969779;0.946678
18;48;49.5516;48.8804;-1.0072;0.981915
18;49;50.5794;49.9098;-1.04459;1.01922
18;50;51.6068;50.9392;-1.086;1.05897
18.2;5;4.6358;4.6162;-1.13053;1.10064
18.2;6;5.6837;5.6451;-1.17566;1.14392
18.2;7;6.7349;6.674;-1.2253;1.19085
18.2;8;7.7891;7.7029;-1.27852;1.23851
18.2;9;8.8454;8.7319;-1.32958;1.28873
18.2;10;9.9035;9.7609;-1.38451;1.34068
18.2;11;10.9627;10.7899;-1.4422;1.39558
18.2;12;12.0225;11.8189;-1.50291;1.45287
18.2;13;13.0825;12.8479;-1.67144;1.63429
18.2;14;14.1424;13.8769;-1.75298;1.70101
18.2;15;15.2018;14.9059;-1.83385;1.76751
18.2;16;16.2604;15.9349;-1.91605;1.84244
18.2;17;17.318;16.9639;-1.99935;1.91963
18.2;18;18.3745;17.993;-2.08311;1.99798
18.2;19;19.4297;19.022;-2.16584;2.07522
18.2;20;20.4835;20.051;-2.26235;2.16374
18.2;21;21.536;21.0801;-2.35036;2.2467
18.2;22;22.587;22.1091;-2.55665;2.43639
18.2;23;23.6367;23.1381;-2.6574;2.52946
18.2;24;24.6848;24.1672;-2.75991;2.62091
18.2;25;25.7316;25.1962;-2.86184;2.71319
18.2;26;26.7771;26.2253;-2.96525;2.80781
18.2;27;27.8212;27.2543;-3.14987;2.98749
18.2;28;28.8641;28.2834;-3.24911;3.07167
18.2;29;29.9058;29.3124;-3.34049;3.15939
18.2;30;30.9463;30.3415;-3.48739;3.30012
18.2;31;31.9858;31.3705;-3.55484;3.37653
18.2;32;33.0241;32.3996;-3.65443;3.48047
18.2;33;34.0615;33.4286;-3.67679;3.51647
18.2;34;35.098;34.4576;-3.69772;3.57013
18.2;35;36.1336;35.4867;-3.66002;3.58999
18.2;36;37.1684;36.5157;-3.52179;3.5318
18.2;37;38.2024;37.5448;-3.35721;3.48865
18.2;38;39.2356;38.5738;-3.04465;3.36224
18.2;39;40.2682;39.6029;-2.6032;3.21873
18.2;40;41.3001;40.6319;-1.94043;3.03684
18.2;41;42.3314;41.661;-0.864955;0.71805
18.2;42;43.3621;42.69;-0.848757;0.826297
18.2;43;44.3922;43.7191;-0.899582;0.884358
18.2;44;45.4219;44.7481;-0.922311;0.902039
18.2;45;46.4511;45.7772;-0.977023;0.95279
18.2;46;47.4799;46.8062;-1.01385;0.98847
18.2;47;48.5082;47.8353;-1.05132;1.02558
18.2;48;49.5362;48.8643;-1.09282;1.06535
18.2;49;50.5637;49.8934;-1.13719;1.10682
18.2;50;51.591;50.9224;-1.18215;1.14988
18.4;5;4.6339;4.6149;-1.23162;1.19683
18.4;6;5.681;5.6434;-1.28465;1.2445
18.4;7;6.7315;6.672;-1.33552;1.29448
18.4;8;7.7849;7.7006;-1.3908;1.34566
18.4;9;8.8404;8.7292;-1.44741;1.40055
18.4;10;9.8977;9.7579;-1.50787;1.45782
18.4;11;10.9561;10.7865;-1.67589;1.63899
18.4;12;12.0152;11.8152;-1.75715;1.70511
18.4;13;13.0746;12.8439;-1.83738;1.77065
18.4;14;14.1338;13.8726;-1.91854;1.8452
18.4;15;15.1926;14.9012;-2.00108;1.92165
18.4;16;16.2507;15.9299;-2.08439;1.99922
18.4;17;17.3078;16.9586;-2.16623;2.07561
18.4;18;18.3638;17.9873;-2.26138;2.16322
18.4;19;19.4187;19.016;-2.34791;2.2452
18.4;20;20.4722;20.0447;-2.55263;2.43311
18.4;21;21.5243;21.0734;-2.65159;2.52458
18.4;22;22.5751;22.1021;-2.75261;2.61472
18.4;23;23.6245;23.1308;-2.85238;2.7051
18.4;24;24.6725;24.1595;-2.95338;2.79811
18.4;25;25.7191;25.1882;-3.13705;2.97557
18.4;26;26.7643;26.2169;-3.23151;3.05722
18.4;27;27.8083;27.2457;-3.32988;3.15129
18.4;28;28.8511;28.2744;-3.46238;3.28139
18.4;29;29.8926;29.3031;-3.52678;3.35363
18.4;30;30.933;30.3318;-3.62201;3.45284
18.4;31;31.9724;31.3605;-3.63924;3.4861
18.4;32;33.0106;32.3892;-3.66183;3.54042
18.4;33;34.048;33.4179;-3.61436;3.55343
18.4;34;35.0843;34.4466;-3.47249;3.4915
18.4;35;36.1198;35.4754;-3.30466;3.44585
18.4;36;37.1545;36.5041;-2.98947;3.32329
18.4;37;38.1884;37.5328;-2.54812;3.17528
18.4;38;39.2215;38.5615;-1.88764;2.9954
18.4;39;40.254;39.5902;-0.871391;0.723949
18.4;40;41.2858;40.6189;-0.85458;0.833245
18.4;41;42.317;41.6477;-0.906084;0.890969
18.4;42;43.3476;42.6764;-0.92885;0.908488
18.4;43;44.3776;43.7051;-0.983621;0.959292
18.4;44;45.4072;44.7338;-1.0205;0.995021
18.4;45;46.4363;45.7625;-1.05778;1.03197
18.4;46;47.4649;46.7912;-1.09933;1.07178
18.4;47;48.4931;47.82;-1.14351;1.11307
18.4;48;49.5209;48.8487;-1.18851;1.15618
18.4;49;50.5484;49.8774;-1.23752;1.2027
18.4;50;51.5755;50.9061;-1.29059;1.25016
18.6;5;4.632;4.6136;-1.34122;1.29992
18.6;6;5.6784;5.6418;-1.39625;1.35087
18.6;7;6.7282;6.67;-1.45259;1.40551
18.6;8;7.7808;7.6983;-1.51247;1.46225
18.6;9;8.8356;8.7266;-1.68024;1.64319
18.6;10;9.8921;9.755;-1.76085;1.70872
18.6;11;10.9497;10.7833;-1.84072;1.77394
18.6;12;12.0081;11.8116;-1.92148;1.85156
18.6;13;13.0668;12.84;-2.00323;1.9239
18.6;14;14.1254;13.8683;-2.08495;2.00039
18.6;15;15.1836;14.8967;-2.16466;2.07494
18.6;16;16.2411;15.925;-2.25833;2.16343
18.6;17;17.2978;16.9534;-2.34534;2.24301
18.6;18;18.3534;17.9818;-2.54975;2.42761
18.6;19;19.4078;19.0102;-2.646;2.51985
18.6;20;20.461;20.0385;-2.74352;2.60788
18.6;21;21.5129;21.0669;-2.84252;2.69684
18.6;22;22.5634;22.0953;-2.94102;2.78782
18.6;23;23.6125;23.1237;-3.12365;2.96405
18.6;24;24.6603;24.152;-3.21383;3.04222
18.6;25;25.7067;25.1804;-3.30018;3.12752
18.6;26;26.7518;26.2088;-3.43783;3.26044
18.6;27;27.7956;27.2372;-3.49763;3.32845
18.6;28;28.8382;28.2656;-3.58912;3.4248
18.6;29;29.8797;29.294;-3.60906;3.45254
18.6;30;30.92;30.3224;-3.61451;3.50117
18.6;31;31.9592;31.3507;-3.56881;3.5158
18.6;32;32.9973;32.3791;-3.42317;3.45199
18.6;33;34.0346;33.4075;-3.25195;3.40198
18.6;34;35.0708;34.4359;-2.9355;3.27972
18.6;35;36.1062;35.4643;-2.49424;3.13214
18.6;36;37.1408;36.4927;-1.83825;2.95618
18.6;37;38.1746;37.5211;-0.810548;0.791595
18.6;38;39.2076;38.5495;-0.750578;0.73484
18.6;39;40.24;39.5778;-0.916876;0.896134
18.6;40;41.2717;40.6062;-0.95129;0.929289
18.6;41;42.3028;41.6346;-0.989539;0.966009
18.6;42;43.3333;42.663;-1.02665;1.0016
18.6;43;44.3633;43.6914;-1.06628;1.03972
18.6;44;45.3927;44.7198;-1.10671;1.07852
18.6;45;46.4217;45.7482;-1.14946;1.1192
18.6;46;47.4502;46.7766;-1.19447;1.16191
18.6;47;48.4783;47.805;-1.24348;1.20849
18.6;48;49.506;48.8333;-1.2955;1.25651
18.6;49;50.5333;49.8617;-1.34665;1.30508
18.6;50;51.5603;50.8901;-1.40083;1.3566
18.8;5;4.6302;4.6123;-1.45713;1.41078
18.8;6;5.6759;5.6402;-1.51667;1.46703
18.8;7;6.725;6.6681;-1.68539;1.64891
18.8;8;7.7768;7.6961;-1.76889;1.71013
18.8;9;8.8308;8.7241;-1.84383;1.7771
18.8;10;9.8865;9.7521;-1.9238;1.8541
18.8;11;10.9435;10.7801;-2.00506;1.92544
18.8;12;12.0012;11.8081;-2.08587;2.00087
18.8;13;13.0592;12.8362;-2.16421;2.07497
18.8;14;14.1171;13.8642;-2.25678;2.16261
18.8;15;15.1748;14.8922;-2.34261;2.2409
18.8;16;16.2318;15.9203;-2.54533;2.42379
18.8;17;17.288;16.9483;-2.63965;2.51491
18.8;18;18.3432;17.9764;-2.73556;2.60129
18.8;19;19.3972;19.0044;-2.83275;2.68844
18.8;20;20.45;20.0325;-2.92924;2.77742
18.8;21;21.5016;21.0605;-3.1056;2.95103
18.8;22;22.5518;22.0886;-3.19789;3.0267
18.8;23;23.6007;23.1167;-3.28074;3.11139
18.8;24;24.6483;24.1447;-3.41301;3.23847
18.8;25;25.6945;25.1728;-3.46885;3.3047
18.8;26;26.7394;26.2009;-3.55574;3.39836
18.8;27;27.7831;27.2289;-3.57205;3.4229
18.8;28;28.8256;28.257;-3.57608;3.47245
18.8;29;29.8669;29.2851;-3.52333;3.47881
18.8;30;30.9071;30.3131;-3.37501;3.41331
18.8;31;31.9462;31.3412;-3.20175;3.36229
18.8;32;32.9842;32.3693;-2.88424;3.2363
18.8;33;34.0213;33.3973;-2.44154;3.09073
18.8;34;35.0575;34.4254;-1.78785;2.9176
18.8;35;36.0928;35.4535;-0.884066;0.735922
18.8;36;37.1273;36.4815;-0.868034;0.844823
18.8;37;38.161;37.5096;-0.918737;0.903299
18.8;38;39.194;38.5377;-0.941715;0.921158
18.8;39;40.2262;39.5657;-0.996078;0.972343
18.8;40;41.2578;40.5938;-1.03319;1.00738
18.8;41;42.2888;41.6219;-1.07047;1.04427
18.8;42;43.3192;42.6499;-1.11179;1.08379
18.8;43;44.3491;43.678;-1.15573;1.12524
18.8;44;45.3784;44.7061;-1.20048;1.16781
18.8;45;46.4073;45.7342;-1.24921;1.214
18.8;46;47.4357;46.7622;-1.30174;1.26111
18.8;47;48.4637;47.7903;-1.35205;1.31026
18.8;48;49.4912;48.8184;-1.40591;1.36134
18.8;49;50.5184;49.8464;-1.46216;1.41478
18.8;50;51.5453;50.8745;-1.52134;1.4708
19;5;4.6284;4.6111;-1.68818;1.65108
19;6;5.6735;5.6387;-1.768;1.71551
19;7;6.7218;6.6663;-1.84635;1.77986
19;8;7.7729;7.6939;-1.92582;1.85594
19;9;8.8262;8.7216;-2.00617;1.92695
19;10;9.8812;9.7493;-2.086;2.00168
19;11;10.9374;10.777;-2.16366;2.07468
19;12;11.9944;11.8047;-2.25511;2.16116
19;13;13.0517;12.8324;-2.33969;2.23855
19;14;14.1091;13.8602;-2.54066;2.41974
19;15;15.1661;14.8879;-2.63346;2.50937
19;16;16.2226;15.9156;-2.72769;2.59411
19;17;17.2783;16.9434;-2.82251;2.67992
19;18;18.3331;17.9711;-2.91637;2.76695
19;19;19.3868;18.9988;-3.09267;2.93653
19;20;20.4393;20.0266;-3.17752;3.01173
19;21;21.4905;21.0543;-3.25782;3.0921
19;22;22.5405;22.0821;-3.38787;3.21953
19;23;23.5891;23.1098;-3.44116;3.28117
19;24;24.6364;24.1376;-3.52345;3.37158
19;25;25.6825;25.1653;-3.53525;3.39298
19;26;26.7273;26.1931;-3.53488;3.43731
19;27;27.7708;27.2208;-3.47896;3.44251
19;28;28.8131;28.2486;-3.32678;3.37455
19;29;29.8543;29.2763;-3.14999;3.32159
19;30;30.8943;30.3041;-2.83256;3.19425
19;31;31.9333;31.3318;-2.38456;3.04833
19;32;32.9713;32.3596;-1.73861;2.87968
19;33;34.0083;33.3874;-0.890239;0.741672
19;34;35.0444;34.4151;-0.873519;0.851878
19;35;36.0796;35.4429;-0.925249;0.909682
19;36;37.114;36.4706;-0.947974;0.927236
19;37;38.1476;37.4984;-1.00276;0.977904
19;38;39.1805;38.5261;-1.03939;1.01347
19;39;40.2127;39.5539;-1.07664;1.05025
19;40;41.2442;40.5817;-1.11768;1.08966
19;41;42.2751;41.6094;-1.16157;1.13076
19;42;43.3054;42.6372;-1.20627;1.1732
19;43;44.3351;43.6649;-1.25495;1.21949
19;44;45.3644;44.6927;-1.30715;1.26623
19;45;46.3931;45.7204;-1.35712;1.31522
19;46;47.4214;46.7482;-1.41118;1.36535
19;47;48.4493;47.776;-1.46677;1.41914
19;48;49.4768;48.8037;-1.52555;1.47498
19;49;50.5038;49.8315;-1.69202;1.65454
19;50;51.5306;50.8592;-1.77106;1.71874
19.2;5;4.6267;4.6099;-1.84891;1.78225
19.2;6;5.6711;5.6371;-1.92749;1.85806
19.2;7;6.7188;6.6645;-2.00725;1.92813
19.2;8;7.7691;7.6918;-2.08605;2.00185
19.2;9;8.8217;8.7192;-2.163;2.07412
19.2;10;9.8759;9.7466;-2.25326;2.15945
19.2;11;10.9314;10.774;-2.33654;2.23597
19.2;12;11.9877;11.8014;-2.5357;2.41588
19.2;13;13.0444;12.8288;-2.62692;2.50407
19.2;14;14.1012;13.8562;-2.71892;2.58724
19.2;15;15.1577;14.8836;-2.8123;2.67131
19.2;16;16.2137;15.9111;-2.904;2.75644
19.2;17;17.2689;16.9385;-3.07733;2.92542
19.2;18;18.3232;17.9659;-3.15943;2.99681
19.2;19;19.3765;18.9934;-3.2366;3.07454
19.2;20;20.4287;20.0208;-3.36379;3.19731
19.2;21;21.4796;21.0482;-3.41227;3.25851
19.2;22;22.5293;22.0757;-3.49142;3.34448
19.2;23;23.5777;23.1031;-3.49952;3.3635
19.2;24;24.6248;24.1306;-3.49088;3.40274
19.2;25;25.6707;25.158;-3.43461;3.40691
19.2;26;26.7153;26.1855;-3.27963;3.33575
19.2;27;27.7586;27.2129;-3.10066;3.27991
19.2;28;28.8008;28.2404;-2.78198;3.15601
19.2;29;29.8419;29.2678;-2.34132;3.0091
19.2;30;30.8818;30.2953;-1.69265;2.84245
19.2;31;31.9207;31.3227;-0.780036;0.756528
19.2;32;32.9586;32.3502;-0.768879;0.753362
19.2;33;33.9955;33.3776;-0.936176;0.914709
19.2;34;35.0315;34.4051;-0.970721;0.947774
19.2;35;36.0666;35.4325;-1.00889;0.984401
19.2;36;37.1009;36.46;-1.04568;1.01989
19.2;37;38.1344;37.4874;-1.08498;1.05769
19.2;38;39.1672;38.5149;-1.12529;1.09615
19.2;39;40.1993;39.5423;-1.16768;1.13671
19.2;40;41.2307;40.5698;-1.21205;1.17905
19.2;41;42.2615;41.5972;-1.26013;1.22452
19.2;42;43.2917;42.6247;-1.30956;1.27262
19.2;43;44.3214;43.6521;-1.36183;1.31999
19.2;44;45.3505;44.6796;-1.41463;1.37077
19.2;45;46.3792;45.707;-1.46976;1.42337
19.2;46;47.4074;46.7345;-1.52775;1.47849
19.2;47;48.4351;47.7619;-1.69843;1.65876
19.2;48;49.4625;48.7894;-1.77966;1.71811
19.2;49;50.4894;49.8169;-1.85114;1.7846
19.2;50;51.5161;50.8443;-1.92948;1.85955
19.4;5;4.625;4.6087;-2.0079;1.92901
19.4;6;5.6688;5.6357;-2.086;2.00208
19.4;7;6.7158;6.6627;-2.16062;2.07331
19.4;8;7.7654;7.6897;-2.24999;2.15787
19.4;9;8.8173;8.7168;-2.33314;2.23319
19.4;10;9.8708;9.7439;-2.53042;2.41148
19.4;11;10.9256;10.771;-2.62;2.49824
19.4;12;11.9812;11.7981;-2.71067;2.57985
19.4;13;13.0373;12.8252;-2.80155;2.66221
19.4;14;14.0935;13.8524;-2.89102;2.74592
19.4;15;15.1494;14.8795;-3.05955;2.91241
19.4;16;16.2049;15.9066;-3.14297;2.98096
19.4;17;17.2596;16.9337;-3.21706;3.05823
19.4;18;18.3135;17.9609;-3.33794;3.17819
19.4;19;19.3664;18.988;-3.38441;3.23615
19.4;20;20.4182;20.0152;-3.45878;3.31841
19.4;21;21.4689;21.0423;-3.46305;3.33378
19.4;22;22.5183;22.0694;-3.45761;3.37342
19.4;23;23.5665;23.0966;-3.3913;3.37121
19.4;24;24.6134;24.1237;-3.23353;3.29881
19.4;25;25.659;25.1509;-3.05238;3.24253
19.4;26;26.7034;26.178;-2.73246;3.11562
19.4;27;27.7467;27.2052;-2.29193;2.97033
19.4;28;28.7887;28.2323;-1.64559;2.80595
19.4;29;29.8296;29.2595;-0.9021;0.752845
19.4;30;30.8695;30.2866;-0.774818;0.758696
19.4;31;31.9082;31.3138;-0.937208;0.921425
19.4;32;32.946;32.3409;-0.96021;0.939025
19.4;33;33.9828;33.3681;-1.01443;0.990183
19.4;34;35.0187;34.3952;-1.05135;1.02496
19.4;35;36.0538;35.4224;-1.08844;1.06179
19.4;36;37.088;36.4495;-1.12932;1.10082
19.4;37;38.1214;37.4767;-1.17279;1.14196
19.4;38;39.1541;38.5038;-1.21704;1.18398
19.4;39;40.1861;39.531;-1.26551;1.22983
19.4;40;41.2174;40.5582;-1.31723;1.2761
19.4;41;42.2482;41.5853;-1.36696;1.32461
19.4;42;43.2783;42.6125;-1.4199;1.37475
19.4;43;44.3079;43.6396;-1.47519;1.42747
19.4;44;45.3369;44.6668;-1.53304;1.48246
19.4;45;46.3655;45.6939;-1.69958;1.66319
19.4;46;47.3935;46.7211;-1.78084;1.72212
19.4;47;48.4212;47.7482;-1.85335;1.78664
19.4;48;49.4484;48.7754;-1.93038;1.86105
19.4;49;50.4753;49.8025;-2.00845;1.92962
19.4;50;51.5018;50.8297;-2.08581;2.00207
19.6;5;4.6233;4.6075;-2.1604;2.07227
19.6;6;5.6665;5.6342;-2.24852;2.15575
19.6;7;6.7129;6.6609;-2.32946;2.22988
19.6;8;7.7618;7.6877;-2.52524;2.40693
19.6;9;8.813;8.7145;-2.61314;2.4923
19.6;10;9.8658;9.7413;-2.70195;2.57281
19.6;11;10.9199;10.7681;-2.79077;2.65308
19.6;12;11.9749;11.7949;-2.87848;2.73495
19.6;13;13.0303;12.8217;-3.04565;2.89703
19.6;14;14.0859;13.8486;-3.1226;2.96573
19.6;15;15.1413;14.8754;-3.19394;3.03882
19.6;16;16.1962;15.9022;-3.31518;3.15527
19.6;17;17.2505;16.9291;-3.35605;3.21163
19.6;18;18.304;17.9559;-3.42715;3.29143
19.6;19;19.3565;18.9828;-3.42759;3.30457
19.6;20;20.408;20.0096;-3.41469;3.33774
19.6;21;21.4583;21.0365;-3.349;3.33628
19.6;22;22.5075;22.0633;-3.18845;3.26095
19.6;23;23.5554;23.0902;-3.00379;3.20318
19.6;24;24.6021;24.117;-2.6809;3.0767
19.6;25;25.6475;25.1439;-2.24538;2.93064
19.6;26;26.6918;26.1707;-1.59958;2.7702
19.6;27;27.7349;27.1976;-0.907932;0.758324
19.6;28;28.7768;28.2245;-0.891713;0.869596
19.6;29;29.8176;29.2513;-0.943236;0.927241
19.6;30;30.8573;30.2782;-0.966127;0.94479
19.6;31;31.8959;31.305;-1.0207;0.995277
19.6;32;32.9336;32.3319;-1.05728;1.03064
19.6;33;33.9703;33.3588;-1.09402;1.06719
19.6;34;35.0061;34.3856;-1.13501;1.10638
19.6;35;36.0411;35.4125;-1.17835;1.14701
19.6;36;37.0752;36.4393;-1.22247;1.1892
19.6;37;38.1086;37.4662;-1.27054;1.23474
19.6;38;39.1412;38.4931;-1.3221;1.28068
19.6;39;40.1731;39.5199;-1.37138;1.3291
19.6;40;41.2044;40.5468;-1.42471;1.37836
19.6;41;42.235;41.5736;-1.47894;1.43123
19.6;42;43.265;42.6005;-1.53657;1.48581
19.6;43;44.2945;43.6274;-1.70167;1.66419
19.6;44;45.3235;44.6542;-1.77909;1.7267
19.6;45;46.3519;45.6811;-1.85518;1.7887
19.6;46;47.3799;46.708;-1.93153;1.8623
19.6;47;48.4075;47.7348;-2.00888;1.93031
19.6;48;49.4346;48.7617;-2.08507;2.00183
19.6;49;50.4613;49.7885;-2.15879;2.07104
19.6;50;51.4877;50.8154;-2.24597;2.15381
19.8;5;4.6217;4.6064;-2.32545;2.22679
19.8;6;5.6643;5.6328;-2.51969;2.40228
19.8;7;6.71;6.6592;-2.60583;2.48629
19.8;8;7.7583;7.6857;-2.69271;2.56489
19.8;9;8.8088;8.7122;-2.77991;2.64395
19.8;10;9.8609;9.7387;-2.86527;2.72356
19.8;11;10.9144;10.7653;-3.02809;2.88661
19.8;12;11.9687;11.7918;-3.10626;2.95013
19.8;13;13.0235;12.8183;-3.17309;3.02125
19.8;14;14.0785;13.8449;-3.28918;3.13492
19.8;15;15.1333;14.8714;-3.32865;3.18931
19.8;16;16.1878;15.898;-3.39568;3.26554
19.8;17;17.2416;16.9245;-3.39223;3.27518
19.8;18;18.2947;17.9511;-3.37662;3.30737
19.8;19;19.3468;18.9776;-3.30769;3.29619
19.8;20;20.3979;20.0042;-3.14317;3.225
19.8;21;21.448;21.0308;-2.9562;3.16503
19.8;22;22.4968;22.0573;-2.6365;3.03569
19.8;23;23.5445;23.0839;-2.19623;2.89423
19.8;24;24.591;24.1105;-1.55675;2.73524
19.8;25;25.6362;25.137;-0.732912;0.717374
19.8;26;26.6803;26.1636;-0.89729;0.875362
19.8;27;27.7232;27.1902;-0.953601;0.931781
19.8;28;28.765;28.2168;-0.987818;0.964906
19.8;29;29.8057;29.2433;-1.02587;1.00118
19.8;30;30.8453;30.2699;-1.06276;1.03608
19.8;31;31.8838;31.2965;-1.1017;1.07392
19.8;32;32.9214;32.323;-1.14163;1.1122
19.8;33;33.958;33.3496;-1.18361;1.15234
19.8;34;34.9937;34.3762;-1.22756;1.19401
19.8;35;36.0286;35.4028;-1.27545;1.23926
19.8;36;37.0626;36.4293;-1.32683;1.28513
19.8;37;38.0959;37.4559;-1.37563;1.33322
19.8;38;39.1284;38.4825;-1.42817;1.38293
19.8;39;40.1603;39.5091;-1.48274;1.43492
19.8;40;41.1914;40.5356;-1.53981;1.48885
19.8;41;42.222;41.5622;-1.70438;1.66687
19.8;42;43.2519;42.5888;-1.7815;1.72896
19.8;43;44.2813;43.6154;-1.85794;1.7902
19.8;44;45.3102;44.642;-1.92737;1.85863
19.8;45;46.3386;45.6685;-2.00771;1.92949
19.8;46;47.3665;46.6951;-2.08002;1.99707
19.8;47;48.3939;47.7217;-2.15734;2.06998
19.8;48;49.421;48.7483;-2.23785;2.14599
19.8;49;50.4476;49.7748;-2.32153;2.22322
19.8;50;51.4739;50.8014;-2.51373;2.39754
20;5;4.6202;4.6053;-2.59713;2.47982
20;6;5.6622;5.6314;-2.6849;2.55527
20;7;6.7072;6.6576;-2.76895;2.6344
20;8;7.7549;7.6838;-2.85245;2.7127
20;9;8.8046;8.71;-3.01319;2.87143
20;10;9.8561;9.7362;-3.0841;2.93625
20;11;10.9089;10.7625;-3.15449;3.00608
20;12;11.9626;11.7887;-3.26413;3.11603
20;13;13.0168;12.815;-3.30069;3.16612
20;14;14.0712;13.8413;-3.36433;3.23944
20;15;15.1255;14.8675;-3.34985;3.24778
20;16;16.1795;15.8938;-3.33855;3.27613
20;17;17.2329;16.9201;-3.26734;3.26033
20;18;18.2855;17.9463;-3.09886;3.18818
20;19;19.3373;18.9726;-2.91092;3.12707
20;20;20.3881;19.9989;-2.58845;2.99741
20;21;21.4378;21.0252;-2.15167;2.85697
20;22;22.4864;22.0515;-1.51274;2.70108
20;23;23.5338;23.0778;-0.739023;0.723242
20;24;24.58;24.1041;-0.902924;0.880871
20;25;25.6251;25.1303;-0.959311;0.937283
20;26;26.669;26.1566;-0.993593;0.970394
20;27;27.7118;27.1829;-1.03149;1.00665
20;28;28.7534;28.2092;-1.06845;1.04154
20;29;29.7939;29.2355;-1.10698;1.07936
20;30;30.8334;30.2618;-1.14697;1.1174
20;31;31.8719;31.2881;-1.18877;1.15729
20;32;32.9093;32.3144;-1.23252;1.19892
20;33;33.9459;33.3407;-1.28022;1.2439
20;34;34.9815;34.367;-1.33138;1.28973
20;35;36.0163;35.3933;-1.37995;1.33727
20;36;37.0502;36.4196;-1.43196;1.38665
20;37;38.0834;37.4459;-1.48626;1.43831
20;38;39.1159;38.4722;-1.54305;1.49216
20;39;40.1476;39.4985;-1.70705;1.66957
20;40;41.1787;40.5248;-1.78352;1.73096
20;41;42.2092;41.551;-1.85925;1.79176
20;42;43.2391;42.5773;-1.92826;1.85941
20;43;44.2684;43.6036;-2.00781;1.92977
20;44;45.2971;44.6299;-2.07887;1.99647
20;45;46.3254;45.6562;-2.15523;2.06844
20;46;47.3532;46.6825;-2.23469;2.14343
20;47;48.3806;47.7088;-2.31724;2.21956
20;48;49.4075;48.7351;-2.50779;2.39235
20;49;50.4341;49.7614;-2.58979;2.47333
20;50;51.4603;50.7877;-2.67554;2.54734
20.2;5;4.6186;4.6042;-2.75787;2.6249
20.2;6;5.6601;5.63;-2.8389;2.70146
20.2;7;6.7045;6.6559;-2.99574;2.85736
20.2;8;7.7515;7.6819;-3.06531;2.92049
20.2;9;8.8006;8.7078;-3.13352;2.98844
20.2;10;9.8515;9.7338;-3.23929;3.09456
20.2;11;10.9036;10.7597;-3.27289;3.14271
20.2;12;11.9567;11.7857;-3.3331;3.21316
20.2;13;13.0103;12.8117;-3.31458;3.21882
20.2;14;14.0641;13.8377;-3.30042;3.24637
20.2;15;15.1179;14.8637;-3.22685;3.22617
20.2;16;16.1713;15.8897;-3.05548;3.1524
20.2;17;17.2243;16.9157;-2.86523;3.09036
20.2;18;18.2765;17.9417;-2.54289;2.95949
20.2;19;19.3279;18.9677;-2.10625;2.82165
20.2;20;20.3783;19.9937;-1.47186;2.66776
20.2;21;21.4277;21.0197;-0.746206;0.727118
20.2;22;22.476;22.0457;-0.908591;0.886343
20.2;23;23.5232;23.0718;-0.965463;0.942162
20.2;24;24.5693;24.0978;-0.999581;0.975058
20.2;25;25.6141;25.1238;-1.03686;1.01193
20.2;26;26.6579;26.1498;-1.07363;1.0466
20.2;27;27.7005;27.1758;-1.11267;1.08398
20.2;28;28.742;28.2018;-1.15222;1.122
20.2;29;29.7824;29.2279;-1.19381;1.1621
20.2;30;30.8217;30.2539;-1.23735;1.20349
20.2;31;31.8601;31.2799;-1.28481;1.24844
20.2;32;32.8974;32.3059;-1.33573;1.29401
20.2;33;33.9339;33.3319;-1.38459;1.3405
20.2;34;34.9694;34.3579;-1.43577;1.39035
20.2;35;36.0041;35.384;-1.48948;1.44168
20.2;36;37.038;36.41;-1.54595;1.49492
20.2;37;38.0711;37.436;-1.70935;1.67202
20.2;38;39.1035;38.462;-1.78544;1.73302
20.2;39;40.1351;39.4881;-1.86044;1.79311
20.2;40;41.1661;40.5141;-1.92865;1.86032
20.2;41;42.1965;41.5401;-2.00734;1.92956
20.2;42;43.2263;42.5661;-2.07784;1.99572
20.2;43;44.2556;43.5921;-2.15321;2.06642
20.2;44;45.2843;44.6182;-2.23119;2.14077
20.2;45;46.3125;45.6442;-2.31255;2.21583
20.2;46;47.3402;46.6702;-2.50183;2.38712
20.2;47;48.3675;47.6962;-2.58194;2.46683
20.2;48;49.3943;48.7223;-2.66608;2.53944
20.2;49;50.4208;49.7483;-2.74663;2.61548
20.2;50;51.4468;50.7743;-2.82568;2.68988
20.4;5;4.6171;4.6031;-2.97917;2.84394
20.4;6;5.658;5.6287;-3.04863;2.90341
20.4;7;6.7019;6.6543;-3.11148;2.96562
20.4;8;7.7482;7.68;-3.21533;3.07516
20.4;9;8.7967;8.7057;-3.24522;3.11972
20.4;10;9.8469;9.7314;-3.30194;3.18738
20.4;11;10.8984;10.7571;-3.28022;3.19046
20.4;12;11.9509;11.7828;-3.26223;3.21424
20.4;13;13.0039;12.8085;-3.18619;3.19289
20.4;14;14.0571;13.8342;-3.01301;3.11768
20.4;15;15.1104;14.86;-2.82046;3.0539
20.4;16;16.1633;15.8857;-2.49824;2.92435
20.4;17;17.2158;16.9114;-2.06176;2.78553
20.4;18;18.2676;17.9372;-1.42974;2.63529
20.4;19;19.3187;18.9629;-0.749338;0.733682
20.4;20;20.3688;19.9886;-0.914057;0.891803
20.4;21;21.4179;21.0144;-0.970321;0.948053
20.4;22;22.4659;22.0401;-1.00445;0.980978
20.4;23;23.5128;23.0659;-1.04218;1.01725
20.4;24;24.5587;24.0916;-1.07897;1.05173
20.4;25;25.6033;25.1174;-1.11756;1.08934
20.4;26;26.6469;26.1431;-1.15712;1.12715
20.4;27;27.6893;27.1689;-1.19847;1.16681
20.4;28;28.7307;28.1946;-1.242;1.20796
20.4;29;29.7709;29.2204;-1.28921;1.25267
20.4;30;30.8102;30.2461;-1.33985;1.29798
20.4;31;31.8484;31.2719;-1.38787;1.34497
20.4;32;32.8857;32.2976;-1.4393;1.39377
20.4;33;33.922;33.3234;-1.49267;1.4448
20.4;34;34.9575;34.3491;-1.54879;1.49772
20.4;35;35.9921;35.3749;-1.71155;1.67424
20.4;36;37.0259;36.4006;-1.78691;1.73459
20.4;37;38.0589;37.4264;-1.86146;1.79398
20.4;38;39.0912;38.4521;-1.92919;1.86075
20.4;39;40.1228;39.4779;-2.00699;1.9292
20.4;40;41.1538;40.5036;-2.07654;1.99451
20.4;41;42.1841;41.5294;-2.15088;2.06466
20.4;42;43.2138;42.5551;-2.22814;2.13768
20.4;43;44.2429;43.5809;-2.30787;2.21206
20.4;44;45.2715;44.6066;-2.4954;2.38188
20.4;45;46.2997;45.6324;-2.574;2.46035
20.4;46;47.3273;46.6582;-2.6565;2.53118
20.4;47;48.3545;47.6839;-2.7347;2.6057
20.4;48;49.3813;48.7097;-2.81224;2.67844
20.4;49;50.4076;49.7354;-2.96519;2.83022
20.4;50;51.4336;50.7612;-3.02851;2.88914
20.6;5;4.6157;4.6021;-3.0903;2.95183
20.6;6;5.656;5.6274;-3.19014;3.05324
20.6;7;6.6993;6.6528;-3.21767;3.09655
20.6;8;7.745;7.6782;-3.27083;3.16147
20.6;9;8.7929;8.7036;-3.24672;3.16203
20.6;10;9.8425;9.729;-3.22782;3.1852
20.6;11;10.8933;10.7545;-3.14535;3.15966
20.6;12;11.9452;11.7799;-2.97023;3.0831
20.6;13;12.9976;12.8054;-2.77792;3.01768
20.6;14;14.0503;13.8308;-2.45449;2.88842
20.6;15;15.103;14.8563;-2.01817;2.7514
20.6;16;16.1555;15.8818;-1.38853;2.60371
20.6;17;17.2075;16.9072;-0.756144;0.740048
20.6;18;18.259;17.9327;-0.919507;0.896878
20.6;19;19.3096;18.9582;-0.975572;0.953365
20.6;20;20.3594;19.9837;-1.00969;0.986119
20.6;21;21.4082;21.0091;-1.04743;1.02221
20.6;22;22.4559;22.0346;-1.08421;1.05672
20.6;23;23.5026;23.0601;-1.12256;1.09414
20.6;24;24.5482;24.0856;-1.16187;1.13175
20.6;25;25.5927;25.1111;-1.2032;1.1712
20.6;26;26.6361;26.1365;-1.24647;1.21237
20.6;27;27.6783;27.162;-1.29338;1.25685
20.6;28;28.7195;28.1875;-1.34399;1.30192
20.6;29;29.7597;29.213;-1.3917;1.34866
20.6;30;30.7988;30.2385;-1.44279;1.39693
20.6;31;31.8369;31.264;-1.49581;1.44768
20.6;32;32.8741;32.2895;-1.55155;1.5003
20.6;33;33.9103;33.315;-1.71364;1.67626
20.6;34;34.9457;34.3404;-1.78857;1.73626
20.6;35;35.9802;35.3659;-1.86231;1.79497
20.6;36;37.014;36.3914;-1.92916;1.86103
20.6;37;38.0469;37.4169;-2.0064;1.92903
20.6;38;39.0791;38.4424;-2.07495;1.99354
20.6;39;40.1107;39.4679;-2.1482;2.06247
20.6;40;41.1415;40.4934;-2.22429;2.1349
20.6;41;42.1718;41.5189;-2.30316;2.20789
20.6;42;43.2014;42.5444;-2.4889;2.37626
20.6;43;44.2305;43.5699;-2.56596;2.4535
20.6;44;45.259;44.5954;-2.64676;2.52299
20.6;45;46.287;45.6208;-2.7236;2.5956
20.6;46;47.3146;46.6463;-2.79853;2.66669
20.6;47;48.3417;47.6718;-2.94684;2.81621
20.6;48;49.3684;48.6973;-3.00984;2.87307
20.6;49;50.3947;49.7228;-3.06931;2.93454
20.6;50;51.4205;50.7483;-3.16578;3.03286
20.8;5;4.6142;4.601;-3.19021;3.07385
20.8;6;5.6541;5.6261;-3.23976;3.13612
20.8;7;6.6967;6.6512;-3.21318;3.13425
20.8;8;7.7419;7.6764;-3.18846;3.15381
20.8;9;8.7892;8.7015;-3.10643;3.12736
20.8;10;9.8381;9.7267;-2.9295;3.04869
20.8;11;10.8884;10.7519;-2.73356;2.98281
20.8;12;11.9396;11.7771;-2.41007;2.85291
20.8;13;12.9915;12.8023;-1.97725;2.71652
20.8;14;14.0436;13.8275;-1.35036;2.57139
20.8;15;15.0958;14.8527;-0.761911;0.742157
20.8;16;16.1478;15.8779;-0.92471;0.901983
20.8;17;17.1994;16.9031;-0.981408;0.957717
20.8;18;18.2504;17.9283;-1.01552;0.990501
20.8;19;19.3007;18.9536;-1.05258;1.02726
20.8;20;20.3501;19.9788;-1.08911;1.06159
20.8;21;21.3986;21.004;-1.12766;1.09862
20.8;22;22.4461;22.0292;-1.1667;1.13604
20.8;23;23.4925;23.0544;-1.20775;1.17575
20.8;24;24.5379;24.0797;-1.25071;1.21649
20.8;25;25.5822;25.1049;-1.29757;1.26076
20.8;26;26.6254;26.1301;-1.34786;1.30561
20.8;27;27.6675;27.1554;-1.39605;1.3516
20.8;28;28.7086;28.1806;-1.44594;1.40013
20.8;29;29.7486;29.2058;-1.49857;1.45035
20.8;30;30.7876;30.231;-1.5539;1.50268
20.8;31;31.8256;31.2563;-1.7156;1.67838
20.8;32;32.8627;32.2815;-1.78973;1.73747
20.8;33;33.8988;33.3067;-1.86329;1.79582
20.8;34;34.9341;34.332;-1.92925;1.86118
20.8;35;35.9685;35.3572;-2.00552;1.92812
20.8;36;37.0022;36.3824;-2.07303;1.99215
20.8;37;38.0351;37.4077;-2.14554;2.06022
20.8;38;39.0672;38.4329;-2.22043;2.13173
20.8;39;40.0986;39.4581;-2.29799;2.20335
20.8;40;41.1294;40.4834;-2.48231;2.37028
20.8;41;42.1596;41.5086;-2.5578;2.44631
20.8;42;43.1892;42.5338;-2.63685;2.51448
20.8;43;44.2182;43.5591;-2.71176;2.58563
20.8;44;45.2466;44.5843;-2.78454;2.65513
20.8;45;46.2746;45.6095;-2.93104;2.80243
20.8;46;47.3021;46.6348;-2.9926;2.85625
20.8;47;48.3291;47.66;-3.04781;2.91213
20.8;48;49.3557;48.6852;-3.14155;3.01347
20.8;49;50.3819;49.7105;-3.16357;3.04976
20.8;50;51.4077;50.7357;-3.20951;3.11067
21;5;4.6129;4.6;-3.17959;3.10643
21;6;5.6521;5.6249;-3.14992;3.11854
21;7;6.6943;6.6497;-3.06727;3.09429
21;8;7.7389;7.6746;-2.88842;3.01446
21;9;8.7855;8.6995;-2.69139;2.94824
21;10;9.8338;9.7245;-2.36803;2.81786
21;11;10.8835;10.7494;-1.93538;2.68368
21;12;11.9342;11.7743;-1.31088;2.54165
21;13;12.9854;12.7993;-0.827535;0.808578
21;14;14.0371;13.8242;-0.818798;0.801625
21;15;15.0888;14.8492;-0.987165;0.962945
21;16;16.1403;15.8741;-1.02103;0.995587
21;17;17.1914;16.8991;-1.05805;1.0322
21;18;18.242;17.9241;-1.09455;1.06638
21;19;19.2919;18.949;-1.13283;1.10324
21;20;20.341;19.974;-1.17182;1.14073
21;21;21.3892;20.999;-1.21258;1.18003
21;22;22.4364;22.0239;-1.25548;1.22082
21;23;23.4826;23.0489;-1.3015;1.26466
21;24;24.5278;24.0739;-1.34982;1.3098
21;25;25.5719;25.0989;-1.39897;1.35508
21;26;26.6149;26.1238;-1.44817;1.40312
21;27;27.6568;27.1488;-1.50065;1.45255
21;28;28.6977;28.1738;-1.5546;1.50433
21;29;29.7376;29.1988;-1.72241;1.68005
21;30;30.7765;30.2237;-1.79784;1.73531
21;31;31.8144;31.2487;-1.8627;1.79655
21;32;32.8514;32.2737;-1.93395;1.86529
21;33;33.8874;33.2987;-2.00543;1.9281
21;34;34.9226;34.3236;-2.07565;1.99438
21;35;35.957;35.3486;-2.1425;2.05898
21;36;36.9905;36.3736;-2.22347;2.13214
21;37;38.0233;37.3986;-2.29274;2.19883
21;38;39.0554;38.4236;-2.47563;2.36435
21;39;40.0868;39.4485;-2.54948;2.43435
21;40;41.1175;40.4735;-2.62675;2.50651
21;41;42.1476;41.4985;-2.69967;2.57583
21;42;43.1771;42.5235;-2.7708;2.6433
21;43;44.206;43.5485;-2.91603;2.78891
21;44;45.2344;44.5735;-2.9743;2.84025
21;45;46.2623;45.5984;-3.02384;2.89554
21;46;47.2897;46.6234;-3.1174;2.99218
21;47;48.3167;47.6484;-3.13621;3.02805
21;48;49.3432;48.6734;-3.18005;3.08581
21;49;50.3693;49.6984;-3.15209;3.07859
21;50;51.395;50.7233;-3.11413;3.08878
21.2;5;4.6115;4.599;-3.02893;3.06306
21.2;6;5.6503;5.6236;-2.84815;2.98139
21.2;7;6.6919;6.6482;-2.65136;2.91293
21.2;8;7.7359;7.6729;-2.32681;2.78329
21.2;9;8.7819;8.6976;-1.89613;2.65152
21.2;10;9.8297;9.7222;-1.2744;2.5112
21.2;11;10.8788;10.7469;-0.771461;0.755247
21.2;12;11.9288;11.7716;-0.934912;0.911975
21.2;13;12.9795;12.7963;-0.991107;0.968261
21.2;14;14.0306;13.821;-1.02489;1.00078
21.2;15;15.0818;14.8457;-1.06249;1.03663
21.2;16;16.1329;15.8704;-1.09868;1.07088
21.2;17;17.1836;16.8952;-1.13664;1.10803
21.2;18;18.2338;17.9199;-1.17553;1.14514
21.2;19;19.2833;18.9446;-1.21643;1.18406
21.2;20;20.3321;19.9693;-1.25898;1.22467
21.2;21;21.38;20.994;-1.3054;1.26833
21.2;22;22.4269;22.0188;-1.35496;1.31254
21.2;23;23.4728;23.0435;-1.40181;1.35861
21.2;24;24.5178;24.0682;-1.45201;1.40592
21.2;25;25.5617;25.0929;-1.50378;1.45539
21.2;26;26.6045;26.1177;-1.55819;1.50693
21.2;27;27.6463;27.1424;-1.71869;1.68158
21.2;28;28.6871;28.1671;-1.79178;1.73978
21.2;29;29.7268;29.1918;-1.86287;1.79687
21.2;30;30.7656;30.2166;-1.93349;1.86526
21.2;31;31.8034;31.2413;-2.00393;1.92704
21.2;32;32.8402;32.266;-2.07341;1.99255
21.2;33;33.8762;33.2908;-2.14101;2.05598
21.2;34;34.9113;34.3155;-2.21912;2.12861
21.2;35;35.9456;35.3402;-2.28741;2.19434
21.2;36;36.9791;36.365;-2.46836;2.35849
21.2;37;38.0118;37.3897;-2.541;2.42694
21.2;38;39.0438;38.4144;-2.61692;2.49783
21.2;39;40.0751;39.4392;-2.68784;2.56531
21.2;40;41.1057;40.4639;-2.75727;2.63123
21.2;41;42.1358;41.4886;-2.90005;2.77467
21.2;42;43.1652;42.5134;-2.9537;2.8256
21.2;43;44.194;43.5381;-3.0026;2.87715
21.2;44;45.2224;44.5628;-3.09402;2.96902
21.2;45;46.2502;45.5876;-3.10888;3.00562
21.2;46;47.2775;46.6123;-3.14975;3.06024
21.2;47;48.3044;47.637;-3.11919;3.05147
21.2;48;49.3308;48.6618;-3.08104;3.06456
21.2;49;50.3568;49.6865;-2.9903;3.0311
21.2;50;51.3825;50.7112;-2.80867;2.94855
21.4;5;4.6102;4.5981;-2.61214;2.88116
21.4;6;5.6485;5.6224;-2.28638;2.75042
21.4;7;6.6895;6.6468;-1.85589;2.61865
21.4;8;7.733;7.6712;-1.23656;2.48172
21.4;9;8.7784;8.6956;-0.774995;0.75869
21.4;10;9.8256;9.7201;-0.941546;0.914922
21.4;11;10.8741;10.7445;-0.995999;0.97308
21.4;12;11.9236;11.769;-1.0297;1.00548
21.4;13;12.9738;12.7934;-1.067;1.04121
21.4;14;14.0243;13.8179;-1.10332;1.07533
21.4;15;15.075;14.8423;-1.14118;1.11235
21.4;16;16.1256;15.8668;-1.17998;1.14931
21.4;17;17.1759;16.8913;-1.22052;1.18808
21.4;18;18.2257;17.9158;-1.26295;1.2283
21.4;19;19.2749;18.9402;-1.30899;1.27203
21.4;20;20.3233;19.9647;-1.35841;1.31582
21.4;21;21.3709;20.9892;-1.40485;1.3617
21.4;22;22.4175;22.0137;-1.45459;1.40855
21.4;23;23.4632;23.0382;-1.50618;1.4578
21.4;24;24.5079;24.0626;-1.56009;1.50883
21.4;25;25.5516;25.0871;-1.7201;1.68299
21.4;26;26.5943;26.1116;-1.79262;1.74062
21.4;27;27.6359;27.1361;-1.86311;1.7974
21.4;28;28.6765;28.1606;-1.93308;1.86485
21.4;29;29.7161;29.1851;-2.00245;1.92593
21.4;30;30.7548;30.2096;-2.07115;1.99071
21.4;31;31.7925;31.234;-2.13751;2.05334
21.4;32;32.8292;32.2585;-2.2147;2.12476
21.4;33;33.8651;33.283;-2.28198;2.18954
21.4;34;34.9001;34.3075;-2.4614;2.35233
21.4;35;35.9343;35.332;-2.53232;2.41965
21.4;36;36.9677;36.3565;-2.60636;2.48888
21.4;37;38.0004;37.381;-2.67571;2.555
21.4;38;39.0323;38.4055;-2.7434;2.61939
21.4;39;40.0635;39.43;-2.88366;2.76072
21.4;40;41.0941;40.4544;-2.93508;2.80975
21.4;41;42.1241;41.4789;-2.98146;2.85916
21.4;42;43.1534;42.5034;-3.0693;2.95098
21.4;43;44.1822;43.5279;-3.0823;2.98312
21.4;44;45.2105;44.5524;-3.1202;3.03531
21.4;45;46.2382;45.5769;-3.08706;3.02437
21.4;46;47.2655;46.6014;-3.04583;3.03338
21.4;47;48.2923;47.6259;-2.95351;3.00016
21.4;48;49.3186;48.6504;-2.76877;2.91595
21.4;49;50.3446;49.6749;-2.56833;2.84656
21.4;50;51.3701;50.6994;-2.2452;2.71685
21.6;5;4.6089;4.5971;-1.81643;2.5865
21.6;6;5.6467;5.6212;-1.20168;2.45323
21.6;7;6.6872;6.6454;-0.781903;0.761645
21.6;8;7.7301;7.6696;-0.944705;0.921541
21.6;9;8.775;8.6937;-1.00139;0.977017
21.6;10;9.8216;9.7179;-1.03501;1.0095
21.6;11;10.8695;10.7421;-1.07177;1.04574
21.6;12;11.9185;11.7664;-1.10775;1.07974
21.6;13;12.9681;12.7906;-1.14574;1.1162
21.6;14;14.0182;13.8148;-1.18442;1.15303
21.6;15;15.0684;14.839;-1.22459;1.19188
21.6;16;16.1185;15.8633;-1.26663;1.23196
21.6;17;17.1683;16.8875;-1.31252;1.2753
21.6;18;18.2177;17.9117;-1.36151;1.31892
21.6;19;19.2665;18.936;-1.4086;1.36386
21.6;20;20.3146;19.9602;-1.45732;1.4113
21.6;21;21.3619;20.9844;-1.50842;1.46008
21.6;22;22.4083;22.0087;-1.5618;1.51062
21.6;23;23.4537;23.0329;-1.72129;1.6843
21.6;24;24.4982;24.0572;-1.79322;1.74137
21.6;25;25.5417;25.0814;-1.86307;1.79727
21.6;26;26.5842;26.1057;-1.93234;1.86407
21.6;27;27.6256;27.1299;-2.00097;1.9248
21.6;28;28.6661;28.1542;-2.06886;1.98886
21.6;29;29.7056;29.1784;-2.13435;2.05038
21.6;30;30.7441;30.2027;-2.21018;2.12095
21.6;31;31.7817;31.2269;-2.27641;2.18482
21.6;32;32.8184;32.2512;-2.45382;2.34627
21.6;33;33.8541;33.2754;-2.52344;2.41209
21.6;34;34.8891;34.2997;-2.59603;2.48011
21.6;35;35.9232;35.3239;-2.66379;2.54489
21.6;36;36.9565;36.3482;-2.72917;2.60735
21.6;37;37.9891;37.3724;-2.86684;2.74659
21.6;38;39.0209;38.3967;-2.91842;2.79218
21.6;39;40.0521;39.4209;-2.96039;2.84159
21.6;40;41.0826;40.4452;-3.04531;2.9311
21.6;41;42.1125;41.4694;-3.0557;2.96056
21.6;42;43.1418;42.4937;-3.09057;3.01103
21.6;43;44.1705;43.5179;-3.05477;2.99731
21.6;44;45.1987;44.5422;-3.00749;3.00072
21.6;45;46.2264;45.5664;-2.9164;2.96939
21.6;46;47.2536;46.5907;-2.73081;2.88458
21.6;47;48.2803;47.6149;-2.53062;2.81341
21.6;48;49.3066;48.6392;-2.20632;2.68504
21.6;49;50.3325;49.6635;-1.77773;2.55649
21.6;50;51.3579;50.6877;-1.16539;2.42576
21.8;5;4.6076;4.5962;-0.784801;0.768213
21.8;6;5.6449;5.6201;-0.949398;0.926111
21.8;7;6.6849;6.644;-1.00534;0.98231
21.8;8;7.7273;7.6679;-1.03904;1.01451
21.8;9;8.7717;8.6919;-1.07611;1.05003
21.8;10;9.8177;9.7158;-1.1122;1.08393
21.8;11;10.8651;10.7398;-1.14957;1.12049
21.8;12;11.9135;11.7638;-1.1881;1.15721
21.8;13;12.9626;12.7878;-1.22836;1.19572
21.8;14;14.0121;13.8118;-1.27024;1.23567
21.8;15;15.0618;14.8358;-1.31596;1.27863
21.8;16;16.1115;15.8598;-1.36477;1.32186
21.8;17;17.1609;16.8838;-1.41056;1.36715
21.8;18;18.2099;17.9078;-1.45961;1.41364
21.8;19;19.2584;18.9318;-1.51047;1.46197
21.8;20;20.3061;19.9558;-1.56361;1.5123
21.8;21;21.3531;20.9798;-1.72224;1.68523
21.8;22;22.3992;22.0038;-1.79354;1.74176
21.8;23;23.4444;23.0278;-1.86271;1.79738
21.8;24;24.4887;24.0518;-1.93126;1.86358
21.8;25;25.5319;25.0758;-1.9991;1.92334
21.8;26;26.5742;26.0999;-2.06615;1.98669
21.8;27;27.6155;27.1239;-2.13072;2.04745
21.8;28;28.6559;28.1479;-2.20556;2.1172
21.8;29;29.6952;29.1719;-2.2707;2.17981
21.8;30;30.7336;30.1959;-2.4465;2.33956
21.8;31;31.7711;31.2199;-2.51479;2.40469
21.8;32;32.8076;32.2439;-2.58592;2.47111
21.8;33;33.8433;33.268;-2.65155;2.53414
21.8;34;34.8782;34.292;-2.7151;2.59513
21.8;35;35.9122;35.316;-2.85073;2.73229
21.8;36;36.9454;36.34;-2.89755;2.77758
21.8;37;37.9779;37.364;-2.93938;2.82336
21.8;38;39.0097;38.3881;-3.02203;2.91173
21.8;39;40.0408;39.4121;-3.02982;2.93672
21.8;40;41.0713;40.4361;-3.06166;2.98609
21.8;41;42.1011;41.4601;-3.02321;2.97103
21.8;42;43.1303;42.4841;-2.97663;2.97603
21.8;43;44.159;43.5082;-2.87681;2.94313
21.8;44;45.1871;44.5322;-2.69239;2.85254
21.8;45;46.2147;45.5562;-2.49231;2.78173
21.8;46;47.2418;46.5802;-2.16663;2.65256
21.8;47;48.2685;47.6042;-1.74157;2.52583
21.8;48;49.2947;48.6282;-1.13202;2.39765
21.8;49;50.3205;49.6523;-0.789605;0.772967
21.8;50;51.3459;50.6763;-0.954142;0.930629
22;5;4.6063;4.5953;-1.00997;0.986755
22;6;5.6432;5.6189;-1.04353;1.01887
22;7;6.6827;6.6426;-1.08046;1.05431
22;8;7.7246;7.6663;-1.1164;1.08789
22;9;8.7684;8.6901;-1.15386;1.12458
22;10;9.8139;9.7138;-1.19198;1.16098
22;11;10.8607;10.7375;-1.23207;1.19938
22;12;11.9086;11.7613;-1.27377;1.23897
22;13;12.9571;12.7851;-1.3193;1.28181
22;14;14.0062;13.8088;-1.36763;1.3249
22;15;15.0554;14.8326;-1.41347;1.3698
22;16;16.1046;15.8564;-1.46201;1.41587
22;17;17.1536;16.8801;-1.51233;1.46402
22;18;18.2022;17.9039;-1.56488;1.51361
22;19;19.2503;18.9277;-1.72325;1.68609
22;20;20.2977;19.9514;-1.7939;1.74239
22;21;21.3444;20.9752;-1.86237;1.79716
22;22;22.3902;21.999;-1.93017;1.86277
22;23;23.4352;23.0228;-1.9972;1.92189
22;24;24.4792;24.0466;-2.06337;1.98422
22;25;25.5223;25.0704;-2.12699;2.04423
22;26;26.5644;26.0941;-2.2008;2.11282
22;27;27.6056;27.1179;-2.26439;2.17455
22;28;28.6457;28.1417;-2.43897;2.33299
22;29;29.6849;29.1655;-2.50589;2.39665
22;30;30.7232;30.1893;-2.57503;2.4619
22;31;31.7606;31.2131;-2.63947;2.52363
22;32;32.797;32.2369;-2.70117;2.58319
22;33;33.8326;33.2607;-2.83415;2.71833
22;34;34.8674;34.2844;-2.87922;2.76183
22;35;35.9013;35.3082;-2.9184;2.80559
22;36;36.9345;36.332;-2.99804;2.89055
22;37;37.9669;37.3558;-3.00313;2.91597
22;38;38.9987;38.3796;-3.03264;2.96183
22;39;40.0297;39.4034;-2.99147;2.9441
22;40;41.0601;40.4272;-2.94262;2.94913
22;41;42.0898;41.451;-2.84114;2.91277
22;42;43.119;42.4748;-2.65587;2.82177
22;43;44.1476;43.4986;-2.45205;2.75047
22;44;45.1756;44.5223;-2.12766;2.62188
22;45;46.2032;45.5461;-1.70433;2.49595
22;46;47.2302;46.5699;-1.09721;2.3706
22;47;48.2568;47.5937;-0.796504;0.775922
22;48;49.283;48.6175;-0.960177;0.933131
22;49;50.3087;49.6413;-1.01504;0.990369
22;50;51.334;50.6651;-1.04847;1.0226
22.2;5;4.6051;4.5944;-1.0848;1.05838
22.2;6;5.6415;5.6178;-1.12057;1.0921
22.2;7;6.6806;6.6413;-1.1581;1.12805
22.2;8;7.7219;7.6648;-1.19605;1.16457
22.2;9;8.7652;8.6883;-1.2357;1.20287
22.2;10;9.8101;9.7118;-1.27719;1.24236
22.2;11;10.8564;10.7353;-1.32225;1.28484
22.2;12;11.9037;11.7588;-1.37062;1.32756
22.2;13;12.9518;12.7824;-1.4165;1.37156
22.2;14;14.0003;13.8059;-1.46422;1.41799
22.2;15;15.0491;14.8294;-1.51426;1.46572
22.2;16;16.0979;15.853;-1.56621;1.51514
22.2;17;17.1465;16.8765;-1.72398;1.6869
22.2;18;18.1947;17.9001;-1.79394;1.7424
22.2;19;19.2424;18.9236;-1.86202;1.79692
22.2;20;20.2895;19.9472;-1.92904;1.86164
22.2;21;21.3359;20.9708;-1.99524;1.92014
22.2;22;22.3814;21.9943;-2.0605;1.9818
22.2;23;23.4261;23.0179;-2.12315;2.04073
22.2;24;24.4699;24.0414;-2.19589;2.10854
22.2;25;25.5128;25.065;-2.25875;2.16941
22.2;26;26.5547;26.0885;-2.43122;2.32658
22.2;27;27.5957;27.1121;-2.49673;2.38881
22.2;28;28.6357;28.1357;-2.5648;2.45249
22.2;29;29.6748;29.1592;-2.62704;2.51294
22.2;30;30.713;30.1828;-2.68682;2.5711
22.2;31;31.7502;31.2064;-2.81767;2.70424
22.2;32;32.7866;32.2299;-2.86217;2.74441
22.2;33;33.8221;33.2535;-2.89745;2.78774
22.2;34;34.8567;34.277;-2.97473;2.87165
22.2;35;35.8906;35.3006;-2.97712;2.89397
22.2;36;36.9237;36.3242;-3.0043;2.93762
22.2;37;37.9561;37.3477;-2.96041;2.91799
22.2;38;38.9877;38.3713;-2.9064;2.9153
22.2;39;40.0187;39.3949;-2.80508;2.8835
22.2;40;41.049;40.4184;-2.61886;2.79131
22.2;41;42.0787;41.442;-2.41648;2.71858
22.2;42;43.1078;42.4656;-2.09246;2.59057
22.2;43;44.1363;43.4891;-1.66959;2.46686
22.2;44;45.1643;44.5127;-1.06527;2.3446
22.2;45;46.1918;45.5363;-0.800359;0.779819
22.2;46;47.2188;46.5598;-0.963078;0.939377
22.2;47;48.2453;47.5834;-1.01947;0.994582
22.2;48;49.2714;48.607;-1.05273;1.02655
22.2;49;50.297;49.6305;-1.08889;1.06247
22.2;50;51.3223;50.6541;-1.12447;1.09591
22.4;5;4.6039;4.5935;-1.1618;1.13178
22.4;6;5.6399;5.6167;-1.19979;1.168
22.4;7;6.6785;6.64;-1.23923;1.20621
22.4;8;7.7193;7.6632;-1.2805;1.24537
22.4;9;8.7621;8.6865;-1.32532;1.28776
22.4;10;9.8065;9.7098;-1.37318;1.33037
22.4;11;10.8522;10.7331;-1.41879;1.37399
22.4;12;11.899;11.7564;-1.46622;1.42004
22.4;13;12.9466;12.7797;-1.51566;1.46735
22.4;14;13.9946;13.8031;-1.56758;1.51633
22.4;15;15.0429;14.8264;-1.72441;1.68768
22.4;16;16.0913;15.8497;-1.79399;1.74268
22.4;17;17.1394;16.873;-1.86232;1.79607
22.4;18;18.1873;17.8964;-1.92263;1.85615
22.4;19;19.2346;18.9197;-1.99248;1.91778
22.4;20;20.2814;19.943;-2.05339;1.97542
22.4;21;21.3275;20.9664;-2.11799;2.03663
22.4;22;22.3727;21.9897;-2.18429;2.0986
22.4;23;23.4172;23.013;-2.25249;2.16403
22.4;24;24.4608;24.0364;-2.42367;2.31995
22.4;25;25.5035;25.0597;-2.48728;2.38076
22.4;26;26.5452;26.083;-2.55375;2.44332
22.4;27;27.586;27.1064;-2.61473;2.5021
22.4;28;28.6259;28.1297;-2.67257;2.55887
22.4;29;29.6648;29.1531;-2.79895;2.68954
22.4;30;30.7028;30.1764;-2.84333;2.72846
22.4;31;31.74;31.1998;-2.87519;2.76543
22.4;32;32.7762;32.2231;-2.95068;2.8504
22.4;33;33.8116;33.2464;-2.95101;2.87198
22.4;34;34.8462;34.2698;-2.975;2.9128
22.4;35;35.88;35.2931;-2.92384;2.89199
22.4;36;36.913;36.3165;-2.87277;2.88793
22.4;37;37.9453;37.3398;-2.77076;2.85362
22.4;38;38.9769;38.3632;-2.58252;2.76024
22.4;39;40.0078;39.3865;-2.37759;2.68822
22.4;40;41.038;40.4099;-2.0564;2.56108
22.4;41;42.0677;41.4332;-1.63374;2.43857
22.4;42;43.0967;42.4565;-1.03186;2.31802
22.4;43;44.1252;43.4799;-0.803406;0.786427
22.4;44;45.1531;44.5032;-0.967447;0.94344
22.4;45;46.1805;45.5266;-1.02302;0.999411
22.4;46;47.2075;46.5499;-1.0563;1.03134
22.4;47;48.2339;47.5733;-1.09293;1.06638
22.4;48;49.2599;48.5966;-1.12831;1.09955
22.4;49;50.2855;49.62;-1.16519;1.1358
22.4;50;51.3107;50.6433;-1.20294;1.17173
22.6;5;4.6028;4.5927;-1.24264;1.20942
22.6;6;5.6383;5.6156;-1.28367;1.2485
22.6;7;6.6764;6.6387;-1.32824;1.29056
22.6;8;7.7167;7.6617;-1.37583;1.33282
22.6;9;8.759;8.6848;-1.42059;1.37685
22.6;10;9.8029;9.7079;-1.468;1.42175
22.6;11;10.8481;10.731;-1.5171;1.46893
22.6;12;11.8944;11.7541;-1.56836;1.51749
22.6;13;12.9415;12.7772;-1.72484;1.68814
22.6;14;13.989;13.8003;-1.79369;1.74267
22.6;15;15.0369;14.8234;-1.86157;1.79555
22.6;16;16.0848;15.8465;-1.92104;1.85508
22.6;17;17.1325;16.8696;-1.9918;1.91774
22.6;18;18.18;17.8927;-2.04993;1.97246
22.6;19;19.227;18.9158;-2.11387;2.03333
22.6;20;20.2734;19.9389;-2.17903;2.0942
22.6;21;21.3192;20.962;-2.246;2.15845
22.6;22;22.3642;21.9852;-2.41587;2.31273
22.6;23;23.4084;23.0083;-2.478;2.37294
22.6;24;24.4518;24.0314;-2.54285;2.43399
22.6;25;25.4942;25.0545;-2.60203;2.49155
22.6;26;26.5358;26.0776;-2.65842;2.54652
22.6;27;27.5764;27.1008;-2.78434;2.67572
22.6;28;28.6161;28.1239;-2.82328;2.71399
22.6;29;29.6549;29.147;-2.85881;2.75518
22.6;30;30.6929;30.1701;-2.92727;2.83089
22.6;31;31.7299;31.1933;-2.92555;2.85002
22.6;32;32.766;32.2164;-2.94715;2.8867
22.6;33;33.8013;33.2395;-2.89321;2.86611
22.6;34;34.8358;34.2627;-2.84366;2.8639
22.6;35;35.8695;35.2858;-2.73604;2.82486
22.6;36;36.9025;36.3089;-2.54684;2.73048
22.6;37;37.9347;37.332;-2.3447;2.65833
22.6;38;38.9662;38.3552;-2.02101;2.53101
22.6;39;39.997;39.3783;-1.60036;2.4097
22.6;40;41.0272;40.4014;-0.999124;2.29087
22.6;41;42.0568;41.4246;-0.872141;0.847346
22.6;42;43.0858;42.4477;-0.860485;0.842132
22.6;43;44.1142;43.4708;-1.02784;1.00346
22.6;44;45.142;44.4939;-1.06092;1.03535
22.6;45;46.1694;45.5171;-1.09735;1.07035
22.6;46;47.1963;46.5402;-1.13276;1.10347
22.6;47;48.2227;47.5633;-1.16942;1.13946
22.6;48;49.2486;48.5865;-1.20696;1.17511
22.6;49;50.2742;49.6096;-1.24617;1.21274
22.6;50;51.2993;50.6327;-1.28695;1.25152
22.8;5;4.6016;4.5918;-1.33098;1.29326
22.8;6;5.6368;5.6146;-1.37639;1.3357
22.8;7;6.6744;6.6374;-1.42218;1.37888
22.8;8;7.7142;7.6602;-1.46895;1.42367
22.8;9;8.756;8.6831;-1.51797;1.46966
22.8;10;9.7994;9.706;-1.56793;1.51779
22.8;11;10.8441;10.7288;-1.7303;1.6886
22.8;12;11.8899;11.7517;-1.80052;1.73884
22.8;13;12.9364;12.7746;-1.86042;1.79475
22.8;14;13.9835;13.7975;-1.91937;1.85375
22.8;15;15.0309;14.8204;-1.98811;1.91551
22.8;16;16.0784;15.8433;-2.04783;1.97061
22.8;17;17.1257;16.8662;-2.1084;2.02945
22.8;18;18.1728;17.8891;-2.17358;2.08958
22.8;19;19.2194;18.912;-2.23971;2.15303
22.8;20;20.2656;19.9349;-2.40779;2.3061
22.8;21;21.311;20.9578;-2.46887;2.36454
22.8;22;22.3558;21.9807;-2.53207;2.4245
22.8;23;23.3997;23.0036;-2.58943;2.48043
22.8;24;24.4429;24.0265;-2.6438;2.53405
22.8;25;25.4851;25.0494;-2.76572;2.66084
22.8;26;26.5265;26.0724;-2.80447;2.6979
22.8;27;27.567;27.0953;-2.83781;2.7372
22.8;28;28.6065;28.1182;-2.90449;2.81196
22.8;29;29.6452;29.1411;-2.90072;2.82685
22.8;30;30.683;30.164;-2.91913;2.8627
22.8;31;31.7199;31.1869;-2.8641;2.84036
22.8;32;32.7559;32.2098;-2.81132;2.8385
22.8;33;33.7912;33.2327;-2.70195;2.79638
22.8;34;34.8256;34.2557;-2.51179;2.70109
22.8;35;35.8592;35.2786;-2.30577;2.62786
22.8;36;36.8921;36.3015;-1.98473;2.50035
22.8;37;37.9242;37.3244;-1.56582;2.38168
22.8;38;38.9556;38.3473;-0.969205;2.26818
22.8;39;39.9864;39.3702;-0.814601;0.793621
22.8;40;41.0165;40.3932;-0.975905;0.951615
22.8;41;42.046;41.4161;-1.03174;1.00673
22.8;42;43.0749;42.439;-1.06482;1.03837
22.8;43;44.1033;43.4619;-1.10058;1.07374
22.8;44;45.1311;44.4848;-1.13573;1.10683
22.8;45;46.1584;45.5077;-1.17261;1.14233
22.8;46;47.1852;46.5307;-1.20987;1.17793
22.8;47;48.2116;47.5536;-1.24881;1.21549
22.8;48;49.2374;48.5765;-1.28955;1.25398
22.8;49;50.2629;49.5994;-1.33354;1.29565
22.8;50;51.288;50.6223;-1.38053;1.3375
23;5;4.6005;4.591;-1.4252;1.38008
23;6;5.6352;5.6135;-1.47137;1.42502
23;7;6.6724;6.6362;-1.51975;1.47144
23;8;7.7118;7.6588;-1.57024;1.51919
23;9;8.7531;8.6814;-1.72534;1.68878
23;10;9.7959;9.7041;-1.79297;1.7421
23;11;10.8402;10.7268;-1.8592;1.79399
23;12;11.8854;11.7494;-1.9176;1.85216
23;13;12.9315;12.7721;-1.98684;1.91337
23;14;13.9781;13.7948;-2.04333;1.96686
23;15;15.0251;14.8175;-2.1051;2.02571
23;16;16.0721;15.8402;-2.16832;2.08476
23;17;17.119;16.8629;-2.23317;2.14706
23;18;18.1657;17.8856;-2.39942;2.29891
23;19;19.212;18.9083;-2.45941;2.35639
23;20;20.2578;19.931;-2.52092;2.41488
23;21;21.303;20.9536;-2.57692;2.46963
23;22;22.3475;21.9763;-2.62978;2.52149
23;23;23.3912;22.999;-2.74944;2.64686
23;24;24.4341;24.0217;-2.78749;2.68073
23;25;25.4761;25.0445;-2.81743;2.7159
23;26;26.5173;26.0672;-2.88092;2.79247
23;27;27.5576;27.0899;-2.875;2.80686
23;28;28.597;28.1126;-2.89091;2.83947
23;29;29.6356;29.1353;-2.83384;2.8155
23;30;30.6732;30.158;-2.77671;2.80622
23;31;31.71;31.1807;-2.66848;2.7682
23;32;32.746;32.2034;-2.47738;2.67209
23;33;33.7811;33.2261;-2.27015;2.59897
23;34;34.8154;34.2488;-1.95062;2.47279
23;35;35.849;35.2715;-1.53193;2.35451
23;36;36.8818;36.2942;-0.939925;2.24327
23;37;37.9138;37.3169;-0.815537;0.798326
23;38;38.9452;38.3396;-0.979754;0.955558
23;39;39.9759;39.3623;-1.03515;1.01107
23;40;41.006;40.385;-1.06799;1.0427
23;41;42.0354;41.4077;-1.10438;1.07743
23;42;43.0643;42.4305;-1.13929;1.11028
23;43;44.0925;43.4532;-1.17566;1.14575
23;44;45.1203;44.4759;-1.21289;1.18132
23;45;46.1475;45.4986;-1.25178;1.21839
23;46;47.1743;46.5213;-1.29222;1.25683
23;47;48.2006;47.544;-1.33589;1.29821
23;48;49.2264;48.5667;-1.38255;1.33951
23;49;50.2518;49.5894;-1.42631;1.38253
23;50;51.2768;50.6121;-1.47294;1.42661
23.2;5;4.5994;4.5902;-1.52092;1.4724
23.2;6;5.6337;5.6125;-1.57069;1.51977
23.2;7;6.6705;6.6349;-1.72538;1.68898
23.2;8;7.7094;7.6574;-1.79252;1.74157
23.2;9;8.7502;8.6798;-1.85823;1.79299
23.2;10;9.7926;9.7023;-1.91572;1.85034
23.2;11;10.8363;10.7247;-1.98398;1.911
23.2;12;11.8811;11.7472;-2.03978;1.96356
23.2;13;12.9267;12.7697;-2.10082;2.02176
23.2;14;13.9728;13.7922;-2.16283;2.08012
23.2;15;15.0193;14.8146;-2.22636;2.14128
23.2;16;16.0659;15.8371;-2.39119;2.29156
23.2;17;17.1125;16.8596;-2.4496;2.3481
23.2;18;18.1588;17.8821;-2.50986;2.40513
23.2;19;19.2048;18.9046;-2.56448;2.45873
23.2;20;20.2502;19.9271;-2.61526;2.50932
23.2;21;21.2951;20.9496;-2.73492;2.63283
23.2;22;22.3393;21.9721;-2.76742;2.66612
23.2;23;23.3828;22.9946;-2.79633;2.70176
23.2;24;24.4254;24.0171;-2.85794;2.77067
23.2;25;25.4673;25.0395;-2.84987;2.78507
23.2;26;26.5083;26.062;-2.86328;2.81568
23.2;27;27.5484;27.0845;-2.80418;2.79009
23.2;28;28.5877;28.107;-2.74752;2.78443
23.2;29;29.6261;29.1295;-2.63562;2.74032
23.2;30;30.6636;30.152;-2.44357;2.64349
23.2;31;31.7003;31.1745;-2.23914;2.5706
23.2;32;32.7361;32.197;-1.91711;2.44468
23.2;33;33.7712;33.2195;-1.50044;2.32821
23.2;34;34.8054;34.2421;-0.909106;2.21951
23.2;35;35.8389;35.2646;-0.818887;0.801709
23.2;36;36.8716;36.2871;-0.98375;0.959356
23.2;37;37.9036;37.3096;-1.03892;1.01486
23.2;38;38.9349;38.3321;-1.07172;1.04629
23.2;39;39.9655;39.3546;-1.10786;1.08079
23.2;40;40.9955;40.3771;-1.14272;1.11362
23.2;41;42.0249;41.3996;-1.17905;1.14907
23.2;42;43.0537;42.4221;-1.21599;1.18439
23.2;43;44.0819;43.4446;-1.25458;1.22121
23.2;44;45.1096;44.4671;-1.29469;1.25938
23.2;45;46.1368;45.4896;-1.33829;1.30047
23.2;46;47.1635;46.5121;-1.38459;1.34148
23.2;47;48.1897;47.5346;-1.42799;1.38418
23.2;48;49.2155;48.5571;-1.47422;1.42793
23.2;49;50.2408;49.5796;-1.52179;1.47337
23.2;50;51.2658;50.6021;-1.57111;1.52036
23.4;5;4.5983;4.5894;-1.72504;1.68893
23.4;6;5.6323;5.6115;-1.79166;1.74109
23.4;7;6.6686;6.6337;-1.85682;1.79175
23.4;8;7.707;7.656;-1.91336;1.84861
23.4;9;8.7473;8.6782;-1.98133;1.90842
23.4;10;9.7893;9.7005;-2.03606;1.9604
23.4;11;10.8325;10.7227;-2.09593;2.01763
23.4;12;11.8768;11.745;-2.15709;2.0753
23.4;13;12.9219;12.7673;-2.2197;2.13535
23.4;14;13.9676;13.7895;-2.38309;2.28446
23.4;15;15.0137;14.8118;-2.4399;2.33968
23.4;16;16.0599;15.8341;-2.49889;2.3957
23.4;17;17.106;16.8564;-2.55159;2.44774
23.4;18;18.152;17.8787;-2.60077;2.49661
23.4;19;19.1976;18.901;-2.71634;2.61776
23.4;20;20.2427;19.9233;-2.74916;2.65046
23.4;21;21.2873;20.9456;-2.77581;2.68432
23.4;22;22.3312;21.9678;-2.83555;2.75126
23.4;23;23.3745;22.9901;-2.82458;2.76399
23.4;24;24.4169;24.0124;-2.83624;2.7927
23.4;25;25.4586;25.0347;-2.77423;2.76558
23.4;26;26.4994;26.057;-2.71411;2.75261
23.4;27;27.5393;27.0793;-2.60229;2.71276
23.4;28;28.5784;28.1016;-2.41035;2.61531
23.4;29;29.6167;29.1239;-2.20205;2.54169
23.4;30;30.6541;30.1462;-1.88268;2.41726
23.4;31;31.6907;31.1685;-1.46777;2.30279
23.4;32;32.7264;32.1908;-0.881057;2.19691
23.4;33;33.7613;33.2131;-0.823817;0.806512
23.4;34;34.7955;34.2354;-0.98767;0.963023
23.4;35;35.8289;35.2577;-1.0428;1.01854
23.4;36;36.8615;36.28;-1.07534;1.04976
23.4;37;37.8934;37.3023;-1.11143;1.08426
23.4;38;38.9247;38.3246;-1.14601;1.11686
23.4;39;39.9552;39.3469;-1.18228;1.15209
23.4;40;40.9852;40.3692;-1.21891;1.18717
23.4;41;42.0145;41.3915;-1.25743;1.22373
23.4;42;43.0432;42.4138;-1.29721;1.26164
23.4;43;44.0714;43.4361;-1.34046;1.30245
23.4;44;45.0991;44.4584;-1.38666;1.34341
23.4;45;46.1262;45.4808;-1.42966;1.38582
23.4;46;47.1528;46.5031;-1.47549;1.42925
23.4;47;48.179;47.5254;-1.52262;1.47435
23.4;48;49.2047;48.5477;-1.57147;1.52071
23.4;49;50.23;49.57;-1.72494;1.68865
23.4;50;51.2549;50.5923;-1.79071;1.74039
23.6;5;4.5973;4.5886;-1.85428;1.7906
23.6;6;5.6308;5.6105;-1.91611;1.85076
23.6;7;6.6667;6.6326;-1.97706;1.90434
23.6;8;7.7047;7.6546;-2.03629;1.96075
23.6;9;8.7446;8.6766;-2.09239;2.01402
23.6;10;9.786;9.6987;-2.15805;2.07575
23.6;11;10.8288;10.7208;-2.21275;2.12927
23.6;12;11.8726;11.7428;-2.37466;2.27723
23.6;13;12.9173;12.7649;-2.43029;2.33604
23.6;14;13.9625;13.787;-2.48798;2.38575
23.6;15;15.0082;14.8091;-2.53873;2.43667
23.6;16;16.0539;15.8312;-2.5863;2.48431
23.6;17;17.0997;16.8532;-2.7018;2.60415
23.6;18;18.1453;17.8753;-2.73024;2.63428
23.6;19;19.1905;18.8974;-2.75259;2.6636
23.6;20;20.2354;19.9195;-2.81232;2.73249
23.6;21;21.2797;20.9416;-2.79985;2.7405
23.6;22;22.3233;21.9637;-2.80978;2.77256
23.6;23;23.3663;22.9858;-2.75101;2.74127
23.6;24;24.4085;24.0079;-2.6832;2.72659
23.6;25;25.4499;25.03;-2.5706;2.68467
23.6;26;26.4906;26.0521;-2.37654;2.58756
23.6;27;27.5304;27.0742;-2.16955;2.51225
23.6;28;28.5693;28.0963;-1.85037;2.38809
23.6;29;29.6074;29.1184;-1.43747;2.27545
23.6;30;30.6447;30.1405;-0.851439;2.1738
23.6;31;31.6812;31.1626;-0.82929;0.807875
23.6;32;32.7168;32.1847;-0.991288;0.96677
23.6;33;33.7516;33.2068;-1.04702;1.02129
23.6;34;34.7857;34.2289;-1.07951;1.05271
23.6;35;35.819;35.251;-1.11488;1.08742
23.6;36;36.8515;36.2731;-1.14939;1.12003
23.6;37;37.8834;37.2952;-1.18558;1.15459
23.6;38;38.9146;38.3173;-1.22214;1.18966
23.6;39;39.9451;39.3394;-1.26008;1.22644
23.6;40;40.975;40.3615;-1.29976;1.26409
23.6;41;42.0042;41.3837;-1.34264;1.30465
23.6;42;43.0329;42.4058;-1.38846;1.34509
23.6;43;44.061;43.4279;-1.43188;1.38669
23.6;44;45.0886;44.45;-1.47644;1.43032
23.6;45;46.1157;45.4721;-1.5234;1.47509
23.6;46;47.1423;46.4942;-1.57177;1.5211
23.6;47;48.1684;47.5163;-1.72444;1.68842
23.6;48;49.194;48.5384;-1.78965;1.73947
23.6;49;50.2193;49.5605;-1.85263;1.78925
23.6;50;51.2441;50.5826;-1.9138;1.84894
23.8;5;4.5963;4.5878;-1.9737;1.9017
23.8;6;5.6294;5.6096;-2.03254;1.95722
23.8;7;6.6649;6.6314;-2.08782;2.0099
23.8;8;7.7025;7.6532;-2.15219;2.07062
23.8;9;8.7419;8.6751;-2.20591;2.12343
23.8;10;9.7829;9.697;-2.36632;2.26949
23.8;11;10.8252;10.7188;-2.42029;2.32741
23.8;12;11.8685;11.7407;-2.47664;2.37614
23.8;13;12.9127;12.7626;-2.52591;2.42554
23.8;14;13.9575;13.7845;-2.57238;2.47197
23.8;15;15.0027;14.8064;-2.68491;2.59002
23.8;16;16.0481;15.8283;-2.71371;2.61705
23.8;17;17.0935;16.8502;-2.73253;2.64623
23.8;18;18.1387;17.872;-2.78965;2.71321
23.8;19;19.1836;18.8939;-2.77568;2.72026
23.8;20;20.2281;19.9158;-2.78305;2.74921
23.8;21;21.2721;20.9377;-2.72219;2.71717
23.8;22;22.3155;21.9596;-2.65477;2.70638
23.8;23;23.3582;22.9816;-2.53841;2.6578
23.8;24;24.4002;24.0035;-2.34447;2.56025
23.8;25;25.4414;25.0254;-2.13762;2.48552
23.8;26;26.4819;26.0473;-1.81709;2.36331
23.8;27;27.5215;27.0692;-1.40596;2.24761
23.8;28;28.5603;28.0911;-0.824562;2.15021
23.8;29;29.5983;29.113;-0.831589;0.813999
23.8;30;30.6354;30.1349;-0.996699;0.968227
23.8;31;31.6718;31.1568;-1.05004;1.02537
23.8;32;32.7073;32.1787;-1.08244;1.05661
23.8;33;33.742;33.2006;-1.11817;1.09072
23.8;34;34.776;34.2225;-1.15236;1.12291
23.8;35;35.8092;35.2444;-1.18823;1.15792
23.8;36;36.8417;36.2663;-1.22468;1.19255
23.8;37;37.8735;37.2883;-1.2625;1.22887
23.8;38;38.9046;38.3102;-1.30181;1.26629
23.8;39;39.935;39.3321;-1.34457;1.30659
23.8;40;40.9648;40.354;-1.38997;1.34677
23.8;41;41.9941;41.3759;-1.43241;1.38859
23.8;42;43.0227;42.3978;-1.47735;1.43142
23.8;43;44.0507;43.4197;-1.52383;1.47561
23.8;44;45.0783;44.4416;-1.57199;1.52127
23.8;45;46.1053;45.4635;-1.72384;1.68799
23.8;46;47.1318;46.4855;-1.7888;1.73864
23.8;47;48.1579;47.5074;-1.85082;1.7877
23.8;48;49.1835;48.5293;-1.91133;1.84662
23.8;49;50.2087;49.5512;-1.97051;1.89889
23.8;50;51.2334;50.5731;-2.02819;1.95388
24;5;4.5953;4.587;-2.08262;2.00563
24;6;5.628;5.6086;-2.14605;2.06536
24;7;6.6631;6.6303;-2.19875;2.1171
24;8;7.7003;7.6519;-2.35763;2.26203
24;9;8.7392;8.6736;-2.41082;2.31868
24;10;9.7797;9.6953;-2.46534;2.36645
24;11;10.8216;10.7169;-2.5131;2.41436
24;12;11.8645;11.7386;-2.5579;2.45913
24;13;12.9083;12.7603;-2.6703;2.57687
24;14;13.9526;13.782;-2.69403;2.60246
24;15;14.9974;14.8037;-2.71236;2.6289
24;16;16.0423;15.8254;-2.76751;2.69401
24;17;17.0873;16.8471;-2.75055;2.70077
24;18;18.1322;17.8688;-2.75606;2.72669
24;19;19.1768;18.8905;-2.69392;2.69329
24;20;20.221;19.9122;-2.62304;2.68092
24;21;21.2647;20.9339;-2.50677;2.63129
24;22;22.3078;21.9557;-2.31177;2.53341
24;23;23.3503;22.9774;-2.10491;2.45614
24;24;24.392;23.9991;-1.7859;2.33681
24;25;25.4331;25.0208;-1.3768;2.22636
24;26;26.4733;26.0425;-0.796088;2.12949
24;27;27.5128;27.0642;-0.834813;0.817095
24;28;28.5514;28.0859;-0.998622;0.973759
24;29;29.5893;29.1077;-1.05336;1.02875
24;30;30.6263;30.1294;-1.08567;1.05981
24;31;31.6625;31.1511;-1.1213;1.09373
24;32;32.6979;32.1728;-1.1554;1.12594
24;33;33.7325;33.1945;-1.19092;1.16054
24;34;34.7664;34.2162;-1.22725;1.19518
24;35;35.7996;35.238;-1.26495;1.23105
24;36;36.832;36.2597;-1.30413;1.26847
24;37;37.8637;37.2814;-1.34648;1.30829
24;38;38.8947;38.3031;-1.39173;1.34845
24;39;39.9251;39.3248;-1.43373;1.38975
24;40;40.9548;40.3466;-1.47848;1.43229
24;41;41.984;41.3683;-1.52418;1.47617
24;42;43.0126;42.39;-1.57182;1.52151
24;43;44.0406;43.4117;-1.72313;1.68735
24;44;45.0681;44.4334;-1.78749;1.73762
24;45;46.095;45.4552;-1.84887;1.78597
24;46;47.1215;46.4769;-1.90868;1.84445
24;47;48.1475;47.4986;-1.96711;1.89591
24;48;49.1731;48.5203;-2.02398;1.95005
24;49;50.1982;49.542;-2.07753;2.00123
24;50;51.2229;50.5638;-2.14002;2.05998
24.2;5;4.5943;4.5863;-2.19169;2.11065
24.2;6;5.6267;5.6077;-2.349;2.25447
24.2;7;6.6614;6.6291;-2.40047;2.30988
24.2;8;7.6981;7.6506;-2.45407;2.35628
24.2;9;8.7366;8.6721;-2.5003;2.40313
24.2;10;9.7767;9.6936;-2.54339;2.44674
24.2;11;10.8181;10.7151;-2.65216;2.56126
24.2;12;11.8605;11.7366;-2.67549;2.58685
24.2;13;12.9039;12.7581;-2.69206;2.61164
24.2;14;13.9478;13.7796;-2.74521;2.67373
24.2;15;14.9921;14.8011;-2.7267;2.68015
24.2;16;16.0367;15.8226;-2.7296;2.70436
24.2;17;17.0813;16.8441;-2.66617;2.66892
24.2;18;18.1258;17.8656;-2.59377;2.65576
24.2;19;19.1701;18.8872;-2.47672;2.60516
24.2;20;20.2139;19.9087;-2.28079;2.50606
24.2;21;21.2573;20.9302;-2.07274;2.43166
24.2;22;22.3002;21.9517;-1.75525;2.30982
24.2;23;23.3424;22.9733;-1.34639;2.20179
24.2;24;24.384;23.9948;-0.768166;2.10663
24.2;25;25.4248;25.0163;-0.840393;0.818735
24.2;26;26.4649;26.0378;-1.0021;0.977025
24.2;27;27.5041;27.0594;-1.0574;1.03145
24.2;28;28.5426;28.0809;-1.08941;1.06233
24.2;29;29.5803;29.1024;-1.12426;1.09669
24.2;30;30.6172;30.124;-1.15824;1.12872
24.2;31;31.6533;31.1455;-1.19387;1.16289
24.2;32;32.6886;32.167;-1.22984;1.19733
24.2;33;33.7232;33.1885;-1.26715;1.23345
24.2;34;34.757;34.2101;-1.30618;1.27041
24.2;35;35.79;35.2316;-1.34811;1.31024
24.2;36;36.8223;36.2531;-1.39319;1.34991
24.2;37;37.854;37.2747;-1.43555;1.39018
24.2;38;38.8849;38.2962;-1.47898;1.43295
24.2;39;39.9153;39.3177;-1.52474;1.47653
24.2;40;40.945;40.3393;-1.57184;1.52156
24.2;41;41.9741;41.3608;-1.72229;1.6868
24.2;42;43.0026;42.3823;-1.78603;1.73642
24.2;43;44.0305;43.4039;-1.84674;1.78437
24.2;44;45.0579;44.4254;-1.90583;1.84211
24.2;45;46.0849;45.4469;-1.96385;1.89311
24.2;46;47.1113;46.4685;-2.0199;1.94641
24.2;47;48.1372;47.49;-2.07256;1.99669
24.2;48;49.1627;48.5115;-2.13409;2.05448
24.2;49;50.1878;49.5331;-2.18428;2.10448
24.2;50;51.2125;50.5546;-2.34;2.24684
24.4;5;4.5933;4.5856;-2.39063;2.30101
24.4;6;5.6253;5.6068;-2.44233;2.34649
24.4;7;6.6596;6.628;-2.48749;2.39188
24.4;8;7.696;7.6493;-2.52885;2.43435
24.4;9;8.7341;8.6706;-2.63568;2.54714
24.4;10;9.7737;9.6919;-2.6593;2.56973
24.4;11;10.8146;10.7132;-2.67228;2.59446
24.4;12;11.8567;11.7345;-2.72272;2.65651
24.4;13;12.8995;12.7559;-2.70261;2.65906
24.4;14;13.943;13.7772;-2.70366;2.68223
24.4;15;14.987;14.7985;-2.63807;2.64552
24.4;16;16.0311;15.8199;-2.56406;2.62455
24.4;17;17.0754;16.8412;-2.44615;2.57941
24.4;18;18.1195;17.8625;-2.25033;2.48017
24.4;19;19.1634;18.8839;-2.04243;2.40562
24.4;20;20.207;19.9052;-1.72514;2.28481
24.4;21;21.2501;20.9265;-1.31831;2.17534
24.4;22;22.2927;21.9479;-0.742944;2.08499
24.4;23;23.3347;22.9692;-0.955927;0.933002
24.4;24;24.376;23.9906;-0.894992;0.874406
24.4;25;25.4166;25.0119;-1.05999;1.0351
24.4;26;26.4565;26.0332;-1.09208;1.06583
24.4;27;27.4956;27.0546;-1.12726;1.09961
24.4;28;28.534;28.0759;-1.16111;1.13146
24.4;29;29.5715;29.0973;-1.19637;1.16589
24.4;30;30.6083;30.1186;-1.23219;1.19992
24.4;31;31.6443;31.14;-1.26935;1.23538
24.4;32;32.6795;32.1613;-1.30796;1.27236
24.4;33;33.7139;33.1827;-1.34997;1.31172
24.4;34;34.7476;34.204;-1.39459;1.35115
24.4;35;35.7806;35.2254;-1.43592;1.39194
24.4;36;36.8128;36.2467;-1.47968;1.43367
24.4;37;37.8444;37.268;-1.52491;1.47697
24.4;38;38.8753;38.2894;-1.57144;1.52141
24.4;39;39.9055;39.3107;-1.72069;1.68923
24.4;40;40.9352;40.3321;-1.78898;1.73299
24.4;41;41.9642;41.3534;-1.84477;1.78261
24.4;42;42.9927;42.3748;-1.90313;1.83963
24.4;43;44.0206;43.3961;-1.96;1.88985
24.4;44;45.0479;44.4175;-2.01556;1.94231
24.4;45;46.0748;45.4388;-2.06731;1.99205
24.4;46;47.1012;46.4602;-2.12784;2.04888
24.4;47;48.1271;47.4815;-2.17694;2.09785
24.4;48;49.1525;48.5029;-2.33148;2.23913
24.4;49;50.1776;49.5242;-2.38081;2.29249
24.4;50;51.2022;50.5456;-2.43108;2.33624
24.6;5;4.5923;4.5848;-2.47466;2.38061
24.6;6;5.624;5.6059;-2.51426;2.42149
24.6;7;6.658;6.627;-2.62087;2.53405
24.6;8;7.6939;7.6481;-2.63932;2.55526
24.6;9;8.7315;8.6692;-2.65234;2.57681
24.6;10;9.7708;9.6903;-2.70073;2.63763
24.6;11;10.8113;10.7114;-2.67828;2.63876
24.6;12;11.8529;11.7326;-2.67823;2.65962
24.6;13;12.8953;12.7537;-2.61135;2.62166
24.6;14;13.9384;13.7748;-2.53679;2.60399
24.6;15;14.9819;14.796;-2.41608;2.55407
24.6;16;16.0257;15.8171;-2.21921;2.4538
24.6;17;17.0696;16.8383;-2.0113;2.37695
24.6;18;18.1133;17.8594;-1.69554;2.25811
24.6;19;19.1569;18.8806;-1.29075;2.15412
24.6;20;20.2002;19.9018;-0.716087;2.0629
24.6;21;21.243;20.9229;-0.845399;0.827449
24.6;22;22.2854;21.9441;-1.00884;0.983553
24.6;23;23.3271;22.9652;-1.06306;1.03829
24.6;24;24.3682;23.9864;-1.09502;1.06887
24.6;25;25.4086;25.0076;-1.13006;1.10249
24.6;26;26.4483;26.0287;-1.16377;1.13396
24.6;27;27.4872;27.0499;-1.19888;1.16821
24.6;28;28.5254;28.071;-1.23454;1.20228
24.6;29;29.5628;29.0922;-1.27153;1.23754
24.6;30;30.5994;30.1134;-1.30996;1.27409
24.6;31;31.6353;31.1345;-1.35152;1.31324
24.6;32;32.6704;32.1557;-1.39567;1.35244
24.6;33;33.7047;33.1769;-1.43677;1.39298
24.6;34;34.7383;34.198;-1.48029;1.4342
24.6;35;35.7712;35.2192;-1.52497;1.47695
24.6;36;36.8034;36.2404;-1.57122;1.5211
24.6;37;37.8349;37.2615;-1.72051;1.6852
24.6;38;38.8657;38.2827;-1.78295;1.73382
24.6;39;39.8959;39.3039;-1.84362;1.7804
24.6;40;40.9255;40.325;-1.89531;1.83292
24.6;41;41.9545;41.3462;-1.9559;1.8858
24.6;42;42.9829;42.3674;-2.0068;1.93473
24.6;43;44.0107;43.3885;-2.06175;1.98764
24.6;44;45.0381;44.4097;-2.11511;2.03957
24.6;45;46.0649;45.4309;-2.16966;2.09152
24.6;46;47.0912;46.452;-2.32256;2.23135
24.6;47;48.117;47.4732;-2.37055;2.28312
24.6;48;49.1424;48.4944;-2.41983;2.32595
24.6;49;50.1674;49.5156;-2.4618;2.36933
24.6;50;51.192;50.5367;-2.50016;2.40911
24.8;5;4.5914;4.5841;-2.60307;2.51852
24.8;6;5.6228;5.605;-2.62105;2.53982
24.8;7;6.6563;6.6259;-2.63093;2.55537
24.8;8;7.6918;7.6468;-2.67923;2.61889
24.8;9;8.7291;8.6678;-2.65519;2.61674
24.8;10;9.7679;9.6887;-2.65248;2.63791
24.8;11;10.808;10.7097;-2.58162;2.59659
24.8;12;11.8491;11.7306;-2.50905;2.57979
24.8;13;12.8911;12.7516;-2.38545;2.52826
24.8;14;13.9338;13.7725;-2.18859;2.42891
24.8;15;14.9769;14.7935;-1.98068;2.35324
24.8;16;16.0203;15.8145;-1.66645;2.2371
24.8;17;17.0638;16.8355;-1.26191;2.13245
24.8;18;18.1073;17.8564;-0.691904;2.04375
24.8;19;19.1505;18.8774;-0.848713;0.830836
24.8;20;20.1935;19.8984;-1.01186;0.986637
24.8;21;21.236;20.9194;-1.06616;1.04124
24.8;22;22.2781;21.9403;-1.09799;1.07167
24.8;23;23.3196;22.9613;-1.13288;1.10514
24.8;24;24.3605;23.9823;-1.16643;1.13666
24.8;25;25.4007;25.0033;-1.20115;1.17053
24.8;26;26.4402;26.0243;-1.23663;1.20442
24.8;27;27.4789;27.0453;-1.27343;1.2395
24.8;28;28.5169;28.0663;-1.31166;1.27561
24.8;29;29.5542;29.0872;-1.35302;1.31479
24.8;30;30.5907;30.1082;-1.39695;1.35353
24.8;31;31.6264;31.1292;-1.43754;1.39384
24.8;32;32.6614;32.1502;-1.48051;1.43481
24.8;33;33.6957;33.1712;-1.52491;1.47703
24.8;34;34.7292;34.1922;-1.57086;1.52089
24.8;35;35.762;35.2132;-1.71923;1.68444
24.8;36;36.7941;36.2342;-1.78131;1.73244
24.8;37;37.8255;37.2551;-1.84125;1.77835
24.8;38;38.8563;38.2761;-1.89251;1.83048
24.8;39;39.8864;39.2971;-1.95191;1.88262
24.8;40;40.9159;40.3181;-2.00228;1.93074
24.8;41;41.9449;41.3391;-2.05627;1.9828
24.8;42;42.9732;42.3601;-2.10858;2.03416
24.8;43;44.001;43.3811;-2.16242;2.08474
24.8;44;45.0283;44.4021;-2.31367;2.22353
24.8;45;46.055;45.4231;-2.36029;2.27452
24.8;46;47.0813;46.444;-2.40806;2.31565
24.8;47;48.1071;47.465;-2.44889;2.35806
24.8;48;49.1325;48.486;-2.48545;2.39629
24.8;49;50.1574;49.507;-2.58459;2.50353
24.8;50;51.1819;50.528;-2.60326;2.52394
25;5;4.5905;4.5834;-2.61523;2.54568
25;6;5.6215;5.6041;-2.65682;2.59911
25;7;6.6547;6.6249;-2.63108;2.59804
25;8;7.6898;7.6456;-2.62721;2.61642
25;9;8.7267;8.6664;-2.555;2.57401
25;10;9.7651;9.6871;-2.47987;2.55594
25;11;10.8047;10.7079;-2.35637;2.50375
25;12;11.8455;11.7287;-2.15965;2.40357
25;13;12.8871;12.7495;-1.95055;2.32799
25;14;13.9293;13.7703;-1.63632;2.21074
25;15;14.9721;14.7911;-1.23535;2.10608
25;16;16.0151;15.8119;-0.666063;2.02417
25;17;17.0582;16.8327;-0.965155;0.94422
25;18;18.1013;17.8535;-0.904774;0.883798
25;19;19.1442;18.8743;-1.06973;1.04335
25;20;20.1869;19.8951;-1.10119;1.07383
25;21;21.2291;20.9159;-1.13571;1.10777
25;22;22.2709;21.9367;-1.16886;1.13893
25;23;23.3122;22.9575;-1.20387;1.17241
25;24;24.3528;23.9783;-1.23893;1.20613
25;25;25.3928;24.9991;-1.27529;1.24125
25;26;26.4321;26.0199;-1.31331;1.27741
25;27;27.4707;27.0407;-1.35418;1.31616
25;28;28.5086;28.0615;-1.39787;1.35468
25;29;29.5457;29.0823;-1.43876;1.39375
25;30;30.5821;30.1032;-1.48091;1.43498
25;31;31.6177;31.124;-1.52472;1.47721
25;32;32.6526;32.1448;-1.57035;1.52025
25;33;33.6867;33.1656;-1.71936;1.68525
25;34;34.7201;34.1864;-1.78372;1.72855
25;35;35.7529;35.2072;-1.83867;1.77617
25;36;36.7849;36.228;-1.88947;1.8276
25;37;37.8162;37.2488;-1.94803;1.87933
25;38;38.8469;38.2697;-1.99785;1.92666
25;39;39.877;39.2905;-2.05046;1.97787
25;40;40.9065;40.3113;-2.10211;2.02831
25;41;41.9353;41.3321;-2.15479;2.07829
25;42;42.9636;42.3529;-2.30434;2.21566
25;43;43.9914;43.3737;-2.35002;2.26549
25;44;45.0186;44.3945;-2.39677;2.30577
25;45;46.0453;45.4154;-2.43594;2.3468
25;46;47.0715;46.4362;-2.47119;2.38398
25;47;48.0973;47.457;-2.56832;2.48959
25;48;49.1226;48.4778;-2.58717;2.50709
25;49;50.1475;49.4986;-2.59215;2.52169
25;50;51.1719;50.5194;-2.63557;2.57948
25.2;5;4.5896;4.5827;-2.60819;2.57828
25.2;6;5.6203;5.6033;-2.6016;2.59449
25.2;7;6.6531;6.6238;-2.52798;2.55098
25.2;8;7.6879;7.6444;-2.45021;2.52846
25.2;9;8.7243;8.665;-2.32777;2.4788
25.2;10;9.7623;9.6856;-2.13;2.37876
25.2;11;10.8015;10.7062;-1.92356;2.30448
25.2;12;11.8419;11.7268;-1.60821;2.1864
25.2;13;12.8831;12.7474;-1.20749;2.0864
25.2;14;13.9249;13.768;-0.642871;2.00249
25.2;15;14.9672;14.7887;-0.855468;0.837284
25.2;16;16.0099;15.8093;-1.018;0.992698
25.2;17;17.0526;16.8299;-1.07202;1.04685
25.2;18;18.0954;17.8505;-1.10352;1.07721
25.2;19;19.138;18.8712;-1.13808;1.11019
25.2;20;20.1804;19.8918;-1.17128;1.14142
25.2;21;21.2223;20.9124;-1.20586;1.17497
25.2;22;22.2639;21.9331;-1.24071;1.20831
25.2;23;23.3049;22.9537;-1.2771;1.24304
25.2;24;24.3453;23.9743;-1.31464;1.27879
25.2;25;25.3851;24.995;-1.35553;1.31734
25.2;26;26.4242;26.0156;-1.3987;1.35566
25.2;27;27.4626;27.0363;-1.43876;1.39503
25.2;28;28.5003;28.0569;-1.48117;1.43526
25.2;29;29.5373;29.0775;-1.52468;1.47697
25.2;30;30.5736;30.0982;-1.56968;1.51974
25.2;31;31.6091;31.1188;-1.71677;1.6822
25.2;32;32.6438;32.1395;-1.77744;1.72897
25.2;33;33.6779;33.1601;-1.8362;1.77418
25.2;34;34.7112;34.1807;-1.88618;1.82462
25.2;35;35.7438;35.2014;-1.94422;1.87561
25.2;36;36.7758;36.222;-1.99274;1.92249
25.2;37;37.8071;37.2427;-2.04511;1.97286
25.2;38;38.8377;38.2633;-2.09567;2.02241
25.2;39;39.8677;39.2839;-2.14718;2.07141
25.2;40;40.8971;40.3046;-2.29546;2.20777
25.2;41;41.9259;41.3252;-2.33974;2.25644
25.2;42;42.9541;42.3459;-2.38494;2.29547
25.2;43;43.9818;43.3665;-2.42291;2.33556
25.2;44;45.009;44.3872;-2.45685;2.37124
25.2;45;46.0357;45.4078;-2.55365;2.47572
25.2;46;47.0618;46.4284;-2.57092;2.49138
25.2;47;48.0875;47.4491;-2.57215;2.50448
25.2;48;49.1128;48.4697;-2.61408;2.56297
25.2;49;50.1376;49.4904;-2.58501;2.55809
25.2;50;51.1621;50.511;-2.57646;2.57348
25.4;5;4.5887;4.5821;-2.5023;2.52899
25.4;6;5.6191;5.6024;-2.42293;2.50453
25.4;7;6.6516;6.6228;-2.29964;2.45429
25.4;8;7.6859;7.6432;-2.10082;2.35352
25.4;9;8.722;8.6636;-1.89305;2.27945
25.4;10;9.7596;9.6841;-1.58056;2.16164
25.4;11;10.7984;10.7045;-1.1819;2.06489
25.4;12;11.8383;11.725;-0.618;1.98547
25.4;13;12.8791;12.7454;-0.859094;0.840951
25.4;14;13.9206;13.7659;-1.02279;0.993506
25.4;15;14.9625;14.7863;-1.07496;1.04953
25.4;16;16.0048;15.8068;-1.10629;1.07977
25.4;17;17.0472;16.8272;-1.14066;1.11262
25.4;18;18.0896;17.8477;-1.17366;1.14349
25.4;19;19.1319;18.8681;-1.2078;1.17712
25.4;20;20.1739;19.8886;-1.24268;1.21031
25.4;21;21.2156;20.9091;-1.27885;1.24465
25.4;22;22.2569;21.9295;-1.31615;1.28022
25.4;23;23.2977;22.95;-1.35653;1.31835
25.4;24;24.3379;23.9705;-1.39943;1.35623
25.4;25;25.3775;24.9909;-1.4392;1.39564
25.4;26;26.4164;26.0114;-1.48131;1.43565
25.4;27;27.4546;27.0319;-1.52419;1.47686
25.4;28;28.4922;28.0523;-1.56884;1.5191
25.4;29;29.529;29.0728;-1.71526;1.68074
25.4;30;30.5651;30.0933;-1.77551;1.7272
25.4;31;31.6005;31.1137;-1.83349;1.77178
25.4;32;32.6352;32.1342;-1.88263;1.82186
25.4;33;33.6691;33.1547;-1.94014;1.87213
25.4;34;34.7023;34.1752;-1.98807;1.91825
25.4;35;35.7349;35.1956;-2.03941;1.96779
25.4;36;36.7668;36.2161;-2.08886;2.01645
25.4;37;37.798;37.2366;-2.13959;2.06487
25.4;38;38.8285;38.257;-2.28613;2.19945
25.4;39;39.8585;39.2775;-2.32943;2.24739
25.4;40;40.8878;40.298;-2.37355;2.28517
25.4;41;41.9166;41.3185;-2.41034;2.32436
25.4;42;42.9447;42.3389;-2.4424;2.35856
25.4;43;43.9724;43.3594;-2.53596;2.46094
25.4;44;44.9995;44.3799;-2.54959;2.47736
25.4;45;46.0261;45.4004;-2.55651;2.49463
25.4;46;47.0522;46.4208;-2.59305;2.54426
25.4;47;48.0779;47.4413;-2.56228;2.53812
25.4;48;49.1031;48.4618;-2.55257;2.55206
25.4;49;50.1279;49.4823;-2.4762;2.50658
25.4;50;51.1523;50.5027;-2.39323;2.48177
25.6;5;4.5879;4.5814;-2.2709;2.43023
25.6;6;5.6179;5.6016;-2.07327;2.3298
25.6;7;6.65;6.6218;-1.86433;2.2551
25.6;8;7.684;7.6421;-1.55338;2.14016
25.6;9;8.7197;8.6623;-1.15498;2.04012
25.6;10;9.7569;9.6826;-0.595756;1.96636
25.6;11;10.7953;10.7028;-0.863768;0.841081
25.6;12;11.8349;11.7231;-1.024;0.998282
25.6;13;12.8752;12.7434;-1.07811;1.0516
25.6;14;13.9163;13.7637;-1.10926;1.0815
25.6;15;14.9579;14.784;-1.14299;1.11506
25.6;16;15.9998;15.8043;-1.17579;1.1458
25.6;17;17.0418;16.8246;-1.21018;1.17864
25.6;18;18.0839;17.8449;-1.2446;1.21167
25.6;19;19.1259;18.8651;-1.28028;1.24631
25.6;20;20.1676;19.8854;-1.31732;1.28149
25.6;21;21.209;20.9057;-1.3577;1.31944
25.6;22;22.2501;21.926;-1.40031;1.35714
25.6;23;23.2906;22.9463;-1.44007;1.39533
25.6;24;24.3306;23.9666;-1.4813;1.43563
25.6;25;25.3699;24.9869;-1.52384;1.47662
25.6;26;26.4087;26.0072;-1.56781;1.51833
25.6;27;27.4468;27.0275;-1.71387;1.67946
25.6;28;28.4841;28.0478;-1.77336;1.72533
25.6;29;29.5208;29.0681;-1.83088;1.76928
25.6;30;30.5568;30.0885;-1.87952;1.81869
25.6;31;31.5921;31.1088;-1.93575;1.86825
25.6;32;32.6266;32.1291;-1.98307;1.91393
25.6;33;33.6605;33.1494;-2.03336;1.96267
25.6;34;34.6936;34.1697;-2.08208;2.01045
25.6;35;35.7261;35.19;-2.13158;2.05793
25.6;36;36.7578;36.2103;-2.27724;2.19152
25.6;37;37.789;37.2306;-2.31908;2.23835
25.6;38;38.8195;38.2509;-2.3621;2.2749
25.6;39;39.8493;39.2712;-2.39715;2.31275
25.6;40;40.8786;40.2915;-2.42784;2.34594
25.6;41;41.9073;41.3118;-2.51986;2.44674
25.6;42;42.9355;42.3321;-2.5336;2.46083
25.6;43;43.963;43.3524;-2.53347;2.47104
25.6;44;44.9901;44.3727;-2.57105;2.52514
25.6;45;46.0167;45.393;-2.53924;2.51836
25.6;46;47.0428;46.4133;-2.52751;2.5309
25.6;47;48.0684;47.4337;-2.45054;2.48449
25.6;48;49.0935;48.454;-2.37069;2.4634
25.6;49;50.1183;49.4743;-2.24366;2.40664
25.6;50;51.1426;50.4946;-2.045;2.30566
25.8;5;4.587;4.5807;-1.83872;2.23251
25.8;6;5.6167;5.6008;-1.52665;2.11706
25.8;7;6.6485;6.6208;-1.1303;2.02208
25.8;8;7.6822;7.6409;-0.571812;1.94518
25.8;9;8.7175;8.661;-0.864321;0.846089
25.8;10;9.7543;9.6811;-1.02668;1.00087
25.8;11;10.7923;10.7012;-1.08017;1.0549
25.8;12;11.8314;11.7213;-1.11132;1.0845
25.8;13;12.8714;12.7414;-1.14529;1.1171
25.8;14;13.9121;13.7616;-1.1781;1.14794
25.8;15;14.9533;14.7817;-1.21179;1.18086
25.8;16;15.9948;15.8018;-1.2462;1.21377
25.8;17;17.0365;16.8219;-1.28187;1.24757
25.8;18;18.0783;17.8421;-1.31866;1.28283
25.8;19;19.12;18.8622;-1.35849;1.32038
25.8;20;20.1614;19.8823;-1.40081;1.35765
25.8;21;21.2025;20.9025;-1.43996;1.39642
25.8;22;22.2433;21.9226;-1.48113;1.43549
25.8;23;23.2836;22.9427;-1.52331;1.47624
25.8;24;24.3233;23.9629;-1.5669;1.51772
25.8;25;25.3625;24.983;-1.71194;1.67806
25.8;26;26.4011;26.0032;-1.77098;1.72364
25.8;27;27.439;27.0233;-1.82801;1.76668
25.8;28;28.4762;28.0434;-1.87577;1.81575
25.8;29;29.5127;29.0636;-1.93179;1.86462
25.8;30;30.5486;30.0837;-1.97811;1.90922
25.8;31;31.5837;31.1038;-2.02655;1.95645
25.8;32;32.6181;32.124;-2.0753;2.00442
25.8;33;33.6519;33.1441;-2.12398;2.05097
25.8;34;34.6849;34.1643;-2.26787;2.18319
25.8;35;35.7173;35.1844;-2.30869;2.2289
25.8;36;36.749;36.2046;-2.35009;2.26467
25.8;37;37.7801;37.2247;-2.3844;2.30164
25.8;38;38.8105;38.2448;-2.41371;2.33339
25.8;39;39.8403;39.265;-2.50535;2.43314
25.8;40;40.8695;40.2851;-2.51743;2.44547
25.8;41;41.8982;41.3053;-2.51412;2.45427
25.8;42;42.9263;42.3254;-2.55018;2.50681
25.8;43;43.9538;43.3455;-2.51663;2.49694
25.8;44;44.9808;44.3657;-2.50369;2.51002
25.8;45;46.0073;45.3858;-2.42531;2.46273
25.8;46;47.0334;46.406;-2.34187;2.44063
25.8;47;48.0589;47.4261;-2.21581;2.38353
25.8;48;49.0841;48.4463;-2.01716;2.2821
25.8;49;50.1088;49.4664;-1.80956;2.20735
25.8;50;51.133;50.4865;-1.50036;2.09479
26;5;4.5862;4.5801;-1.10607;2.00223
26;6;5.6156;5.6;-0.548316;1.93207
26;7;6.6471;6.6199;-0.980827;0.957351
26;8;7.6804;7.6398;-0.919014;0.897462
26;9;8.7153;8.6597;-1.08264;1.0572
26;10;9.7517;9.6797;-1.11358;1.0869
26;11;10.7894;10.6996;-1.14755;1.11939
26;12;11.8281;11.7196;-1.18012;1.1499
26;13;12.8677;12.7395;-1.21381;1.1827
26;14;13.908;13.7595;-1.24772;1.21525
26;15;14.9488;14.7794;-1.28313;1.24915
26;16;15.99;15.7994;-1.31989;1.28379
26;17;17.0314;16.8194;-1.35943;1.32117
26;18;18.0728;17.8393;-1.40144;1.35827
26;19;19.1141;18.8593;-1.43999;1.3966
26;20;20.1553;19.8793;-1.4808;1.43548
26;21;21.1961;20.8993;-1.5226;1.47548
26;22;22.2366;21.9192;-1.5658;1.51673
26;23;23.2767;22.9392;-1.71138;1.67857
26;24;24.3162;23.9592;-1.77327;1.71921
26;25;25.3552;24.9792;-1.82385;1.76431
26;26;26.3935;25.9991;-1.87664;1.81621
26;27;27.4313;27.0191;-1.92787;1.86125
26;28;28.4683;28.0391;-1.97698;1.90818
26;29;29.5047;29.0591;-2.02172;1.95159
26;30;30.5404;30.079;-2.07468;2.002
26;31;31.5755;31.099;-2.11595;2.04399
26;32;32.6098;32.119;-2.25846;2.17526
26;33;33.6434;33.139;-2.29824;2.21538
26;34;34.6764;34.159;-2.3385;2.25447
26;35;35.7087;35.1789;-2.3705;2.29104
26;36;36.7403;36.1989;-2.39944;2.32093
26;37;37.7713;37.2189;-2.49067;2.42063
26;38;38.8016;38.2389;-2.49984;2.42972
26;39;39.8314;39.2589;-2.49585;2.44212
26;40;40.8605;40.2788;-2.52973;2.48986
26;41;41.8891;41.2988;-2.49444;2.47955
26;42;42.9172;42.3188;-2.48029;2.48943
26;43;43.9446;43.3388;-2.40226;2.44278
26;44;44.9716;44.3588;-2.31731;2.41827
26;45;45.9981;45.3787;-2.18943;2.36002
26;46;47.0241;46.3987;-1.98974;2.25912
26;47;48.0496;47.4187;-1.78216;2.18614
26;48;49.0747;48.4387;-1.47298;2.07461
26;49;50.0993;49.4587;-1.08049;1.97771
26;50;51.1236;50.4787;-0.527415;1.91183
26.2;5;4.5854;4.5795;-0.869946;0.851617
26.2;6;5.6145;5.5992;-1.03199;1.00607
26.2;7;6.6456;6.6189;-1.08529;1.05972
26.2;8;7.6786;7.6387;-1.11601;1.08912
26.2;9;8.7131;8.6585;-1.14975;1.12151
26.2;10;9.7492;9.6782;-1.18208;1.15169
26.2;11;10.7865;10.698;-1.21552;1.18438
26.2;12;11.8248;11.7178;-1.24941;1.2168
26.2;13;12.864;12.7376;-1.28454;1.25034
26.2;14;13.904;13.7574;-1.32075;1.28484
26.2;15;14.9444;14.7772;-1.36024;1.32207
26.2;16;15.9852;15.797;-1.40193;1.35877
26.2;17;17.0262;16.8168;-1.44013;1.39667
26.2;18;18.0673;17.8366;-1.48058;1.43509
26.2;19;19.1084;18.8565;-1.522;1.47516
26.2;20;20.1492;19.8763;-1.56478;1.51591
26.2;21;21.1898;20.8961;-1.70836;1.67496
26.2;22;22.2301;21.9159;-1.76646;1.71942
26.2;23;23.2699;22.9357;-1.82078;1.76156
26.2;24;24.3092;23.9555;-1.87301;1.81282
26.2;25;25.3479;24.9753;-1.92363;1.85719
26.2;26;26.3861;25.9952;-1.9717;1.90372
26.2;27;27.4237;27.015;-2.01573;1.94636
26.2;28;28.4606;28.0348;-2.0679;1.99593
26.2;29;29.4968;29.0546;-2.10832;2.03702
26.2;30;30.5324;30.0744;-2.24946;2.16695
26.2;31;31.5673;31.0943;-2.2882;2.20599
26.2;32;32.6015;32.1141;-2.32682;2.24432
26.2;33;33.635;33.1339;-2.35753;2.27961
26.2;34;34.6679;34.1537;-2.38504;2.30855
26.2;35;35.7001;35.1735;-2.47293;2.40527
26.2;36;36.7317;36.1934;-2.47897;2.41622
26.2;37;37.7626;37.2132;-2.47733;2.42514
26.2;38;38.7929;38.233;-2.50829;2.47075
26.2;39;39.8225;39.2528;-2.47266;2.46051
26.2;40;40.8516;40.2727;-2.45568;2.46845
26.2;41;41.8802;41.2925;-2.37699;2.42098
26.2;42;42.9081;42.3123;-2.29317;2.39392
26.2;43;43.9356;43.3321;-2.16242;2.337
26.2;44;44.9625;44.3519;-1.96393;2.23575
26.2;45;45.9889;45.3718;-1.75651;2.16239
26.2;46;47.0149;46.3916;-1.44754;2.0491
26.2;47;48.0403;47.4114;-1.05711;1.95997
26.2;48;49.0654;48.4312;-0.506942;1.89122
26.2;49;50.09;49.4511;-0.936611;0.915104
26.2;50;51.1142;50.4709;-0.923566;0.903461
26.4;5;4.5846;4.5788;-1.08877;1.06147
26.4;6;5.6134;5.5984;-1.11906;1.09076
26.4;7;6.6442;6.618;-1.15234;1.12368
26.4;8;7.6768;7.6376;-1.18095;1.15268
26.4;9;8.711;8.6572;-1.21809;1.1859
26.4;10;9.7467;9.6768;-1.25148;1.21821
26.4;11;10.7836;10.6965;-1.28634;1.25162
26.4;12;11.8216;11.7161;-1.32226;1.28599
26.4;13;12.8604;12.7358;-1.36065;1.3226
26.4;14;13.9;13.7554;-1.39575;1.35864
26.4;15;14.9401;14.775;-1.44039;1.39636
26.4;16;15.9805;15.7947;-1.47961;1.43512
26.4;17;17.0212;16.8143;-1.52031;1.47555
26.4;18;18.062;17.834;-1.56171;1.51472
26.4;19;19.1027;18.8537;-1.71176;1.67329
26.4;20;20.1433;19.8733;-1.77086;1.71364
26.4;21;21.1836;20.893;-1.81777;1.75874
26.4;22;22.2236;21.9126;-1.86942;1.8097
26.4;23;23.2631;22.9323;-1.91906;1.8534
26.4;24;24.3022;23.9519;-1.96645;1.89888
26.4;25;25.3408;24.9716;-2.00855;1.94145
26.4;26;26.3788;25.9913;-2.0607;1.98949
26.4;27;27.4162;27.0109;-2.10023;2.03005
26.4;28;28.4529;28.0306;-2.23996;2.15867
26.4;29;29.489;29.0503;-2.27762;2.19663
26.4;30;30.5245;30.0699;-2.31504;2.23423
26.4;31;31.5592;31.0896;-2.34444;2.26825
26.4;32;32.5933;32.1092;-2.37103;2.29581
26.4;33;33.6268;33.1289;-2.45732;2.39101
26.4;34;34.6595;34.1486;-2.46341;2.40234
26.4;35;35.6916;35.1682;-2.4592;2.41
26.4;36;36.7231;36.1879;-2.48865;2.45126
26.4;37;37.7539;37.2076;-2.45053;2.44173
26.4;38;38.7842;38.2272;-2.43229;2.44845
26.4;39;39.8138;39.2469;-2.353;2.39953
26.4;40;40.8428;40.2666;-2.26943;2.3756
26.4;41;41.8713;41.2862;-2.13581;2.31448
26.4;42;42.8992;42.3059;-1.93734;2.21298
26.4;43;43.9266;43.3256;-1.72994;2.14043
26.4;44;44.9535;44.3452;-1.42252;2.03189
26.4;45;45.9798;45.3649;-1.03415;1.94044
26.4;46;47.0057;46.3846;-0.484732;1.87703
26.4;47;48.0312;47.4042;-0.875485;0.856821
26.4;48;49.0562;48.4239;-1.03696;1.01097
26.4;49;50.0807;49.4436;-1.08981;1.06427
26.4;50;51.1049;50.4632;-1.12027;1.09349
26.6;5;4.5838;4.5782;-1.15374;1.12528
26.6;6;5.6123;5.5976;-1.18578;1.15525
26.6;7;6.6428;6.6171;-1.21867;1.18773
26.6;8;7.6751;7.6365;-1.25224;1.21948
26.6;9;8.709;8.656;-1.28677;1.25254
26.6;10;9.7443;9.6755;-1.32261;1.28678
26.6;11;10.7808;10.6949;-1.36145;1.32326
26.6;12;11.8184;11.7144;-1.40245;1.3594
26.6;13;12.8569;12.7339;-1.43992;1.39671
26.6;14;13.8961;13.7534;-1.47988;1.43452
26.6;15;14.9358;14.7729;-1.52049;1.47367
26.6;16;15.9759;15.7924;-1.56209;1.51345
26.6;17;17.0163;16.8119;-1.70447;1.67154
26.6;18;18.0567;17.8314;-1.76123;1.7149
26.6;19;19.0971;18.8509;-1.81446;1.75587
26.6;20;20.1374;19.8704;-1.86551;1.80621
26.6;21;21.1775;20.8899;-1.91451;1.84925
26.6;22;22.2172;21.9094;-1.9612;1.89402
26.6;23;23.2565;22.9289;-2.00373;1.93548
26.6;24;24.2954;23.9484;-2.05388;1.98341
26.6;25;25.3337;24.9679;-2.0921;2.02272
26.6;26;26.3715;25.9874;-2.23085;2.15041
26.6;27;27.4088;27.0069;-2.26695;2.18732
26.6;28;28.4453;28.0264;-2.30366;2.22377
26.6;29;29.4813;29.046;-2.33173;2.25699
26.6;30;30.5166;30.0655;-2.35632;2.28364
26.6;31;31.5513;31.085;-2.44268;2.37838
26.6;32;32.5852;32.1045;-2.44762;2.38442
26.6;33;33.6186;33.124;-2.43952;2.39228
26.6;34;34.6512;34.1435;-2.46731;2.43496
26.6;35;35.6833;35.163;-2.42955;2.42131
26.6;36;36.7147;36.1825;-2.40848;2.42809
26.6;37;37.7454;37.202;-2.32853;2.37919
26.6;38;38.7756;38.2216;-2.24129;2.3497
26.6;39;39.8051;39.2411;-2.11066;2.29248
26.6;40;40.8341;40.2606;-1.91234;2.19082
26.6;41;41.8625;41.2801;-1.70377;2.11921
26.6;42;42.8904;42.2996;-1.3979;2.00937
26.6;43;43.9177;43.3191;-1.00981;1.91912
26.6;44;44.9445;44.3386;-0.465088;1.85911
26.6;45;45.9709;45.3581;-0.943777;0.916675
26.6;46;46.9967;46.3777;-0.928595;0.908394
26.6;47;48.0221;47.3972;-1.09253;1.06651
26.6;48;49.0471;48.4167;-1.12297;1.09544
26.6;49;50.0716;49.4362;-1.15618;1.12736
26.6;50;51.0957;50.4557;-1.18796;1.15704
26.8;5;4.583;4.5776;-1.22082;1.1892
26.8;6;5.6113;5.5969;-1.25385;1.22107
26.8;7;6.6414;6.6162;-1.28833;1.2538
26.8;8;7.6734;7.6355;-1.32386;1.28769
26.8;9;8.7069;8.6548;-1.36183;1.3238
26.8;10;9.7419;9.6741;-1.40056;1.36005
26.8;11;10.778;10.6934;-1.43927;1.39671
26.8;12;11.8153;11.7128;-1.47852;1.4341
26.8;13;12.8534;12.7321;-1.51866;1.47225
26.8;14;13.8922;13.7514;-1.55948;1.51182
26.8;15;14.9316;14.7708;-1.70768;1.66943
26.8;16;15.9714;15.7901;-1.76541;1.70899
26.8;17;17.0114;16.8095;-1.81119;1.75294
26.8;18;18.0515;17.8288;-1.86128;1.80268
26.8;19;19.0916;18.8482;-1.90997;1.84507
26.8;20;20.1316;19.8675;-1.95557;1.88949
26.8;21;21.1714;20.8869;-1.99614;1.9302
26.8;22;22.2109;21.9062;-2.04662;1.97698
26.8;23;23.25;22.9256;-2.08434;2.01541
26.8;24;24.2886;23.9449;-2.22122;2.14179
26.8;25;25.3268;24.9643;-2.25667;2.17807
26.8;26;26.3644;25.9837;-2.29166;2.21339
26.8;27;27.4014;27.003;-2.31837;2.24536
26.8;28;28.4379;28.0224;-2.34253;2.27112
26.8;29;29.4737;29.0417;-2.42553;2.36341
26.8;30;30.5088;30.0611;-2.4267;2.37087
26.8;31;31.5434;31.0804;-2.42086;2.37642
26.8;32;32.5772;32.0998;-2.44774;2.41711
26.8;33;33.6105;33.1192;-2.40745;2.4018
26.8;34;34.643;34.1385;-2.38587;2.40872
26.8;35;35.675;35.1579;-2.30444;2.35775
26.8;36;36.7063;36.1772;-2.21642;2.32985
26.8;37;37.737;37.1966;-2.08485;2.27011
26.8;38;38.7671;38.216;-1.88655;2.16927
26.8;39;39.7965;39.2353;-1.67932;2.09653
26.8;40;40.8255;40.2547;-1.37367;1.98773
26.8;41;41.8538;41.274;-0.987651;1.90319
26.8;42;42.8816;42.2934;-0.443689;1.84084
26.8;43;43.9089;43.3128;-0.882938;0.859806
26.8;44;44.9357;44.3321;-1.04174;1.01544
26.8;45;45.962;45.3515;-1.09476;1.06779
26.8;46;46.9878;46.3709;-1.1247;1.09664
26.8;47;48.0131;47.3902;-1.15741;1.12888
26.8;48;49.038;48.4096;-1.18633;1.1576
26.8;49;50.0625;49.4289;-1.2219;1.1901
26.8;50;51.0866;50.4483;-1.25486;1.22164
27;5;4.5822;4.577;-1.28876;1.25471
27;6;5.6102;5.5961;-1.32418;1.28825
27;7;6.6401;6.6153;-1.36205;1.32423
27;8;7.6717;7.6344;-1.38328;1.36762
27;9;8.7049;8.6536;-1.4401;1.39585
27;10;9.7395;9.6728;-1.47839;1.43359
27;11;10.7753;10.6919;-1.50237;1.47783
27;12;11.8122;11.7111;-1.55111;1.5118
27;13;12.85;12.7303;-1.70018;1.66755
27;14;13.8884;13.7495;-1.75587;1.70984
27;15;14.9275;14.7687;-1.80795;1.74998
27;16;15.9669;15.7879;-1.85742;1.79911
27;17;17.0066;16.8071;-1.90507;1.84087
27;18;18.0464;17.8263;-1.95031;1.88426
27;19;19.0862;18.8455;-1.99128;1.92423
27;20;20.1259;19.8647;-2.03932;1.97056
27;21;21.1655;20.8839;-2.0761;2.00851
27;22;22.2047;21.9031;-2.21196;2.13362
27;23;23.2435;22.9223;-2.24581;2.16888
27;24;24.282;23.9415;-2.28004;2.20308
27;25;25.3199;24.9607;-2.3059;2.23384
27;26;26.3573;25.9799;-2.32803;2.25872
27;27;27.3942;26.9991;-2.40933;2.34957
27;28;28.4305;28.0184;-2.41167;2.35697
27;29;29.4661;29.0376;-2.40324;2.36077
27;30;30.5012;30.0568;-2.42786;2.40069
27;31;31.5356;31.076;-2.38648;2.38384
27;32;32.5693;32.0952;-2.36283;2.38833
27;33;33.6024;33.1144;-2.28074;2.33743
27;34;34.6349;34.1336;-2.1948;2.31125
27;35;35.6668;35.1528;-2.05941;2.24827
27;36;36.698;36.172;-1.86114;2.14738
27;37;37.7286;37.1912;-1.65393;2.07569
27;38;38.7586;38.2105;-1.34983;1.96699
27;39;39.7881;39.2297;-0.965882;1.88405
27;40;40.8169;40.2489;-0.422683;1.82734
27;41;41.8452;41.2681;-0.88514;0.862052
27;42;42.873;42.2873;-1.04393;1.01765
27;43;43.9002;43.3065;-1.09691;1.06974
27;44;44.9269;44.3257;-1.12658;1.09852
27;45;45.9532;45.3449;-1.15922;1.1307
27;46;46.9789;46.3642;-1.18808;1.15913
27;47;48.0042;47.3834;-1.22335;1.19154
27;48;49.0291;48.4026;-1.25598;1.22277
27;49;50.0535;49.4218;-1.28979;1.25551
27;50;51.0776;50.441;-1.32461;1.2887
27.2;5;4.5815;4.5764;-1.36237;1.32457
27.2;6;5.6092;5.5954;-1.38184;1.36809
27.2;7;6.6388;6.6144;-1.43989;1.39542
27.2;8;7.6701;7.6334;-1.47775;1.433
27.2;9;8.703;8.6524;-1.50098;1.47681
27.2;10;9.7372;9.6714;-1.54922;1.51032
27.2;11;10.7727;10.6905;-1.6981;1.66561
27.2;12;11.8092;11.7095;-1.75292;1.70739
27.2;13;12.8466;12.7286;-1.80575;1.74667
27.2;14;13.8847;13.7476;-1.85251;1.79268
27.2;15;14.9234;14.7667;-1.89944;1.836
27.2;16;15.9625;15.7857;-1.94466;1.87971
27.2;17;17.0019;16.8048;-1.98364;1.91791
27.2;18;18.0414;17.8238;-2.02583;1.95907
27.2;19;19.0809;18.8429;-2.0678;2.00127
27.2;20;20.1203;19.8619;-2.20217;2.1251
27.2;21;21.1596;20.881;-2.23579;2.15975
27.2;22;22.1986;21.9;-2.26829;2.1933
27.2;23;23.2372;22.9191;-2.29379;2.22197
27.2;24;24.2754;23.9382;-2.31389;2.24598
27.2;25;25.3131;24.9572;-2.39176;2.3349
27.2;26;26.3504;25.9763;-2.39455;2.33956
27.2;27;27.3871;26.9953;-2.38337;2.33975
27.2;28;28.4232;28.0144;-2.40695;2.38215
27.2;29;29.4587;29.0335;-2.36438;2.36681
27.2;30;30.4936;30.0525;-2.34097;2.36963
27.2;31;31.5279;31.0716;-2.25127;2.31751
27.2;32;32.5615;32.0906;-2.17069;2.2899
27.2;33;33.5945;33.1097;-2.03435;2.22696
27.2;34;34.6269;34.1288;-1.8361;2.12611
27.2;35;35.6587;35.1478;-1.62892;2.05342
27.2;36;36.6898;36.1669;-1.32637;1.94838
27.2;37;37.7203;37.186;-0.944494;1.86601
27.2;38;38.7503;38.205;-0.404217;1.81011
27.2;39;39.7796;39.2241;-0.885418;0.866507
27.2;40;40.8084;40.2432;-1.04605;1.01973
27.2;41;41.8367;41.2622;-1.09832;1.07238
27.2;42;42.8644;42.2813;-1.12814;1.1009
27.2;43;43.8916;43.3004;-1.16094;1.13218
27.2;44;44.9182;44.3194;-1.19204;1.1614
27.2;45;45.9444;45.3385;-1.22419;1.19309
27.2;46;46.9702;46.3576;-1.25673;1.22401
27.2;47;47.9954;47.3766;-1.29043;1.25621
27.2;48;49.0202;48.3957;-1.32514;1.2893
27.2;49;50.0446;49.4148;-1.36278;1.32482
27.2;50;51.0686;50.4338;-1.40251;1.35969
27.4;5;4.5808;4.5759;-1.43864;1.39568
27.4;6;5.6082;5.5947;-1.47689;1.43234
27.4;7;6.6375;6.6135;-1.51597;1.46974
27.4;8;7.6685;7.6324;-1.55596;1.50823
27.4;9;8.701;8.6513;-1.69543;1.66334
27.4;10;9.7349;9.6702;-1.74999;1.7049
27.4;11;10.7701;10.689;-1.80221;1.74364
27.4;12;11.8062;11.7079;-1.84831;1.78908
27.4;13;12.8433;12.7268;-1.89489;1.83177
27.4;14;13.8811;13.7457;-1.93899;1.87483
27.4;15;14.9194;14.7646;-1.97713;1.91231
27.4;16;15.9582;15.7835;-2.01883;1.95234
27.4;17;16.9972;16.8025;-2.05985;1.9937
27.4;18;18.0364;17.8214;-2.19274;2.11664
27.4;19;19.0756;18.8403;-2.22519;2.15029
27.4;20;20.1148;19.8592;-2.25689;2.18318
27.4;21;21.1538;20.8781;-2.28101;2.21067
27.4;22;22.1925;21.897;-2.30011;2.23385
27.4;23;23.2309;22.9159;-2.37802;2.32188
27.4;24;24.2689;23.9348;-2.37902;2.32446
27.4;25;25.3064;24.9538;-2.36451;2.32341
27.4;26;26.3435;25.9727;-2.38779;2.36327
27.4;27;27.38;26.9916;-2.34339;2.34816
27.4;28;28.416;28.0105;-2.31866;2.35059
27.4;29;29.4513;29.0294;-2.2283;2.29724
27.4;30;30.4861;30.0483;-2.1431;2.2666
27.4;31;31.5202;31.0673;-2.00966;2.2062
27.4;32;32.5538;32.0862;-1.81144;2.1045
27.4;33;33.5867;33.1051;-1.6056;2.03409
27.4;34;34.619;34.124;-1.30328;1.92821
27.4;35;35.6506;35.1429;-0.921695;1.84478
27.4;36;36.6817;36.1619;-0.383973;1.79257
27.4;37;37.7122;37.1808;-0.887695;0.86887
27.4;38;38.742;38.1997;-1.04809;1.02168
27.4;39;39.7713;39.2186;-1.10008;1.07407
27.4;40;40.8001;40.2375;-1.12982;1.10254
27.4;41;41.8282;41.2565;-1.16231;1.13376
27.4;42;42.8559;42.2754;-1.19333;1.16292
27.4;43;43.883;43.2943;-1.22538;1.19409
27.4;44;44.9097;44.3132;-1.25781;1.22494
27.4;45;45.9358;45.3321;-1.29116;1.25705
27.4;46;46.9615;46.3511;-1.32575;1.28981
27.4;47;47.9867;47.37;-1.363;1.32498
27.4;48;49.0115;48.3889;-1.40232;1.35949
27.4;49;50.0358;49.4078;-1.43829;1.39536
27.4;50;51.0598;50.4267;-1.47609;1.43162
27.6;5;4.58;4.5753;-1.51469;1.4686
27.6;6;5.6072;5.594;-1.55447;1.50664
27.6;7;6.6362;6.6127;-1.6931;1.66132
27.6;8;7.6669;7.6314;-1.74708;1.70209
27.6;9;8.6991;8.6501;-1.79867;1.74028
27.6;10;9.7327;9.6689;-1.8441;1.78514
27.6;11;10.7675;10.6876;-1.88996;1.82722
27.6;12;11.8033;11.7064;-1.93328;1.86961
27.6;13;12.84;12.7251;-1.97058;1.90674
27.6;14;13.8775;13.7439;-2.01137;1.94601
27.6;15;14.9155;14.7627;-2.05139;1.98655
27.6;16;15.9539;15.7814;-2.1832;2.10825
27.6;17;16.9926;16.8002;-2.21446;2.14092
27.6;18;18.0315;17.8189;-2.24535;2.17273
27.6;19;19.0705;18.8377;-2.26805;2.19904
27.6;20;20.1094;19.8565;-2.28613;2.22139
27.6;21;21.1481;20.8753;-2.36059;2.30753
27.6;22;22.1865;21.894;-2.35894;2.31113
27.6;23;23.2247;22.9128;-2.34992;2.31458
27.6;24;24.2625;23.9316;-2.36829;2.3494
27.6;25;25.2998;24.9503;-2.32351;2.32855
27.6;26;26.3367;25.9691;-2.2967;2.33122
27.6;27;27.373;26.9879;-2.20569;2.27664
27.6;28;28.4088;28.0067;-2.11491;2.24217
27.6;29;29.444;29.0254;-1.98532;2.18511
27.6;30;30.4787;30.0442;-1.78713;2.08452
27.6;31;31.5127;31.063;-1.57999;2.01333
27.6;32;32.5461;32.0818;-1.28055;1.90896
27.6;33;33.5789;33.1005;-0.901044;1.8304
27.6;34;34.6111;34.1193;-0.366251;1.77981
27.6;35;35.6427;35.1381;-0.892586;0.869148
27.6;36;36.6737;36.1569;-1.05005;1.0237
27.6;37;37.704;37.1757;-1.10262;1.07524
27.6;38;38.7338;38.1944;-1.13184;1.10365
27.6;39;39.7631;39.2132;-1.1638;1.13522
27.6;40;40.7917;40.232;-1.19216;1.16324
27.6;41;41.8199;41.2508;-1.22667;1.195
27.6;42;42.8475;42.2695;-1.25875;1.22576
27.6;43;43.8746;43.2883;-1.29173;1.25756
27.6;44;44.9011;44.3071;-1.32593;1.29023
27.6;45;45.9272;45.3259;-1.36277;1.32507
27.6;46;46.9529;46.3447;-1.38206;1.36775
27.6;47;47.978;47.3634;-1.43829;1.3942
27.6;48;49.0028;48.3822;-1.47505;1.43058
27.6;49;50.0271;49.401;-1.4974;1.4734
27.6;50;51.051;50.4198;-1.54443;1.50586
27.8;5;4.5793;4.5747;-1.69048;1.65898
27.8;6;5.6062;5.5933;-1.74418;1.69925
27.8;7;6.635;6.6118;-1.7948;1.73722
27.8;8;7.6654;7.6304;-1.83988;1.78121
27.8;9;8.6973;8.649;-1.88465;1.82268
27.8;10;9.7305;9.6676;-1.92753;1.86476
27.8;11;10.765;10.6862;-1.96437;1.90084
27.8;12;11.8005;11.7048;-2.00424;1.93936
27.8;13;12.8368;12.7235;-2.04327;1.97909
27.8;14;13.8739;13.7421;-2.17356;2.09993
27.8;15;14.9116;14.7607;-2.20408;2.13164
27.8;16;15.9497;15.7793;-2.23366;2.16239
27.8;17;16.9881;16.7979;-2.25492;2.18799
27.8;18;18.0267;17.8166;-2.27194;2.20908
27.8;19;19.0654;18.8352;-2.34523;2.29586
27.8;20;20.104;19.8538;-2.3441;2.29484
27.8;21;21.1424;20.8725;-2.3285;2.29199
27.8;22;22.1807;21.8911;-2.34843;2.33105
27.8;23;23.2186;22.9097;-2.30172;2.30989
27.8;24;24.2562;23.9283;-2.27509;2.31221
27.8;25;25.2933;24.947;-2.18255;2.2572
27.8;26;26.33;25.9656;-2.09283;2.22384
27.8;27;27.3661;26.9842;-1.96239;2.16457
27.8;28;28.4018;28.0029;-1.76317;2.06324
27.8;29;29.4368;29.0215;-1.55739;1.99226
27.8;30;30.4713;30.0402;-1.25817;1.88939
27.8;31;31.5052;31.0588;-0.88075;1.81285
27.8;32;32.5385;32.0774;-0.346736;1.76505
27.8;33;33.5712;33.0961;-0.892011;0.873223
27.8;34;34.6033;34.1147;-1.05191;1.02541
27.8;35;35.6348;35.1333;-1.10374;1.07773
27.8;36;36.6657;36.152;-1.13309;1.1059
27.8;37;37.696;37.1706;-1.16539;1.13659
27.8;38;38.7257;38.1892;-1.19597;1.1652
27.8;39;39.7549;39.2079;-1.22757;1.19625
27.8;40;40.7835;40.2265;-1.25929;1.22673
27.8;41;41.8116;41.2452;-1.29238;1.25823
27.8;42;42.8391;42.2638;-1.32618;1.29058
27.8;43;43.8662;43.2824;-1.36286;1.32508
27.8;44;44.8927;44.3011;-1.40186;1.35914
27.8;45;45.9188;45.3197;-1.43693;1.39427
27.8;46;46.9443;46.3384;-1.47406;1.42976
27.8;47;47.9695;47.357;-1.51194;1.46619
27.8;48;48.9942;48.3756;-1.55066;1.50336
27.8;49;50.0185;49.3943;-1.6882;1.65662
27.8;50;51.0423;50.4129;-1.74096;1.69669
28;5;4.5786;4.5742;-1.79126;1.73384
28;6;5.6053;5.5926;-1.83565;1.77727
28;7;6.6337;6.611;-1.87966;1.81815
28;8;7.6638;7.6295;-1.92174;1.85959
28;9;8.6954;8.6479;-1.9577;1.89499
28;10;9.7284;9.6664;-1.99663;1.93276
28;11;10.7625;10.6848;-2.03506;1.97169
28;12;11.7976;11.7033;-2.16425;2.0913
28;13;12.8337;12.7218;-2.19356;2.12204
28;14;13.8704;13.7403;-2.22182;2.15173
28;15;14.9078;14.7588;-2.24212;2.17662
28;16;15.9456;15.7772;-2.25809;2.19645
28;17;16.9837;16.7957;-2.33136;2.28037
28;18;18.022;17.8142;-2.32899;2.28034
28;19;19.0604;18.8327;-2.31068;2.27636
28;20;20.0987;19.8512;-2.32962;2.31536
28;21;21.1369;20.8697;-2.28177;2.29281
28;22;22.1749;21.8882;-2.25302;2.29288
28;23;23.2126;22.9067;-2.15975;2.23743
28;24;24.2499;23.9252;-2.07108;2.206
28;25;25.2869;24.9437;-1.93875;2.14372
28;26;26.3233;25.9622;-1.73956;2.0436
28;27;27.3593;26.9807;-1.53513;1.97306
28;28;28.3948;27.9992;-1.23615;1.87075
28;29;29.4297;29.0177;-0.859023;1.79211
28;30;30.4641;30.0362;-0.329729;1.74659
28;31;31.4979;31.0546;-0.894451;0.875421
28;32;32.531;32.0731;-1.05388;1.0274
28;33;33.5636;33.0916;-1.10541;1.07929
28;34;34.5956;34.1101;-1.13465;1.10721
28;35;35.627;35.1286;-1.16662;1.13786
28;36;36.6578;36.1471;-1.19709;1.16642
28;37;37.6881;37.1656;-1.22832;1.19719
28;38;38.7177;38.1841;-1.26014;1.22739
28;39;39.7468;39.2026;-1.29285;1.25858
28;40;40.7754;40.2211;-1.3265;1.29086
28;41;41.8034;41.2396;-1.36276;1.32504
28;42;42.8309;42.2581;-1.40131;1.35875
28;43;43.8579;43.2766;-1.43618;1.39352
28;44;44.8843;44.2951;-1.47281;1.42889
28;45;45.9104;45.3136;-1.51047;1.46492
28;46;46.9359;46.3321;-1.54863;1.50168
28;47;47.961;47.3506;-1.68528;1.65423
28;48;48.9856;48.3691;-1.73774;1.69352
28;49;50.0099;49.3876;-1.78736;1.73046
28;50;51.0337;50.4061;-1.83103;1.77335
28.2;5;4.5779;4.5736;-1.87463;1.81364
28.2;6;5.6043;5.5919;-1.91589;1.85412
28.2;7;6.6325;6.6102;-1.95097;1.88882
28.2;8;7.6623;7.6285;-1.98934;1.92622
28.2;9;8.6936;8.6468;-2.02674;1.96436
28.2;10;9.7262;9.6652;-2.15437;2.08275
28.2;11;10.76;10.6835;-2.1829;2.11254
28.2;12;11.7949;11.7018;-2.2103;2.14163
28.2;13;12.8306;12.7202;-2.22966;2.1654
28.2;14;13.867;13.7385;-2.24403;2.18447
28.2;15;14.904;14.7569;-2.31435;2.26657
28.2;16;15.9415;15.7752;-2.30869;2.26712
28.2;17;16.9793;16.7936;-2.29645;2.26715
28.2;18;18.0173;17.8119;-2.30974;2.29697
28.2;19;19.0554;18.8303;-2.2614;2.2767
28.2;20;20.0935;19.8486;-2.23128;2.27461
28.2;21;21.1314;20.867;-2.13817;2.2181
28.2;22;22.1691;21.8853;-2.04871;2.18543
28.2;23;23.2066;22.9037;-1.91545;2.12343
28.2;24;24.2438;23.922;-1.71629;2.02365
28.2;25;25.2805;24.9404;-1.51189;1.95356
28.2;26;26.3168;25.9588;-1.21446;1.85181
28.2;27;27.3526;26.9771;-0.839422;1.77826
28.2;28;28.3879;27.9955;-0.310914;1.73124
28.2;29;29.4227;29.0138;-0.896173;0.87712
28.2;30;30.4569;30.0322;-1.05575;1.0291
28.2;31;31.4906;31.0506;-1.10697;1.08096
28.2;32;32.5236;32.0689;-1.13609;1.10864
28.2;33;33.5561;33.0873;-1.16794;1.13925
28.2;34;34.588;34.1057;-1.19805;1.16755
28.2;35;35.6193;35.124;-1.22939;1.19806
28.2;36;36.65;36.1424;-1.26059;1.22797
28.2;37;37.6802;37.1607;-1.29313;1.2591
28.2;38;38.7098;38.1791;-1.32662;1.29084
28.2;39;39.7388;39.1975;-1.36271;1.32493
28.2;40;40.7673;40.2158;-1.4008;1.35856
28.2;41;41.7953;41.2342;-1.43519;1.39298
28.2;42;42.8227;42.2526;-1.47159;1.42772
28.2;43;43.8496;43.2709;-1.50871;1.46336
28.2;44;44.8761;44.2893;-1.54662;1.49969
28.2;45;45.902;45.3077;-1.68269;1.65183
28.2;46;46.9275;46.326;-1.73451;1.69065
28.2;47;47.9526;47.3444;-1.78243;1.72708
28.2;48;48.9772;48.3627;-1.82709;1.77197
28.2;49;50.0014;49.3811;-1.86993;1.80948
28.2;50;51.0252;50.3995;-1.90998;1.84868
28.4;5;4.5773;4.5731;-1.94967;1.88763
28.4;6;5.6034;5.5912;-1.98812;1.92449
28.4;7;6.6313;6.6094;-2.01832;1.95673
28.4;8;7.6609;7.6276;-2.14481;2.0743
28.4;9;8.6918;8.6458;-2.1735;2.10769
28.4;10;9.7242;9.664;-2.19861;2.13123
28.4;11;10.7576;10.6822;-2.21699;2.15388
28.4;12;11.7921;11.7004;-2.23029;2.17218
28.4;13;12.8275;12.7186;-2.30056;2.25347
28.4;14;13.8636;13.7368;-2.29239;2.25253
28.4;15;14.9004;14.755;-2.27602;2.24922
28.4;16;15.9375;15.7732;-2.29088;2.28186
28.4;17;16.975;16.7914;-2.24136;2.25901
28.4;18;18.0127;17.8096;-2.21067;2.25535
28.4;19;19.0505;18.8279;-2.11691;2.20142
28.4;20;20.0883;19.8461;-2.02667;2.16536
28.4;21;21.126;20.8643;-1.89564;2.10019
28.4;22;22.1635;21.8825;-1.69452;2.0034
28.4;23;23.2007;22.9007;-1.4903;1.93376
28.4;24;24.2377;23.919;-1.19311;1.83382
28.4;25;25.2742;24.9372;-0.820157;1.76125
28.4;26;26.3103;25.9554;-0.292439;1.72071
28.4;27;27.346;26.9736;-0.900485;0.876953
28.4;28;28.3811;27.9919;-1.05729;1.03069
28.4;29;29.4158;29.0101;-1.10905;1.08172
28.4;30;30.4498;30.0283;-1.13785;1.10935
28.4;31;31.4834;31.0466;-1.16912;1.14034
28.4;32;32.5163;32.0648;-1.19653;1.16774
28.4;33;33.5487;33.083;-1.2303;1.19863
28.4;34;34.5805;34.1012;-1.26159;1.22848
28.4;35;35.6117;35.1195;-1.29348;1.25933
28.4;36;36.6423;36.1377;-1.32653;1.291
28.4;37;37.6724;37.1559;-1.36243;1.32478
28.4;38;38.7019;38.1742;-1.38127;1.36586
28.4;39;39.7309;39.1924;-1.43507;1.39137
28.4;40;40.7593;40.2106;-1.4704;1.42652
28.4;41;41.7872;41.2288;-1.49122;1.46776
28.4;42;42.8146;42.2471;-1.53663;1.49853
28.4;43;43.8415;43.2653;-1.67977;1.64913
28.4;44;44.8679;44.2835;-1.73093;1.68778
28.4;45;45.8938;45.3018;-1.77849;1.72341
28.4;46;46.9192;46.32;-1.82275;1.76776
28.4;47;47.9443;47.3382;-1.86481;1.8047
28.4;48;48.9688;48.3564;-1.90401;1.84328
28.4;49;49.993;49.3747;-1.94278;1.88157
28.4;50;51.0167;50.3929;-1.98065;1.91771
28.6;5;4.5766;4.5726;-2.01021;1.94956
28.6;6;5.6025;5.5906;-2.13511;2.06555
28.6;7;6.6302;6.6086;-2.16253;2.09842
28.6;8;7.6594;7.6266;-2.18674;2.12096
28.6;9;8.6901;8.6447;-2.20412;2.1425
28.6;10;9.7221;9.6628;-2.21631;2.15959
28.6;11;10.7553;10.6808;-2.28535;2.24007
28.6;12;11.7895;11.6989;-2.27763;2.23924
28.6;13;12.8245;12.717;-2.25917;2.23492
28.6;14;13.8603;13.7351;-2.27234;2.26525
28.6;15;14.8967;14.7531;-2.22164;2.23974
28.6;16;15.9336;15.7712;-2.18958;2.23715
28.6;17;16.9708;16.7893;-2.09509;2.18221
28.6;18;18.0082;17.8074;-2.00591;2.14661
28.6;19;19.0457;18.8255;-1.86982;2.08373
28.6;20;20.0832;19.8436;-1.67191;1.98382
28.6;21;21.1207;20.8617;-1.46771;1.91585
28.6;22;22.1579;21.8798;-1.17209;1.81678
28.6;23;23.195;22.8978;-0.801221;1.74538
28.6;24;24.2317;23.9159;-0.27645;1.70308
28.6;25;25.268;24.934;-0.900334;0.881199
28.6;26;26.3039;25.9521;-1.05913;1.03239
28.6;27;27.3394;26.9702;-1.10991;1.08381
28.6;28;28.3744;27.9883;-1.13879;1.11123
28.6;29;29.4089;29.0064;-1.17015;1.14136
28.6;30;30.4428;30.0245;-1.19998;1.16937
28.6;31;31.4762;31.0426;-1.23079;1.19957
28.6;32;32.5091;32.0607;-1.26167;1.22916
28.6;33;33.5413;33.0788;-1.29388;1.25973
28.6;34;34.573;34.0969;-1.3265;1.2911
28.6;35;35.6041;35.115;-1.3622;1.32458
28.6;36;36.6347;36.1331;-1.39962;1.35755
28.6;37;37.6647;37.1512;-1.43329;1.39128
28.6;38;38.6941;38.1693;-1.46922;1.42529
28.6;39;39.723;39.1874;-1.50525;1.46043
28.6;40;40.7514;40.2055;-1.54229;1.49596
28.6;41;41.7792;41.2236;-1.67684;1.64673
28.6;42;42.8066;42.2417;-1.72766;1.68462
28.6;43;43.8334;43.2598;-1.77452;1.72007
28.6;44;44.8597;44.2778;-1.81802;1.76359
28.6;45;45.8856;45.2959;-1.85963;1.79996
28.6;46;46.911;46.314;-1.89835;1.83793
28.6;47;47.936;47.3321;-1.9362;1.87557
28.6;48;48.9605;48.3502;-1.97307;1.91102
28.6;49;49.9847;49.3683;-2.00156;1.94172
28.6;50;51.0084;50.3864;-2.12573;2.0569
28.8;5;4.576;4.5721;-2.15187;2.08886
28.8;6;5.6016;5.5899;-2.17518;2.11039
28.8;7;6.629;6.6078;-2.19157;2.13129
28.8;8;7.658;7.6257;-2.20265;2.14766
28.8;9;8.6884;8.6437;-2.26987;2.22637
28.8;10;9.7201;9.6616;-2.26319;2.22194
28.8;11;10.7529;10.6795;-2.24067;2.21865
28.8;12;11.7868;11.6975;-2.25272;2.24715
28.8;13;12.8216;12.7154;-2.20149;2.2221
28.8;14;13.8571;13.7334;-2.1688;2.21866
28.8;15;14.8932;14.7513;-2.07359;2.16346
28.8;16;15.9297;15.7693;-1.9826;2.12756
28.8;17;16.9666;16.7872;-1.84749;2.06432
28.8;18;18.0037;17.8052;-1.64961;1.96494
28.8;19;19.041;18.8231;-1.44677;1.89546
28.8;20;20.0782;19.8411;-1.15138;1.79821
28.8;21;21.1154;20.8591;-0.780826;1.72924
28.8;22;22.1524;21.877;-0.258633;1.68859
28.8;23;23.1892;22.895;-0.901933;0.882808
28.8;24;24.2257;23.9129;-1.06064;1.03381
28.8;25;25.2619;24.9309;-1.11151;1.08522
28.8;26;26.2976;25.9489;-1.13981;1.11262
28.8;27;27.3329;26.9668;-1.17125;1.14251
28.8;28;28.3678;27.9848;-1.20093;1.17028
28.8;29;29.4021;29.0028;-1.23134;1.20023
28.8;30;30.4359;30.0207;-1.26229;1.22955
28.8;31;31.4692;31.0387;-1.29383;1.25984
28.8;32;32.5019;32.0567;-1.3265;1.29093
28.8;33;33.534;33.0746;-1.36174;1.32434
28.8;34;34.5656;34.0926;-1.39894;1.35674
28.8;35;35.5967;35.1106;-1.43237;1.39039
28.8;36;36.6271;36.1285;-1.46777;1.42405
28.8;37;37.6571;37.1465;-1.50352;1.45881
28.8;38;38.6864;38.1644;-1.53996;1.49395
28.8;39;39.7153;39.1824;-1.67389;1.64403
28.8;40;40.7436;40.2004;-1.72404;1.68148
28.8;41;41.7713;41.2183;-1.77016;1.71613
28.8;42;42.7986;42.2363;-1.81324;1.75944
28.8;43;43.8254;43.2543;-1.85438;1.79526
28.8;44;44.8517;44.2723;-1.89223;1.8323
28.8;45;45.8775;45.2902;-1.92952;1.86929
28.8;46;46.9029;46.3082;-1.96539;1.9044
28.8;47;47.9278;47.3262;-1.9932;1.93436
28.8;48;48.9523;48.3441;-2.1162;2.04837
28.8;49;49.9764;49.3621;-2.14152;2.07943
28.8;50;51.0001;50.3801;-2.16342;2.10041
29;5;4.5753;4.5715;-2.17879;2.12025
29;6;5.6008;5.5893;-2.18874;2.13545
29;7;6.6279;6.6071;-2.25527;2.21289
29;8;7.6566;7.6248;-2.24292;2.20913
29;9;8.6867;8.6426;-2.22379;2.2032
29;10;9.7181;9.6604;-2.2348;2.23235
29;11;10.7507;10.6783;-2.18239;2.20544
29;12;11.7842;11.6961;-2.14833;2.20057
29;13;12.8187;12.7139;-2.0524;2.14516
29;14;13.8538;13.7317;-1.96055;2.10822
29;15;14.8896;14.7495;-1.82547;2.0455
29;16;15.9259;15.7674;-1.62762;1.94577
29;17;16.9625;16.7852;-1.42481;1.87808
29;18;17.9993;17.803;-1.13099;1.78185
29;19;19.0363;18.8208;-0.762528;1.71426
29;20;20.0733;19.8387;-0.241136;1.67895
29;21;21.1102;20.8565;-0.906105;0.88237
29;22;22.147;21.8743;-1.06222;1.03535
29;23;23.1836;22.8922;-1.1134;1.08573
29;24;24.2199;23.91;-1.14157;1.1131
29;25;25.2558;24.9278;-1.17219;1.14339
29;26;26.2914;25.9457;-1.19914;1.17026
29;27;27.3265;26.9635;-1.23243;1.20061
29;28;28.3612;27.9813;-1.26272;1.22967
29;29;29.3954;28.9992;-1.29407;1.26014
29;30;30.429;30.017;-1.32629;1.29095
29;31;31.4622;31.0348;-1.36131;1.32406
29;32;32.4948;32.0527;-1.37839;1.36445
29;33;33.5268;33.0705;-1.43203;1.3887
29;34;34.5583;34.0884;-1.46632;1.42279
29;35;35.5893;35.1062;-1.48572;1.46291
29;36;36.6197;36.124;-1.52965;1.49278
29;37;37.6495;37.1419;-1.67092;1.64135
29;38;38.6788;38.1597;-1.7207;1.67835
29;39;39.7076;39.1775;-1.7661;1.71253
29;40;40.7358;40.1954;-1.80875;1.75502
29;41;41.7635;41.2132;-1.8487;1.79029
29;42;42.7907;42.2311;-1.88602;1.82707
29;43;43.8175;43.2489;-1.92275;1.86309
29;44;44.8437;44.2667;-1.95799;1.89751
29;45;45.8695;45.2846;-1.98471;1.92672
29;46;46.8948;46.3024;-2.10651;2.03995
29;47;47.9197;47.3203;-2.13099;2.06972
29;48;48.9442;48.3381;-2.15197;2.09015
29;49;49.9682;49.3559;-2.16631;2.10893
29;50;50.9918;50.3738;-2.17513;2.12343
29.2;5;4.5747;4.571;-2.23981;2.19963
29.2;6;5.5999;5.5887;-2.22908;2.19656
29.2;7;6.6268;6.6063;-2.2072;2.18917
29.2;8;7.6552;7.624;-2.21578;2.21488
29.2;9;8.685;8.6416;-2.16209;2.18978
29.2;10;9.7162;9.6593;-2.12816;2.18288
29.2;11;10.7484;10.677;-2.03064;2.12658
29.2;12;11.7817;11.6947;-1.93689;2.08456
29.2;13;12.8158;12.7124;-1.80375;2.02641
29.2;14;13.8507;13.7301;-1.60594;1.9273
29.2;15;14.8862;14.7478;-1.40449;1.86042
29.2;16;15.9221;15.7655;-1.10939;1.76522
29.2;17;16.9584;16.7832;-0.74454;1.69757
29.2;18;17.995;17.8009;-0.226106;1.66563
29.2;19;19.0317;18.8186;-0.905587;0.886366
29.2;20;20.0684;19.8363;-1.06367;1.03681
29.2;21;21.1051;20.854;-1.11406;1.08781
29.2;22;22.1417;21.8717;-1.14229;1.11477
29.2;23;23.178;22.8894;-1.17319;1.14442
29.2;24;24.2141;23.9071;-1.20254;1.17171
29.2;25;25.2499;24.9248;-1.2326;1.20138
29.2;26;26.2852;25.9425;-1.2627;1.23019
29.2;27;27.3202;26.9602;-1.29409;1.26017
29.2;28;28.3547;27.9779;-1.3261;1.29069
29.2;29;29.3887;28.9956;-1.36064;1.32352
29.2;30;30.4223;30.0133;-1.39736;1.35555
29.2;31;31.4553;31.031;-1.43001;1.38829
29.2;32;32.4878;32.0488;-1.46458;1.42152
29.2;33;33.5197;33.0665;-1.49975;1.45529
29.2;34;34.5511;34.0842;-1.53557;1.48965
29.2;35;35.5819;35.1019;-1.66792;1.63839
29.2;36;36.6123;36.1196;-1.717;1.67495
29.2;37;37.642;37.1373;-1.76199;1.70865
29.2;38;38.6712;38.155;-1.80385;1.75064
29.2;39;39.6999;39.1727;-1.84331;1.78536
29.2;40;40.7281;40.1904;-1.8801;1.82157
29.2;41;41.7558;41.2082;-1.91587;1.85696
29.2;42;42.7829;42.2259;-1.95007;1.8907
29.2;43;43.8096;43.2436;-1.97651;1.91919
29.2;44;44.8358;44.2613;-2.09667;2.03126
29.2;45;45.8615;45.279;-2.11888;2.05643
29.2;46;46.8868;46.2967;-2.14031;2.07961
29.2;47;47.9117;47.3144;-2.15361;2.09778
29.2;48;48.9361;48.3321;-2.16126;2.11114
29.2;49;49.9601;49.3499;-2.22465;2.18659
29.2;50;50.9837;50.3676;-2.2143;2.17948
29.4;5;4.5741;4.5705;-2.18895;2.17317
29.4;6;5.599;5.588;-2.19845;2.20012
29.4;7;6.6257;6.6056;-2.14358;2.17128
29.4;8;7.6539;7.6231;-2.10748;2.16492
29.4;9;8.6834;8.6406;-2.01005;2.10846
29.4;10;9.7142;9.6582;-1.91736;2.07113
29.4;11;10.7462;10.6757;-1.78232;2.00793
29.4;12;11.7792;11.6933;-1.58455;1.90856
29.4;13;12.813;12.7109;-1.38314;1.84029
29.4;14;13.8476;13.7284;-1.09265;1.74957
29.4;15;14.8827;14.746;-0.725075;1.68206
29.4;16;15.9184;15.7636;-0.209229;1.64864
29.4;17;16.9544;16.7812;-0.97221;0.949698
29.4;18;17.9907;17.7987;-0.957922;0.92904
29.4;19;19.0272;18.8163;-1.1163;1.08839
29.4;20;20.0636;19.8339;-1.14417;1.11533
29.4;21;21.1001;20.8515;-1.17447;1.14539
29.4;22;22.1364;21.8691;-1.20015;1.17158
29.4;23;23.1725;22.8866;-1.23378;1.20167
29.4;24;24.2084;23.9042;-1.2637;1.23045
29.4;25;25.244;24.9218;-1.29465;1.2604
29.4;26;26.2791;25.9394;-1.3262;1.29065
29.4;27;27.3139;26.957;-1.35998;1.32295
29.4;28;28.3483;27.9746;-1.38936;1.35417
29.4;29;29.3822;28.9921;-1.42912;1.38683
29.4;30;30.4156;30.0097;-1.46254;1.42025
29.4;31;31.4484;31.0273;-1.4965;1.45449
29.4;32;32.4808;32.0449;-1.53104;1.48737
29.4;33;33.5126;33.0625;-1.66997;1.63546
29.4;34;34.5439;34.0801;-1.72015;1.6683
29.4;35;35.5747;35.0976;-1.75884;1.70481
29.4;36;36.6049;36.1152;-1.79852;1.74409
29.4;37;37.6346;37.1328;-1.83747;1.78017
29.4;38;38.6638;38.1504;-1.87371;1.81648
29.4;39;39.6924;39.168;-1.90257;1.84669
29.4;40;40.7205;40.1856;-1.93628;1.87888
29.4;41;41.7481;41.2032;-1.96774;1.91176
29.4;42;42.7752;42.2208;-2.08711;2.02269
29.4;43;43.8018;43.2383;-2.10845;2.04659
29.4;44;44.828;44.2559;-2.12894;2.06923
29.4;45;45.8537;45.2735;-2.14119;2.08682
29.4;46;46.8789;46.2911;-2.14768;2.09905
29.4;47;47.9037;47.3087;-2.20804;2.17479
29.4;48;48.9281;48.3263;-2.19675;2.1653
29.4;49;49.952;49.3439;-2.17881;2.16083
29.4;50;50.9756;50.3615;-2.17932;2.18269
29.6;5;4.5735;4.5701;-2.12387;2.15635
29.6;6;5.5982;5.5874;-2.08789;2.14806
29.6;7;6.6246;6.6048;-1.98887;2.08858
29.6;8;7.6525;7.6222;-1.89429;2.05096
29.6;9;8.6818;8.6397;-1.76014;1.98917
29.6;10;9.7124;9.6571;-1.56346;1.89053
29.6;11;10.744;10.6745;-1.36209;1.82429
29.6;12;11.7767;11.692;-1.07164;1.73116
29.6;13;12.8102;12.7094;-0.707689;1.66485
29.6;14;13.8445;13.7269;-0.192653;1.63822
29.6;15;14.8794;14.7443;-0.909122;0.889827
29.6;16;15.9148;15.7617;-1.06762;1.03834
29.6;17;16.9505;16.7792;-1.11643;1.08993
29.6;18;17.9865;17.7967;-1.14411;1.11668
29.6;19;19.0227;18.8141;-1.17489;1.1461
29.6;20;20.0589;19.8316;-1.20341;1.17337
29.6;21;21.0951;20.849;-1.23332;1.20213
29.6;22;22.1312;21.8665;-1.26326;1.23067
29.6;23;23.1671;22.8839;-1.29398;1.26013
29.6;24;24.2028;23.9014;-1.32554;1.29011
29.6;25;25.2381;24.9189;-1.3596;1.32236
29.6;26;26.2731;25.9363;-1.39446;1.35454
29.6;27;27.3078;26.9538;-1.42738;1.38615
29.6;28;28.3419;27.9712;-1.46136;1.41845
29.6;29;29.3757;28.9887;-1.49532;1.45206
29.6;30;30.4089;30.0062;-1.53017;1.48568
29.6;31;31.4417;31.0236;-1.66182;1.63255
29.6;32;32.4739;32.0411;-1.70979;1.66824
29.6;33;33.5057;33.0585;-1.7536;1.70102
29.6;34;34.5369;34.076;-1.79418;1.74203
29.6;35;35.5675;35.0935;-1.83228;1.77571
29.6;36;36.5977;36.1109;-1.8676;1.81045
29.6;37;37.6273;37.1284;-1.89822;1.84108
29.6;38;38.6563;38.1459;-1.93466;1.87666
29.6;39;39.6849;39.1633;-1.95967;1.90408
29.6;40;40.7129;40.1808;-2.07738;2.01386
29.6;41;41.7405;41.1983;-2.09737;2.04144
29.6;42;42.7675;42.2157;-2.11736;2.05903
29.6;43;43.7941;43.2332;-2.12802;2.07695
29.6;44;44.8202;44.2506;-2.13438;2.08717
29.6;45;45.8458;45.2681;-2.19518;2.15972
29.6;46;46.871;46.2856;-2.18254;2.15139
29.6;47;47.8958;47.303;-2.15722;2.14485
29.6;48;48.9201;48.3205;-2.16187;2.16799
29.6;49;49.9441;49.338;-2.10594;2.13795
29.6;50;50.9676;50.3554;-2.06779;2.13024
29.8;5;4.5729;4.5696;-1.9741;2.07067
29.8;6;5.5974;5.5868;-1.87437;2.03457
29.8;7;6.6236;6.6041;-1.7393;1.97104
29.8;8;7.6512;7.6214;-1.54383;1.87224
29.8;9;8.6802;8.6387;-1.34397;1.80693
29.8;10;9.7105;9.656;-1.05397;1.71623
29.8;11;10.7419;10.6733;-0.690594;1.65171
29.8;12;11.7743;11.6906;-0.178526;1.62585
29.8;13;12.8075;12.708;-0.912752;0.888713
29.8;14;13.8415;13.7253;-1.06756;1.04061
29.8;15;14.8761;14.7426;-1.11792;1.0904
29.8;16;15.9112;15.7599;-1.14565;1.11693
29.8;17;16.9466;16.7773;-1.17558;1.14676
29.8;18;17.9824;17.7946;-1.20157;1.17272
29.8;19;19.0183;18.8119;-1.23409;1.20234
29.8;20;20.0542;19.8293;-1.26358;1.23063
29.8;21;21.0902;20.8466;-1.29383;1.26007
29.8;22;22.1261;21.8639;-1.32515;1.28978
29.8;23;23.1617;22.8813;-1.35869;1.32175
29.8;24;24.1972;23.8986;-1.37528;1.36094
29.8;25;25.2324;24.9159;-1.42675;1.38417
29.8;26;26.2672;25.9333;-1.45959;1.41693
29.8;27;27.3016;26.9506;-1.47774;1.45565
29.8;28;28.3357;27.968;-1.51973;1.48373
29.8;29;29.3693;28.9853;-1.65838;1.62967
29.8;30;30.4024;30.0026;-1.70594;1.66494
29.8;31;31.435;31.02;-1.7493;1.69728
29.8;32;32.4671;32.0373;-1.78905;1.73749
29.8;33;33.4987;33.0547;-1.82699;1.77065
29.8;34;34.5298;34.072;-1.86137;1.80483
29.8;35;35.5604;35.0893;-1.89139;1.83452
29.8;36;36.5905;36.1067;-1.92716;1.8698
29.8;37;37.62;37.124;-1.95102;1.89651
29.8;38;38.649;38.1414;-2.06748;2.00517
29.8;39;39.6775;39.1587;-2.08703;2.0319
29.8;40;40.7055;40.1761;-2.10604;2.04899
29.8;41;41.7329;41.1934;-2.11563;2.06547
29.8;42;42.7599;42.2107;-2.12081;2.07504
29.8;43;43.7865;43.2281;-2.18028;2.14689
29.8;44;44.8125;44.2454;-2.16616;2.13722
29.8;45;45.8381;45.2628;-2.13916;2.12918
29.8;46;46.8633;46.2801;-2.1433;2.15123
29.8;47;47.888;47.2975;-2.08679;2.12314
29.8;48;48.9123;48.3148;-2.04877;2.11285
29.8;49;49.9362;49.3321;-1.95436;2.05324
29.8;50;50.9597;50.3495;-1.85569;2.0163
30;5;4.5723;4.5691;-1.71874;1.95265
30;6;5.5966;5.5862;-1.52331;1.85467
30;7;6.6225;6.6034;-1.32349;1.79042
30;8;7.6499;7.6205;-1.03506;1.69856
30;9;8.6787;8.6377;-0.673786;1.63688
30;10;9.7087;9.6549;-0.162535;1.61324
30;11;10.7398;10.6721;-0.912287;0.89284
30;12;11.7719;11.6893;-1.07011;1.04083
30;13;12.8048;12.7065;-1.11836;1.09204
30;14;13.8385;13.7237;-1.1459;1.11859
30;15;14.8728;14.7409;-1.17631;1.14759
30;16;15.9076;15.7581;-1.2042;1.17443
30;17;16.9428;16.7754;-1.23393;1.20296
30;18;17.9783;17.7926;-1.26319;1.23102
30;19;19.0139;18.8098;-1.29369;1.25998
30;20;20.0496;19.827;-1.32451;1.28944
30;21;21.0854;20.8442;-1.35805;1.32114
30;22;22.121;21.8614;-1.39237;1.35276
30;23;23.1565;22.8786;-1.42471;1.38349
30;24;24.1917;23.8959;-1.45779;1.41541
30;25;25.2267;24.9131;-1.49079;1.44834
30;26;26.2613;25.9303;-1.52523;1.48096
30;27;27.2956;26.9475;-1.65521;1.62683
30;28;28.3295;27.9647;-1.70203;1.66139
30;29;29.3629;28.982;-1.74595;1.69298
30;30;30.3959;29.9992;-1.78032;1.72953
30;31;31.4284;31.0164;-1.82087;1.76501
30;32;32.4604;32.0336;-1.85163;1.79591
30;33;33.4919;33.0508;-1.88325;1.8277
30;34;34.5229;34.0681;-1.91377;1.85976
30;35;35.5534;35.0853;-1.94264;1.8887
30;36;36.5833;36.1025;-2.05784;1.99662
30;37;37.6128;37.1197;-2.07649;2.02253
30;38;38.6417;38.1369;-2.09451;2.03784
30;39;39.6701;39.1542;-2.10352;2.05327
30;40;40.698;40.1714;-2.10751;2.06312
30;41;41.7255;41.1886;-2.16565;2.1338
30;42;42.7524;42.2058;-2.15127;2.12333
30;43;43.7789;43.2231;-2.12464;2.11606
30;44;44.8049;44.2403;-2.12709;2.13542
30;45;45.8304;45.2575;-2.06866;2.1055
30;46;46.8555;46.2747;-2.02921;2.09658
30;47;47.8802;47.292;-1.93228;2.03406
30;48;48.9045;48.3092;-1.83538;1.99859
30;49;49.9283;49.3264;-1.69846;1.93489
30;50;50.9518;50.3436;-1.50307;1.83783
30.2;5;4.5717;4.5686;-1.30329;1.77145
30.2;6;5.5958;5.5856;-1.01642;1.68188
30.2;7;6.6215;6.6027;-0.65548;1.62035
30.2;8;7.6486;7.6197;-0.146829;1.59867
30.2;9;8.6771;8.6368;-0.913327;0.89397
30.2;10;9.7069;9.6539;-1.06993;1.04299
30.2;11;10.7377;10.6709;-1.11951;1.09303
30.2;12;11.7695;11.688;-1.14685;1.11938
30.2;13;12.8022;12.7051;-1.17684;1.14796
30.2;14;13.8356;13.7222;-1.20499;1.17458
30.2;15;14.8696;14.7393;-1.23403;1.20311
30.2;16;15.9041;15.7564;-1.2633;1.23093
30.2;17;16.939;16.7735;-1.29331;1.25965
30.2;18;17.9742;17.7906;-1.32387;1.28885
30.2;19;19.0096;18.8077;-1.35714;1.32029
30.2;20;20.0451;19.8248;-1.39226;1.35086
30.2;21;21.0806;20.8419;-1.42321;1.38231
30.2;22;22.116;21.859;-1.45597;1.41365
30.2;23;23.1512;22.876;-1.48922;1.4457
30.2;24;24.1863;23.8931;-1.5227;1.47823
30.2;25;25.2211;24.9102;-1.65166;1.62374
30.2;26;26.2555;25.9273;-1.69837;1.65789
30.2;27;27.2896;26.9445;-1.74048;1.68935
30.2;28;28.3233;27.9616;-1.77924;1.72831
30.2;29;29.3566;28.9787;-1.81575;1.76044
30.2;30;30.3895;29.9958;-1.84897;1.79353
30.2;31;31.4219;31.0129;-1.88128;1.82592
30.2;32;32.4537;32.03;-1.91173;1.85606
30.2;33;33.4851;33.0471;-1.93409;1.88101
30.2;34;34.516;34.0642;-2.04847;1.98782
30.2;35;35.5464;35.0813;-2.06574;2.01331
30.2;36;36.5763;36.0984;-2.08275;2.02773
30.2;37;37.6056;37.1155;-2.09115;2.04219
30.2;38;38.6345;38.1326;-2.09393;2.05143
30.2;39;39.6629;39.1497;-2.15129;2.12097
30.2;40;40.6907;40.1668;-2.13236;2.1113
30.2;41;41.7181;41.1839;-2.10582;2.09932
30.2;42;42.745;42.201;-2.10906;2.12115
30.2;43;43.7714;43.2181;-2.05005;2.08825
30.2;44;44.7973;44.2352;-2.00993;2.07937
30.2;45;45.8228;45.2523;-1.90959;2.02059
30.2;46;46.8479;46.2694;-1.81533;1.98143
30.2;47;47.8725;47.2865;-1.6816;1.91421
30.2;48;48.8967;48.3036;-1.4831;1.81976
30.2;49;49.9206;49.3207;-1.28468;1.75664
30.2;50;50.944;50.3378;-0.998066;1.66747
30.4;5;4.5711;4.5682;-0.639228;1.60937
30.4;6;5.595;5.585;-0.131401;1.58558
30.4;7;6.6205;6.602;-0.980525;0.952553
30.4;8;7.6474;7.6189;-0.960289;0.941263
30.4;9;8.6756;8.6359;-1.1209;1.09397
30.4;10;9.7051;9.6528;-1.14806;1.12013
30.4;11;10.7357;10.6698;-1.17785;1.14873
30.4;12;11.7672;11.6867;-1.20556;1.17536
30.4;13;12.7996;12.7037;-1.23486;1.20346
30.4;14;13.8327;13.7207;-1.26367;1.23106
30.4;15;14.8664;14.7377;-1.29344;1.25955
30.4;16;15.9007;15.7546;-1.32375;1.28874
30.4;17;16.9353;16.7716;-1.35622;1.31943
30.4;18;17.9703;17.7886;-1.38886;1.35073
30.4;19;19.0054;18.8056;-1.42112;1.38088
30.4;20;20.0406;19.8225;-1.45353;1.41218
30.4;21;21.0759;20.8395;-1.48582;1.44363
30.4;22;22.111;21.8565;-1.51827;1.47553
30.4;23;23.1461;22.8735;-1.65314;1.62127
30.4;24;24.1809;23.8905;-1.70122;1.65087
30.4;25;25.2155;24.9075;-1.73595;1.68517
30.4;26;26.2498;25.9244;-1.7742;1.72398
30.4;27;27.2837;26.9414;-1.80979;1.7553
30.4;28;28.3173;27.9584;-1.84278;1.78786
30.4;29;29.3504;28.9754;-1.87405;1.81931
30.4;30;30.3831;29.9924;-1.90379;1.84882
30.4;31;31.4154;31.0094;-1.92537;1.87346
30.4;32;32.4472;32.0264;-2.03846;1.97918
30.4;33;33.4784;33.0433;-2.05526;2.00344
30.4;34;34.5092;34.0603;-2.07124;2.01782
30.4;35;35.5395;35.0773;-2.07904;2.03131
30.4;36;36.5693;36.0943;-2.08115;2.0395
30.4;37;37.5986;37.1113;-2.1366;2.10789
30.4;38;38.6274;38.1283;-2.12045;2.09585
30.4;39;39.6556;39.1453;-2.09116;2.08627
30.4;40;40.6834;40.1623;-2.09199;2.10483
30.4;41;41.7107;41.1792;-2.03245;2.07268
30.4;42;42.7376;42.1962;-1.9909;2.0626
30.4;43;43.7639;43.2132;-1.89066;2.00315
30.4;44;44.7898;44.2302;-1.79555;1.96241
30.4;45;45.8153;45.2472;-1.66185;1.89685
30.4;46;46.8403;46.2642;-1.46339;1.80342
30.4;47;47.8649;47.2812;-1.26502;1.74049
30.4;48;48.8891;48.2982;-0.979977;1.65156
30.4;49;49.9129;49.3152;-0.623247;1.59527
30.4;50;50.9362;50.3321;-0.118399;1.57739
30.6;5;4.5705;4.5677;-0.915963;0.896482
30.6;6;5.5942;5.5845;-1.07205;1.045
30.6;7;6.6195;6.6013;-1.12103;1.09468
30.6;8;7.6462;7.6181;-1.14819;1.12065
30.6;9;8.6742;8.6349;-1.17775;1.14905
30.6;10;9.7034;9.6518;-1.20569;1.17525
30.6;11;10.7336;10.6686;-1.23427;1.20334
30.6;12;11.7649;11.6855;-1.26306;1.23072
30.6;13;12.797;12.7023;-1.29256;1.25897
30.6;14;13.8299;13.7192;-1.32259;1.28791
30.6;15;14.8633;14.7361;-1.35529;1.31858
30.6;16;15.8973;15.7529;-1.38954;1.3486
30.6;17;16.9317;16.7698;-1.42012;1.37921
30.6;18;17.9663;17.7866;-1.45221;1.4102
30.6;19;19.0012;18.8035;-1.48446;1.4416
30.6;20;20.0362;19.8204;-1.51717;1.47316
30.6;21;21.0712;20.8372;-1.64502;1.61741
30.6;22;22.1062;21.8541;-1.69019;1.65076
30.6;23;23.141;22.871;-1.73235;1.68106
30.6;24;24.1756;23.8878;-1.76518;1.71592
30.6;25;25.21;24.9047;-1.80554;1.75156
30.6;26;26.2441;25.9216;-1.83267;1.77888
30.6;27;27.2779;26.9384;-1.86194;1.80894
30.6;28;28.3113;27.9553;-1.89035;1.8373
30.6;29;29.3443;28.9722;-1.9169;1.86568
30.6;30;30.3769;29.9891;-2.02915;1.97069
30.6;31;31.409;31.0059;-2.04502;1.99043
30.6;32;32.4406;32.0228;-2.05999;2.00809
30.6;33;33.4718;33.0397;-2.06667;2.0202
30.6;34;34.5025;34.0565;-2.06754;2.0278
30.6;35;35.5327;35.0734;-2.12218;2.09508
30.6;36;36.5624;36.0903;-2.10145;2.08387
30.6;37;37.5916;37.1072;-2.07482;2.07016
30.6;38;38.6203;38.124;-2.07447;2.09067
30.6;39;39.6485;39.1409;-2.01361;2.05687
30.6;40;40.6762;40.1578;-1.97214;2.04421
30.6;41;41.7035;41.1747;-1.87024;1.98398
30.6;42;42.7302;42.1915;-1.77412;1.94638
30.6;43;43.7565;43.2084;-1.64026;1.8828
30.6;44;44.7824;44.2253;-1.44512;1.78683
30.6;45;45.8078;45.2421;-1.24694;1.7219
30.6;46;46.8328;46.259;-0.962152;1.63792
30.6;47;47.8573;47.2759;-0.607532;1.58238
30.6;48;48.8815;48.2928;-0.103513;1.56556
30.6;49;49.9052;49.3096;-0.978276;0.959317
30.6;50;50.9286;50.3265;-0.963492;0.943159
30.8;5;4.57;4.5672;-1.12292;1.09494
30.8;6;5.5935;5.5839;-1.14967;1.12072
30.8;7;6.6185;6.6006;-1.17881;1.14955
30.8;8;7.645;7.6173;-1.20303;1.17469
30.8;9;8.6727;8.634;-1.23513;1.20322
30.8;10;9.7016;9.6508;-1.26344;1.2306
30.8;11;10.7317;10.6675;-1.29244;1.25885
30.8;12;11.7626;11.6842;-1.32245;1.28756
30.8;13;12.7945;12.701;-1.35408;1.31774
30.8;14;13.8271;13.7177;-1.38364;1.34674
30.8;15;14.8602;14.7345;-1.41854;1.37731
30.8;16;15.894;15.7512;-1.44941;1.40852
30.8;17;16.9281;16.768;-1.48125;1.44015
30.8;18;17.9625;17.7847;-1.51262;1.47055
30.8;19;18.9971;18.8015;-1.64668;1.6162
30.8;20;20.0318;19.8182;-1.69321;1.64297
30.8;21;21.0666;20.835;-1.72696;1.67702
30.8;22;22.1013;21.8517;-1.76451;1.71461
30.8;23;23.136;22.8685;-1.79825;1.74496
30.8;24;24.1704;23.8852;-1.82963;1.77613
30.8;25;25.2046;24.902;-1.85521;1.80327
30.8;26;26.2385;25.9187;-1.88824;1.83509
30.8;27;27.2721;26.9355;-1.90826;1.85804
30.8;28;28.3054;27.9523;-2.01919;1.96196
30.8;29;29.3382;28.969;-2.03457;1.98091
30.8;30;30.3707;29.9858;-2.0485;1.9977
30.8;31;31.4026;31.0025;-2.053;2.01021
30.8;32;32.4342;32.0193;-2.05472;2.01587
30.8;33;33.4652;33.036;-2.108;2.08252
30.8;34;34.4958;34.0528;-2.08882;2.06846
30.8;35;35.5259;35.0696;-2.05742;2.05663
30.8;36;36.5555;36.0863;-2.05722;2.07568
30.8;37;37.5846;37.1031;-1.99652;2.04146
30.8;38;38.6133;38.1198;-1.95363;2.02972
30.8;39;39.6414;39.1366;-1.85706;1.96755
30.8;40;40.6691;40.1534;-1.75677;1.92931
30.8;41;41.6963;41.1701;-1.62313;1.86228
30.8;42;42.723;42.1869;-1.42593;1.77001
30.8;43;43.7492;43.2036;-1.22912;1.70859
30.8;44;44.775;44.2204;-0.944585;1.62155
30.8;45;45.8004;45.2372;-0.590297;1.56492
30.8;46;46.8253;46.2539;-0.0888912;1.5535
30.8;47;47.8498;47.2707;-0.918543;0.899033
30.8;48;48.8739;48.2874;-1.07387;1.04686
30.8;49;49.8976;49.3042;-1.12267;1.0962
30.8;50;50.921;50.321;-1.14917;1.12181
31;5;4.5694;4.5668;-1.17851;1.14983
31;6;5.5927;5.5834;-1.20598;1.17563
31;7;6.6175;6.5999;-1.23431;1.20331
31;8;7.6438;7.6165;-1.26258;1.23048
31;9;8.6713;8.6331;-1.29154;1.25827
31;10;9.7;9.6498;-1.32126;1.2865
31;11;10.7297;10.6664;-1.3531;1.31691
31;12;11.7604;11.683;-1.38671;1.34616
31;13;12.792;12.6996;-1.41663;1.37621
31;14;13.8243;13.7163;-1.448;1.40634
31;15;14.8572;14.7329;-1.47949;1.4371
31;16;15.8907;15.7495;-1.5117;1.46799
31;17;16.9245;16.7662;-1.63778;1.61101
31;18;17.9587;17.7828;-1.68234;1.64329
31;19;18.993;18.7995;-1.72215;1.67275
31;20;20.0275;19.8161;-1.7588;1.7099
31;21;21.0621;20.8327;-1.79266;1.73977
31;22;22.0966;21.8494;-1.82342;1.77042
31;23;23.131;22.866;-1.84912;1.79666
31;24;24.1652;23.8827;-1.88063;1.82787
31;25;25.1993;24.8993;-1.89986;1.85054
31;26;26.233;25.916;-2.00948;1.9534
31;27;27.2664;26.9326;-2.02389;1.97157
31;28;28.2995;27.9492;-2.03725;1.98751
31;29;29.3322;28.9659;-2.04112;1.99908
31;30;30.3645;29.9825;-2.0416;2.00418
31;31;31.3964;30.9992;-2.0935;2.06974
31;32;32.4278;32.0158;-2.07092;2.05655
31;33;33.4587;33.0325;-2.04092;2.04174
31;34;34.4892;34.0491;-2.0402;2.06045
31;35;35.5192;35.0658;-1.97818;2.02517
31;36;36.5487;36.0824;-1.93537;2.01361
31;37;37.5778;37.0991;-1.83802;1.95088
31;38;38.6063;38.1157;-1.73775;1.91282
31;39;39.6344;39.1324;-1.60415;1.84599
31;40;40.662;40.149;-1.40699;1.75296
31;41;41.6891;41.1657;-1.2089;1.69284
31;42;42.7158;42.1823;-0.928789;1.6062
31;43;43.742;43.199;-0.575098;1.55448
31;44;44.7677;44.2156;-0.0745277;1.54123
31;45;45.7931;45.2322;-0.92331;0.898982
31;46;46.8179;46.2489;-1.07472;1.04785
31;47;47.8424;47.2655;-1.12395;1.09621
31;48;48.8665;48.2822;-1.15025;1.12163
31;49;49.8901;49.2988;-1.17891;1.15009
31;50;50.9134;50.3155;-1.20356;1.17483
31.2;5;4.5689;4.5664;-1.23445;1.20295
31.2;6;5.592;5.5828;-1.26245;1.2299
31.2;7;6.6166;6.5993;-1.29089;1.2577
31.2;8;7.6426;7.6158;-1.3203;1.28569
31.2;9;8.6699;8.6323;-1.3521;1.31586
31.2;10;9.6983;9.6488;-1.36628;1.35265
31.2;11;10.7278;10.6653;-1.41552;1.3741
31.2;12;11.7582;11.6818;-1.44597;1.40446
31.2;13;12.7895;12.6983;-1.46127;1.44066
31.2;14;13.8216;13.7148;-1.50057;1.46633
31.2;15;14.8542;14.7314;-1.6342;1.60761
31.2;16;15.8874;15.7479;-1.67828;1.63981
31.2;17;16.921;16.7644;-1.7186;1.66856
31.2;18;17.9549;17.7809;-1.74945;1.70178
31.2;19;18.989;18.7975;-1.78622;1.73402
31.2;20;20.0233;19.814;-1.81366;1.76143
31.2;21;21.0576;20.8305;-1.8409;1.78983
31.2;22;22.0919;21.8471;-1.8671;1.81787
31.2;23;23.1261;22.8636;-1.89126;1.84283
31.2;24;24.1601;23.8801;-2.00001;1.94462
31.2;25;25.194;24.8967;-2.01345;1.96615
31.2;26;26.2275;25.9132;-2.02624;1.97752
31.2;27;27.2608;26.9297;-2.02948;1.98863
31.2;28;28.2937;27.9463;-2.02818;1.99274
31.2;29;29.3263;28.9628;-2.07808;2.05874
31.2;30;30.3584;29.9793;-2.05817;2.04228
31.2;31;31.3902;30.9959;-2.02466;2.02379
31.2;32;32.4215;32.0124;-2.02344;2.04559
31.2;33;33.4523;33.0289;-1.96158;2.00994
31.2;34;34.4827;34.0455;-1.91735;1.99728
31.2;35;35.5126;35.062;-1.81399;1.93399
31.2;36;36.542;36.0786;-1.72089;1.89773
31.2;37;37.571;37.0951;-1.58541;1.82946
31.2;38;38.5995;38.1116;-1.38947;1.73766
31.2;39;39.6275;39.1282;-1.19291;1.67687
31.2;40;40.655;40.1447;-0.911725;1.59189
31.2;41;41.682;41.1612;-0.560149;1.54092
31.2;42;42.7086;42.1778;-0.060418;1.53045
31.2;43;43.7348;43.1943;-0.92124;0.901657
31.2;44;44.7605;44.2109;-1.07558;1.04862
31.2;45;45.7858;45.2274;-1.12394;1.09743
31.2;46;46.8106;46.2439;-1.15022;1.12268
31.2;47;47.835;47.2605;-1.17908;1.15055
31.2;48;48.8591;48.277;-1.20629;1.17576
31.2;49;49.8827;49.2936;-1.2341;1.20326
31.2;50;50.9059;50.3101;-1.26182;1.22979
31.4;5;4.5684;4.5659;-1.29022;1.25714
31.4;6;5.5913;5.5823;-1.31932;1.28491
31.4;7;6.6157;6.5986;-1.3508;1.31483
31.4;8;7.6414;7.615;-1.38375;1.34331
31.4;9;8.6685;8.6314;-1.41296;1.37307
31.4;10;9.6967;9.6478;-1.44359;1.40237
31.4;11;10.7259;10.6642;-1.47458;1.43252
31.4;12;11.7561;11.6806;-1.50565;1.46276
31.4;13;12.7871;12.697;-1.63053;1.60428
31.4;14;13.8189;13.7134;-1.67413;1.63581
31.4;15;14.8513;14.7298;-1.71392;1.66415
31.4;16;15.8842;15.7463;-1.74421;1.69694
31.4;17;16.9176;16.7627;-1.78038;1.72871
31.4;18;17.9512;17.7791;-1.80716;1.75562
31.4;19;18.9851;18.7955;-1.8337;1.78313
31.4;20;20.0191;19.8119;-1.85955;1.81094
31.4;21;21.0532;20.8284;-1.88291;1.83489
31.4;22;22.0873;21.8448;-1.99032;1.936
31.4;23;23.1213;22.8612;-2.00277;1.95678
31.4;24;24.1551;23.8776;-2.01497;1.96731
31.4;25;25.1887;24.8941;-2.01756;1.97796
31.4;26;26.2221;25.9105;-2.01554;1.98108
31.4;27;27.2552;26.9269;-2.0652;2.04449
31.4;28;28.288;27.9433;-2.04137;2.02991
31.4;29;29.3204;28.9598;-2.00864;2.00957
31.4;30;30.3524;29.9762;-2.0069;2.0305
31.4;31;31.384;30.9926;-1.94373;1.99449
31.4;32;32.4152;32.009;-1.89877;1.98141
31.4;33;33.4459;33.0255;-1.79543;1.91762
31.4;34;34.4762;34.0419;-1.70045;1.87997
31.4;35;35.506;35.0583;-1.56692;1.81272
31.4;36;36.5354;36.0748;-1.37103;1.72115
31.4;37;37.5642;37.0912;-1.17451;1.66178
31.4;38;38.5926;38.1076;-0.894906;1.5761
31.4;39;39.6206;39.124;-0.543668;1.5286
31.4;40;40.648;40.1405;-0.0487083;1.51947
31.4;41;41.675;41.1569;-0.924597;0.900181
31.4;42;42.7016;42.1733;-1.07817;1.04737
31.4;43;43.7277;43.1898;-1.12504;1.0974
31.4;44;44.7533;44.2062;-1.15109;1.12248
31.4;45;45.7785;45.2226;-1.17926;1.15058
31.4;46;46.8033;46.239;-1.20363;1.17495
31.4;47;47.8277;47.2555;-1.23398;1.20269
31.4;48;48.8517;48.2719;-1.26142;1.22923
31.4;49;49.8753;49.2883;-1.28952;1.2566
31.4;50;50.8985;50.3048;-1.31857;1.28414
31.6;5;4.5678;4.5655;-1.34946;1.31358
31.6;6;5.5906;5.5817;-1.3624;1.35038
31.6;7;6.6147;6.598;-1.41175;1.37053
31.6;8;7.6403;7.6143;-1.44144;1.40059
31.6;9;8.6671;8.6305;-1.45592;1.43619
31.6;10;9.695;9.6468;-1.49467;1.46095
31.6;11;10.724;10.6631;-1.6271;1.60102
31.6;12;11.754;11.6794;-1.66988;1.63218
31.6;13;12.7848;12.6957;-1.70812;1.66014
31.6;14;13.8163;13.712;-1.74308;1.69569
31.6;15;14.8484;14.7283;-1.77513;1.72384
31.6;16;15.8811;15.7447;-1.80394;1.75266
31.6;17;16.9141;16.761;-1.83147;1.78115
31.6;18;17.9476;17.7773;-1.85716;1.80672
31.6;19;18.9812;18.7936;-1.87435;1.82711
31.6;20;20.015;19.8099;-1.98087;1.92717
31.6;21;21.0488;20.8262;-1.9928;1.9476
31.6;22;22.0827;21.8425;-2.00344;1.95689
31.6;23;23.1165;22.8588;-2.00588;1.96616
31.6;24;24.1501;23.8752;-2.00258;1.96968
31.6;25;25.1836;24.8915;-2.05141;2.03204
31.6;26;26.2168;25.9078;-2.02908;2.01519
31.6;27;27.2497;26.9241;-1.99415;2.00022
31.6;28;28.2824;27.9404;-1.98991;2.0158
31.6;29;29.3146;28.9568;-1.92686;1.97945
31.6;30;30.3465;29.9731;-1.88203;1.96532
31.6;31;31.378;30.9894;-1.77886;1.90402
31.6;32;32.409;32.0057;-1.68025;1.86362
31.6;33;33.4396;33.022;-1.54445;1.80378
31.6;34;34.4698;34.0384;-1.35282;1.70541
31.6;35;35.4995;35.0547;-1.15767;1.64648
31.6;36;36.5288;36.071;-0.878327;1.56387
31.6;37;37.5576;37.0873;-0.529208;1.51607
31.6;38;38.5859;38.1036;-0.0350924;1.50828
31.6;39;39.6137;39.12;-0.924435;0.904781
31.6;40;40.6411;40.1363;-1.07842;1.0491
31.6;41;41.6681;41.1526;-1.12505;1.0986
31.6;42;42.6946;42.1689;-1.15084;1.12352
31.6;43;43.7206;43.1852;-1.17966;1.15104
31.6;44;44.7462;44.2016;-1.20587;1.17633
31.6;45;45.7714;45.2179;-1.2336;1.20279
31.6;46;46.7961;46.2342;-1.26076;1.22891
31.6;47;47.8205;47.2505;-1.2888;1.25584
31.6;48;48.8444;48.2669;-1.31753;1.28316
31.6;49;49.868;49.2832;-1.34835;1.31237
31.6;50;50.8912;50.2995;-1.38006;1.34136
31.8;5;4.5673;4.5651;-1.40936;1.36959
31.8;6;5.5899;5.5812;-1.43922;1.39859
31.8;7;6.6138;6.5973;-1.4688;1.42816
31.8;8;7.6392;7.6135;-1.49929;1.45751
31.8;9;8.6657;8.6297;-1.62326;1.59754
31.8;10;9.6934;9.6459;-1.66552;1.62835
31.8;11;10.7222;10.6621;-1.70457;1.6556
31.8;12;11.7519;11.6783;-1.73724;1.68851
31.8;13;12.7824;12.6945;-1.76865;1.71777
31.8;14;13.8137;13.7107;-1.79752;1.74744
31.8;15;14.8455;14.7269;-1.8196;1.77048
31.8;16;15.878;15.7431;-1.8435;1.79495
31.8;17;16.9108;16.7593;-1.8656;1.8195
31.8;18;17.9439;17.7755;-1.97119;1.91852
31.8;19;18.9773;18.7917;-1.98211;1.93821
31.8;20;20.0109;19.8079;-1.99214;1.94668
31.8;21;21.0445;20.8241;-1.99338;1.95505
31.8;22;22.0782;21.8403;-1.98986;1.95805
31.8;23;23.1118;22.8565;-2.03726;2.01887
31.8;24;24.1452;23.8727;-2.01519;2.00238
31.8;25;25.1785;24.8889;-1.98054;1.9884
31.8;26;26.2115;25.9052;-1.97315;2.00028
31.8;27;27.2443;26.9214;-1.90947;1.9642
31.8;28;28.2768;27.9376;-1.86391;1.9504
31.8;29;29.3089;28.9538;-1.7599;1.88646
31.8;30;30.3406;29.97;-1.66124;1.84705
31.8;31;31.372;30.9862;-1.52748;1.78392
31.8;32;32.4029;32.0024;-1.3407;1.69143
31.8;33;33.4334;33.0186;-1.14106;1.62875
31.8;34;34.4635;34.0349;-0.861984;1.55017
31.8;35;35.4931;35.0511;-0.514984;1.50334
31.8;36;36.5223;36.0673;-0.0217168;1.4986
31.8;37;37.551;37.0835;-0.926158;0.901895
31.8;38;38.5792;38.0997;-1.07782;1.05062
31.8;39;39.607;39.1159;-1.12593;1.09835
31.8;40;40.6343;40.1321;-1.15171;1.1231
31.8;41;41.6612;41.1484;-1.17959;1.15086
31.8;42;42.6876;42.1646;-1.20342;1.17487
31.8;43;43.7136;43.1808;-1.23345;1.20223
31.8;44;44.7392;44.197;-1.26055;1.22815
31.8;45;45.7643;45.2132;-1.28804;1.2551
31.8;46;46.789;46.2294;-1.31645;1.2822
31.8;47;47.8133;47.2457;-1.34693;1.31119
31.8;48;48.8372;48.2619;-1.36024;1.34725
31.8;49;49.8607;49.2781;-1.40804;1.36713
31.8;50;50.8839;50.2943;-1.43694;1.39638
32;5;4.5668;4.5646;-1.45088;1.43113
32;6;5.5892;5.5807;-1.48875;1.45527
32;7;6.6129;6.5967;-1.61963;1.59415
32;8;7.6381;7.6128;-1.66139;1.6243
32;9;8.6644;8.6289;-1.69989;1.65116
32;10;9.6919;9.6449;-1.73197;1.68365
32;11;10.7204;10.661;-1.76275;1.71247
32;12;11.7498;11.6771;-1.79094;1.74132
32;13;12.7801;12.6932;-1.81229;1.76384
32;14;13.8111;13.7093;-1.83581;1.78775
32;15;14.8427;14.7254;-1.85706;1.81167
32;16;15.8749;15.7415;-1.96173;1.91006
32;17;16.9075;16.7576;-1.97165;1.9286
32;18;17.9404;17.7737;-1.98107;1.93669
32;19;18.9736;18.7898;-1.98163;1.94464
32;20;20.0069;19.8059;-1.97681;1.9467
32;21;21.0403;20.822;-2.02161;2.007
32;22;22.0737;21.8381;-1.99847;1.98936
32;23;23.1071;22.8542;-1.96261;1.96844
32;24;24.1404;23.8703;-1.95731;1.98695
32;25;25.1734;24.8864;-1.89306;1.94938
32;26;26.2063;25.9025;-1.84602;1.93526
32;27;27.2389;26.9186;-1.74203;1.87093
32;28;28.2712;27.9348;-1.64532;1.83108
32;29;29.3032;28.9509;-1.50864;1.76831
32;30;30.3348;29.967;-1.3171;1.67427
32;31;31.366;30.9831;-1.12337;1.61635
32;32;32.3968;31.9992;-0.847387;1.53627
32;33;33.4272;33.0153;-0.500994;1.49185
32;34;34.4572;34.0314;-0.00642687;1.48873
32;35;35.4867;35.0475;-0.924767;0.905093
32;36;36.5158;36.0636;-1.07979;1.05034
32;37;37.5444;37.0797;-1.12573;1.09933
32;38;38.5726;38.0958;-1.15145;1.12414
32;39;39.6003;39.112;-1.17974;1.15112
32;40;40.6275;40.1281;-1.20564;1.17605
32;41;41.6544;41.1442;-1.23279;1.20214
32;42;42.6807;42.1603;-1.25959;1.22787
32;43;43.7067;43.1764;-1.28725;1.25439
32;44;44.7322;44.1925;-1.31533;1.28128
32;45;45.7572;45.2086;-1.34546;1.31005
32;46;46.7819;46.2247;-1.37671;1.33831
32;47;47.8062;47.2408;-1.40524;1.36603
32;48;48.83;48.257;-1.43458;1.39423
32;49;49.8535;49.2731;-1.4633;1.42323
32;50;50.8766;50.2892;-1.49319;1.45169
32.2;5;4.5663;4.5642;-1.61559;1.59055
32.2;6;5.5885;5.5802;-1.65715;1.62034
32.2;7;6.6121;6.5961;-1.69373;1.64683
32.2;8;7.637;7.6121;-1.72692;1.68082
32.2;9;8.6631;8.628;-1.75744;1.70763
32.2;10;9.6903;9.644;-1.78459;1.735
32.2;11;10.7186;10.66;-1.80639;1.75806
32.2;12;11.7478;11.676;-1.83368;1.78548
32.2;13;12.7778;12.692;-1.84875;1.80403
32.2;14;13.8086;13.708;-1.95205;1.90139
32.2;15;14.84;14.724;-1.96141;1.91546
32.2;16;15.8719;15.7399;-1.97021;1.92736
32.2;17;16.9042;16.7559;-1.96958;1.93357
32.2;18;17.9369;17.7719;-1.96398;1.93514
32.2;19;18.9698;18.7879;-2.00965;1.99492
32.2;20;20.0029;19.8039;-1.98563;1.97667
32.2;21;21.0361;20.8199;-1.94945;1.96072
32.2;22;22.0693;21.8359;-1.941;1.9716
32.2;23;23.1025;22.8519;-1.87612;1.93435
32.2;24;24.1356;23.8679;-1.82916;1.91922
32.2;25;25.1685;24.884;-1.73138;1.8552
32.2;26;26.2012;25.9;-1.62771;1.81572
32.2;27;27.2336;26.916;-1.49107;1.7525
32.2;28;28.2657;27.932;-1.29958;1.65988
32.2;29;29.2976;28.948;-1.10722;1.60153
32.2;30;30.329;29.964;-0.831503;1.52216
32.2;31;31.3601;30.98;-0.485456;1.47581
32.2;32;32.3908;31.996;0.0043306;1.47695
32.2;33;33.4211;33.012;-0.927959;0.903565
32.2;34;34.451;34.028;-1.07877;1.05185
32.2;35;35.4804;35.044;-1.12683;1.09909
32.2;36;36.5094;36.06;-1.15208;1.12352
32.2;37;37.5379;37.076;-1.17965;1.15095
32.2;38;38.566;38.092;-1.20315;1.17462
32.2;39;39.5936;39.108;-1.23259;1.20161
32.2;40;40.6208;40.124;-1.25933;1.22716
32.2;41;41.6476;41.14;-1.28642;1.25348
32.2;42;42.6739;42.1561;-1.31416;1.28016
32.2;43;43.6998;43.1721;-1.3442;1.3087
32.2;44;44.7252;44.1881;-1.35595;1.34455
32.2;45;45.7503;45.2041;-1.40379;1.36343
32.2;46;46.7749;46.2201;-1.43215;1.39188
32.2;47;47.7991;47.2361;-1.44552;1.42607
32.2;48;48.8229;48.2521;-1.48247;1.4496
32.2;49;49.8464;49.2681;-1.61176;1.58703
32.2;50;50.8694;50.2841;-1.65279;1.61648
32.4;5;4.5658;4.5638;-1.68914;1.6426
32.4;6;5.5878;5.5796;-1.72138;1.67588
32.4;7;6.6112;6.5955;-1.75161;1.70225
32.4;8;7.6359;7.6113;-1.77769;1.72916
32.4;9;8.6618;8.6272;-1.79912;1.75136
32.4;10;9.6888;9.6431;-1.8256;1.77823
32.4;11;10.7169;10.659;-1.84022;1.79656
32.4;12;11.7458;11.6749;-1.94258;1.89291
32.4;13;12.7756;12.6907;-1.95138;1.90628
32.4;14;13.8061;13.7066;-1.95908;1.91739
32.4;15;14.8372;14.7225;-1.95774;1.9232
32.4;16;15.8689;15.7384;-1.95137;1.92385
32.4;17;16.901;16.7543;-1.99616;1.98263
32.4;18;17.9334;17.7702;-1.97057;1.96324
32.4;19;18.9661;18.7861;-1.9326;1.946
32.4;20;19.999;19.802;-1.9256;1.95846
32.4;21;21.032;20.8179;-1.86014;1.91976
32.4;22;22.065;21.8338;-1.81252;1.90367
32.4;23;23.0979;22.8497;-1.71396;1.84
32.4;24;24.1308;23.8656;-1.60651;1.79771
32.4;25;25.1635;24.8815;-1.47372;1.73737
32.4;26;26.1961;25.8974;-1.28345;1.64429
32.4;27;27.2283;26.9133;-1.0913;1.58761
32.4;28;28.2603;27.9292;-0.815842;1.50911
32.4;29;29.292;28.9451;-0.47192;1.46392
32.4;30;30.3233;29.961;0.0170107;1.46669
32.4;31;31.3543;30.9769;-1.03768;1.01247
32.4;32;32.3849;31.9928;-0.970131;0.949723
32.4;33;33.4151;33.0087;-1.12639;1.10007
32.4;34;34.4448;34.0246;-1.1518;1.12436
32.4;35;35.4741;35.0405;-1.17954;1.15123
32.4;36;36.503;36.0564;-1.20508;1.17561
32.4;37;37.5315;37.0723;-1.23188;1.20134
32.4;38;38.5595;38.0882;-1.25829;1.2267
32.4;39;39.5871;39.1042;-1.2853;1.25283
32.4;40;40.6142;40.1201;-1.31295;1.27908
32.4;41;41.6409;41.136;-1.34262;1.30716
32.4;42;42.6671;42.1519;-1.37312;1.33495
32.4;43;43.693;43.1678;-1.40113;1.36218
32.4;44;44.7184;44.1837;-1.42963;1.38986
32.4;45;45.7433;45.1996;-1.45777;1.41804
32.4;46;46.7679;46.2155;-1.48672;1.44591
32.4;47;47.7921;47.2314;-1.6091;1.58535
32.4;48;48.8159;48.2473;-1.65258;1.61033
32.4;49;49.8393;49.2632;-1.6851;1.63786
32.4;50;50.8623;50.2791;-1.71218;1.66787
32.6;5;4.5653;4.5634;-1.74489;1.69635
32.6;6;5.5871;5.5791;-1.76796;1.72005
32.6;7;6.6104;6.5949;-1.79088;1.74446
32.6;8;7.6348;7.6106;-1.81239;1.76857
32.6;9;8.6605;8.6264;-1.83147;1.78851
32.6;10;9.6873;9.6422;-1.93287;1.88424
32.6;11;10.7151;10.658;-1.94109;1.89689
32.6;12;11.7438;11.6738;-1.94766;1.90766
32.6;13;12.7734;12.6895;-1.94508;1.91309
32.6;14;13.8036;13.7053;-1.93897;1.91284
32.6;15;14.8345;14.7211;-1.98232;1.97014
32.6;16;15.8659;15.7369;-1.95694;1.95067
32.6;17;16.8978;16.7527;-1.91987;1.93448
32.6;18;17.93;17.7685;-1.90902;1.94331
32.6;19;18.9625;18.7843;-1.84289;1.90497
32.6;20;19.9951;19.8001;-1.79529;1.8893
32.6;21;21.0279;20.8159;-1.69327;1.82311
32.6;22;22.0607;21.8317;-1.59315;1.78357
32.6;23;23.0935;22.8475;-1.45659;1.72205
32.6;24;24.1261;23.8633;-1.26637;1.62949
32.6;25;25.1587;24.8791;-1.07427;1.5735
32.6;26;26.191;25.8949;-0.800401;1.49587
32.6;27;27.2231;26.9107;-0.458604;1.45476
32.6;28;28.255;27.9265;0.0294672;1.45452
32.6;29;29.2865;28.9423;-0.993117;0.964798
32.6;30;30.3177;29.9581;-0.971425;0.950222
32.6;31;31.3485;30.9739;-1.12724;1.10045
32.6;32;32.379;31.9897;-1.15239;1.1246
32.6;33;33.4091;33.0055;-1.17986;1.1511
32.6;34;34.4387;34.0213;-1.20559;1.17509
32.6;35;35.4679;35.0371;-1.23185;1.20109
32.6;36;36.4967;36.0529;-1.2582;1.22628
32.6;37;37.5251;37.0687;-1.28488;1.25199
32.6;38;38.553;38.0845;-1.31219;1.27804
32.6;39;39.5805;39.1003;-1.34098;1.30591
32.6;40;40.6076;40.1161;-1.37026;1.33323
32.6;41;41.6342;41.1319;-1.39841;1.36022
32.6;42;42.6604;42.1477;-1.42646;1.38765
32.6;43;43.6862;43.1635;-1.45471;1.41446
32.6;44;44.7115;44.1794;-1.48257;1.44201
32.6;45;45.7365;45.1952;-1.60887;1.58028
32.6;46;46.761;46.211;-1.65061;1.60517
32.6;47;47.7851;47.2268;-1.67923;1.63354
32.6;48;48.8089;48.2426;-1.71058;1.66604
32.6;49;49.8322;49.2584;-1.73948;1.69124
32.6;50;50.8552;50.2742;-1.76489;1.71723
32.8;5;4.5649;4.563;-1.78836;1.74197
32.8;6;5.5865;5.5786;-1.81007;1.76423
32.8;7;6.6095;6.5943;-1.82293;1.78102
32.8;8;7.6338;7.6099;-1.92338;1.87536
32.8;9;8.6593;8.6256;-1.93055;1.89146
32.8;10;9.6858;9.6413;-1.93695;1.89773
32.8;11;10.7134;10.657;-1.93367;1.90324
32.8;12;11.7419;11.6727;-1.92623;1.90163
32.8;13;12.7712;12.6883;-1.96868;1.95846
32.8;14;13.8012;13.704;-1.93924;1.93951
32.8;15;14.8319;14.7197;-1.90215;1.91822
32.8;16;15.863;15.7354;-1.89335;1.92917
32.8;17;16.8947;16.7511;-1.8266;1.89256
32.8;18;17.9266;17.7668;-1.77827;1.87474
32.8;19;18.9589;18.7825;-1.67366;1.81127
32.8;20;19.9913;19.7982;-1.57333;1.76515
32.8;21;21.0239;20.8139;-1.43862;1.711
32.8;22;22.0564;21.8296;-1.2495;1.61549
32.8;23;23.089;22.8453;-1.05878;1.55808
32.8;24;24.1215;23.861;-0.785175;1.48495
32.8;25;25.1539;24.8767;-0.443729;1.44395
32.8;26;26.186;25.8924;0.039554;1.44733
32.8;27;27.218;26.9081;-0.927949;0.908216
32.8;28;28.2497;27.9238;-1.08165;1.0522
32.8;29;29.2811;28.9395;-1.12677;1.10063
32.8;30;30.3121;29.9552;-1.15185;1.12463
32.8;31;31.3428;30.9709;-1.17924;1.15098
32.8;32;32.3732;31.9866;-1.20442;1.17503
32.8;33;33.4031;33.0023;-1.23083;1.20043
32.8;34;34.4327;34.018;-1.25683;1.22543
32.8;35;35.4618;35.0337;-1.28341;1.25096
32.8;36;36.4905;36.0494;-1.31035;1.2768
32.8;37;37.5188;37.0651;-1.33954;1.30447
32.8;38;38.5467;38.0808;-1.36925;1.33182
32.8;39;39.5741;39.0966;-1.39672;1.35807
32.8;40;40.6011;40.1123;-1.42464;1.38524
32.8;41;41.6276;41.128;-1.45216;1.41288
32.8;42;42.6538;42.1437;-1.48015;1.4399
32.8;43;43.6795;43.1594;-1.59993;1.57617
32.8;44;44.7048;44.1751;-1.63963;1.60431
32.8;45;45.7297;45.1908;-1.67424;1.62903
32.8;46;46.7541;46.2065;-1.70531;1.66114
32.8;47;47.7782;47.2222;-1.73354;1.68593
32.8;48;48.8019;48.2379;-1.75823;1.71114
32.8;49;49.8253;49.2536;-1.78132;1.7354
32.8;50;50.8482;50.2693;-1.8022;1.75713
33;5;4.5644;4.5626;-1.81459;1.77335
33;6;5.5858;5.5782;-1.91363;1.86709
33;7;6.6087;6.5937;-1.91973;1.87794
33;8;7.6328;7.6093;-1.92595;1.88761
33;9;8.658;8.6248;-1.92194;1.89274
33;10;9.6844;9.6404;-1.9137;1.89023
33;11;10.7117;10.656;-1.95524;1.94609
33;12;11.74;11.6716;-1.92848;1.92548
33;13;12.7691;12.6872;-1.88984;1.90687
33;14;13.7988;13.7028;-1.87789;1.91543
33;15;14.8292;14.7184;-1.81051;1.87608
33;16;15.8602;15.734;-1.76146;1.85997
33;17;16.8916;16.7495;-1.65688;1.79698
33;18;17.9233;17.7651;-1.5604;1.75715
33;19;18.9553;18.7807;-1.42191;1.69618
33;20;19.9875;19.7963;-1.23401;1.60129
33;21;21.0199;20.8119;-1.0435;1.5458
33;22;22.0523;21.8275;-0.771675;1.47007
33;23;23.0846;22.8431;-0.430845;1.43296
33;24;24.1169;23.8588;0.0515749;1.43651
33;25;25.1491;24.8744;-0.92904;0.909447
33;26;26.1811;25.89;-1.08059;1.05353
33;27;27.2129;26.9056;-1.12694;1.10063
33;28;28.2444;27.9212;-1.15173;1.12448
33;29;29.2757;28.9368;-1.17905;1.15068
33;30;30.3066;29.9524;-1.20438;1.17435
33;31;31.3372;30.968;-1.23024;1.20002
33;32;32.3674;31.9836;-1.25591;1.22463
33;33;33.3973;32.9992;-1.28214;1.24997
33;34;34.4267;34.0148;-1.30896;1.27562
33;35;35.4557;35.0304;-1.33777;1.30283
33;36;36.4844;36.046;-1.36817;1.32921
33;37;37.5126;37.0616;-1.3944;1.35598
33;38;38.5403;38.0772;-1.42216;1.38265
33;39;39.5677;39.0928;-1.44951;1.40975
33;40;40.5946;40.1084;-1.47732;1.43675
33;41;41.6211;41.124;-1.59596;1.57246
33;42;42.6472;42.1396;-1.6351;1.60027
33;43;43.6728;43.1552;-1.67013;1.62433
33;44;44.6981;44.1709;-1.696;1.65287
33;45;45.7229;45.1865;-1.72853;1.68175
33;46;46.7473;46.2021;-1.74835;1.70212
33;47;47.7714;47.2177;-1.76935;1.72473
33;48;48.7951;48.2333;-1.78878;1.74542
33;49;49.8183;49.2489;-1.80603;1.76548
33;50;50.8413;50.2645;-1.90409;1.85823
33.2;5;4.5639;4.5622;-1.91006;1.87338
33.2;6;5.5852;5.5777;-1.91514;1.87816
33.2;7;6.6079;6.5931;-1.91093;1.88113
33.2;8;7.6318;7.6086;-1.90136;1.87911
33.2;9;8.6568;8.6241;-1.94201;1.93402
33.2;10;9.683;9.6395;-1.91119;1.91393
33.2;11;10.7101;10.655;-1.87253;1.88796
33.2;12;11.7381;11.6705;-1.86193;1.9015
33.2;13;12.7669;12.686;-1.79463;1.86393
33.2;14;13.7965;13.7015;-1.74485;1.84502
33.2;15;14.8267;14.717;-1.63943;1.77875
33.2;16;15.8574;15.7325;-1.5429;1.73917
33.2;17;16.8885;16.748;-1.40751;1.67758
33.2;18;17.92;17.7635;-1.21756;1.58691
33.2;19;18.9518;18.779;-1.0271;1.53112
33.2;20;19.9838;19.7945;-0.756869;1.45752
33.2;21;21.0159;20.81;-0.41817;1.42033
33.2;22;22.0481;21.8255;0.0612338;1.42896
33.2;23;23.0803;22.841;-0.93241;0.907933
33.2;24;24.1124;23.8565;-1.0808;1.05388
33.2;25;25.1444;24.872;-1.12774;1.10024
33.2;26;26.1763;25.8875;-1.15225;1.12394
33.2;27;27.2079;26.903;-1.17882;1.1504
33.2;28;28.2393;27.9185;-1.20127;1.17305
33.2;29;29.2704;28.9341;-1.22985;1.19898
33.2;30;30.3012;29.9496;-1.25518;1.22364
33.2;31;31.3316;30.9651;-1.28106;1.24879
33.2;32;32.3617;31.9806;-1.30751;1.27425
33.2;33;33.3914;32.9961;-1.33619;1.30151
33.2;34;34.4208;34.0116;-1.34732;1.33525
33.2;35;35.4497;35.0271;-1.39283;1.35319
33.2;36;36.4782;36.0426;-1.41958;1.3804
33.2;37;37.5064;37.0581;-1.43093;1.41272
33.2;38;38.5341;38.0736;-1.46607;1.43455
33.2;39;39.5613;39.0891;-1.59187;1.56885
33.2;40;40.5882;40.1046;-1.63044;1.59604
33.2;41;41.6146;41.1202;-1.66417;1.62006
33.2;42;42.6406;42.1357;-1.6943;1.65111
33.2;43;43.6662;43.1512;-1.72115;1.67475
33.2;44;44.6914;44.1667;-1.74474;1.69907
33.2;45;45.7162;45.1822;-1.76309;1.71884
33.2;46;46.7406;46.1977;-1.78665;1.74272
33.2;47;47.7646;47.2132;-1.79766;1.75781
33.2;48;48.7882;48.2287;-1.89474;1.84998
33.2;49;49.8115;49.2442;-1.90011;1.86405
33.2;50;50.8344;50.2597;-1.90405;1.86766
33.4;5;4.5635;4.5619;-1.89908;1.8707
33.4;6;5.5846;5.5772;-1.88923;1.86829
33.4;7;6.6071;6.5925;-1.92898;1.92228
33.4;8;7.6308;7.6079;-1.8996;1.90005
33.4;9;8.6556;8.6233;-1.85866;1.87964
33.4;10;9.6816;9.6387;-1.84687;1.88798
33.4;11;10.7085;10.6541;-1.77969;1.84836
33.4;12;11.7363;11.6695;-1.72924;1.83057
33.4;13;12.7649;12.6849;-1.62829;1.76558
33.4;14;13.7942;13.7003;-1.52179;1.72017
33.4;15;14.8241;14.7157;-1.3933;1.65969
33.4;16;15.8546;15.7311;-1.20131;1.57234
33.4;17;16.8855;16.7465;-1.01223;1.51958
33.4;18;17.9168;17.7619;-0.742268;1.44605
33.4;19;18.9484;18.7773;-0.405701;1.41043
33.4;20;19.9801;19.7927;0.0749837;1.41779
33.4;21;21.0121;20.8081;-0.92972;0.910172
33.4;22;22.044;21.8235;-1.08119;1.05404
33.4;23;23.076;22.8389;-1.1272;1.10088
33.4;24;24.108;23.8543;-1.15162;1.12446
33.4;25;25.1398;24.8697;-1.17856;1.15016
33.4;26;26.1714;25.8851;-1.20349;1.17353
33.4;27;27.2029;26.9006;-1.22869;1.19865
33.4;28;28.2341;27.916;-1.25415;1.22292
33.4;29;29.2651;28.9314;-1.27992;1.24767
33.4;30;30.2958;29.9468;-1.30625;1.27294
33.4;31;31.3261;30.9622;-1.33454;1.29975
33.4;32;32.3561;31.9776;-1.36412;1.32546
33.4;33;33.3857;32.993;-1.38976;1.35177
33.4;34;34.4149;34.0084;-1.4169;1.37796
33.4;35;35.4438;35.0238;-1.44359;1.40428
33.4;36;36.4722;36.0393;-1.47039;1.43047
33.4;37;37.5002;37.0547;-1.58797;1.56506
33.4;38;38.5278;38.0701;-1.62597;1.59193
33.4;39;39.555;39.0855;-1.65942;1.61529
33.4;40;40.5818;40.1009;-1.68855;1.64597
33.4;41;41.6082;41.1163;-1.71507;1.66922
33.4;42;42.6341;42.1317;-1.73829;1.69311
33.4;43;43.6597;43.1472;-1.75585;1.71241
33.4;44;44.6848;44.1626;-1.77855;1.73579
33.4;45;45.7096;45.178;-1.78905;1.75034
33.4;46;46.7339;46.1934;-1.88514;1.84114
33.4;47;47.7579;47.2088;-1.88989;1.85496
33.4;48;48.7815;48.2242;-1.89314;1.85785
33.4;49;49.8047;49.2396;-1.88743;1.86009
33.4;50;50.8275;50.2551;-1.87675;1.85728
33.6;5;4.563;4.5615;-1.91557;1.91034
33.6;6;5.584;5.5767;-1.88331;1.88919
33.6;7;6.6063;6.592;-1.84369;1.86602
33.6;8;7.6298;7.6073;-1.832;1.87428
33.6;9;8.6544;8.6225;-1.76346;1.83648
33.6;10;9.6802;9.6378;-1.71303;1.81594
33.6;11;10.7068;10.6531;-1.61211;1.75073
33.6;12;11.7344;11.6684;-1.50755;1.7059
33.6;13;12.7628;12.6837;-1.3772;1.6452
33.6;14;13.7919;13.699;-1.18643;1.55858
33.6;15;14.8216;14.7143;-0.996238;1.50564
33.6;16;15.8518;15.7296;-0.727867;1.43314
33.6;17;16.8825;16.745;-0.391657;1.3989
33.6;18;17.9136;17.7603;0.0863789;1.40817
33.6;19;18.945;18.7756;-0.932636;0.908293
33.6;20;19.9765;19.7909;-1.08135;1.05423
33.6;21;21.0082;20.8062;-1.12772;1.10033
33.6;22;22.04;21.8215;-1.15185;1.12355
33.6;23;23.0718;22.8368;-1.17802;1.14995
33.6;24;24.1035;23.8521;-1.20029;1.1723
33.6;25;25.1352;24.8675;-1.22844;1.1977
33.6;26;26.1667;25.8828;-1.25332;1.22179
33.6;27;27.198;26.8981;-1.27871;1.2466
33.6;28;28.2291;27.9134;-1.30466;1.27169
33.6;29;29.2599;28.9287;-1.33281;1.29831
33.6;30;30.2904;29.944;-1.34255;1.33214
33.6;31;31.3206;30.9594;-1.38829;1.34888
33.6;32;32.3505;31.9747;-1.41412;1.37535
33.6;33;33.38;32.99;-1.4251;1.40717
33.6;34;34.4091;34.0053;-1.45921;1.42818
33.6;35;35.4378;35.0206;-1.58395;1.56138
33.6;36;36.4662;36.036;-1.62136;1.58793
33.6;37;37.4941;37.0513;-1.65521;1.61066
33.6;38;38.5217;38.0666;-1.67947;1.63779
33.6;39;39.5488;39.0819;-1.70844;1.66317
33.6;40;40.5755;40.0972;-1.72823;1.68423
33.6;41;41.6018;41.1125;-1.74761;1.70509
33.6;42;42.6277;42.1279;-1.7657;1.72573
33.6;43;43.6532;43.1432;-1.78064;1.74268
33.6;44;44.6783;44.1585;-1.87573;1.83293
33.6;45;45.703;45.1738;-1.87986;1.84527
33.6;46;46.7273;46.1891;-1.88243;1.84872
33.6;47;47.7512;47.2045;-1.87597;1.84976
33.6;48;48.7747;48.2198;-1.86446;1.84609
33.6;49;49.7979;49.2351;-1.90062;1.89823
33.6;50;50.8207;50.2504;-1.8715;1.87548
33.8;5;4.5626;4.5611;-1.83542;1.85563
33.8;6;5.5834;5.5763;-1.81663;1.86101
33.8;7;6.6055;6.5914;-1.74891;1.82119
33.8;8;7.6288;7.6066;-1.69702;1.80251
33.8;9;8.6533;8.6218;-1.59089;1.73645
33.8;10;9.6788;9.637;-1.4916;1.69471
33.8;11;10.7053;10.6522;-1.35919;1.63502
33.8;12;11.7326;11.6674;-1.17057;1.54564
33.8;13;12.7608;12.6826;-0.983083;1.49263
33.8;14;13.7896;13.6978;-0.715178;1.42132
33.8;15;14.8191;14.713;-0.37959;1.38574
33.8;16;15.8491;15.7282;0.0975725;1.39666
33.8;17;16.8796;16.7435;-0.931152;0.911356
33.8;18;17.9104;17.7587;-1.08297;1.05363
33.8;19;18.9416;18.7739;-1.12712;1.10103
33.8;20;19.9729;19.7891;-1.15115;1.12414
33.8;21;21.0044;20.8043;-1.17768;1.14956
33.8;22;22.036;21.8196;-1.20195;1.17285
33.8;23;23.0676;22.8348;-1.22717;1.19723
33.8;24;24.0992;23.85;-1.25217;1.22118
33.8;25;25.1307;24.8652;-1.27744;1.24559
33.8;26;26.162;25.8804;-1.30326;1.27026
33.8;27;27.1931;26.8957;-1.331;1.29669
33.8;28;28.2241;27.9109;-1.35919;1.3225
33.8;29;29.2547;28.9261;-1.38504;1.34737
33.8;30;30.2851;29.9413;-1.41124;1.37283
33.8;31;31.3152;30.9566;-1.43693;1.39892
33.8;32;32.3449;31.9718;-1.4633;1.42431
33.8;33;33.3743;32.987;-1.57979;1.55752
33.8;34;34.4034;34.0022;-1.61693;1.58376
33.8;35;35.432;35.0175;-1.64914;1.60616
33.8;36;36.4602;36.0327;-1.67728;1.6358
33.8;37;37.4881;37.0479;-1.7031;1.65827
33.8;38;38.5156;38.0631;-1.72481;1.68098
33.8;39;39.5426;39.0784;-1.74508;1.70256
33.8;40;40.5693;40.0936;-1.76291;1.72139
33.8;41;41.5955;41.1088;-1.77198;1.73485
33.8;42;42.6213;42.124;-1.8665;1.82413
33.8;43;43.6468;43.1393;-1.86955;1.8329
33.8;44;44.6718;44.1545;-1.87142;1.83898
33.8;45;45.6964;45.1697;-1.86366;1.84016
33.8;46;46.7207;46.1849;-1.85235;1.8352
33.8;47;47.7446;47.2002;-1.88931;1.88695
33.8;48;48.7681;48.2154;-1.85926;1.8632
33.8;49;49.7912;49.2306;-1.81758;1.84222
33.8;50;50.814;50.2458;-1.80146;1.84634
34;5;4.5621;4.5607;-1.73231;1.80636
34;6;5.5828;5.5758;-1.68199;1.78751
34;7;6.6047;6.5909;-1.57597;1.72424
34;8;7.6279;7.606;-1.47584;1.68253
34;9;8.6521;8.6211;-1.34557;1.61748
34;10;9.6774;9.6362;-1.15608;1.53152
34;11;10.7037;10.6513;-0.967481;1.48056
34;12;11.7308;11.6664;-0.701169;1.40932
34;13;12.7588;12.6815;-0.367718;1.37824
34;14;13.7874;13.6966;0.108568;1.39015
34;15;14.8167;14.7117;-0.93381;0.909321
34;16;15.8465;15.7269;-1.08157;1.05466
34;17;16.8767;16.742;-1.12757;1.10033
34;18;17.9073;17.7571;-1.1513;1.1233
34;19;18.9383;18.7722;-1.17728;1.14921
34;20;19.9694;19.7874;-1.19911;1.17105
34;21;21.0007;20.8025;-1.22681;1.19615
34;22;22.0321;21.8176;-1.25121;1.21993
34;23;23.0635;22.8327;-1.2761;1.2444
34;24;24.0949;23.8479;-1.30152;1.26889
34;25;25.1262;24.863;-1.32911;1.2949
34;26;26.1573;25.8781;-1.33935;1.32757
34;27;27.1883;26.8933;-1.38337;1.34438
34;28;28.2191;27.9084;-1.40854;1.37039
34;29;29.2496;28.9235;-1.41881;1.40119
34;30;30.2799;29.9387;-1.45218;1.42167
34;31;31.3098;30.9538;-1.57549;1.55348
34;32;32.3395;31.9689;-1.61236;1.57942
34;33;33.3687;32.9841;-1.64393;1.60148
34;34;34.3977;33.9992;-1.67174;1.63078
34;35;35.4262;35.0143;-1.69684;1.65253
34;36;36.4544;36.0295;-1.71816;1.67482
34;37;37.4821;37.0446;-1.7376;1.69595
34;38;38.5095;38.0597;-1.75536;1.7143
34;39;39.5365;39.0749;-1.76351;1.72723
34;40;40.5631;40.09;-1.85702;1.81556
34;41;41.5892;41.1051;-1.85942;1.82368
34;42;42.615;42.1202;-1.86107;1.82906
34;43;43.6404;43.1354;-1.85257;1.82993
34;44;44.6654;44.1505;-1.84043;1.82462
34;45;45.69;45.1657;-1.87646;1.87549
34;46;46.7142;46.1808;-1.84477;1.85074
34;47;47.738;47.1959;-1.80188;1.82863
34;48;48.7615;48.2111;-1.78716;1.83452
34;49;49.7845;49.2262;-1.71814;1.7933
34;50;50.8073;50.2413;-1.66636;1.77373
34.2;5;4.5617;4.5604;-1.56036;1.71035
34.2;6;5.5822;5.5753;-1.46122;1.66772
34.2;7;6.604;6.5903;-1.33005;1.60336
34.2;8;7.6269;7.6053;-1.14061;1.51823
34.2;9;8.651;8.6203;-0.953389;1.46721
34.2;10;9.6761;9.6353;-0.687352;1.39589
34.2;11;10.7022;10.6504;-0.354262;1.36765
34.2;12;11.7291;11.6654;0.119369;1.38175
34.2;13;12.7568;12.6804;-0.931643;0.912039
34.2;14;13.7852;13.6954;-1.08313;1.05372
34.2;15;14.8142;14.7105;-1.12689;1.10089
34.2;16;15.8438;15.7255;-1.15074;1.12374
34.2;17;16.8739;16.7405;-1.17684;1.1489
34.2;18;17.9043;17.7556;-1.20067;1.1717
34.2;19;18.935;18.7706;-1.22542;1.19579
34.2;20;19.9659;19.7856;-1.24993;1.21919
34.2;21;20.997;20.8007;-1.27468;1.24304
34.2;22;22.0282;21.8157;-1.29996;1.26736
34.2;23;23.0594;22.8307;-1.32713;1.29318
34.2;24;24.0906;23.8458;-1.35498;1.31859
34.2;25;25.1217;24.8608;-1.3802;1.34304
34.2;26;26.1527;25.8759;-1.40573;1.36779
34.2;27;27.1836;26.8909;-1.43071;1.39314
34.2;28;28.2142;27.9059;-1.45632;1.41801
34.2;29;29.2446;28.921;-1.57138;1.54986
34.2;30;30.2747;29.936;-1.60764;1.5752
34.2;31;31.3045;30.9511;-1.63992;1.59664
34.2;32;32.334;31.9661;-1.66603;1.62366
34.2;33;33.3632;32.9811;-1.6904;1.64662
34.2;34;34.392;33.9962;-1.7113;1.66918
34.2;35;35.4205;35.0112;-1.72597;1.68527
34.2;36;36.4485;36.0263;-1.74184;1.70261
34.2;37;37.4762;37.0413;-1.75522;1.71944
34.2;38;38.5035;38.0563;-1.84771;1.80722
34.2;39;39.5304;39.0714;-1.849;1.81388
34.2;40;40.5569;40.0864;-1.85042;1.81941
34.2;41;41.583;41.1015;-1.84166;1.82044
34.2;42;42.6087;42.1165;-1.82869;1.81338
34.2;43;43.6341;43.1316;-1.86379;1.86336
34.2;44;44.659;44.1466;-1.83229;1.83917
34.2;45;45.6835;45.1616;-1.78961;1.81772
34.2;46;46.7077;46.1767;-1.77166;1.82011
34.2;47;47.7315;47.1917;-1.70266;1.77942
34.2;48;48.7549;48.2068;-1.6501;1.76047
34.2;49;49.7779;49.2218;-1.54407;1.69479
34.2;50;50.8006;50.2369;-1.44584;1.65437
34.4;5;4.5612;4.56;-1.31051;1.59714
34.4;6;5.5816;5.5749;-1.12532;1.50477
34.4;7;6.6032;6.5898;-0.939484;1.45257
34.4;8;7.626;7.6047;-0.673722;1.38609
34.4;9;8.6499;8.6196;-0.342772;1.35691
34.4;10;9.6748;9.6345;0.129978;1.3732
34.4;11;10.7006;10.6495;-0.934865;0.910451
34.4;12;11.7273;11.6644;-1.08166;1.05482
34.4;13;12.7548;12.6793;-1.12726;1.10005
34.4;14;13.783;13.6943;-1.1508;1.12277
34.4;15;14.8119;14.7092;-1.17634;1.14821
34.4;16;15.8412;15.7242;-1.19772;1.16978
34.4;17;16.871;16.7391;-1.22493;1.19459
34.4;18;17.9012;17.754;-1.24883;1.21783
34.4;19;18.9317;18.769;-1.27345;1.24175
34.4;20;19.9625;19.7839;-1.29832;1.2659
34.4;21;20.9934;20.7989;-1.32532;1.29154
34.4;22;22.0244;21.8138;-1.3344;1.32383
34.4;23;23.0554;22.8288;-1.37832;1.33997
34.4;24;24.0864;23.8437;-1.40309;1.36529
34.4;25;25.1174;24.8587;-1.41264;1.39562
34.4;26;26.1482;25.8736;-1.44524;1.41532
34.4;27;27.1789;26.8886;-1.56712;1.54578
34.4;28;28.2093;27.9035;-1.6031;1.57082
34.4;29;29.2396;28.9185;-1.63473;1.59193
34.4;30;30.2696;29.9334;-1.6605;1.61829
34.4;31;31.2993;30.9484;-1.68413;1.64087
34.4;32;32.3287;31.9633;-1.70463;1.66303
34.4;33;33.3577;32.9783;-1.71885;1.67868
34.4;34;34.3864;33.9932;-1.73383;1.69554
34.4;35;35.4148;35.0082;-1.74667;1.71186
34.4;36;36.4428;36.0231;-1.83813;1.79871
34.4;37;37.4704;37.0381;-1.83923;1.80474
34.4;38;38.4976;38.053;-1.83946;1.81003
34.4;39;39.5244;39.068;-1.83041;1.80986
34.4;40;40.5508;40.0829;-1.81659;1.80294
34.4;41;41.5769;41.0979;-1.849;1.85206
34.4;42;42.6025;42.1128;-1.81754;1.82744
34.4;43;43.6278;43.1278;-1.77947;1.80549
34.4;44;44.6527;44.1427;-1.75772;1.80794
34.4;45;45.6771;45.1577;-1.68811;1.76666
34.4;46;46.7013;46.1726;-1.63482;1.74704
34.4;47;47.725;47.1876;-1.52883;1.68056
34.4;48;48.7484;48.2025;-1.42682;1.63512
34.4;49;49.7714;49.2175;-1.29535;1.58358
34.4;50;50.7941;50.2324;-1.11139;1.49213
34.6;5;4.5608;4.5597;-0.924443;1.44222
34.6;6;5.581;5.5744;-0.661789;1.37485
34.6;7;6.6025;6.5892;-0.331468;1.34746
34.6;8;7.6251;7.6041;0.140399;1.36276
34.6;9;8.6488;8.6189;-0.998386;0.969938
34.6;10;9.6735;9.6337;-0.972968;0.954143
34.6;11;10.6991;10.6486;-1.12715;1.10069
34.6;12;11.7256;11.6634;-1.15058;1.12309
34.6;13;12.7529;12.6783;-1.17625;1.148
34.6;14;13.7809;13.6931;-1.19962;1.17053
34.6;15;14.8095;14.708;-1.22414;1.19412
34.6;16;15.8387;15.7228;-1.24815;1.21722
34.6;17;16.8683;16.7377;-1.27263;1.24076
34.6;18;17.8982;17.7525;-1.2971;1.26451
34.6;19;18.9285;18.7674;-1.32343;1.28973
34.6;20;19.9591;19.7822;-1.34902;1.31476
34.6;21;20.9898;20.7971;-1.37465;1.3383
34.6;22;22.0206;21.8119;-1.39947;1.36262
34.6;23;23.0514;22.8268;-1.4237;1.38668
34.6;24;24.0823;23.8417;-1.44789;1.41076
34.6;25;25.113;24.8565;-1.56782;1.54182
34.6;26;26.1437;25.8714;-1.60498;1.56328
34.6;27;27.1742;26.8862;-1.62869;1.58737
34.6;28;28.2045;27.9011;-1.65479;1.61531
34.6;29;29.2346;28.916;-1.67877;1.63562
34.6;30;30.2645;29.9308;-1.69813;1.65671
34.6;31;31.2941;30.9457;-1.71151;1.67334
34.6;32;32.3233;31.9605;-1.73175;1.69311
34.6;33;33.3523;32.9754;-1.7383;1.70411
34.6;34;34.3809;33.9903;-1.82917;1.79043
34.6;35;35.4091;35.0051;-1.82963;1.80003
34.6;36;36.437;36.02;-1.82867;1.7996
34.6;37;37.4645;37.0349;-1.81934;1.79866
34.6;38;38.4917;38.0497;-1.80466;1.79233
34.6;39;39.5184;39.0646;-1.83842;1.84111
34.6;40;40.5448;40.0794;-1.80542;1.815
34.6;41;41.5708;41.0943;-1.76171;1.79253
34.6;42;42.5964;42.1092;-1.74327;1.79501
34.6;43;43.6216;43.124;-1.67299;1.75244
34.6;44;44.6464;44.1389;-1.62053;1.73275
34.6;45;45.6708;45.1538;-1.51812;1.66767
34.6;46;46.6949;46.1686;-1.4137;1.62226
34.6;47;47.7186;47.1835;-1.28037;1.57075
34.6;48;48.7419;48.1983;-1.09646;1.47933
34.6;49;49.7649;49.2132;-0.912221;1.42949
34.6;50;50.7875;50.2281;-0.648526;1.36346
34.8;5;4.5604;4.5593;-0.31857;1.33639
34.8;6;5.5804;5.574;0.150634;1.35561
34.8;7;6.6017;6.5887;-0.932647;0.913083
34.8;8;7.6242;7.6035;-1.08179;1.05491
34.8;9;8.6477;8.6182;-1.12633;1.10034
34.8;10;9.6722;9.6329;-1.14942;1.12263
34.8;11;10.6977;10.6477;-1.17518;1.14719
34.8;12;11.724;11.6625;-1.19865;1.16915
34.8;13;12.751;12.6772;-1.22255;1.19303
34.8;14;13.7788;13.692;-1.24641;1.21576
34.8;15;14.8072;14.7067;-1.27047;1.23914
34.8;16;15.8361;15.7215;-1.29503;1.26272
34.8;17;16.8655;16.7363;-1.32143;1.28776
34.8;18;17.8953;17.751;-1.34903;1.31159
34.8;19;18.9254;18.7658;-1.37256;1.33594
34.8;20;19.9557;19.7806;-1.39718;1.35978
34.8;21;20.9862;20.7953;-1.4215;1.3839
34.8;22;22.0168;21.8101;-1.44578;1.40774
34.8;23;23.0475;22.8249;-1.55881;1.53799
34.8;24;24.0781;23.8396;-1.59354;1.56215
34.8;25;25.1087;24.8544;-1.62453;1.58264
34.8;26;26.1393;25.8692;-1.64572;1.60706
34.8;27;27.1696;26.884;-1.67175;1.62954
34.8;28;28.1998;27.8987;-1.68838;1.64783
34.8;29;29.2298;28.9135;-1.70435;1.6657
34.8;30;30.2595;29.9283;-1.71875;1.68313
34.8;31;31.2889;30.943;-1.7301;1.69659
34.8;32;32.3181;31.9578;-1.81904;1.78159
34.8;33;33.3469;32.9726;-1.81974;1.7914
34.8;34;34.3754;33.9874;-1.81854;1.79032
34.8;35;35.4036;35.0021;-1.80844;1.78867
34.8;36;36.4314;36.0169;-1.7929;1.78155
34.8;37;37.4588;37.0317;-1.8257;1.82948
34.8;38;38.4858;38.0465;-1.7892;1.80455
34.8;39;39.5125;39.0612;-1.74738;1.77713
34.8;40;40.5388;40.076;-1.729;1.78251
34.8;41;41.5647;41.0908;-1.6573;1.73935
34.8;42;42.5902;42.1056;-1.60481;1.72038
34.8;43;43.6154;43.1203;-1.5015;1.65235
34.8;44;44.6402;44.1351;-1.40076;1.61333
34.8;45;45.6645;45.1499;-1.26661;1.55326
34.8;46;46.6886;46.1647;-1.08172;1.46636
34.8;47;47.7122;47.1794;-0.897538;1.4177
34.8;48;48.7355;48.1942;-0.63544;1.3519
34.8;49;49.7584;49.209;-0.307629;1.32809
34.8;50;50.781;50.2238;0.160688;1.34832
35;5;4.56;4.559;-0.933042;0.913369
35;6;5.5799;5.5736;-1.08297;1.05391
35;7;6.601;6.5882;-1.12612;1.10004
35;8;7.6233;7.6028;-1.14909;1.12221
35;9;8.6466;8.6175;-1.17451;1.14665
35;10;9.6709;9.6322;-1.19738;1.16893
35;11;10.6962;10.6468;-1.22161;1.19201
35;12;11.7223;11.6615;-1.24508;1.2146
35;13;12.7492;12.6762;-1.26899;1.23782
35;14;13.7767;13.6908;-1.29312;1.26101
35;15;14.8049;14.7055;-1.31934;1.28588
35;16;15.8336;15.7202;-1.34592;1.31004
35;17;16.8628;16.7349;-1.36979;1.33343
35;18;17.8924;17.7496;-1.39419;1.35706
35;19;18.9223;18.7642;-1.41767;1.38122
35;20;19.9524;19.7789;-1.44199;1.40484
35;21;20.9827;20.7936;-1.55443;1.53399
35;22;22.0131;21.8083;-1.58885;1.55788
35;23;23.0436;22.823;-1.61917;1.57775
35;24;24.0741;23.8376;-1.63999;1.60184
35;25;25.1045;24.8523;-1.66563;1.62397
35;26;26.1349;25.867;-1.68184;1.64152
35;27;27.1651;26.8817;-1.69695;1.65897
35;28;28.1951;27.8964;-1.71085;1.67594
35;29;29.2249;28.9111;-1.72165;1.6889
35;30;30.2545;29.9258;-1.80998;1.77298
35;31;31.2838;30.9404;-1.81002;1.7826
35;32;32.3129;31.9551;-1.80809;1.78088
35;33;33.3416;32.9698;-1.79719;1.77852
35;34;34.37;33.9845;-1.78132;1.77109
35;35;35.398;34.9992;-1.81316;1.81769
35;36;36.4257;36.0139;-1.77925;1.79178
35;37;37.4531;37.0286;-1.73516;1.76839
35;38;38.48;38.0432;-1.71489;1.76864
35;39;39.5066;39.0579;-1.64402;1.72674
35;40;40.5329;40.0726;-1.59006;1.70715
35;41;41.5587;41.0873;-1.48678;1.63914
35;42;42.5842;42.102;-1.38418;1.60097
35;43;43.6093;43.1167;-1.25198;1.5401
35;44;44.634;44.1314;-1.06831;1.45423
35;45;45.6583;45.1461;-0.884349;1.40687
35;46;46.6823;46.1607;-0.622531;1.34146
35;47;47.7059;47.1754;-0.296865;1.31671
35;48;48.7291;48.1901;0.170562;1.33742
35;49;49.752;49.2048;-0.996046;0.975941
35;50;50.7746;50.2195;-0.974303;0.953914
35.2;5;4.5596;4.5586;-1.12629;1.09999
35.2;6;5.5793;5.5731;-1.14916;1.12184
35.2;7;6.6003;6.5877;-1.17423;1.14617
35.2;8;7.6224;7.6022;-1.19745;1.16789
35.2;9;8.6456;8.6168;-1.22084;1.19129
35.2;10;9.6697;9.6314;-1.24416;1.21374
35.2;11;10.6948;10.646;-1.26792;1.23659
35.2;12;11.7207;11.6606;-1.29189;1.25962
35.2;13;12.7473;12.6751;-1.31741;1.28408
35.2;14;13.7747;13.6897;-1.34216;1.30756
35.2;15;14.8026;14.7043;-1.36691;1.33101
35.2;16;15.8312;15.7189;-1.39049;1.35444
35.2;17;16.8601;16.7335;-1.4143;1.37729
35.2;18;17.8895;17.7481;-1.43744;1.40065
35.2;19;18.9192;18.7627;-1.55308;1.53101
35.2;20;19.9491;19.7773;-1.59091;1.54955
35.2;21;20.9792;20.7919;-1.61295;1.57302
35.2;22;22.0094;21.8065;-1.63831;1.59966
35.2;23;23.0397;22.8211;-1.66005;1.61889
35.2;24;24.0701;23.8357;-1.67774;1.63849
35.2;25;25.1003;24.8503;-1.69446;1.65635
35.2;26;26.1305;25.8649;-1.70845;1.67155
35.2;27;27.1606;26.8795;-1.71336;1.68144
35.2;28;28.1904;27.8941;-1.80109;1.76502
35.2;29;29.2201;28.9087;-1.79999;1.76989
35.2;30;30.2496;29.9233;-1.79732;1.77172
35.2;31;31.2788;30.9379;-1.78612;1.76867
35.2;32;32.3077;31.9525;-1.7699;1.76048
35.2;33;33.3363;32.9671;-1.80078;1.80676
35.2;34;34.3646;33.9817;-1.76336;1.78101
35.2;35;35.3925;34.9963;-1.71857;1.7538
35.2;36;36.4202;36.0109;-1.70026;1.75704
35.2;37;37.4474;37.0255;-1.62867;1.71333
35.2;38;38.4743;38.0401;-1.57548;1.69376
35.2;39;39.5008;39.0547;-1.46963;1.62953
35.2;40;40.527;40.0693;-1.37157;1.58598
35.2;41;41.5528;41.0839;-1.23752;1.52769
35.2;42;42.5782;42.0985;-1.05391;1.44195
35.2;43;43.6032;43.1131;-0.871332;1.39254
35.2;44;44.6279;44.1277;-0.611307;1.33086
35.2;45;45.6521;45.1423;-0.284499;1.3081
35.2;46;46.6761;46.1569;0.18026;1.33155
35.2;47;47.6996;47.1715;-0.933696;0.914061
35.2;48;48.7228;48.1861;-1.08282;1.05365
35.2;49;49.7457;49.2007;-1.12531;1.09937
35.2;50;50.7682;50.2153;-1.14804;1.12132
35.4;5;4.5592;4.5583;-1.1732;1.14532
35.4;6;5.5788;5.5727;-1.19557;1.16735
35.4;7;6.5996;6.5872;-1.21927;1.18995
35.4;8;7.6215;7.6016;-1.24242;1.21226
35.4;9;8.6445;8.6161;-1.26601;1.23496
35.4;10;9.6685;9.6306;-1.28953;1.25784
35.4;11;10.6933;10.6451;-1.31512;1.28213
35.4;12;11.719;11.6596;-1.34103;1.30569
35.4;13;12.7455;12.6741;-1.36447;1.32844
35.4;14;13.7727;13.6886;-1.38841;1.35167
35.4;15;14.8004;14.7031;-1.4111;1.37513
35.4;16;15.8287;15.7176;-1.43459;1.398
35.4;17;16.8575;16.7321;-1.54584;1.52612
35.4;18;17.8866;17.7467;-1.57931;1.54916
35.4;19;18.9161;18.7612;-1.60792;1.56844
35.4;20;19.9459;19.7757;-1.63221;1.59445
35.4;21;20.9758;20.7902;-1.65352;1.613
35.4;22;22.0058;21.8047;-1.67153;1.63221
35.4;23;23.0359;22.8192;-1.687;1.64967
35.4;24;24.0661;23.8337;-1.70047;1.66441
35.4;25;25.0962;24.8482;-1.70523;1.67382
35.4;26;26.1262;25.8627;-1.7919;1.7569
35.4;27;27.1561;26.8773;-1.79013;1.7612
35.4;28;28.1858;27.8918;-1.7872;1.7624
35.4;29;29.2154;28.9063;-1.7752;1.75866
35.4;30;30.2447;29.9208;-1.7581;1.75019
35.4;31;31.2738;30.9353;-1.788;1.79567
35.4;32;32.3026;31.9498;-1.75375;1.76846
35.4;33;33.3311;32.9643;-1.70733;1.74362
35.4;34;34.3593;33.9789;-1.68649;1.74346
35.4;35;35.3871;34.9934;-1.61497;1.70106
35.4;36;36.4146;36.0079;-1.56107;1.68022
35.4;37;37.4418;37.0224;-1.45525;1.61676
35.4;38;38.4686;38.0369;-1.35438;1.57001
35.4;39;39.4951;39.0514;-1.22323;1.51422
35.4;40;40.5211;40.066;-1.03968;1.42951
35.4;41;41.5469;41.0805;-0.857166;1.38363
35.4;42;42.5722;42.095;-0.59874;1.32264
35.4;43;43.5972;43.1095;-0.27408;1.29789
35.4;44;44.6218;44.124;0.189785;1.32381
35.4;45;45.646;45.1385;-1.10397;0.942264
35.4;46;46.6699;46.1531;-0.974443;0.953516
35.4;47;47.6934;47.1676;-1.12055;1.10147
35.4;48;48.7166;48.1821;-1.14842;1.12023
35.4;49;49.7394;49.1966;-1.16935;1.14239
35.4;50;50.7619;50.2111;-1.1922;1.16512
35.6;5;4.5588;4.5579;-1.21593;1.18802
35.6;6;5.5783;5.5723;-1.23961;1.21064
35.6;7;6.5989;6.5867;-1.26349;1.23342
35.6;8;7.6207;7.6011;-1.28759;1.25638
35.6;9;8.6435;8.6155;-1.31191;1.27978
35.6;10;9.6673;9.6299;-1.33704;1.30417
35.6;11;10.6919;10.6443;-1.36218;1.32546
35.6;12;11.7174;11.6587;-1.38213;1.34874
35.6;13;12.7437;12.6731;-1.40806;1.37172
35.6;14;13.7707;13.6875;-1.42944;1.39407
35.6;15;14.7982;14.702;-1.5464;1.52195
35.6;16;15.8263;15.7164;-1.58103;1.54142
35.6;17;16.8549;16.7308;-1.60202;1.56432
35.6;18;17.8838;17.7452;-1.62485;1.58588
35.6;19;18.9131;18.7597;-1.64789;1.60762
35.6;20;19.9427;19.7741;-1.66623;1.62579
35.6;21;20.9724;20.7885;-1.67892;1.64318
35.6;22;22.0023;21.8029;-1.69182;1.6575
35.6;23;23.0322;22.8174;-1.69683;1.66605
35.6;24;24.0622;23.8318;-1.78199;1.74783
35.6;25;25.0921;24.8462;-1.78184;1.7557
35.6;26;26.122;25.8606;-1.77577;1.75555
35.6;27;27.1517;26.8751;-1.76341;1.74987
35.6;28;28.1813;27.8895;-1.74646;1.73974
35.6;29;29.2107;28.9039;-1.77652;1.78544
35.6;30;30.2399;29.9184;-1.73941;1.75952
35.6;31;31.2688;30.9328;-1.69237;1.72985
35.6;32;32.2975;31.9472;-1.67358;1.73215
35.6;33;33.3259;32.9617;-1.6007;1.68798
35.6;34;34.354;33.9761;-1.54521;1.66512
35.6;35;35.3817;34.9905;-1.44452;1.60005
35.6;36;36.4092;36.005;-1.34021;1.55636
35.6;37;37.4362;37.0194;-1.2112;1.5024
35.6;38;38.463;38.0338;-1.02678;1.41792
35.6;39;39.4893;39.0483;-0.844484;1.37123
35.6;40;40.5154;40.0627;-0.58634;1.30795
35.6;41;41.541;41.0771;-0.263829;1.28898
35.6;42;42.5663;42.0916;0.199138;1.31592
35.6;43;43.5912;43.106;-1.0418;1.01933
35.6;44;44.6157;44.1204;-0.975602;0.952487
35.6;45;45.6399;45.1349;-1.12514;1.09809
35.6;46;46.6638;46.1493;-1.14718;1.11961
35.6;47;47.6872;47.1637;-1.1684;1.14188
35.6;48;48.7104;48.1782;-1.19157;1.16406
35.6;49;49.7331;49.1926;-1.21732;1.18751
35.6;50;50.7556;50.207;-1.23991;1.20932
35.8;5;4.5584;4.5576;-1.26189;1.23196
35.8;6;5.5777;5.5719;-1.2858;1.25453
35.8;7;6.5982;6.5862;-1.31073;1.27827
35.8;8;7.6198;7.6005;-1.33704;1.30048
35.8;9;8.6425;8.6148;-1.35921;1.32363
35.8;10;9.6661;9.6291;-1.3821;1.34594
35.8;11;10.6905;10.6435;-1.40488;1.36843
35.8;12;11.7159;11.6578;-1.42752;1.39084
35.8;13;12.7419;12.6721;-1.53821;1.51967
35.8;14;13.7687;13.6865;-1.57402;1.53833
35.8;15;14.796;14.7008;-1.59731;1.55851
35.8;16;15.8239;15.7151;-1.61942;1.58197
35.8;17;16.8523;16.7295;-1.64132;1.60176
35.8;18;17.8811;17.7438;-1.65578;1.61818
35.8;19;18.9101;18.7582;-1.67257;1.63655
35.8;20;19.9395;19.7725;-1.68497;1.65043
35.8;21;20.969;20.7868;-1.6886;1.65852
35.8;22;21.9987;21.8012;-1.77313;1.7394
35.8;23;23.0285;22.8155;-1.77229;1.74336
35.8;24;24.0583;23.8299;-1.76647;1.74505
35.8;25;25.088;24.8442;-1.7523;1.73955
35.8;26;26.1177;25.8586;-1.73498;1.72915
35.8;27;27.1473;26.8729;-1.76406;1.77303
35.8;28;28.1768;27.8873;-1.72706;1.74506
35.8;29;29.2061;28.9016;-1.67886;1.71822
35.8;30;30.2351;29.916;-1.66083;1.72129
35.8;31;31.2639;30.9303;-1.58882;1.67605
35.8;32;32.2925;31.9447;-1.53273;1.65336
35.8;33;33.3208;32.959;-1.42699;1.59074
35.8;34;34.3488;33.9734;-1.32429;1.54419
35.8;35;35.3764;34.9877;-1.19619;1.49133
35.8;36;36.4037;36.0021;-1.01287;1.40618
35.8;37;37.4307;37.0164;-0.830648;1.36091
35.8;38;38.4574;38.0308;-0.574105;1.29944
35.8;39;39.4837;39.0451;-0.251969;1.27994
35.8;40;40.5096;40.0595;0.210473;1.3079
35.8;41;41.5352;41.0738;-1.04238;1.01749
35.8;42;42.5604;42.0882;-0.973074;0.952918
35.8;43;43.5853;43.1025;-1.12398;1.09825
35.8;44;44.6098;44.1168;-1.14653;1.11906
35.8;45;45.6339;45.1312;-1.16761;1.14122
35.8;46;46.6577;46.1455;-1.1904;1.16307
35.8;47;47.6811;47.1599;-1.21574;1.18684
35.8;48;48.7042;48.1742;-1.23815;1.20831
35.8;49;49.7269;49.1886;-1.26019;1.23035
35.8;50;50.7493;50.203;-1.28391;1.25254
36;5;4.558;4.5573;-1.30864;1.27612
36;6;5.5772;5.5715;-1.33446;1.29815
36;7;6.5975;6.5857;-1.3564;1.32113
36;8;7.619;7.5999;-1.37904;1.34325
36;9;8.6415;8.6141;-1.40095;1.36581
36;10;9.6649;9.6284;-1.42361;1.38745
36;11;10.6892;10.6426;-1.53399;1.5155
36;12;11.7143;11.6569;-1.56915;1.53389
36;13;12.7402;12.6711;-1.59207;1.55378
36;14;13.7667;13.6854;-1.61344;1.57662
36;15;14.7939;14.6996;-1.63491;1.59608
36;16;15.8216;15.7139;-1.64928;1.61214
36;17;16.8498;16.7282;-1.66558;1.63012
36;18;17.8783;17.7424;-1.67746;1.64322
36;19;18.9072;18.7567;-1.68009;1.65122
36;20;19.9364;19.7709;-1.76397;1.73123
36;21;20.9657;20.7852;-1.76244;1.73421
36;22;21.9952;21.7995;-1.75584;1.73571
36;23;23.0248;22.8137;-1.74135;1.72955
36;24;24.0544;23.828;-1.72366;1.71888
36;25;25.084;24.8423;-1.75175;1.76199
36;26;26.1136;25.8565;-1.71243;1.73528
36;27;27.143;26.8708;-1.66616;1.70643
36;28;28.1723;27.8851;-1.64615;1.70786
36;29;29.2015;28.8993;-1.57337;1.66333
36;30;30.2304;29.9136;-1.518;1.64076
36;31;31.2591;30.9279;-1.41309;1.57827
36;32;32.2875;31.9421;-1.30949;1.53188
36;33;33.3157;32.9564;-1.18238;1.47921
36;34;34.3436;33.9707;-1.0003;1.39429
36;35;35.3711;34.9849;-0.819608;1.34933
36;36;36.3984;35.9992;-0.563544;1.29078
36;37;37.4253;37.0135;-0.240272;1.26929
36;38;38.4518;38.0277;0.219493;1.29974
36;39;39.4781;39.042;-0.933971;0.914614
36;40;40.5039;40.0563;-1.08056;1.05352
36;41;41.5294;41.0705;-1.1234;1.09786
36;42;42.5546;42.0848;-1.13104;1.10621
36;43;43.5794;43.0991;-1.16674;1.14041
36;44;44.6038;44.1133;-1.19148;1.16347
36;45;45.6279;45.1276;-1.21454;1.18558
36;46;46.6516;46.1419;-1.23654;1.20692
36;47;47.675;47.1561;-1.25915;1.22883
36;48;48.6981;48.1704;-1.28191;1.25088
36;49;49.7208;49.1847;-1.30536;1.27357
36;50;50.7431;50.1989;-1.33203;1.29594
36.2;5;4.5576;4.5569;-1.35345;1.31848
36.2;6;5.5767;5.5711;-1.35786;1.34656
36.2;7;6.5969;6.5852;-1.38254;1.36828
36.2;8;7.6182;7.5993;-1.41954;1.38421
36.2;9;8.6405;8.6135;-1.52833;1.50973
36.2;10;9.6637;9.6277;-1.56014;1.5314
36.2;11;10.6878;10.6418;-1.58698;1.54923
36.2;12;11.7128;11.656;-1.6062;1.57113
36.2;13;12.7385;12.6702;-1.62901;1.59025
36.2;14;13.7648;13.6843;-1.64446;1.60767
36.2;15;14.7918;14.6985;-1.65638;1.62034
36.2;16;15.8193;15.7127;-1.66559;1.63363
36.2;17;16.8473;16.7269;-1.67173;1.64377
36.2;18;17.8756;17.741;-1.75363;1.72451
36.2;19;18.9043;18.7552;-1.75133;1.72952
36.2;20;19.9333;19.7694;-1.74586;1.72448
36.2;21;20.9625;20.7836;-1.73261;1.71985
36.2;22;21.9918;21.7978;-1.7125;1.70895
36.2;23;23.0212;22.812;-1.74017;1.75132
36.2;24;24.0506;23.8261;-1.70345;1.72535
36.2;25;25.0801;24.8403;-1.65685;1.6985
36.2;26;26.1095;25.8545;-1.63163;1.6961
36.2;27;27.1388;26.8687;-1.56181;1.6498
36.2;28;28.1679;27.8829;-1.50503;1.6287
36.2;29;29.1969;28.8971;-1.39849;1.56564
36.2;30;30.2257;29.9112;-1.29674;1.52188
36.2;31;31.2543;30.9254;-1.16873;1.46694
36.2;32;32.2826;31.9396;-0.98671;1.38225
36.2;33;33.3107;32.9538;-0.807409;1.33873
36.2;34;34.3384;33.968;-0.55163;1.28072
36.2;35;35.3659;34.9822;-0.232286;1.2585
36.2;36;36.3931;35.9963;0.228351;1.29317
36.2;37;37.4199;37.0105;-1.00026;0.972203
36.2;38;38.4464;38.0247;-0.972312;0.953548
36.2;39;39.4725;39.0389;-1.12341;1.09732
36.2;40;40.4983;40.0531;-1.14524;1.11856
36.2;41;41.5237;41.0673;-1.16946;1.14182
36.2;42;42.5488;42.0815;-1.19108;1.16263
36.2;43;43.5736;43.0956;-1.21374;1.18463
36.2;44;44.5979;44.1098;-1.23557;1.20562
36.2;45;45.622;45.124;-1.25801;1.22741
36.2;46;46.6457;46.1382;-1.28058;1.24908
36.2;47;47.669;47.1524;-1.30304;1.27162
36.2;48;48.692;48.1666;-1.32756;1.29459
36.2;49;49.7146;49.1808;-1.35038;1.31595
36.2;50;50.737;50.195;-1.37221;1.33744
36.4;5;4.5573;4.5566;-1.39356;1.36015
36.4;6;5.5762;5.5707;-1.41438;1.37997
36.4;7;6.5962;6.5847;-1.52887;1.50584
36.4;8;7.6174;7.5988;-1.56182;1.52367
36.4;9;8.6395;8.6129;-1.5817;1.54421
36.4;10;9.6626;9.6269;-1.6044;1.56966
36.4;11;10.6865;10.641;-1.6229;1.58461
36.4;12;11.7113;11.6551;-1.6394;1.601
36.4;13;12.7368;12.6692;-1.64891;1.61505
36.4;14;13.7629;13.6833;-1.66085;1.63131
36.4;15;14.7897;14.6974;-1.66352;1.63618
36.4;16;15.817;15.7115;-1.74478;1.71605
36.4;17;16.8448;16.7256;-1.74178;1.72092
36.4;18;17.873;17.7397;-1.73505;1.71616
36.4;19;18.9015;18.7538;-1.72196;1.71001
36.4;20;19.9302;19.7679;-1.70148;1.69888
36.4;21;20.9592;20.782;-1.72759;1.741
36.4;22;21.9884;21.7961;-1.68852;1.71421
36.4;23;23.0176;22.8102;-1.64251;1.68528
36.4;24;24.0469;23.8243;-1.61935;1.68359
36.4;25;25.0762;24.8384;-1.54593;1.63613
36.4;26;26.1054;25.8525;-1.48981;1.61651
36.4;27;27.1345;26.8666;-1.38491;1.55363
36.4;28;28.1636;27.8807;-1.28415;1.50928
36.4;29;29.1924;28.8948;-1.15629;1.45273
36.4;30;30.2211;29.9089;-0.974446;1.37108
36.4;31;31.2495;30.923;-0.795366;1.32798
36.4;32;32.2777;31.9371;-0.539872;1.27179
36.4;33;33.3057;32.9512;-0.220908;1.25343
36.4;34;34.3334;33.9653;0.237049;1.28473
36.4;35;35.3607;34.9794;-0.936477;0.912146
36.4;36;36.3878;35.9935;-1.0797;1.05289
36.4;37;37.4145;37.0076;-1.12291;1.09603
36.4;38;38.4409;38.0218;-1.14437;1.11695
36.4;39;39.467;39.0359;-1.16476;1.13859
36.4;40;40.4927;40.05;-1.18706;1.16011
36.4;41;41.5181;41.0641;-1.21213;1.18287
36.4;42;42.5431;42.0782;-1.23377;1.20395
36.4;43;43.5678;43.0923;-1.25499;1.22537
36.4;44;44.5921;44.1064;-1.2781;1.24714
36.4;45;45.6161;45.1205;-1.30193;1.26978
36.4;46;46.6397;46.1346;-1.32707;1.29108
36.4;47;47.663;47.1487;-1.34857;1.3125
36.4;48;48.686;48.1628;-1.36959;1.33458
36.4;49;49.7086;49.1769;-1.39098;1.35574
36.4;50;50.7309;50.191;-1.41215;1.37673
36.6;5;4.5569;4.5563;-1.51937;1.50153
36.6;6;5.5757;5.5703;-1.55048;1.5224
36.6;7;6.5956;6.5842;-1.57623;1.53937
36.6;8;7.6166;7.5982;-1.59851;1.5642
36.6;9;8.6385;8.6122;-1.61657;1.57917
36.6;10;9.6614;9.6262;-1.63259;1.59487
36.6;11;10.6852;10.6402;-1.64159;1.60855
36.6;12;11.7098;11.6542;-1.65296;1.6244
36.6;13;12.7351;12.6683;-1.65547;1.62845
36.6;14;13.7611;13.6823;-1.73563;1.70784
36.6;15;14.7876;14.6963;-1.73191;1.71217
36.6;16;15.8147;15.7103;-1.72488;1.70726
36.6;17;16.8423;16.7243;-1.71146;1.70049
36.6;18;17.8703;17.7383;-1.69007;1.68867
36.6;19;18.8986;18.7524;-1.71632;1.72953
36.6;20;19.9272;19.7664;-1.6774;1.70023
36.6;21;20.956;20.7804;-1.62767;1.67192
36.6;22;21.985;21.7944;-1.6079;1.67337
36.6;23;23.0141;22.8084;-1.53392;1.62752
36.6;24;24.0432;23.8225;-1.47634;1.60417
36.6;25;25.0723;24.8365;-1.37148;1.54148
36.6;26;26.1014;25.8505;-1.27077;1.49489
36.6;27;27.1304;26.8645;-1.14295;1.44018
36.6;28;28.1592;27.8786;-0.961169;1.35976
36.6;29;29.188;28.8926;-0.782159;1.31709
36.6;30;30.2165;29.9066;-0.52827;1.25891
36.6;31;31.2448;30.9206;-0.211461;1.2453
36.6;32;32.2729;31.9347;0.245589;1.2779
36.6;33;33.3008;32.9487;-1.10362;0.941081
36.6;34;34.3283;33.9627;-1.08055;1.05176
36.6;35;35.3556;34.9767;-1.11753;1.0985
36.6;36;36.3825;35.9908;-1.14365;1.11625
36.6;37;37.4092;37.0048;-1.16755;1.13928
36.6;38;38.4355;38.0188;-1.18601;1.15899
36.6;39;39.4615;39.0328;-1.2085;1.18074
36.6;40;40.4872;40.0469;-1.23087;1.20215
36.6;41;41.5125;41.0609;-1.25338;1.22366
36.6;42;42.5374;42.0749;-1.27603;1.24529
36.6;43;43.562;43.089;-1.29963;1.26779
36.6;44;44.5863;44.103;-1.32372;1.28945
36.6;45;45.6102;45.117;-1.34579;1.30969
36.6;46;46.6338;46.131;-1.36654;1.33159
36.6;47;47.6571;47.1451;-1.38735;1.35255
36.6;48;48.68;48.1591;-1.40821;1.37334
36.6;49;49.7026;49.1731;-1.5151;1.49737
36.6;50;50.7248;50.1871;-1.54554;1.518
36.8;5;4.5565;4.556;-1.57056;1.53532
36.8;6;5.5752;5.5699;-1.59101;1.55637
36.8;7;6.5949;6.5838;-1.61039;1.57325
36.8;8;7.6158;7.5977;-1.62593;1.58895
36.8;9;8.6376;8.6116;-1.63441;1.60226
36.8;10;9.6603;9.6255;-1.64564;1.61513
36.8;11;10.6839;10.6394;-1.64713;1.62096
36.8;12;11.7083;11.6534;-1.72753;1.6991
36.8;13;12.7334;12.6673;-1.72266;1.70287
36.8;14;13.7592;13.6812;-1.71486;1.69823
36.8;15;14.7856;14.6952;-1.69956;1.69175
36.8;16;15.8125;15.7091;-1.67881;1.67831
36.8;17;16.8399;16.7231;-1.70461;1.71893
36.8;18;17.8677;17.737;-1.66276;1.69096
36.8;19;18.8958;18.7509;-1.61493;1.66013
36.8;20;19.9242;19.7649;-1.59245;1.66058
36.8;21;20.9529;20.7788;-1.51909;1.61486
36.8;22;21.9817;21.7928;-1.46463;1.59238
36.8;23;23.0106;22.8067;-1.3582;1.52918
36.8;24;24.0395;23.8207;-1.25753;1.48283
36.8;25;25.0685;24.8346;-1.12766;1.43381
36.8;26;26.0974;25.8486;-0.949208;1.34831
36.8;27;27.1262;26.8625;-0.77042;1.30607
36.8;28;28.155;27.8764;-0.518331;1.25098
36.8;29;29.1836;28.8904;-0.200392;1.23556
36.8;30;30.212;29.9043;0.253974;1.27093
36.8;31;31.2402;30.9183;-0.933503;0.914053
36.8;32;32.2681;31.9322;-1.08005;1.0513
36.8;33;33.2959;32.9462;-1.12104;1.09549
36.8;34;34.3233;33.9601;-1.14284;1.11561
36.8;35;35.3505;34.9741;-1.16291;1.13685
36.8;36;36.3774;35.988;-1.18486;1.15795
36.8;37;37.4039;37.002;-1.20909;1.18049
36.8;38;38.4302;38.0159;-1.23034;1.20112
36.8;39;39.4561;39.0299;-1.25141;1.22205
36.8;40;40.4817;40.0438;-1.27384;1.24332
36.8;41;41.5069;41.0578;-1.29721;1.26543
36.8;42;42.5318;42.0717;-1.32187;1.28643
36.8;43;43.5564;43.0857;-1.34202;1.30779
36.8;44;44.5806;44.0996;-1.36334;1.32873
36.8;45;45.6044;45.1136;-1.38356;1.34979
36.8;46;46.628;46.1275;-1.40441;1.36954
36.8;47;47.6512;47.1415;-1.51035;1.49336
36.8;48;48.674;48.1554;-1.54074;1.51345
36.8;49;49.6966;49.1694;-1.56572;1.52958
36.8;50;50.7188;50.1833;-1.58506;1.55095
37;5;4.5562;4.5557;-1.60399;1.56752
37;6;5.5747;5.5695;-1.61562;1.58151
37;7;6.5943;6.5833;-1.62738;1.59548
37;8;7.615;7.5971;-1.63476;1.60572
37;9;8.6366;8.611;-1.63893;1.61372
37;10;9.6592;9.6248;-1.71822;1.69262
37;11;10.6826;10.6387;-1.71308;1.69427
37;12;11.7068;11.6525;-1.70449;1.69081
37;13;12.7318;12.6664;-1.68884;1.68333
37;14;13.7574;13.6802;-1.66824;1.6683
37;15;14.7836;14.6941;-1.69248;1.7082
37;16;15.8103;15.708;-1.65072;1.67993
37;17;16.8375;16.7218;-1.60233;1.64934
37;18;17.8651;17.7357;-1.57922;1.64886
37;19;18.8931;18.7496;-1.50737;1.60012
37;20;19.9213;19.7634;-1.45145;1.58046
37;21;20.9498;20.7773;-1.3468;1.51297
37;22;21.9784;21.7912;-1.24253;1.47145
37;23;23.0071;22.805;-1.11567;1.42279
37;24;24.0359;23.8189;-0.936228;1.33772
37;25;25.0647;24.8328;-0.75883;1.29603
37;26;26.0934;25.8466;-0.507029;1.24164
37;27;27.1221;26.8605;-0.191248;1.22717
37;28;28.1507;27.8744;0.262206;1.26384
37;29;29.1792;28.8882;-0.93369;0.91431
37;30;30.2075;29.9021;-1.07969;1.0509
37;31;31.2356;30.916;-1.12031;1.09502
37;32;32.2634;31.9298;-1.1415;1.11527
37;33;33.291;32.9437;-1.16483;1.13792
37;34;34.3184;33.9576;-1.18574;1.15809
37;35;35.3455;34.9714;-1.20767;1.17921
37;36;36.3722;35.9853;-1.22871;1.19973
37;37;37.3987;36.9992;-1.25008;1.22031
37;38;38.4249;38.0131;-1.27179;1.2412
37;39;39.4507;39.0269;-1.29386;1.26293
37;40;40.4762;40.0408;-1.31825;1.28478
37;41;41.5014;41.0547;-1.33924;1.30496
37;42;42.5262;42.0685;-1.36;1.32574
37;43;43.5507;43.0824;-1.36527;1.35156
37;44;44.5749;44.0963;-1.40014;1.36645
37;45;45.5987;45.1101;-1.50605;1.48922
37;46;46.6222;46.124;-1.53576;1.50907
37;47;47.6453;47.1379;-1.56034;1.52463
37;48;48.6681;48.1518;-1.5796;1.54573
37;49;49.6906;49.1656;-1.59772;1.56199
37;50;50.7128;50.1795;-1.60924;1.57531
37.2;5;4.5558;4.5554;-1.62009;1.58892
37.2;6;5.5742;5.5691;-1.62731;1.59877
37.2;7;6.5937;6.5828;-1.63088;1.60634
37.2;8;7.6142;7.5966;-1.7095;1.6828
37.2;9;8.6357;8.6104;-1.70364;1.68553
37.2;10;9.6581;9.6241;-1.69475;1.68194
37.2;11;10.6814;10.6379;-1.67877;1.67385
37.2;12;11.7054;11.6517;-1.65726;1.65863
37.2;13;12.7302;12.6655;-1.68049;1.69834
37.2;14;13.7556;13.6792;-1.64003;1.66984
37.2;15;14.7816;14.693;-1.59247;1.64014
37.2;16;15.8081;15.7068;-1.56752;1.63701
37.2;17;16.8352;16.7206;-1.49283;1.58849
37.2;18;17.8626;17.7344;-1.43763;1.56841
37.2;19;18.8904;18.7482;-1.33381;1.50116
37.2;20;19.9184;19.762;-1.23054;1.46159
37.2;21;20.9467;20.7758;-1.10277;1.41074
37.2;22;21.9751;21.7895;-0.923395;1.32599
37.2;23;23.0037;22.8033;-0.748704;1.28474
37.2;24;24.0323;23.8171;-0.495875;1.23091
37.2;25;25.0609;24.8309;-0.182253;1.21864
37.2;26;26.0895;25.8447;0.272436;1.25661
37.2;27;27.1181;26.8585;-0.933178;0.913842
37.2;28;28.1466;27.8723;-1.07904;1.05037
37.2;29;29.1749;28.8861;-1.1195;1.09421
37.2;30;30.203;29.8999;-1.14053;1.11458
37.2;31;31.231;30.9137;-1.1639;1.13693
37.2;32;32.2587;31.9275;-1.1844;1.157
37.2;33;33.2862;32.9412;-1.20614;1.1778
37.2;34;34.3135;33.955;-1.22698;1.19797
37.2;35;35.3405;34.9688;-1.24838;1.21867
37.2;36;36.3671;35.9826;-1.26961;1.2392
37.2;37;37.3935;36.9964;-1.29252;1.26103
37.2;38;38.4196;38.0102;-1.31559;1.28225
37.2;39;39.4454;39.024;-1.33631;1.30227
37.2;40;40.4708;40.0378;-1.35679;1.32261
37.2;41;41.4959;41.0516;-1.37641;1.34302
37.2;42;42.5207;42.0654;-1.39632;1.36266
37.2;43;43.5451;43.0792;-1.50158;1.48494
37.2;44;44.5692;44.093;-1.53091;1.50456
37.2;45;45.593;45.1068;-1.55475;1.51955
37.2;46;46.6164;46.1206;-1.57182;1.53941
37.2;47;47.6395;47.1344;-1.59159;1.55633
37.2;48;48.6623;48.1482;-1.60148;1.5683
37.2;49;49.6847;49.162;-1.61097;1.58044
37.2;50;50.7069;50.1757;-1.61959;1.59169
37.4;5;4.5554;4.5551;-1.62296;1.59883
37.4;6;5.5737;5.5687;-1.69958;1.67525
37.4;7;6.5931;6.5824;-1.69434;1.6775
37.4;8;7.6135;7.5961;-1.68516;1.67074
37.4;9;8.6348;8.6098;-1.66936;1.6624
37.4;10;9.657;9.6235;-1.64588;1.64884
37.4;11;10.6801;10.6372;-1.66921;1.68785
37.4;12;11.704;11.6509;-1.62766;1.65908
37.4;13;12.7286;12.6646;-1.57692;1.62679
37.4;14;13.7538;13.6783;-1.55389;1.62563
37.4;15;14.7796;14.692;-1.4814;1.57999
37.4;16;15.806;15.7057;-1.42474;1.55692
37.4;17;16.8328;16.7194;-1.31836;1.49376
37.4;18;17.8601;17.7331;-1.21773;1.45077
37.4;19;18.8877;18.7468;-1.09106;1.39674
37.4;20;19.9155;19.7605;-0.911871;1.31514
37.4;21;20.9436;20.7742;-0.736087;1.27556
37.4;22;21.9719;21.788;-0.484866;1.22385
37.4;23;23.0003;22.8017;-0.171629;1.21146
37.4;24;24.0287;23.8154;0.28037;1.24927
37.4;25;25.0572;24.8291;-0.935521;0.911466
37.4;26;26.0857;25.8428;-1.07853;1.04991
37.4;27;27.1141;26.8565;-1.11949;1.09286
37.4;28;28.1424;27.8702;-1.14014;1.11313
37.4;29;29.1706;28.884;-1.15968;1.13388
37.4;30;30.1986;29.8977;-1.18109;1.15447
37.4;31;31.2265;30.9114;-1.20498;1.17625
37.4;32;32.2541;31.9251;-1.22563;1.19632
37.4;33;33.2815;32.9388;-1.24582;1.21666
37.4;34;34.3086;33.9525;-1.26758;1.23731
37.4;35;35.3355;34.9663;-1.28998;1.25901
37.4;36;36.3621;35.98;-1.31389;1.27907
37.4;37;37.3884;36.9937;-1.3338;1.29893
37.4;38;38.4144;38.0074;-1.35343;1.31962
37.4;39;39.4401;39.0211;-1.37334;1.3393
37.4;40;40.4654;40.0348;-1.39294;1.35874
37.4;41;41.4905;41.0486;-1.49692;1.48083
37.4;42;42.5152;42.0623;-1.52587;1.49991
37.4;43;43.5395;43.076;-1.55067;1.51465
37.4;44;44.5636;44.0897;-1.56981;1.53776
37.4;45;45.5873;45.1034;-1.58524;1.55054
37.4;46;46.6107;46.1172;-1.59766;1.56493
37.4;47;47.6338;47.1309;-1.60593;1.57612
37.4;48;48.6565;48.1446;-1.61489;1.58929
37.4;49;49.6789;49.1583;-1.61475;1.59119
37.4;50;50.701;50.172;-1.6907;1.66717
37.6;5;4.5551;4.5548;-1.68471;1.66891
37.6;6;5.5732;5.5683;-1.67521;1.66161
37.6;7;6.5925;6.5819;-1.65854;1.6522
37.6;8;7.6127;7.5955;-1.63519;1.63891
37.6;9;8.6339;8.6092;-1.65807;1.67671
37.6;10;9.656;9.6228;-1.61725;1.64549
37.6;11;10.6789;10.6364;-1.56604;1.6156
37.6;12;11.7026;11.65;-1.54455;1.61168
37.6;13;12.727;12.6637;-1.46863;1.56875
37.6;14;13.752;13.6773;-1.41039;1.5425
37.6;15;14.7777;14.6909;-1.30565;1.48168
37.6;16;15.8039;15.7046;-1.20507;1.43652
37.6;17;16.8305;16.7182;-1.07845;1.38533
37.6;18;17.8576;17.7318;-0.899323;1.30515
37.6;19;18.885;18.7455;-0.72493;1.26625
37.6;20;19.9127;19.7591;-0.475511;1.21413
37.6;21;20.9406;20.7727;-0.162924;1.20268
37.6;22;21.9687;21.7864;0.288158;1.24354
37.6;23;22.9969;22.8;-0.93277;0.913502
37.6;24;24.0252;23.8137;-1.07794;1.04933
37.6;25;25.0536;24.8273;-1.11807;1.09281
37.6;26;26.0819;25.8409;-1.13921;1.11218
37.6;27;27.1101;26.8546;-1.15857;1.13284
37.6;28;28.1383;27.8682;-1.17979;1.15313
37.6;29;29.1664;28.8819;-1.20324;1.17503
37.6;30;30.1943;29.8955;-1.22367;1.19499
37.6;31;31.222;30.9091;-1.24363;1.215
37.6;32;32.2495;31.9228;-1.26516;1.23528
37.6;33;33.2768;32.9364;-1.28757;1.25661
37.6;34;34.3038;33.9501;-1.31095;1.27653
37.6;35;35.3306;34.9637;-1.33086;1.29623
37.6;36;36.3571;35.9773;-1.3502;1.3165
37.6;37;37.3833;36.991;-1.3692;1.33656
37.6;38;38.4092;38.0046;-1.38877;1.35525
37.6;39;39.4348;39.0183;-1.4924;1.47659
37.6;40;40.4601;40.0319;-1.52096;1.49544
37.6;41;41.4851;41.0456;-1.54501;1.50994
37.6;42;42.5097;42.0592;-1.56406;1.53247
37.6;43;43.534;43.0728;-1.57902;1.54495
37.6;44;44.558;44.0865;-1.59132;1.55868
37.6;45;45.5817;45.1001;-1.59866;1.56952
37.6;46;46.605;46.1138;-1.60456;1.57787
37.6;47;47.628;47.1274;-1.60668;1.58381
37.6;48;48.6507;48.1411;-1.68194;1.65936
37.6;49;49.6731;49.1547;-1.67569;1.66062
37.6;50;50.6951;50.1684;-1.66539;1.65278
37.8;5;4.5547;4.5545;-1.64837;1.64278
37.8;6;5.5728;5.568;-1.62463;1.62933
37.8;7;6.5919;6.5815;-1.6465;1.66646
37.8;8;7.612;7.595;-1.60333;1.63663
37.8;9;8.633;8.6086;-1.55335;1.60486
37.8;10;9.6549;9.6221;-1.52911;1.60309
37.8;11;10.6777;10.6357;-1.45599;1.55346
37.8;12;11.7012;11.6492;-1.39779;1.53074
37.8;13;12.7254;12.6628;-1.29221;1.47023
37.8;14;13.7503;13.6763;-1.19349;1.42461
37.8;15;14.7758;14.6899;-1.06598;1.37469
37.8;16;15.8018;15.7034;-0.88808;1.29404
37.8;17;16.8283;16.717;-0.713912;1.2557
37.8;18;17.8551;17.7306;-0.464785;1.20555
37.8;19;18.8824;18.7441;-0.152587;1.19525
37.8;20;19.9099;19.7577;0.295803;1.23595
37.8;21;20.9376;20.7713;-0.998155;0.970278
37.8;22;21.9656;21.7848;-0.969194;0.950787
37.8;23;22.9936;22.7984;-1.11767;1.09223
37.8;24;24.0218;23.8119;-1.13818;1.11194
37.8;25;25.0499;24.8255;-1.16103;1.13403
37.8;26;26.0781;25.8391;-1.18097;1.1534
37.8;27;27.1062;26.8526;-1.20212;1.1739
37.8;28;28.1343;27.8662;-1.22234;1.19331
37.8;29;29.1622;28.8798;-1.24285;1.21344
37.8;30;30.1899;29.8933;-1.26339;1.23337
37.8;31;31.2175;30.9069;-1.28396;1.25409
37.8;32;32.2449;31.9205;-1.30622;1.27513
37.8;33;33.2721;32.934;-1.32665;1.2942
37.8;34;34.2991;33.9476;-1.34623;1.31352
37.8;35;35.3257;34.9612;-1.3652;1.33369
37.8;36;36.3521;35.9748;-1.3835;1.35136
37.8;37;37.3783;36.9883;-1.49215;1.47251
37.8;38;38.4041;38.0019;-1.52245;1.48754
37.8;39;39.4296;39.0155;-1.53983;1.50478
37.8;40;40.4548;40.029;-1.55809;1.52704
37.8;41;41.4797;41.0426;-1.5733;1.53923
37.8;42;42.5043;42.0562;-1.58472;1.55265
37.8;43;43.5286;43.0697;-1.59153;1.5628
37.8;44;44.5525;44.0833;-1.59971;1.57559
37.8;45;45.5761;45.0969;-1.59875;1.57668
37.8;46;46.5994;46.1104;-1.67288;1.65142
37.8;47;47.6224;47.124;-1.66633;1.65178
37.8;48;48.645;48.1376;-1.65571;1.64382
37.8;49;49.6673;49.1511;-1.63782;1.6337
37.8;50;50.6893;50.1647;-1.61366;1.61963
38;5;4.5544;4.5542;-1.63506;1.6571
38;6;5.5723;5.5676;-1.59258;1.62709
38;7;6.5913;6.5811;-1.54404;1.5957
38;8;7.6112;7.5945;-1.51727;1.59132
38;9;8.6321;8.608;-1.44201;1.54261
38;10;9.6539;9.6215;-1.38451;1.51956
38;11;10.6765;10.6349;-1.27978;1.45866
38;12;11.6998;11.6484;-1.18015;1.41588
38;13;12.7239;12.6619;-1.05364;1.36302
38;14;13.7486;13.6754;-0.876974;1.28381
38;15;14.7739;14.6889;-0.701716;1.24614
38;16;15.7997;15.7023;-0.454198;1.19558
38;17;16.826;16.7158;-0.144163;1.18769
38;18;17.8527;17.7293;0.305453;1.22998
38;19;18.8798;18.7428;-0.993576;0.973646
38;20;19.9071;19.7563;-0.968422;0.951546
38;21;20.9347;20.7698;-1.11695;1.09152
38;22;21.9625;21.7833;-1.13729;1.11095
38;23;22.9903;22.7968;-1.15972;1.13275
38;24;24.0183;23.8103;-1.17969;1.15224
38;25;25.0463;24.8238;-1.2004;1.17243
38;26;26.0744;25.8372;-1.22065;1.19174
38;27;27.1023;26.8507;-1.24093;1.21152
38;28;28.1302;27.8642;-1.26123;1.23134
38;29;29.158;28.8777;-1.28155;1.25168
38;30;30.1857;29.8912;-1.30272;1.27259
38;31;31.2131;30.9047;-1.32369;1.29125
38;32;32.2404;31.9182;-1.34298;1.31042
38;33;33.2675;32.9317;-1.36193;1.33014
38;34;34.2943;33.9452;-1.37959;1.34763
38;35;35.3209;34.9587;-1.48821;1.47005
38;36;36.3472;35.9722;-1.51748;1.48221
38;37;37.3733;36.9857;-1.53342;1.49981
38;38;38.399;37.9992;-1.55014;1.5186
38;39;39.4245;39.0127;-1.56661;1.53339
38;40;40.4496;40.0262;-1.57561;1.54512
38;41;41.4744;41.0397;-1.58571;1.55773
38;42;42.4989;42.0532;-1.59335;1.5665
38;43;43.5231;43.0667;-1.59051;1.56943
38;44;44.547;44.0801;-1.66439;1.64456
38;45;45.5706;45.0936;-1.6557;1.64197
38;46;46.5938;46.1071;-1.64616;1.63606
38;47;47.6167;47.1206;-1.62688;1.6268
38;48;48.6393;48.1341;-1.60336;1.6098
38;49;49.6616;49.1476;-1.62375;1.64711
38;50;50.6836;50.1611;-1.58136;1.6169
38.2;5;4.5541;4.5539;-1.53227;1.58527
38.2;6;5.5719;5.5672;-1.50418;1.58065
38.2;7;6.5907;6.5806;-1.43038;1.53425
38.2;8;7.6105;7.594;-1.37298;1.50966
38.2;9;8.6312;8.6074;-1.26748;1.44771
38.2;10;9.6529;9.6208;-1.1679;1.40455
38.2;11;10.6753;10.6342;-1.04144;1.35213
38.2;12;11.6985;11.6476;-0.864836;1.27345
38.2;13;12.7224;12.661;-0.692287;1.23534
38.2;14;13.7469;13.6744;-0.443747;1.18676
38.2;15;14.772;14.6878;-0.134103;1.17855
38.2;16;15.7977;15.7013;0.312817;1.22389
38.2;17;16.8238;16.7147;-0.934293;0.910169
38.2;18;17.8503;17.7281;-1.0748;1.04842
38.2;19;18.8772;18.7415;-1.11615;1.08987
38.2;20;19.9044;19.7549;-1.13608;1.10942
38.2;21;20.9318;20.7683;-1.15487;1.12941
38.2;22;21.9594;21.7818;-1.1755;1.14943
38.2;23;22.9871;22.7952;-1.19881;1.17038
38.2;24;24.0149;23.8086;-1.21834;1.18958
38.2;25;25.0428;24.822;-1.23762;1.20925
38.2;26;26.0707;25.8354;-1.25842;1.22894
38.2;27;27.0985;26.8489;-1.28007;1.24965
38.2;28;28.1263;27.8623;-1.30264;1.26866
38.2;29;29.1539;28.8757;-1.32114;1.28845
38.2;30;30.1814;29.8891;-1.34014;1.30719
38.2;31;31.2088;30.9025;-1.35879;1.32592
38.2;32;32.236;31.916;-1.37705;1.34434
38.2;33;33.2629;32.9294;-1.47865;1.46369
38.2;34;34.2897;33.9428;-1.50605;1.48157
38.2;35;35.3161;34.9562;-1.52816;1.49503
38.2;36;36.3424;35.9696;-1.54443;1.51325
38.2;37;37.3683;36.9831;-1.56042;1.52776
38.2;38;38.394;37.9965;-1.56927;1.53884
38.2;39;39.4193;39.0099;-1.57962;1.55147
38.2;40;40.4444;40.0233;-1.58547;1.55952
38.2;41;41.4692;41.0368;-1.58241;1.56205
38.2;42;42.4936;42.0502;-1.65559;1.63637
38.2;43;43.5178;43.0636;-1.6466;1.6333
38.2;44;44.5416;44.077;-1.63675;1.62685
38.2;45;45.5651;45.0904;-1.61711;1.61793
38.2;46;46.5883;46.1039;-1.59266;1.60033
38.2;47;47.6111;47.1173;-1.61314;1.63597
38.2;48;48.6337;48.1307;-1.57088;1.60333
38.2;49;49.6559;49.1441;-1.51804;1.57243
38.2;50;50.6779;50.1576;-1.49538;1.5674
38.4;5;4.5537;4.5536;-1.41889;1.52315
38.4;6;5.5714;5.5669;-1.36077;1.49823
38.4;7;6.5901;6.5802;-1.25531;1.43665
38.4;8;7.6098;7.5935;-1.15482;1.39392
38.4;9;8.6304;8.6068;-1.02937;1.34202
38.4;10;9.6518;9.6202;-0.853998;1.26296
38.4;11;10.6741;10.6335;-0.679044;1.22666
38.4;12;11.6971;11.6468;-0.434942;1.17909
38.4;13;12.7209;12.6602;-0.125952;1.17076
38.4;14;13.7452;13.6735;0.320043;1.21768
38.4;15;14.7702;14.6868;-0.931848;0.912698
38.4;16;15.7957;15.7002;-1.07536;1.04693
38.4;17;16.8216;16.7135;-1.11459;1.08954
38.4;18;17.848;17.7269;-1.135;1.10839
38.4;19;18.8747;18.7402;-1.15359;1.1283
38.4;20;19.9017;19.7536;-1.17401;1.14802
38.4;21;20.9289;20.7669;-1.19686;1.16911
38.4;22;21.9563;21.7802;-1.21641;1.18822
38.4;23;22.9839;22.7936;-1.2357;1.20732
38.4;24;24.0116;23.8069;-1.25625;1.22691
38.4;25;25.0393;24.8203;-1.27765;1.24725
38.4;26;26.067;25.8336;-1.29995;1.26613
38.4;27;27.0947;26.847;-1.31816;1.28552
38.4;28;28.1223;27.8603;-1.33685;1.30411
38.4;29;29.1499;28.8737;-1.35457;1.32295
38.4;30;30.1772;29.887;-1.37309;1.34064
38.4;31;31.2045;30.9004;-1.47401;1.45953
38.4;32;32.2315;31.9137;-1.501;1.4769
38.4;33;33.2584;32.9271;-1.52268;1.49013
38.4;34;34.285;33.9404;-1.53884;1.50778
38.4;35;35.3114;34.9538;-1.55435;1.522
38.4;36;36.3375;35.9671;-1.56269;1.53279
38.4;37;37.3634;36.9805;-1.57247;1.54509
38.4;38;38.389;37.9938;-1.57813;1.55279
38.4;39;39.4143;39.0072;-1.57443;1.55456
38.4;40;40.4393;40.0205;-1.64691;1.62847
38.4;41;41.464;41.0339;-1.63763;1.62492
38.4;42;42.4883;42.0472;-1.62696;1.6184
38.4;43;43.5124;43.0606;-1.60695;1.60848
38.4;44;44.5362;44.0739;-1.58208;1.59073
38.4;45;45.5596;45.0873;-1.60209;1.62573
38.4;46;46.5828;46.1006;-1.55687;1.59451
38.4;47;47.6056;47.114;-1.50653;1.56175
38.4;48;48.6281;48.1273;-1.47978;1.55892
38.4;49;49.6503;49.1407;-1.40678;1.50932
38.4;50;50.6722;50.154;-1.34789;1.48739
38.6;5;4.5534;4.5533;-1.24328;1.42546
38.6;6;5.571;5.5665;-1.14378;1.38069
38.6;7;6.5895;6.5798;-1.01847;1.33089
38.6;8;7.6091;7.593;-0.842125;1.25337
38.6;9;8.6295;8.6063;-0.669881;1.21673
38.6;10;9.6508;9.6195;-0.424758;1.17004
38.6;11;10.673;10.6328;-0.117935;1.16433
38.6;12;11.6958;11.646;0.327134;1.21137
38.6;13;12.7194;12.6593;-0.997144;0.969211
38.6;14;13.7436;13.6726;-0.966865;0.948659
38.6;15;14.7684;14.6858;-1.11426;1.08888
38.6;16;15.7937;15.6991;-1.13448;1.10746
38.6;17;16.8194;16.7124;-1.1522;1.12708
38.6;18;17.8456;17.7257;-1.17241;1.14672
38.6;19;18.8722;18.7389;-1.19552;1.16772
38.6;20;19.899;19.7522;-1.2151;1.18651
38.6;21;20.9261;20.7655;-1.2334;1.20551
38.6;22;21.9533;21.7788;-1.25395;1.22475
38.6;23;22.9807;22.792;-1.27508;1.24498
38.6;24;24.0082;23.8053;-1.29546;1.26399
38.6;25;25.0358;24.8186;-1.31501;1.28221
38.6;26;26.0634;25.8319;-1.33368;1.30118
38.6;27;27.0909;26.8451;-1.35048;1.31904
38.6;28;28.1184;27.8584;-1.36771;1.33626
38.6;29;29.1458;28.8717;-1.47427;1.45526
38.6;30;30.1731;29.885;-1.50267;1.46941
38.6;31;31.2002;30.8983;-1.51767;1.48542
38.6;32;32.2272;31.9115;-1.53515;1.50571
38.6;33;33.2539;32.9248;-1.54841;1.51646
38.6;34;34.2804;33.9381;-1.55927;1.52799
38.6;35;35.3067;34.9514;-1.56348;1.53716
38.6;36;36.3328;35.9646;-1.56928;1.5478
38.6;37;37.3585;36.9779;-1.56658;1.54732
38.6;38;38.384;37.9912;-1.63925;1.61763
38.6;39;39.4092;39.0045;-1.63113;1.61475
38.6;40;40.4342;40.0178;-1.61731;1.60939
38.6;41;41.4588;41.031;-1.5964;1.59752
38.6;42;42.4831;42.0443;-1.57162;1.58102
38.6;43;43.5071;43.0576;-1.59002;1.61588
38.6;44;44.5308;44.0709;-1.54604;1.58448
38.6;45;45.5542;45.0842;-1.4945;1.55153
38.6;46;46.5773;46.0974;-1.46777;1.54788
38.6;47;47.6001;47.1107;-1.3948;1.50125
38.6;48;48.6225;48.124;-1.33514;1.47642
38.6;49;49.6447;49.1373;-1.2305;1.41491
38.6;50;50.6665;50.1506;-1.13192;1.36982
38.8;5;4.5531;4.553;-1.00562;1.32144
38.8;6;5.5705;5.5662;-0.831547;1.24365
38.8;7;6.589;6.5793;-0.659531;1.20782
38.8;8;7.6084;7.5925;-0.414704;1.16214
38.8;9;8.6287;8.6057;-0.106501;1.15337
38.8;10;9.6499;9.6189;0.33624;1.20494
38.8;11;10.6718;10.6321;-0.930674;0.911669
38.8;12;11.6945;11.6453;-1.07386;1.04562
38.8;13;12.7179;12.6585;-1.11273;1.0879
38.8;14;13.742;13.6717;-1.1323;1.10683
38.8;15;14.7666;14.6849;-1.15415;1.12788
38.8;16;15.7917;15.6981;-1.17328;1.14661
38.8;17;16.8173;16.7113;-1.19334;1.16599
38.8;18;17.8433;17.7245;-1.21267;1.18468
38.8;19;18.8697;18.7377;-1.23198;1.20359
38.8;20;19.8963;19.7509;-1.25151;1.22248
38.8;21;20.9232;20.7641;-1.27157;1.24209
38.8;22;21.9504;21.7773;-1.29355;1.26173
38.8;23;22.9776;22.7905;-1.31171;1.27983
38.8;24;24.005;23.8037;-1.33006;1.29787
38.8;25;25.0324;24.8169;-1.33276;1.32108
38.8;26;26.0598;25.8301;-1.36461;1.33346
38.8;27;27.0872;26.8433;-1.4651;1.45086
38.8;28;28.1146;27.8565;-1.49128;1.46781
38.8;29;29.1418;28.8697;-1.5121;1.48027
38.8;30;30.169;29.8829;-1.5291;1.50032
38.8;31;31.196;30.8961;-1.54186;1.51047
38.8;32;32.2228;31.9094;-1.55255;1.52169
38.8;33;33.2495;32.9226;-1.55619;1.53054
38.8;34;34.2759;33.9358;-1.56177;1.54083
38.8;35;35.3021;34.949;-1.55885;1.53997
38.8;36;36.328;35.9622;-1.63083;1.60988
38.8;37;37.3537;36.9754;-1.62194;1.60655
38.8;38;38.3791;37.9886;-1.60777;1.60071
38.8;39;39.4043;39.0018;-1.58649;1.58875
38.8;40;40.4291;40.015;-1.56129;1.57167
38.8;41;41.4537;41.0282;-1.5798;1.60693
38.8;42;42.4779;42.0414;-1.53594;1.57542
38.8;43;43.5019;43.0547;-1.48518;1.54291
38.8;44;44.5255;44.0679;-1.45727;1.53672
38.8;45;45.5488;45.0811;-1.3822;1.48979
38.8;46;46.5719;46.0943;-1.32252;1.46603
38.8;47;47.5946;47.1075;-1.21872;1.40348
38.8;48;48.617;48.1207;-1.11923;1.36131
38.8;49;49.6391;49.1339;-0.994978;1.31098
38.8;50;50.6609;50.1471;-0.81993;1.23382
39;5;4.5528;4.5528;-0.649309;1.19879
39;6;5.5701;5.5658;-0.404779;1.15285
39;7;6.5884;6.5789;-0.100518;1.14965
39;8;7.6077;7.592;0.343067;1.1984
39;9;8.6279;8.6051;-0.93278;0.908905
39;10;9.6489;9.6183;-1.07179;1.04559
39;11;10.6707;10.6314;-1.1122;1.08618
39;12;11.6932;11.6445;-1.13158;1.10524
39;13;12.7165;12.6576;-1.14979;1.12471
39;14;13.7403;13.6708;-1.16957;1.14376
39;15;14.7648;14.6839;-1.192;1.16414
39;16;15.7898;15.697;-1.21086;1.18274
39;17;16.8152;16.7102;-1.22941;1.20154
39;18;17.841;17.7233;-1.2492;1.22033
39;19;18.8672;18.7364;-1.26978;1.24008
39;20;19.8937;19.7496;-1.2915;1.25834
39;21;20.9205;20.7627;-1.30938;1.27602
39;22;21.9474;21.7758;-1.32685;1.2947
39;23;22.9745;22.789;-1.34417;1.31225
39;24;24.0017;23.8021;-1.36102;1.32941
39;25;25.029;24.8152;-1.46018;1.44664
39;26;26.0563;25.8284;-1.48628;1.46309
39;27;27.0835;26.8415;-1.50666;1.47533
39;28;28.1108;27.8546;-1.52354;1.49513
39;29;29.1379;28.8678;-1.5358;1.50502
39;30;30.1649;29.8809;-1.54595;1.51563
39;31;31.1918;30.8941;-1.54942;1.52417
39;32;32.2185;31.9072;-1.55439;1.53412
39;33;33.245;32.9203;-1.55081;1.53289
39;34;34.2714;33.9335;-1.62207;1.60202
39;35;35.2975;34.9466;-1.61287;1.59824
39;36;36.3233;35.9598;-1.59836;1.59234
39;37;37.3489;36.9729;-1.57619;1.5794
39;38;38.3742;37.986;-1.55109;1.56221
39;39;39.3993;38.9992;-1.56912;1.59633
39;40;40.4241;40.0123;-1.52596;1.56245
39;41;41.4486;41.0254;-1.4721;1.53073
39;42;42.4728;42.0386;-1.44759;1.52421
39;43;43.4966;43.0517;-1.37047;1.47952
39;44;44.5202;44.0649;-1.31082;1.45483
39;45;45.5435;45.078;-1.20706;1.3927
39;46;46.5665;46.0911;-1.10667;1.34856
39;47;47.5892;47.1043;-0.983419;1.3004
39;48;48.6115;48.1174;-0.809604;1.22387
39;49;49.6336;49.1306;-0.639212;1.18964
39;50;50.6554;50.1437;-0.39649;1.14473
39.2;5;4.5524;4.5525;-0.0911156;1.14141
39.2;6;5.5697;5.5655;0.349764;1.19175
39.2;7;6.5879;6.5785;-0.990501;0.972005
39.2;8;7.607;7.5915;-0.966195;0.946526
39.2;9;8.6271;8.6046;-1.11179;1.08538
39.2;10;9.6479;9.6176;-1.13098;1.10416
39.2;11;10.6696;10.6307;-1.14808;1.12336
39.2;12;11.692;11.6437;-1.16786;1.14254
39.2;13;12.7151;12.6568;-1.19078;1.16263
39.2;14;13.7388;13.6699;-1.20941;1.18114
39.2;15;14.763;14.6829;-1.22697;1.19962
39.2;16;15.7878;15.696;-1.24674;1.21806
39.2;17;16.8131;16.7091;-1.26704;1.23771
39.2;18;17.8388;17.7221;-1.28655;1.2561
39.2;19;18.8648;18.7352;-1.30547;1.27393
39.2;20;19.8911;19.7482;-1.32317;1.29142
39.2;21;20.9177;20.7613;-1.33984;1.30826
39.2;22;21.9445;21.7744;-1.3557;1.32497
39.2;23;22.9714;22.7874;-1.46049;1.44435
39.2;24;23.9985;23.8005;-1.48765;1.45464
39.2;25;25.0256;24.8136;-1.50133;1.47027
39.2;26;26.0528;25.8266;-1.51597;1.48726
39.2;27;27.0799;26.8397;-1.52949;1.49913
39.2;28;28.107;27.8528;-1.53568;1.50876
39.2;29;29.134;28.8659;-1.54237;1.51767
39.2;30;30.1609;29.8789;-1.54426;1.52283
39.2;31;31.1876;30.892;-1.5429;1.5257
39.2;32;32.2143;31.9051;-1.61254;1.59565
39.2;33;33.2407;32.9181;-1.60252;1.59359
39.2;34;34.2669;33.9312;-1.58858;1.58298
39.2;35;35.2929;34.9443;-1.56807;1.5704
39.2;36;36.3187;35.9573;-1.541;1.55311
39.2;37;37.3442;36.9704;-1.55742;1.58613
39.2;38;38.3694;37.9835;-1.51488;1.55261
39.2;39;39.3944;38.9966;-1.46044;1.52016
39.2;40;40.4191;40.0096;-1.43249;1.51587
39.2;41;41.4435;41.0227;-1.35812;1.46848
39.2;42;42.4676;42.0358;-1.30084;1.44491
39.2;43;43.4915;43.0488;-1.19552;1.38256
39.2;44;44.515;44.0619;-1.09707;1.33816
39.2;45;45.5382;45.075;-0.973029;1.28789
39.2;46;46.5612;46.0881;-0.798236;1.21381
39.2;47;47.5838;47.1011;-0.62924;1.17926
39.2;48;48.6061;48.1142;-0.386816;1.13649
39.2;49;49.6281;49.1273;-0.0818389;1.13158
39.2;50;50.6499;50.1403;0.358481;1.18674
39.4;5;4.5521;4.5522;-1.03604;1.01205
39.4;6;5.5692;5.5651;-0.966493;0.944646
39.4;7;6.5873;6.5781;-1.10952;1.08488
39.4;8;7.6063;7.5911;-1.12915;1.10298
39.4;9;8.6262;8.604;-1.15061;1.1236
39.4;10;9.647;9.617;-1.16909;1.14188
39.4;11;10.6685;10.63;-1.18824;1.16122
39.4;12;11.6907;11.643;-1.20685;1.1792
39.4;13;12.7136;12.656;-1.22565;1.19735
39.4;14;13.7372;13.669;-1.2444;1.21569
39.4;15;14.7613;14.682;-1.26442;1.23522
39.4;16;15.7859;15.695;-1.28555;1.25274
39.4;17;16.811;16.708;-1.30309;1.27016
39.4;18;17.8365;17.721;-1.32048;1.28776
39.4;19;18.8624;18.734;-1.33623;1.30582
39.4;20;19.8886;19.747;-1.35265;1.32183
39.4;21;20.915;20.7599;-1.45167;1.44049
39.4;22;21.9416;21.7729;-1.48024;1.4518
39.4;23;22.9684;22.7859;-1.49578;1.46665
39.4;24;23.9953;23.7989;-1.50782;1.48024
39.4;25;25.0223;24.8119;-1.5233;1.49346
39.4;26;26.0493;25.8249;-1.5316;1.50384
39.4;27;27.0763;26.8379;-1.53307;1.50928
39.4;28;28.1032;27.8509;-1.53589;1.51589
39.4;29;29.1301;28.8639;-1.5351;1.51839
39.4;30;30.1569;29.8769;-1.60492;1.58636
39.4;31;31.1835;30.89;-1.5951;1.58169
39.4;32;32.21;31.903;-1.57892;1.57614
39.4;33;33.2363;32.916;-1.55852;1.56174
39.4;34;34.2625;33.929;-1.53104;1.54391
39.4;35;35.2884;34.942;-1.54756;1.57632
39.4;36;36.314;35.955;-1.50454;1.5432
39.4;37;37.3395;36.968;-1.44955;1.51004
39.4;38;38.3646;37.981;-1.42305;1.50375
39.4;39;39.3895;38.994;-1.34812;1.45864
39.4;40;40.4142;40.007;-1.29019;1.43418
39.4;41;41.4385;41.02;-1.18411;1.37155
39.4;42;42.4626;42.033;-1.08475;1.32849
39.4;43;43.4863;43.046;-0.960667;1.28344
39.4;44;44.5098;44.059;-0.788154;1.20464
39.4;45;45.533;45.072;-0.619389;1.17102
39.4;46;46.5559;46.085;-0.377265;1.12687
39.4;47;47.5784;47.098;-0.0744597;1.12459
39.4;48;48.6007;48.111;0.364926;1.17988
39.4;49;49.6227;49.124;-0.931015;0.908826
39.4;50;50.6444;50.137;-1.06908;1.04342
39.6;5;4.5518;4.5519;-1.10846;1.08385
39.6;6;5.5688;5.5648;-1.12789;1.10168
39.6;7;6.5868;6.5777;-1.14867;1.12288
39.6;8;7.6057;7.5906;-1.16715;1.14088
39.6;9;8.6254;8.6035;-1.18629;1.15949
39.6;10;9.646;9.6164;-1.20489;1.17738
39.6;11;10.6674;10.6293;-1.22344;1.19544
39.6;12;11.6895;11.6423;-1.24192;1.21344
39.6;13;12.7122;12.6552;-1.26192;1.23262
39.6;14;13.7356;13.6681;-1.28276;1.25002
39.6;15;14.7596;14.681;-1.29913;1.26785
39.6;16;15.7841;15.694;-1.31646;1.28506
39.6;17;16.809;16.7069;-1.33244;1.30216
39.6;18;17.8343;17.7198;-1.34879;1.31801
39.6;19;18.86;18.7327;-1.44679;1.4336
39.6;20;19.886;19.7457;-1.47131;1.44945
39.6;21;20.9123;20.7586;-1.49034;1.46167
39.6;22;21.9388;21.7715;-1.50225;1.47504
39.6;23;22.9654;22.7845;-1.51722;1.48767
39.6;24;23.9922;23.7974;-1.52498;1.49812
39.6;25;25.019;24.8103;-1.52625;1.50256
39.6;26;26.0458;25.8233;-1.52845;1.5092
39.6;27;27.0727;26.8362;-1.52742;1.51135
39.6;28;28.0995;27.8491;-1.59653;1.57856
39.6;29;29.1263;28.8621;-1.58639;1.57346
39.6;30;30.1529;29.875;-1.56987;1.56788
39.6;31;31.1795;30.8879;-1.54909;1.55297
39.6;32;32.2059;31.9009;-1.52064;1.53458
39.6;33;33.2321;32.9138;-1.53724;1.56692
39.6;34;34.2581;33.9267;-1.49309;1.5326
39.6;35;35.2839;34.9397;-1.43813;1.49981
39.6;36;36.3095;35.9526;-1.41234;1.49335
39.6;37;37.3348;36.9655;-1.336;1.44802
39.6;38;38.3599;37.9785;-1.27805;1.42334
39.6;39;39.3847;38.9914;-1.17194;1.36119
39.6;40;40.4093;40.0043;-1.0735;1.31787
39.6;41;41.4335;41.0173;-0.949472;1.27343
39.6;42;42.4575;42.0302;-0.777028;1.19536
39.6;43;43.4812;43.0431;-0.609659;1.16267
39.6;44;44.5046;44.0561;-0.367835;1.12097
39.6;45;45.5278;45.069;-0.0672026;1.1175
39.6;46;46.5506;46.082;0.371246;1.17465
39.6;47;47.5731;47.0949;-0.930447;0.908183
39.6;48;48.5954;48.1078;-1.06812;1.04254
39.6;49;49.6173;49.1208;-1.1073;1.08272
39.6;50;50.639;50.1337;-1.12674;1.10049
39.8;5;4.5515;4.5517;-1.1473;1.12141
39.8;6;5.5684;5.5645;-1.16532;1.13933
39.8;7;6.5862;6.5773;-1.18445;1.15787
39.8;8;7.605;7.5901;-1.20281;1.17545
39.8;9;8.6247;8.603;-1.22109;1.19342
39.8;10;9.6451;9.6158;-1.23955;1.21109
39.8;11;10.6663;10.6287;-1.25926;1.23016
39.8;12;11.6883;11.6415;-1.2798;1.24745
39.8;13;12.7109;12.6544;-1.29585;1.2649
39.8;14;13.7341;13.6672;-1.31284;1.28172
39.8;15;14.7579;14.6801;-1.32846;1.29867
39.8;16;15.7822;15.693;-1.34474;1.31436
39.8;17;16.807;16.7058;-1.44203;1.42923
39.8;18;17.8322;17.7187;-1.46611;1.44458
39.8;19;18.8577;18.7315;-1.48502;1.45659
39.8;20;19.8835;19.7444;-1.49644;1.46972
39.8;21;20.9096;20.7573;-1.5109;1.48211
39.8;22;21.936;21.7701;-1.51848;1.49195
39.8;23;22.9624;22.783;-1.51916;1.49645
39.8;24;23.989;23.7959;-1.52113;1.50241
39.8;25;25.0157;24.8087;-1.51942;1.50421
39.8;26;26.0424;25.8216;-1.58824;1.57105
39.8;27;27.0692;26.8345;-1.57732;1.56553
39.8;28;28.0959;27.8473;-1.56044;1.55906
39.8;29;29.1225;28.8602;-1.53926;1.5441
39.8;30;30.149;29.8731;-1.51091;1.52564
39.8;31;31.1754;30.8859;-1.52646;1.5574
39.8;32;32.2017;31.8988;-1.48176;1.5235
39.8;33;33.2278;32.9117;-1.42682;1.49005
39.8;34;34.2537;33.9245;-1.40036;1.48345
39.8;35;35.2794;34.9374;-1.32475;1.43796
39.8;36;36.3049;35.9503;-1.26683;1.41309
39.8;37;37.3302;36.9631;-1.16076;1.35148
39.8;38;38.3552;37.976;-1.06332;1.30714
39.8;39;39.3799;38.9889;-0.938394;1.26422
39.8;40;40.4044;40.0017;-0.767184;1.18598
39.8;41;41.4286;41.0146;-0.600048;1.15421
39.8;42;42.4525;42.0275;-0.358524;1.11114
39.8;43;43.4762;43.0403;-0.0582924;1.1103
39.8;44;44.4995;44.0532;0.379592;1.16933
39.8;45;45.5226;45.0661;-1.03395;1.01036
39.8;46;46.5454;46.079;-0.964223;0.942581
39.8;47;47.5679;47.0918;-1.10625;1.08168
39.8;48;48.59;48.1047;-1.12547;1.09939
39.8;49;49.6119;49.1176;-1.14582;1.12004
39.8;50;50.6335;50.1304;-1.16383;1.13768
40;5;4.5512;4.5514;-1.18273;1.15614
40;6;5.568;5.5641;-1.20083;1.17364
40;7;6.5857;6.5769;-1.21885;1.19129
40;8;7.6044;7.5897;-1.23703;1.20887
40;9;8.6239;8.6024;-1.25645;1.2276
40;10;9.6442;9.6152;-1.27667;1.24452
40;11;10.6653;10.628;-1.29325;1.26133
40;12;11.6871;11.6408;-1.30934;1.27853
40;13;12.7095;12.6536;-1.3249;1.29507
40;14;13.7326;13.6664;-1.34049;1.31061
40;15;14.7562;14.6792;-1.43802;1.42737
40;16;15.7804;15.692;-1.46531;1.4381
40;17;16.805;16.7048;-1.48049;1.45046
40;18;17.83;17.7176;-1.49393;1.46784
40;19;18.8554;18.7304;-1.50468;1.47644
40;20;19.8811;19.7432;-1.5117;1.48602
40;21;20.907;20.7559;-1.51336;1.49058
40;22;21.9332;21.7687;-1.51762;1.49811
40;23;22.9595;22.7815;-1.51197;1.49696
40;24;23.986;23.7943;-1.58052;1.56424
40;25;25.0125;24.8071;-1.56697;1.55792
40;26;26.0391;25.8199;-1.55112;1.55057
40;27;27.0657;26.8327;-1.52954;1.53511
40;28;28.0922;27.8455;-1.50075;1.51658
40;29;29.1187;28.8583;-1.51637;1.54777
40;30;30.1451;29.8711;-1.47054;1.51322
40;31;31.1714;30.8839;-1.41627;1.4796
40;32;32.1976;31.8967;-1.38988;1.47406
40;33;33.2236;32.9096;-1.31361;1.42713
40;34;34.2494;33.9224;-1.25412;1.40343
40;35;35.275;34.9352;-1.1497;1.34089
40;36;36.3004;35.948;-1.0523;1.29714
40;37;37.3256;36.9608;-0.928478;1.24855
40;38;38.3505;37.9736;-0.757457;1.17648
40;39;39.3752;38.9864;-0.587923;1.14564
40;40;40.3996;39.9992;-0.350841;1.10503
40;41;41.4237;41.012;-0.049501;1.103
40;42;42.4476;42.0248;0.38567;1.16216
40;43;43.4712;43.0376;-1.03319;1.00951
40;44;44.4945;44.0504;-0.963261;0.941677
40;45;45.5175;45.0632;-1.10509;1.08074
40;46;46.5402;46.076;-1.1241;1.09819
40;47;47.5626;47.0888;-1.14467;1.11814
40;48;48.5848;48.1016;-1.16246;1.1357
40;49;49.6066;49.1144;-1.18087;1.1543
40;50;50.6282;50.1272;-1.19872;1.17172
