0.000000000000000000e+00 1.000000000000000000e+01 1.134188999999999936e+02 1.800000000000000000e+02 1.109358000000000004e+02 1.000000000000000000e+00 1.000000000000000000e+00 2.700000000000000143e-03 2.500000000000000000e-01 1.000000000000000048e-04
1.000000000000000056e-01 9.993700000000000472e+00 1.134188999999999936e+02 1.800000000000000000e+02 1.109358000000000004e+02 1.000000000000000000e+00 1.000000000000000000e+00 0.000000000000000000e+00 2.500000000000000000e-01 1.000000000000000048e-04
1.499999999999999944e-01 9.990600000000000591e+00 1.134966000000000008e+02 1.800000000000000000e+02 1.110138000000000034e+02 1.000000000000000000e+00 1.000000000000000000e+00 2.000000000000000096e-04 2.500000000000000000e-01 1.000000000000000048e-04
2.000000000000000111e-01 9.987500000000000711e+00 1.135354999999999990e+02 1.800000000000000000e+02 1.110528000000000048e+02 1.000000000000000000e+00 1.000000000000000000e+00 2.999999999999999737e-04 2.500000000000000000e-01 1.000000000000000048e-04
2.500000000000000000e-01 9.984299999999999287e+00 1.135745000000000005e+02 1.800000000000000000e+02 1.110918999999999954e+02 1.000000000000000000e+00 1.000000000000000000e+00 5.000000000000000104e-04 2.500000000000000000e-01 1.000000000000000048e-04
2.999999999999999889e-01 9.981199999999999406e+00 1.136133999999999986e+02 1.800000000000000000e+02 1.111310000000000002e+02 1.000000000000000000e+00 1.000000000000000000e+00 5.999999999999999474e-04 2.500000000000000000e-01 1.000000000000000048e-04
3.499999999999999778e-01 9.978099999999999525e+00 1.136524000000000001e+02 1.800000000000000000e+02 1.111701000000000050e+02 1.000000000000000000e+00 1.000000000000000000e+00 6.999999999999999929e-04 2.500000000000000000e-01 1.000000000000000048e-04
4.000000000000000222e-01 9.974899999999999878e+00 1.136915000000000049e+02 1.800000000000000000e+02 1.112092999999999989e+02 1.000000000000000000e+00 1.000000000000000000e+00 8.000000000000000383e-04 2.500000000000000000e-01 1.000000000000000048e-04
4.500000000000000111e-01 9.971799999999999997e+00 1.137305000000000064e+02 1.800000000000000000e+02 1.112485000000000070e+02 1.000000000000000000e+00 1.000000000000000000e+00 8.999999999999999754e-04 2.500000000000000000e-01 1.000000000000000048e-04
5.000000000000000000e-01 9.968700000000000117e+00 1.137695999999999970e+02 1.800000000000000000e+02 1.112877000000000010e+02 1.000000000000000000e+00 1.000000000000000000e+00 1.000000000000000021e-03 2.500000000000000000e-01 1.000000000000000048e-04
5.500000000000000444e-01 9.965500000000000469e+00 1.138087000000000018e+02 1.800000000000000000e+02 1.113268999999999949e+02 1.000000000000000000e+00 1.000000000000000000e+00 1.199999999999999895e-03 2.500000000000000000e-01 1.000000000000000048e-04
5.999999999999999778e-01 9.962400000000000588e+00 1.138478999999999957e+02 1.800000000000000000e+02 1.113662000000000063e+02 1.000000000000000000e+00 1.000000000000000000e+00 1.299999999999999940e-03 2.500000000000000000e-01 1.000000000000000048e-04
6.500000000000000222e-01 9.959300000000000708e+00 1.138871000000000038e+02 1.800000000000000000e+02 1.114055000000000035e+02 1.000000000000000000e+00 1.000000000000000000e+00 1.399999999999999986e-03 2.500000000000000000e-01 1.000000000000000048e-04
6.999999999999999556e-01 9.956099999999999284e+00 1.139262999999999977e+02 1.800000000000000000e+02 1.114449000000000041e+02 1.000000000000000000e+00 1.000000000000000000e+00 1.500000000000000031e-03 2.500000000000000000e-01 1.000000000000000048e-04
7.500000000000000000e-01 9.952999999999999403e+00 1.139655000000000058e+02 1.800000000000000000e+02 1.114842000000000013e+02 1.000000000000000000e+00 1.000000000000000000e+00 1.600000000000000077e-03 2.500000000000000000e-01 1.000000000000000048e-04
8.000000000000000444e-01 9.949899999999999523e+00 1.140048000000000030e+02 1.800000000000000000e+02 1.115236000000000018e+02 1.000000000000000000e+00 1.000000000000000000e+00 1.699999999999999905e-03 2.500000000000000000e-01 1.000000000000000048e-04
8.499999999999999778e-01 9.946699999999999875e+00 1.140441000000000003e+02 1.800000000000000000e+02 1.115631000000000057e+02 1.000000000000000000e+00 1.000000000000000000e+00 1.899999999999999996e-03 2.500000000000000000e-01 1.000000000000000048e-04
9.000000000000000222e-01 9.943599999999999994e+00 1.140835000000000008e+02 1.800000000000000000e+02 1.116025000000000063e+02 1.000000000000000000e+00 1.000000000000000000e+00 2.000000000000000042e-03 2.500000000000000000e-01 1.000000000000000048e-04
9.499999999999999556e-01 9.940500000000000114e+00 1.141227999999999980e+02 1.800000000000000000e+02 1.116419999999999959e+02 1.000000000000000000e+00 1.000000000000000000e+00 2.099999999999999870e-03 2.500000000000000000e-01 1.000000000000000048e-04
1.000000000000000000e+00 9.937300000000000466e+00 1.141621999999999986e+02 1.800000000000000000e+02 1.116814999999999998e+02 1.000000000000000000e+00 1.000000000000000000e+00 2.200000000000000133e-03 2.500000000000000000e-01 1.000000000000000048e-04
1.050000000000000044e+00 9.934200000000000585e+00 1.142017000000000024e+02 1.800000000000000000e+02 1.117211000000000070e+02 1.000000000000000000e+00 1.000000000000000000e+00 2.299999999999999961e-03 2.500000000000000000e-01 1.000000000000000048e-04
1.100000000000000089e+00 9.930999999999999162e+00 1.142411000000000030e+02 1.800000000000000000e+02 1.117606999999999999e+02 1.000000000000000000e+00 1.000000000000000000e+00 2.399999999999999790e-03 2.500000000000000000e-01 1.000000000000000048e-04
1.149999999999999911e+00 9.927899999999999281e+00 1.142806000000000068e+02 1.800000000000000000e+02 1.118002999999999929e+02 1.000000000000000000e+00 1.000000000000000000e+00 2.599999999999999881e-03 2.500000000000000000e-01 1.000000000000000048e-04
1.199999999999999956e+00 9.924799999999999400e+00 1.143200999999999965e+02 1.800000000000000000e+02 1.118400000000000034e+02 1.000000000000000000e+00 1.000000000000000000e+00 2.700000000000000143e-03 2.500000000000000000e-01 1.000000000000000048e-04
1.250000000000000000e+00 9.921599999999999753e+00 1.143597000000000037e+02 1.800000000000000000e+02 1.118795999999999964e+02 1.000000000000000000e+00 1.000000000000000000e+00 2.799999999999999972e-03 2.500000000000000000e-01 1.000000000000000048e-04
1.300000000000000044e+00 9.918499999999999872e+00 1.143992999999999967e+02 1.800000000000000000e+02 1.119193000000000069e+02 1.000000000000000000e+00 1.000000000000000000e+00 2.899999999999999800e-03 2.500000000000000000e-01 1.000000000000000048e-04
1.350000000000000089e+00 9.915300000000000225e+00 1.144389000000000038e+02 1.800000000000000000e+02 1.119591000000000065e+02 1.000000000000000000e+00 1.000000000000000000e+00 3.000000000000000062e-03 2.500000000000000000e-01 1.000000000000000048e-04
1.399999999999999911e+00 9.912200000000000344e+00 1.144784999999999968e+02 1.800000000000000000e+02 1.119989000000000061e+02 1.000000000000000000e+00 1.000000000000000000e+00 3.099999999999999891e-03 2.500000000000000000e-01 1.000000000000000048e-04
1.449999999999999956e+00 9.909000000000000696e+00 1.145181999999999931e+02 1.800000000000000000e+02 1.120387000000000057e+02 1.000000000000000000e+00 1.000000000000000000e+00 3.299999999999999982e-03 2.500000000000000000e-01 1.000000000000000048e-04
1.500000000000000000e+00 9.905900000000000816e+00 1.145579000000000036e+02 1.800000000000000000e+02 1.120785000000000053e+02 1.000000000000000000e+00 1.000000000000000000e+00 3.399999999999999811e-03 2.500000000000000000e-01 1.000000000000000048e-04
1.550000000000000044e+00 9.902799999999999159e+00 1.145977000000000032e+02 1.800000000000000000e+02 1.121183999999999941e+02 1.000000000000000000e+00 1.000000000000000000e+00 3.500000000000000073e-03 2.500000000000000000e-01 1.000000000000000048e-04
1.600000000000000089e+00 9.899599999999999511e+00 1.146373999999999995e+02 1.800000000000000000e+02 1.121582999999999970e+02 1.000000000000000000e+00 1.000000000000000000e+00 3.599999999999999901e-03 2.500000000000000000e-01 1.000000000000000048e-04
1.649999999999999911e+00 9.896499999999999631e+00 1.146771999999999991e+02 1.800000000000000000e+02 1.121981999999999999e+02 1.000000000000000000e+00 1.000000000000000000e+00 3.700000000000000164e-03 2.500000000000000000e-01 1.000000000000000048e-04
1.699999999999999956e+00 9.893299999999999983e+00 1.147171000000000021e+02 1.800000000000000000e+02 1.122381000000000029e+02 1.000000000000000000e+00 1.000000000000000000e+00 3.899999999999999821e-03 2.500000000000000000e-01 1.000000000000000048e-04
1.750000000000000000e+00 9.890200000000000102e+00 1.147005999999999943e+02 1.800000000000000000e+02 1.119574999999999960e+02 1.000000000000000000e+00 1.000000000000000000e+00 3.799999999999999992e-03 2.500000000000000000e-01 1.000000000000000048e-04
1.800000000000000044e+00 9.887100000000000222e+00 1.147403000000000048e+02 1.800000000000000000e+02 1.119973999999999990e+02 1.000000000000000000e+00 1.000000000000000000e+00 3.899999999999999821e-03 2.500000000000000000e-01 1.000000000000000048e-04
1.850000000000000089e+00 9.883900000000000574e+00 1.147802999999999969e+02 1.800000000000000000e+02 1.120374999999999943e+02 1.000000000000000000e+00 1.000000000000000000e+00 4.000000000000000083e-03 2.500000000000000000e-01 1.000000000000000048e-04
1.899999999999999911e+00 9.880800000000000693e+00 1.148201999999999998e+02 1.800000000000000000e+02 1.120776000000000039e+02 1.000000000000000000e+00 1.000000000000000000e+00 4.199999999999999740e-03 2.500000000000000000e-01 1.000000000000000048e-04
1.949999999999999956e+00 9.877599999999999270e+00 1.148602000000000061e+02 1.800000000000000000e+02 1.121176999999999992e+02 1.000000000000000000e+00 1.000000000000000000e+00 4.300000000000000003e-03 2.500000000000000000e-01 1.000000000000000048e-04
2.000000000000000000e+00 9.874499999999999389e+00 1.149001999999999981e+02 1.800000000000000000e+02 1.121577999999999946e+02 1.000000000000000000e+00 1.000000000000000000e+00 4.400000000000000265e-03 2.500000000000000000e-01 1.000000000000000048e-04
2.049999999999999822e+00 9.871299999999999741e+00 1.149402999999999935e+02 1.800000000000000000e+02 1.121979999999999933e+02 1.000000000000000000e+00 1.000000000000000000e+00 4.499999999999999660e-03 2.500000000000000000e-01 1.000000000000000048e-04
2.100000000000000089e+00 9.868199999999999861e+00 1.149804000000000030e+02 1.800000000000000000e+02 1.122382999999999953e+02 1.000000000000000000e+00 1.000000000000000000e+00 4.599999999999999922e-03 2.500000000000000000e-01 1.000000000000000048e-04
2.149999999999999911e+00 9.865000000000000213e+00 1.150204999999999984e+02 1.800000000000000000e+02 1.122784999999999940e+02 1.000000000000000000e+00 1.000000000000000000e+00 4.799999999999999580e-03 2.500000000000000000e-01 1.000000000000000048e-04
2.200000000000000178e+00 9.861900000000000333e+00 1.150606999999999971e+02 1.800000000000000000e+02 1.123187999999999960e+02 1.000000000000000000e+00 1.000000000000000000e+00 4.899999999999999842e-03 2.500000000000000000e-01 1.000000000000000048e-04
2.250000000000000000e+00 9.858700000000000685e+00 1.151008000000000067e+02 1.800000000000000000e+02 1.123590999999999980e+02 1.000000000000000000e+00 1.000000000000000000e+00 5.000000000000000104e-03 2.500000000000000000e-01 1.000000000000000048e-04
2.299999999999999822e+00 9.855600000000000804e+00 1.151410999999999945e+02 1.800000000000000000e+02 1.123995000000000033e+02 1.000000000000000000e+00 1.000000000000000000e+00 5.100000000000000366e-03 2.500000000000000000e-01 1.000000000000000048e-04
2.350000000000000089e+00 9.852399999999999380e+00 1.151812999999999931e+02 1.800000000000000000e+02 1.124398000000000053e+02 1.000000000000000000e+00 1.000000000000000000e+00 5.199999999999999761e-03 2.500000000000000000e-01 1.000000000000000048e-04
2.399999999999999911e+00 9.849299999999999500e+00 1.152215999999999951e+02 1.800000000000000000e+02 1.124801999999999964e+02 1.000000000000000000e+00 1.000000000000000000e+00 5.400000000000000286e-03 2.500000000000000000e-01 1.000000000000000048e-04
2.450000000000000178e+00 9.846099999999999852e+00 1.152618999999999971e+02 1.800000000000000000e+02 1.125207000000000050e+02 1.000000000000000000e+00 1.000000000000000000e+00 5.499999999999999681e-03 2.500000000000000000e-01 1.000000000000000048e-04
2.500000000000000000e+00 9.842999999999999972e+00 1.153021999999999991e+02 1.800000000000000000e+02 1.125611999999999995e+02 1.000000000000000000e+00 1.000000000000000000e+00 5.599999999999999943e-03 2.500000000000000000e-01 1.000000000000000048e-04
2.549999999999999822e+00 9.839800000000000324e+00 1.153426000000000045e+02 1.800000000000000000e+02 1.126016999999999939e+02 1.000000000000000000e+00 1.000000000000000000e+00 5.700000000000000205e-03 2.500000000000000000e-01 1.000000000000000048e-04
2.600000000000000089e+00 9.836700000000000443e+00 1.153829999999999956e+02 1.800000000000000000e+02 1.126422000000000025e+02 1.000000000000000000e+00 1.000000000000000000e+00 5.799999999999999600e-03 2.500000000000000000e-01 1.000000000000000048e-04
2.649999999999999911e+00 9.833500000000000796e+00 1.154234000000000009e+02 1.800000000000000000e+02 1.126828000000000003e+02 1.000000000000000000e+00 1.000000000000000000e+00 6.000000000000000125e-03 2.500000000000000000e-01 1.000000000000000048e-04
2.700000000000000178e+00 9.830399999999999139e+00 1.154638999999999953e+02 1.800000000000000000e+02 1.127233999999999980e+02 1.000000000000000000e+00 1.000000000000000000e+00 6.100000000000000387e-03 2.500000000000000000e-01 1.000000000000000048e-04
2.750000000000000000e+00 9.827199999999999491e+00 1.155044000000000040e+02 1.800000000000000000e+02 1.127639999999999958e+02 1.000000000000000000e+00 1.000000000000000000e+00 6.199999999999999782e-03 2.500000000000000000e-01 1.000000000000000048e-04
2.799999999999999822e+00 9.824099999999999611e+00 1.155448999999999984e+02 1.800000000000000000e+02 1.128046999999999969e+02 1.000000000000000000e+00 1.000000000000000000e+00 6.300000000000000044e-03 2.500000000000000000e-01 1.000000000000000048e-04
2.850000000000000089e+00 9.820899999999999963e+00 1.155854999999999961e+02 1.800000000000000000e+02 1.128453999999999979e+02 1.000000000000000000e+00 1.000000000000000000e+00 6.400000000000000307e-03 2.500000000000000000e-01 1.000000000000000048e-04
2.899999999999999911e+00 9.817700000000000315e+00 1.156260999999999939e+02 1.800000000000000000e+02 1.128860999999999990e+02 1.000000000000000000e+00 1.000000000000000000e+00 6.599999999999999964e-03 2.500000000000000000e-01 1.000000000000000048e-04
2.950000000000000178e+00 9.814600000000000435e+00 1.156667000000000058e+02 1.800000000000000000e+02 1.129269000000000034e+02 1.000000000000000000e+00 1.000000000000000000e+00 6.700000000000000226e-03 2.500000000000000000e-01 1.000000000000000048e-04
3.000000000000000000e+00 9.811400000000000787e+00 1.157074000000000069e+02 1.800000000000000000e+02 1.129676999999999936e+02 1.000000000000000000e+00 1.000000000000000000e+00 6.799999999999999621e-03 2.500000000000000000e-01 1.000000000000000048e-04
3.049999999999999822e+00 9.808299999999999130e+00 1.157480999999999938e+02 1.800000000000000000e+02 1.130084999999999980e+02 1.000000000000000000e+00 1.000000000000000000e+00 6.899999999999999883e-03 2.500000000000000000e-01 1.000000000000000048e-04
3.100000000000000089e+00 9.805099999999999483e+00 1.157887999999999948e+02 1.800000000000000000e+02 1.130494000000000057e+02 1.000000000000000000e+00 1.000000000000000000e+00 7.000000000000000146e-03 2.500000000000000000e-01 1.000000000000000048e-04
3.149999999999999911e+00 9.801999999999999602e+00 1.158295999999999992e+02 1.800000000000000000e+02 1.130902999999999992e+02 1.000000000000000000e+00 1.000000000000000000e+00 7.199999999999999803e-03 2.500000000000000000e-01 1.000000000000000048e-04
3.200000000000000178e+00 9.798799999999999955e+00 1.158704000000000036e+02 1.800000000000000000e+02 1.131312000000000069e+02 1.000000000000000000e+00 1.000000000000000000e+00 7.300000000000000065e-03 2.500000000000000000e-01 1.000000000000000048e-04
3.250000000000000000e+00 9.795600000000000307e+00 1.159111999999999938e+02 1.800000000000000000e+02 1.131722000000000037e+02 1.000000000000000000e+00 1.000000000000000000e+00 7.400000000000000328e-03 2.500000000000000000e-01 1.000000000000000048e-04
3.299999999999999822e+00 9.792500000000000426e+00 1.159521000000000015e+02 1.800000000000000000e+02 1.132132000000000005e+02 1.000000000000000000e+00 1.000000000000000000e+00 7.499999999999999722e-03 2.500000000000000000e-01 1.000000000000000048e-04
3.350000000000000089e+00 9.789300000000000779e+00 1.159929999999999950e+02 1.800000000000000000e+02 1.132541999999999973e+02 1.000000000000000000e+00 1.000000000000000000e+00 7.599999999999999985e-03 2.500000000000000000e-01 1.000000000000000048e-04
3.399999999999999911e+00 9.786199999999999122e+00 1.160339000000000027e+02 1.800000000000000000e+02 1.132952999999999975e+02 1.000000000000000000e+00 1.000000000000000000e+00 7.799999999999999642e-03 2.500000000000000000e-01 1.000000000000000048e-04
3.450000000000000178e+00 9.782999999999999474e+00 1.160748999999999995e+02 1.800000000000000000e+02 1.133363999999999976e+02 1.000000000000000000e+00 1.000000000000000000e+00 7.900000000000000772e-03 2.500000000000000000e-01 1.000000000000000048e-04
3.500000000000000000e+00 9.779799999999999827e+00 1.161158999999999963e+02 1.800000000000000000e+02 1.133774999999999977e+02 1.000000000000000000e+00 1.000000000000000000e+00 8.000000000000000167e-03 2.500000000000000000e-01 1.000000000000000048e-04
3.549999999999999822e+00 9.776699999999999946e+00 1.161568999999999932e+02 1.800000000000000000e+02 1.134185999999999979e+02 1.000000000000000000e+00 1.000000000000000000e+00 8.099999999999999561e-03 2.500000000000000000e-01 1.000000000000000048e-04
3.600000000000000089e+00 9.773500000000000298e+00 1.161979000000000042e+02 1.800000000000000000e+02 1.134598000000000013e+02 1.000000000000000000e+00 1.000000000000000000e+00 8.300000000000000086e-03 2.500000000000000000e-01 1.000000000000000048e-04
3.649999999999999911e+00 9.770400000000000418e+00 1.162390000000000043e+02 1.800000000000000000e+02 1.135010999999999939e+02 1.000000000000000000e+00 1.000000000000000000e+00 8.399999999999999481e-03 2.500000000000000000e-01 1.000000000000000048e-04
3.700000000000000178e+00 9.767200000000000770e+00 1.162801999999999936e+02 1.800000000000000000e+02 1.135422999999999973e+02 1.000000000000000000e+00 1.000000000000000000e+00 8.500000000000000611e-03 2.500000000000000000e-01 1.000000000000000048e-04
3.750000000000000000e+00 9.763999999999999346e+00 1.163212999999999937e+02 1.800000000000000000e+02 1.135836000000000041e+02 1.000000000000000000e+00 1.000000000000000000e+00 8.600000000000000006e-03 2.500000000000000000e-01 1.000000000000000048e-04
3.799999999999999822e+00 9.760899999999999466e+00 1.163624999999999972e+02 1.800000000000000000e+02 1.136248999999999967e+02 1.000000000000000000e+00 1.000000000000000000e+00 8.699999999999999400e-03 2.500000000000000000e-01 1.000000000000000048e-04
3.850000000000000089e+00 9.757699999999999818e+00 1.164037000000000006e+02 1.800000000000000000e+02 1.136663000000000068e+02 1.000000000000000000e+00 1.000000000000000000e+00 8.899999999999999925e-03 2.500000000000000000e-01 1.000000000000000048e-04
3.899999999999999911e+00 9.754500000000000171e+00 1.164449999999999932e+02 1.800000000000000000e+02 1.137077000000000027e+02 1.000000000000000000e+00 1.000000000000000000e+00 8.999999999999999320e-03 2.500000000000000000e-01 1.000000000000000048e-04
3.950000000000000178e+00 9.751400000000000290e+00 1.164863000000000000e+02 1.800000000000000000e+02 1.137490999999999985e+02 1.000000000000000000e+00 1.000000000000000000e+00 9.100000000000000450e-03 2.500000000000000000e-01 1.000000000000000048e-04
4.000000000000000000e+00 9.748200000000000642e+00 1.165276000000000067e+02 1.800000000000000000e+02 1.137905999999999977e+02 1.000000000000000000e+00 1.000000000000000000e+00 9.199999999999999845e-03 2.500000000000000000e-01 1.000000000000000048e-04
4.049999999999999822e+00 9.744999999999999218e+00 1.165690000000000026e+02 1.800000000000000000e+02 1.138320999999999970e+02 1.000000000000000000e+00 1.000000000000000000e+00 9.400000000000000369e-03 2.500000000000000000e-01 1.000000000000000048e-04
4.099999999999999645e+00 9.741899999999999338e+00 1.166102999999999952e+02 1.800000000000000000e+02 1.138735999999999962e+02 1.000000000000000000e+00 1.000000000000000000e+00 9.499999999999999764e-03 2.500000000000000000e-01 1.000000000000000048e-04
4.150000000000000355e+00 9.738699999999999690e+00 1.166517999999999944e+02 1.800000000000000000e+02 1.139150999999999954e+02 1.000000000000000000e+00 1.000000000000000000e+00 9.599999999999999159e-03 2.500000000000000000e-01 1.000000000000000048e-04
4.200000000000000178e+00 9.735500000000000043e+00 1.166932000000000045e+02 1.800000000000000000e+02 1.139566999999999979e+02 1.000000000000000000e+00 1.000000000000000000e+00 9.700000000000000289e-03 2.500000000000000000e-01 1.000000000000000048e-04
4.250000000000000000e+00 9.732400000000000162e+00 1.167347000000000037e+02 1.800000000000000000e+02 1.139984000000000037e+02 1.000000000000000000e+00 1.000000000000000000e+00 9.900000000000000813e-03 2.500000000000000000e-01 1.000000000000000048e-04
4.299999999999999822e+00 9.729200000000000514e+00 1.167762000000000029e+02 1.800000000000000000e+02 1.140400000000000063e+02 1.000000000000000000e+00 1.000000000000000000e+00 1.000000000000000021e-02 2.500000000000000000e-01 1.000000000000000048e-04
4.349999999999999645e+00 9.726000000000000867e+00 1.168178000000000054e+02 1.800000000000000000e+02 1.140816999999999979e+02 1.000000000000000000e+00 1.000000000000000000e+00 1.009999999999999960e-02 2.500000000000000000e-01 1.000000000000000048e-04
4.400000000000000355e+00 9.722899999999999210e+00 1.168593999999999937e+02 1.800000000000000000e+02 1.141234000000000037e+02 1.000000000000000000e+00 1.000000000000000000e+00 1.020000000000000073e-02 2.500000000000000000e-01 1.000000000000000048e-04
4.450000000000000178e+00 9.719699999999999562e+00 1.169009999999999962e+02 1.800000000000000000e+02 1.141651999999999987e+02 1.000000000000000000e+00 1.000000000000000000e+00 1.030000000000000013e-02 2.500000000000000000e-01 1.000000000000000048e-04
4.500000000000000000e+00 9.716499999999999915e+00 1.169427000000000021e+02 1.800000000000000000e+02 1.142069999999999936e+02 1.000000000000000000e+00 1.000000000000000000e+00 1.050000000000000065e-02 2.500000000000000000e-01 1.000000000000000048e-04
4.549999999999999822e+00 9.713400000000000034e+00 1.169843999999999937e+02 1.800000000000000000e+02 1.142488000000000028e+02 1.000000000000000000e+00 1.000000000000000000e+00 1.060000000000000005e-02 2.500000000000000000e-01 1.000000000000000048e-04
4.599999999999999645e+00 9.710200000000000387e+00 1.170260999999999996e+02 1.800000000000000000e+02 1.142907000000000011e+02 1.000000000000000000e+00 1.000000000000000000e+00 1.069999999999999944e-02 2.500000000000000000e-01 1.000000000000000048e-04
4.650000000000000355e+00 9.707000000000000739e+00 1.170678999999999945e+02 1.800000000000000000e+02 1.143325999999999993e+02 1.000000000000000000e+00 1.000000000000000000e+00 1.080000000000000057e-02 2.500000000000000000e-01 1.000000000000000048e-04
4.700000000000000178e+00 9.703799999999999315e+00 1.171097000000000037e+02 1.800000000000000000e+02 1.143744999999999976e+02 1.000000000000000000e+00 1.000000000000000000e+00 1.099999999999999936e-02 2.500000000000000000e-01 1.000000000000000048e-04
4.750000000000000000e+00 9.700699999999999434e+00 1.171514999999999986e+02 1.800000000000000000e+02 1.144164999999999992e+02 1.000000000000000000e+00 1.000000000000000000e+00 1.110000000000000049e-02 2.500000000000000000e-01 1.000000000000000048e-04
4.799999999999999822e+00 9.697499999999999787e+00 1.171933999999999969e+02 1.800000000000000000e+02 1.144585000000000008e+02 1.000000000000000000e+00 1.000000000000000000e+00 1.119999999999999989e-02 2.500000000000000000e-01 1.000000000000000048e-04
4.849999999999999645e+00 9.694300000000000139e+00 1.172352999999999952e+02 1.800000000000000000e+02 1.145005000000000024e+02 1.000000000000000000e+00 1.000000000000000000e+00 1.129999999999999928e-02 2.500000000000000000e-01 1.000000000000000048e-04
4.900000000000000355e+00 9.691100000000000492e+00 1.172771999999999935e+02 1.800000000000000000e+02 1.145425999999999931e+02 1.000000000000000000e+00 1.000000000000000000e+00 1.149999999999999981e-02 2.500000000000000000e-01 1.000000000000000048e-04
4.950000000000000178e+00 9.688000000000000611e+00 1.173191999999999950e+02 1.800000000000000000e+02 1.145846999999999980e+02 1.000000000000000000e+00 1.000000000000000000e+00 1.159999999999999920e-02 2.500000000000000000e-01 1.000000000000000048e-04
5.000000000000000000e+00 9.684799999999999187e+00 1.173611999999999966e+02 1.800000000000000000e+02 1.146268000000000029e+02 1.000000000000000000e+00 1.000000000000000000e+00 1.170000000000000033e-02 2.500000000000000000e-01 1.000000000000000048e-04
5.049999999999999822e+00 9.681599999999999540e+00 1.174031999999999982e+02 1.800000000000000000e+02 1.146689999999999969e+02 1.000000000000000000e+00 1.000000000000000000e+00 1.179999999999999973e-02 2.500000000000000000e-01 1.000000000000000048e-04
5.099999999999999645e+00 9.678399999999999892e+00 1.174453000000000031e+02 1.800000000000000000e+02 1.147112000000000052e+02 1.000000000000000000e+00 1.000000000000000000e+00 1.200000000000000025e-02 2.500000000000000000e-01 1.000000000000000048e-04
5.150000000000000355e+00 9.675300000000000011e+00 1.174873999999999938e+02 1.800000000000000000e+02 1.147533999999999992e+02 1.000000000000000000e+00 1.000000000000000000e+00 1.209999999999999964e-02 2.500000000000000000e-01 1.000000000000000048e-04
5.200000000000000178e+00 9.672100000000000364e+00 1.175294999999999987e+02 1.800000000000000000e+02 1.147956999999999965e+02 1.000000000000000000e+00 1.000000000000000000e+00 1.220000000000000077e-02 2.500000000000000000e-01 1.000000000000000048e-04
5.250000000000000000e+00 9.668900000000000716e+00 1.175717000000000070e+02 1.800000000000000000e+02 1.148379999999999939e+02 1.000000000000000000e+00 1.000000000000000000e+00 1.230000000000000017e-02 2.500000000000000000e-01 1.000000000000000048e-04
5.299999999999999822e+00 9.665699999999999292e+00 1.176139000000000010e+02 1.800000000000000000e+02 1.148803000000000054e+02 1.000000000000000000e+00 1.000000000000000000e+00 1.250000000000000069e-02 2.500000000000000000e-01 1.000000000000000048e-04
5.349999999999999645e+00 9.662599999999999412e+00 1.176561999999999983e+02 1.800000000000000000e+02 1.149227000000000061e+02 1.000000000000000000e+00 1.000000000000000000e+00 1.260000000000000009e-02 2.500000000000000000e-01 1.000000000000000048e-04
5.400000000000000355e+00 9.659399999999999764e+00 1.176984000000000066e+02 1.800000000000000000e+02 1.149651000000000067e+02 1.000000000000000000e+00 1.000000000000000000e+00 1.269999999999999948e-02 2.500000000000000000e-01 1.000000000000000048e-04
5.450000000000000178e+00 9.656200000000000117e+00 1.177407999999999930e+02 1.800000000000000000e+02 1.150075999999999965e+02 1.000000000000000000e+00 1.000000000000000000e+00 1.280000000000000061e-02 2.500000000000000000e-01 1.000000000000000048e-04
5.500000000000000000e+00 9.653000000000000469e+00 1.177831000000000046e+02 1.800000000000000000e+02 1.150501000000000005e+02 1.000000000000000000e+00 1.000000000000000000e+00 1.299999999999999940e-02 2.500000000000000000e-01 1.000000000000000048e-04
5.549999999999999822e+00 9.649800000000000821e+00 1.178255000000000052e+02 1.800000000000000000e+02 1.150926000000000045e+02 1.000000000000000000e+00 1.000000000000000000e+00 1.310000000000000053e-02 2.500000000000000000e-01 1.000000000000000048e-04
5.599999999999999645e+00 9.646699999999999164e+00 1.178679000000000059e+02 1.800000000000000000e+02 1.151350999999999942e+02 1.000000000000000000e+00 1.000000000000000000e+00 1.319999999999999993e-02 2.500000000000000000e-01 1.000000000000000048e-04
5.650000000000000355e+00 9.643499999999999517e+00 1.179103999999999957e+02 1.800000000000000000e+02 1.151777000000000015e+02 1.000000000000000000e+00 1.000000000000000000e+00 1.329999999999999932e-02 2.500000000000000000e-01 1.000000000000000048e-04
5.700000000000000178e+00 9.640299999999999869e+00 1.179527999999999963e+02 1.800000000000000000e+02 1.152202999999999946e+02 1.000000000000000000e+00 1.000000000000000000e+00 1.349999999999999985e-02 2.500000000000000000e-01 1.000000000000000048e-04
5.750000000000000000e+00 9.637100000000000222e+00 1.179954000000000036e+02 1.800000000000000000e+02 1.152630000000000052e+02 1.000000000000000000e+00 1.000000000000000000e+00 1.359999999999999924e-02 2.500000000000000000e-01 1.000000000000000048e-04
5.799999999999999822e+00 9.633900000000000574e+00 1.180378999999999934e+02 1.800000000000000000e+02 1.153057000000000016e+02 1.000000000000000000e+00 1.000000000000000000e+00 1.370000000000000037e-02 2.500000000000000000e-01 1.000000000000000048e-04
5.849999999999999645e+00 9.630699999999999150e+00 1.180805000000000007e+02 1.800000000000000000e+02 1.153483999999999980e+02 1.000000000000000000e+00 1.000000000000000000e+00 1.379999999999999977e-02 2.500000000000000000e-01 1.000000000000000048e-04
5.900000000000000355e+00 9.627599999999999270e+00 1.181231999999999971e+02 1.800000000000000000e+02 1.153911999999999978e+02 1.000000000000000000e+00 1.000000000000000000e+00 1.400000000000000029e-02 2.500000000000000000e-01 1.000000000000000048e-04
5.950000000000000178e+00 9.624399999999999622e+00 1.181658000000000044e+02 1.800000000000000000e+02 1.154339999999999975e+02 1.000000000000000000e+00 1.000000000000000000e+00 1.409999999999999969e-02 2.500000000000000000e-01 1.000000000000000048e-04
6.000000000000000000e+00 9.621199999999999974e+00 1.182085000000000008e+02 1.800000000000000000e+02 1.154767999999999972e+02 1.000000000000000000e+00 1.000000000000000000e+00 1.420000000000000082e-02 2.500000000000000000e-01 1.000000000000000048e-04
6.049999999999999822e+00 9.618000000000000327e+00 1.182513000000000005e+02 1.800000000000000000e+02 1.155197000000000003e+02 1.000000000000000000e+00 1.000000000000000000e+00 1.439999999999999961e-02 2.500000000000000000e-01 1.000000000000000048e-04
6.099999999999999645e+00 9.614800000000000679e+00 1.182939999999999969e+02 1.800000000000000000e+02 1.155626000000000033e+02 1.000000000000000000e+00 1.000000000000000000e+00 1.450000000000000074e-02 2.500000000000000000e-01 1.000000000000000048e-04
6.150000000000000355e+00 9.611599999999999255e+00 1.183367999999999967e+02 1.800000000000000000e+02 1.156055000000000064e+02 1.000000000000000000e+00 1.000000000000000000e+00 1.460000000000000013e-02 2.500000000000000000e-01 1.000000000000000048e-04
6.200000000000000178e+00 9.608399999999999608e+00 1.183796999999999997e+02 1.800000000000000000e+02 1.156484999999999985e+02 1.000000000000000000e+00 1.000000000000000000e+00 1.469999999999999953e-02 2.500000000000000000e-01 1.000000000000000048e-04
6.250000000000000000e+00 9.605299999999999727e+00 1.184226000000000028e+02 1.800000000000000000e+02 1.156915000000000049e+02 1.000000000000000000e+00 1.000000000000000000e+00 1.490000000000000005e-02 2.500000000000000000e-01 1.000000000000000048e-04
6.299999999999999822e+00 9.602100000000000080e+00 1.184655000000000058e+02 1.800000000000000000e+02 1.157344999999999970e+02 1.000000000000000000e+00 1.000000000000000000e+00 1.499999999999999944e-02 2.500000000000000000e-01 1.000000000000000048e-04
6.349999999999999645e+00 9.598900000000000432e+00 1.185083999999999946e+02 1.800000000000000000e+02 1.157776000000000067e+02 1.000000000000000000e+00 1.000000000000000000e+00 1.510000000000000057e-02 2.500000000000000000e-01 1.000000000000000048e-04
6.400000000000000355e+00 9.595700000000000784e+00 1.185514000000000010e+02 1.800000000000000000e+02 1.158207000000000022e+02 1.000000000000000000e+00 1.000000000000000000e+00 1.519999999999999997e-02 2.500000000000000000e-01 1.000000000000000048e-04
6.450000000000000178e+00 9.592499999999999361e+00 1.185943999999999932e+02 1.800000000000000000e+02 1.158639000000000010e+02 1.000000000000000000e+00 1.000000000000000000e+00 1.540000000000000049e-02 2.500000000000000000e-01 1.000000000000000048e-04
6.500000000000000000e+00 9.589299999999999713e+00 1.186375000000000028e+02 1.800000000000000000e+02 1.159070999999999998e+02 1.000000000000000000e+00 1.000000000000000000e+00 1.549999999999999989e-02 2.500000000000000000e-01 1.000000000000000048e-04
6.549999999999999822e+00 9.586100000000000065e+00 1.186805999999999983e+02 1.800000000000000000e+02 1.159502999999999986e+02 1.000000000000000000e+00 1.000000000000000000e+00 1.559999999999999928e-02 2.500000000000000000e-01 1.000000000000000048e-04
6.599999999999999645e+00 9.582900000000000418e+00 1.187236999999999938e+02 1.800000000000000000e+02 1.159936000000000007e+02 1.000000000000000000e+00 1.000000000000000000e+00 1.580000000000000154e-02 2.500000000000000000e-01 1.000000000000000048e-04
6.650000000000000355e+00 9.579700000000000770e+00 1.187669000000000068e+02 1.800000000000000000e+02 1.160367999999999995e+02 1.000000000000000000e+00 1.000000000000000000e+00 1.590000000000000094e-02 2.500000000000000000e-01 1.000000000000000048e-04
6.700000000000000178e+00 9.576599999999999113e+00 1.188101000000000056e+02 1.800000000000000000e+02 1.160802000000000049e+02 1.000000000000000000e+00 1.000000000000000000e+00 1.600000000000000033e-02 2.500000000000000000e-01 1.000000000000000048e-04
6.750000000000000000e+00 9.573399999999999466e+00 1.188533000000000044e+02 1.800000000000000000e+02 1.161235000000000070e+02 1.000000000000000000e+00 1.000000000000000000e+00 1.609999999999999973e-02 2.500000000000000000e-01 1.000000000000000048e-04
6.799999999999999822e+00 9.570199999999999818e+00 1.188966000000000065e+02 1.800000000000000000e+02 1.161670000000000016e+02 1.000000000000000000e+00 1.000000000000000000e+00 1.629999999999999852e-02 2.500000000000000000e-01 1.000000000000000048e-04
6.849999999999999645e+00 9.567000000000000171e+00 1.189398999999999944e+02 1.800000000000000000e+02 1.162104000000000070e+02 1.000000000000000000e+00 1.000000000000000000e+00 1.640000000000000138e-02 2.500000000000000000e-01 1.000000000000000048e-04
6.900000000000000355e+00 9.563800000000000523e+00 1.189831999999999965e+02 1.800000000000000000e+02 1.162539000000000016e+02 1.000000000000000000e+00 1.000000000000000000e+00 1.650000000000000078e-02 2.500000000000000000e-01 1.000000000000000048e-04
6.950000000000000178e+00 9.560600000000000875e+00 1.190266000000000020e+02 1.800000000000000000e+02 1.162973999999999961e+02 1.000000000000000000e+00 1.000000000000000000e+00 1.669999999999999957e-02 2.500000000000000000e-01 1.000000000000000048e-04
7.000000000000000000e+00 9.557399999999999451e+00 1.190699999999999932e+02 1.800000000000000000e+02 1.163409000000000049e+02 1.000000000000000000e+00 1.000000000000000000e+00 1.679999999999999896e-02 2.500000000000000000e-01 1.000000000000000048e-04
7.049999999999999822e+00 9.554199999999999804e+00 1.191135000000000019e+02 1.800000000000000000e+02 1.163845000000000027e+02 1.000000000000000000e+00 1.000000000000000000e+00 1.689999999999999836e-02 2.500000000000000000e-01 1.000000000000000048e-04
7.099999999999999645e+00 9.551000000000000156e+00 1.191569999999999965e+02 1.800000000000000000e+02 1.164281000000000006e+02 1.000000000000000000e+00 1.000000000000000000e+00 1.700000000000000122e-02 2.500000000000000000e-01 1.000000000000000048e-04
7.150000000000000355e+00 9.547800000000000509e+00 1.192005000000000052e+02 1.800000000000000000e+02 1.164718000000000018e+02 1.000000000000000000e+00 1.000000000000000000e+00 1.720000000000000001e-02 2.500000000000000000e-01 1.000000000000000048e-04
7.200000000000000178e+00 9.544600000000000861e+00 1.192441000000000031e+02 1.800000000000000000e+02 1.165155000000000030e+02 1.000000000000000000e+00 1.000000000000000000e+00 1.729999999999999941e-02 2.500000000000000000e-01 1.000000000000000048e-04
7.250000000000000000e+00 9.541399999999999437e+00 1.192877000000000010e+02 1.800000000000000000e+02 1.165592000000000041e+02 1.000000000000000000e+00 1.000000000000000000e+00 1.739999999999999880e-02 2.500000000000000000e-01 1.000000000000000048e-04
7.299999999999999822e+00 9.538199999999999790e+00 1.193312999999999988e+02 1.800000000000000000e+02 1.166029999999999944e+02 1.000000000000000000e+00 1.000000000000000000e+00 1.760000000000000106e-02 2.500000000000000000e-01 1.000000000000000048e-04
7.349999999999999645e+00 9.535000000000000142e+00 1.193750000000000000e+02 1.800000000000000000e+02 1.166467999999999989e+02 1.000000000000000000e+00 1.000000000000000000e+00 1.770000000000000046e-02 2.500000000000000000e-01 1.000000000000000048e-04
7.400000000000000355e+00 9.531800000000000495e+00 1.194187000000000012e+02 1.800000000000000000e+02 1.166906000000000034e+02 1.000000000000000000e+00 1.000000000000000000e+00 1.779999999999999985e-02 2.500000000000000000e-01 1.000000000000000048e-04
7.450000000000000178e+00 9.528600000000000847e+00 1.194624000000000024e+02 1.800000000000000000e+02 1.167344999999999970e+02 1.000000000000000000e+00 1.000000000000000000e+00 1.799999999999999864e-02 2.500000000000000000e-01 1.000000000000000048e-04
7.500000000000000000e+00 9.525399999999999423e+00 1.195062000000000069e+02 1.800000000000000000e+02 1.167784000000000049e+02 1.000000000000000000e+00 1.000000000000000000e+00 1.810000000000000150e-02 2.500000000000000000e-01 1.000000000000000048e-04
7.549999999999999822e+00 9.522199999999999775e+00 1.195501000000000005e+02 1.800000000000000000e+02 1.168224000000000018e+02 1.000000000000000000e+00 1.000000000000000000e+00 1.820000000000000090e-02 2.500000000000000000e-01 1.000000000000000048e-04
7.599999999999999645e+00 9.519000000000000128e+00 1.195939000000000050e+02 1.800000000000000000e+02 1.168663999999999987e+02 1.000000000000000000e+00 1.000000000000000000e+00 1.830000000000000029e-02 2.500000000000000000e-01 1.000000000000000048e-04
7.650000000000000355e+00 9.515800000000000480e+00 1.196377999999999986e+02 1.800000000000000000e+02 1.169103999999999957e+02 1.000000000000000000e+00 1.000000000000000000e+00 1.849999999999999908e-02 2.500000000000000000e-01 1.000000000000000048e-04
7.700000000000000178e+00 9.512600000000000833e+00 1.196817000000000064e+02 1.800000000000000000e+02 1.169544999999999959e+02 1.000000000000000000e+00 1.000000000000000000e+00 1.859999999999999848e-02 2.500000000000000000e-01 1.000000000000000048e-04
7.750000000000000000e+00 9.509399999999999409e+00 1.197257000000000033e+02 1.800000000000000000e+02 1.169985999999999962e+02 1.000000000000000000e+00 1.000000000000000000e+00 1.870000000000000134e-02 2.500000000000000000e-01 1.000000000000000048e-04
7.799999999999999822e+00 9.506199999999999761e+00 1.197697000000000003e+02 1.800000000000000000e+02 1.170426999999999964e+02 1.000000000000000000e+00 1.000000000000000000e+00 1.890000000000000013e-02 2.500000000000000000e-01 1.000000000000000048e-04
7.849999999999999645e+00 9.503000000000000114e+00 1.198138000000000005e+02 1.800000000000000000e+02 1.170869000000000000e+02 1.000000000000000000e+00 1.000000000000000000e+00 1.899999999999999953e-02 2.500000000000000000e-01 1.000000000000000048e-04
7.900000000000000355e+00 9.499800000000000466e+00 1.198577999999999975e+02 1.800000000000000000e+02 1.171311000000000035e+02 1.000000000000000000e+00 1.000000000000000000e+00 1.909999999999999892e-02 2.500000000000000000e-01 1.000000000000000048e-04
7.950000000000000178e+00 9.496600000000000819e+00 1.199020000000000010e+02 1.800000000000000000e+02 1.171752999999999929e+02 1.000000000000000000e+00 1.000000000000000000e+00 1.930000000000000118e-02 2.500000000000000000e-01 1.000000000000000048e-04
8.000000000000000000e+00 9.493399999999999395e+00 1.199461000000000013e+02 1.800000000000000000e+02 1.172195999999999998e+02 1.000000000000000000e+00 1.000000000000000000e+00 1.940000000000000058e-02 2.500000000000000000e-01 1.000000000000000048e-04
8.050000000000000711e+00 9.490199999999999747e+00 1.199903000000000048e+02 1.800000000000000000e+02 1.172639999999999958e+02 1.000000000000000000e+00 1.000000000000000000e+00 1.949999999999999997e-02 2.500000000000000000e-01 1.000000000000000048e-04
8.099999999999999645e+00 9.487000000000000099e+00 1.200345999999999975e+02 1.800000000000000000e+02 1.173083000000000027e+02 1.000000000000000000e+00 1.000000000000000000e+00 1.969999999999999876e-02 2.500000000000000000e-01 1.000000000000000048e-04
8.150000000000000355e+00 9.483800000000000452e+00 1.200788000000000011e+02 1.800000000000000000e+02 1.173526999999999987e+02 1.000000000000000000e+00 1.000000000000000000e+00 1.980000000000000163e-02 2.500000000000000000e-01 1.000000000000000048e-04
8.199999999999999289e+00 9.480600000000000804e+00 1.201230999999999938e+02 1.800000000000000000e+02 1.173971999999999980e+02 1.000000000000000000e+00 1.000000000000000000e+00 1.990000000000000102e-02 2.500000000000000000e-01 1.000000000000000048e-04
8.250000000000000000e+00 9.477299999999999613e+00 1.201675000000000040e+02 1.800000000000000000e+02 1.174415999999999940e+02 1.000000000000000000e+00 1.000000000000000000e+00 2.009999999999999981e-02 2.500000000000000000e-01 1.000000000000000048e-04
8.300000000000000711e+00 9.474099999999999966e+00 1.202119000000000000e+02 1.800000000000000000e+02 1.174861999999999966e+02 1.000000000000000000e+00 1.000000000000000000e+00 2.019999999999999921e-02 2.500000000000000000e-01 1.000000000000000048e-04
8.349999999999999645e+00 9.470900000000000318e+00 1.202562999999999960e+02 1.800000000000000000e+02 1.175306999999999960e+02 1.000000000000000000e+00 1.000000000000000000e+00 2.029999999999999860e-02 2.500000000000000000e-01 1.000000000000000048e-04
8.400000000000000355e+00 9.467700000000000671e+00 1.203007000000000062e+02 1.800000000000000000e+02 1.175752999999999986e+02 1.000000000000000000e+00 1.000000000000000000e+00 2.040000000000000147e-02 2.500000000000000000e-01 1.000000000000000048e-04
8.449999999999999289e+00 9.464499999999999247e+00 1.203452000000000055e+02 1.800000000000000000e+02 1.176199000000000012e+02 1.000000000000000000e+00 1.000000000000000000e+00 2.060000000000000026e-02 2.500000000000000000e-01 1.000000000000000048e-04
8.500000000000000000e+00 9.461299999999999599e+00 1.203897999999999939e+02 1.800000000000000000e+02 1.176645999999999930e+02 1.000000000000000000e+00 1.000000000000000000e+00 2.069999999999999965e-02 2.500000000000000000e-01 1.000000000000000048e-04
8.550000000000000711e+00 9.458099999999999952e+00 1.204342999999999932e+02 1.800000000000000000e+02 1.177092999999999989e+02 1.000000000000000000e+00 1.000000000000000000e+00 2.079999999999999905e-02 2.500000000000000000e-01 1.000000000000000048e-04
8.599999999999999645e+00 9.454900000000000304e+00 1.204789999999999992e+02 1.800000000000000000e+02 1.177540000000000049e+02 1.000000000000000000e+00 1.000000000000000000e+00 2.100000000000000130e-02 2.500000000000000000e-01 1.000000000000000048e-04
8.650000000000000355e+00 9.451700000000000657e+00 1.205236000000000018e+02 1.800000000000000000e+02 1.177988000000000000e+02 1.000000000000000000e+00 1.000000000000000000e+00 2.110000000000000070e-02 2.500000000000000000e-01 1.000000000000000048e-04
8.699999999999999289e+00 9.448499999999999233e+00 1.205682999999999936e+02 1.800000000000000000e+02 1.178435999999999950e+02 1.000000000000000000e+00 1.000000000000000000e+00 2.120000000000000009e-02 2.500000000000000000e-01 1.000000000000000048e-04
8.750000000000000000e+00 9.445199999999999818e+00 1.206129999999999995e+02 1.800000000000000000e+02 1.178884999999999934e+02 1.000000000000000000e+00 1.000000000000000000e+00 2.139999999999999888e-02 2.500000000000000000e-01 1.000000000000000048e-04
8.800000000000000711e+00 9.442000000000000171e+00 1.206577999999999946e+02 1.800000000000000000e+02 1.179334000000000060e+02 1.000000000000000000e+00 1.000000000000000000e+00 2.149999999999999828e-02 2.500000000000000000e-01 1.000000000000000048e-04
8.849999999999999645e+00 9.438800000000000523e+00 1.207026000000000039e+02 1.800000000000000000e+02 1.179783000000000044e+02 1.000000000000000000e+00 1.000000000000000000e+00 2.160000000000000114e-02 2.500000000000000000e-01 1.000000000000000048e-04
8.900000000000000355e+00 9.435600000000000875e+00 1.207473999999999990e+02 1.800000000000000000e+02 1.180233000000000061e+02 1.000000000000000000e+00 1.000000000000000000e+00 2.179999999999999993e-02 2.500000000000000000e-01 1.000000000000000048e-04
8.949999999999999289e+00 9.432399999999999451e+00 1.207922999999999973e+02 1.800000000000000000e+02 1.180682999999999936e+02 1.000000000000000000e+00 1.000000000000000000e+00 2.189999999999999933e-02 2.500000000000000000e-01 1.000000000000000048e-04
9.000000000000000000e+00 9.429199999999999804e+00 1.208371999999999957e+02 1.800000000000000000e+02 1.181132999999999953e+02 1.000000000000000000e+00 1.000000000000000000e+00 2.199999999999999872e-02 2.500000000000000000e-01 1.000000000000000048e-04
9.050000000000000711e+00 9.425900000000000389e+00 1.208821999999999974e+02 1.800000000000000000e+02 1.181584000000000003e+02 1.000000000000000000e+00 1.000000000000000000e+00 2.220000000000000098e-02 2.500000000000000000e-01 1.000000000000000048e-04
9.099999999999999645e+00 9.422700000000000742e+00 1.209271999999999991e+02 1.800000000000000000e+02 1.182035000000000053e+02 1.000000000000000000e+00 1.000000000000000000e+00 2.230000000000000038e-02 2.500000000000000000e-01 1.000000000000000048e-04
9.150000000000000355e+00 9.419499999999999318e+00 1.209722000000000008e+02 1.800000000000000000e+02 1.182486999999999995e+02 1.000000000000000000e+00 1.000000000000000000e+00 2.239999999999999977e-02 2.500000000000000000e-01 1.000000000000000048e-04
9.199999999999999289e+00 9.416299999999999670e+00 1.210173000000000059e+02 1.800000000000000000e+02 1.182938999999999936e+02 1.000000000000000000e+00 1.000000000000000000e+00 2.259999999999999856e-02 2.500000000000000000e-01 1.000000000000000048e-04
9.250000000000000000e+00 9.413100000000000023e+00 1.210623999999999967e+02 1.800000000000000000e+02 1.183392000000000053e+02 1.000000000000000000e+00 1.000000000000000000e+00 2.270000000000000143e-02 2.500000000000000000e-01 1.000000000000000048e-04
9.300000000000000711e+00 9.409900000000000375e+00 1.211076000000000050e+02 1.800000000000000000e+02 1.183843999999999994e+02 1.000000000000000000e+00 1.000000000000000000e+00 2.280000000000000082e-02 2.500000000000000000e-01 1.000000000000000048e-04
9.349999999999999645e+00 9.406599999999999184e+00 1.211526999999999958e+02 1.800000000000000000e+02 1.184298000000000002e+02 1.000000000000000000e+00 1.000000000000000000e+00 2.299999999999999961e-02 2.500000000000000000e-01 1.000000000000000048e-04
9.400000000000000355e+00 9.403399999999999537e+00 1.211979999999999933e+02 1.800000000000000000e+02 1.184750999999999976e+02 1.000000000000000000e+00 1.000000000000000000e+00 2.309999999999999901e-02 2.500000000000000000e-01 1.000000000000000048e-04
9.449999999999999289e+00 9.400199999999999889e+00 1.212432000000000016e+02 1.800000000000000000e+02 1.185204999999999984e+02 1.000000000000000000e+00 1.000000000000000000e+00 2.319999999999999840e-02 2.500000000000000000e-01 1.000000000000000048e-04
9.500000000000000000e+00 9.397000000000000242e+00 1.212886000000000024e+02 1.800000000000000000e+02 1.185660000000000025e+02 1.000000000000000000e+00 1.000000000000000000e+00 2.340000000000000066e-02 2.500000000000000000e-01 1.000000000000000048e-04
9.550000000000000711e+00 9.393800000000000594e+00 1.213338999999999999e+02 1.800000000000000000e+02 1.186114000000000033e+02 1.000000000000000000e+00 1.000000000000000000e+00 2.350000000000000006e-02 2.500000000000000000e-01 1.000000000000000048e-04
9.599999999999999645e+00 9.390499999999999403e+00 1.213793000000000006e+02 1.800000000000000000e+02 1.186568999999999932e+02 1.000000000000000000e+00 1.000000000000000000e+00 2.369999999999999885e-02 2.500000000000000000e-01 1.000000000000000048e-04
9.650000000000000355e+00 9.387299999999999756e+00 1.214247000000000014e+02 1.800000000000000000e+02 1.187025000000000006e+02 1.000000000000000000e+00 1.000000000000000000e+00 2.380000000000000171e-02 2.500000000000000000e-01 1.000000000000000048e-04
9.699999999999999289e+00 9.384100000000000108e+00 1.214702000000000055e+02 1.800000000000000000e+02 1.187480999999999938e+02 1.000000000000000000e+00 1.000000000000000000e+00 2.390000000000000110e-02 2.500000000000000000e-01 1.000000000000000048e-04
9.750000000000000000e+00 9.380900000000000460e+00 1.215156999999999954e+02 1.800000000000000000e+02 1.187937000000000012e+02 1.000000000000000000e+00 1.000000000000000000e+00 2.409999999999999989e-02 2.500000000000000000e-01 1.000000000000000048e-04
9.800000000000000711e+00 9.377599999999999270e+00 1.215611999999999995e+02 1.800000000000000000e+02 1.188393999999999977e+02 1.000000000000000000e+00 1.000000000000000000e+00 2.419999999999999929e-02 2.500000000000000000e-01 1.000000000000000048e-04
9.849999999999999645e+00 9.374399999999999622e+00 1.216068000000000069e+02 1.800000000000000000e+02 1.188850999999999942e+02 1.000000000000000000e+00 1.000000000000000000e+00 2.429999999999999868e-02 2.500000000000000000e-01 1.000000000000000048e-04
9.900000000000000355e+00 9.371199999999999974e+00 1.216524000000000001e+02 1.800000000000000000e+02 1.189308999999999941e+02 1.000000000000000000e+00 1.000000000000000000e+00 2.450000000000000094e-02 2.500000000000000000e-01 1.000000000000000048e-04
9.949999999999999289e+00 9.368000000000000327e+00 1.216980999999999966e+02 1.800000000000000000e+02 1.189766999999999939e+02 1.000000000000000000e+00 1.000000000000000000e+00 2.460000000000000034e-02 2.500000000000000000e-01 1.000000000000000048e-04
1.000000000000000000e+01 9.364699999999999136e+00 1.217437999999999931e+02 1.800000000000000000e+02 1.190224999999999937e+02 1.000000000000000000e+00 1.000000000000000000e+00 2.469999999999999973e-02 2.500000000000000000e-01 1.000000000000000048e-04
1.005000000000000071e+01 9.361499999999999488e+00 1.217895000000000039e+02 1.800000000000000000e+02 1.190683999999999969e+02 1.000000000000000000e+00 1.000000000000000000e+00 2.489999999999999852e-02 2.500000000000000000e-01 1.000000000000000048e-04
1.009999999999999964e+01 9.358299999999999841e+00 1.218353000000000037e+02 1.800000000000000000e+02 1.191143000000000001e+02 1.000000000000000000e+00 1.000000000000000000e+00 2.500000000000000139e-02 2.500000000000000000e-01 1.000000000000000048e-04
1.015000000000000036e+01 9.355000000000000426e+00 1.218811000000000035e+02 1.800000000000000000e+02 1.191602000000000032e+02 1.000000000000000000e+00 1.000000000000000000e+00 2.510000000000000078e-02 2.500000000000000000e-01 1.000000000000000048e-04
1.019999999999999929e+01 9.351800000000000779e+00 1.219270000000000067e+02 1.800000000000000000e+02 1.192061999999999955e+02 1.000000000000000000e+00 1.000000000000000000e+00 2.529999999999999957e-02 2.500000000000000000e-01 1.000000000000000048e-04
1.025000000000000000e+01 9.348599999999999355e+00 1.219728999999999957e+02 1.800000000000000000e+02 1.192522000000000020e+02 1.000000000000000000e+00 1.000000000000000000e+00 2.539999999999999897e-02 2.500000000000000000e-01 1.000000000000000048e-04
1.030000000000000071e+01 9.345399999999999707e+00 1.220189000000000021e+02 1.800000000000000000e+02 1.192982999999999976e+02 1.000000000000000000e+00 1.000000000000000000e+00 2.560000000000000123e-02 2.500000000000000000e-01 1.000000000000000048e-04
1.034999999999999964e+01 9.342100000000000293e+00 1.220648000000000053e+02 1.800000000000000000e+02 1.193443999999999932e+02 1.000000000000000000e+00 1.000000000000000000e+00 2.570000000000000062e-02 2.500000000000000000e-01 1.000000000000000048e-04
1.040000000000000036e+01 9.338900000000000645e+00 1.221109000000000009e+02 1.800000000000000000e+02 1.193906000000000063e+02 1.000000000000000000e+00 1.000000000000000000e+00 2.580000000000000002e-02 2.500000000000000000e-01 1.000000000000000048e-04
1.044999999999999929e+01 9.335699999999999221e+00 1.221568999999999932e+02 1.800000000000000000e+02 1.194368000000000052e+02 1.000000000000000000e+00 1.000000000000000000e+00 2.599999999999999881e-02 2.500000000000000000e-01 1.000000000000000048e-04
1.050000000000000000e+01 9.332399999999999807e+00 1.222030000000000030e+02 1.800000000000000000e+02 1.194830000000000041e+02 1.000000000000000000e+00 1.000000000000000000e+00 2.610000000000000167e-02 2.500000000000000000e-01 1.000000000000000048e-04
1.055000000000000071e+01 9.329200000000000159e+00 1.222492000000000019e+02 1.800000000000000000e+02 1.195293000000000063e+02 1.000000000000000000e+00 1.000000000000000000e+00 2.620000000000000107e-02 2.500000000000000000e-01 1.000000000000000048e-04
1.059999999999999964e+01 9.326000000000000512e+00 1.222954000000000008e+02 1.800000000000000000e+02 1.195755999999999943e+02 1.000000000000000000e+00 1.000000000000000000e+00 2.639999999999999986e-02 2.500000000000000000e-01 1.000000000000000048e-04
1.065000000000000036e+01 9.322699999999999321e+00 1.223415999999999997e+02 1.800000000000000000e+02 1.196218999999999966e+02 1.000000000000000000e+00 1.000000000000000000e+00 2.649999999999999925e-02 2.500000000000000000e-01 1.000000000000000048e-04
1.069999999999999929e+01 9.319499999999999673e+00 1.223877999999999986e+02 1.800000000000000000e+02 1.196683000000000021e+02 1.000000000000000000e+00 1.000000000000000000e+00 2.659999999999999865e-02 2.500000000000000000e-01 1.000000000000000048e-04
1.075000000000000000e+01 9.316300000000000026e+00 1.224342000000000041e+02 1.800000000000000000e+02 1.197147999999999968e+02 1.000000000000000000e+00 1.000000000000000000e+00 2.680000000000000090e-02 2.500000000000000000e-01 1.000000000000000048e-04
1.080000000000000071e+01 9.313000000000000611e+00 1.224805000000000064e+02 1.800000000000000000e+02 1.197612000000000023e+02 1.000000000000000000e+00 1.000000000000000000e+00 2.690000000000000030e-02 2.500000000000000000e-01 1.000000000000000048e-04
1.084999999999999964e+01 9.309799999999999187e+00 1.225268999999999977e+02 1.800000000000000000e+02 1.198078000000000003e+02 1.000000000000000000e+00 1.000000000000000000e+00 2.709999999999999909e-02 2.500000000000000000e-01 1.000000000000000048e-04
1.090000000000000036e+01 9.306599999999999540e+00 1.225733000000000033e+02 1.800000000000000000e+02 1.198542999999999950e+02 1.000000000000000000e+00 1.000000000000000000e+00 2.719999999999999848e-02 2.500000000000000000e-01 1.000000000000000048e-04
1.094999999999999929e+01 9.303300000000000125e+00 1.226197999999999979e+02 1.800000000000000000e+02 1.199008999999999929e+02 1.000000000000000000e+00 1.000000000000000000e+00 2.730000000000000135e-02 2.500000000000000000e-01 1.000000000000000048e-04
1.100000000000000000e+01 9.300100000000000477e+00 1.226663000000000068e+02 1.800000000000000000e+02 1.199475000000000051e+02 1.000000000000000000e+00 1.000000000000000000e+00 2.750000000000000014e-02 2.500000000000000000e-01 1.000000000000000048e-04
1.105000000000000071e+01 9.296799999999999287e+00 1.227129000000000048e+02 1.800000000000000000e+02 1.199942000000000064e+02 1.000000000000000000e+00 1.000000000000000000e+00 2.759999999999999953e-02 2.500000000000000000e-01 1.000000000000000048e-04
1.109999999999999964e+01 9.293599999999999639e+00 1.227593999999999994e+02 1.800000000000000000e+02 1.200408999999999935e+02 1.000000000000000000e+00 1.000000000000000000e+00 2.779999999999999832e-02 2.500000000000000000e-01 1.000000000000000048e-04
1.115000000000000036e+01 9.290399999999999991e+00 1.228061000000000007e+02 1.800000000000000000e+02 1.200876999999999981e+02 1.000000000000000000e+00 1.000000000000000000e+00 2.790000000000000119e-02 2.500000000000000000e-01 1.000000000000000048e-04
1.119999999999999929e+01 9.287100000000000577e+00 1.228528000000000020e+02 1.800000000000000000e+02 1.201345000000000027e+02 1.000000000000000000e+00 1.000000000000000000e+00 2.800000000000000058e-02 2.500000000000000000e-01 1.000000000000000048e-04
1.125000000000000000e+01 9.283899999999999153e+00 1.228995000000000033e+02 1.800000000000000000e+02 1.201813999999999965e+02 1.000000000000000000e+00 1.000000000000000000e+00 2.819999999999999937e-02 2.500000000000000000e-01 1.000000000000000048e-04
1.130000000000000071e+01 9.280599999999999739e+00 1.229462000000000046e+02 1.800000000000000000e+02 1.202282000000000011e+02 1.000000000000000000e+00 1.000000000000000000e+00 2.829999999999999877e-02 2.500000000000000000e-01 1.000000000000000048e-04
1.134999999999999964e+01 9.277400000000000091e+00 1.229929999999999950e+02 1.800000000000000000e+02 1.202751999999999981e+02 1.000000000000000000e+00 1.000000000000000000e+00 2.840000000000000163e-02 2.500000000000000000e-01 1.000000000000000048e-04
1.140000000000000036e+01 9.274100000000000676e+00 1.230399000000000029e+02 1.800000000000000000e+02 1.203221000000000060e+02 1.000000000000000000e+00 1.000000000000000000e+00 2.860000000000000042e-02 2.500000000000000000e-01 1.000000000000000048e-04
1.144999999999999929e+01 9.270899999999999253e+00 1.230867999999999967e+02 1.800000000000000000e+02 1.203691000000000031e+02 1.000000000000000000e+00 1.000000000000000000e+00 2.869999999999999982e-02 2.500000000000000000e-01 1.000000000000000048e-04
1.150000000000000000e+01 9.267699999999999605e+00 1.231337000000000046e+02 1.800000000000000000e+02 1.204162000000000035e+02 1.000000000000000000e+00 1.000000000000000000e+00 2.889999999999999861e-02 2.500000000000000000e-01 1.000000000000000048e-04
1.155000000000000071e+01 9.264400000000000190e+00 1.231807000000000016e+02 1.800000000000000000e+02 1.204633000000000038e+02 1.000000000000000000e+00 1.000000000000000000e+00 2.900000000000000147e-02 2.500000000000000000e-01 1.000000000000000048e-04
1.159999999999999964e+01 9.261200000000000543e+00 1.232276999999999987e+02 1.800000000000000000e+02 1.205104000000000042e+02 1.000000000000000000e+00 1.000000000000000000e+00 2.910000000000000087e-02 2.500000000000000000e-01 1.000000000000000048e-04
1.165000000000000036e+01 9.257899999999999352e+00 1.232746999999999957e+02 1.800000000000000000e+02 1.205575999999999937e+02 1.000000000000000000e+00 1.000000000000000000e+00 2.929999999999999966e-02 2.500000000000000000e-01 1.000000000000000048e-04
1.169999999999999929e+01 9.254699999999999704e+00 1.233217999999999961e+02 1.800000000000000000e+02 1.206047999999999973e+02 1.000000000000000000e+00 1.000000000000000000e+00 2.939999999999999905e-02 2.500000000000000000e-01 1.000000000000000048e-04
1.175000000000000000e+01 9.251400000000000290e+00 1.233688999999999965e+02 1.800000000000000000e+02 1.206521000000000043e+02 1.000000000000000000e+00 1.000000000000000000e+00 2.960000000000000131e-02 2.500000000000000000e-01 1.000000000000000048e-04
1.180000000000000071e+01 9.248200000000000642e+00 1.234161000000000001e+02 1.800000000000000000e+02 1.206993999999999971e+02 1.000000000000000000e+00 1.000000000000000000e+00 2.970000000000000070e-02 2.500000000000000000e-01 1.000000000000000048e-04
1.184999999999999964e+01 9.244899999999999451e+00 1.234633000000000038e+02 1.800000000000000000e+02 1.207467000000000041e+02 1.000000000000000000e+00 1.000000000000000000e+00 2.980000000000000010e-02 2.500000000000000000e-01 1.000000000000000048e-04
1.190000000000000036e+01 9.241699999999999804e+00 1.235105999999999966e+02 1.800000000000000000e+02 1.207941000000000003e+02 1.000000000000000000e+00 1.000000000000000000e+00 2.999999999999999889e-02 2.500000000000000000e-01 1.000000000000000048e-04
1.194999999999999929e+01 9.238400000000000389e+00 1.235579000000000036e+02 1.800000000000000000e+02 1.208414999999999964e+02 1.000000000000000000e+00 1.000000000000000000e+00 3.009999999999999828e-02 2.500000000000000000e-01 1.000000000000000048e-04
1.200000000000000000e+01 9.235200000000000742e+00 1.236051999999999964e+02 1.800000000000000000e+02 1.208889999999999958e+02 1.000000000000000000e+00 1.000000000000000000e+00 3.030000000000000054e-02 2.500000000000000000e-01 1.000000000000000048e-04
1.205000000000000071e+01 9.231899999999999551e+00 1.236526000000000067e+02 1.800000000000000000e+02 1.209364999999999952e+02 1.000000000000000000e+00 1.000000000000000000e+00 3.039999999999999994e-02 2.500000000000000000e-01 1.000000000000000048e-04
1.209999999999999964e+01 9.228699999999999903e+00 1.237001000000000062e+02 1.800000000000000000e+02 1.209840999999999980e+02 1.000000000000000000e+00 1.000000000000000000e+00 3.049999999999999933e-02 2.500000000000000000e-01 1.000000000000000048e-04
1.215000000000000036e+01 9.225400000000000489e+00 1.237475000000000023e+02 1.800000000000000000e+02 1.210317000000000007e+02 1.000000000000000000e+00 1.000000000000000000e+00 3.070000000000000159e-02 2.500000000000000000e-01 1.000000000000000048e-04
1.219999999999999929e+01 9.222200000000000841e+00 1.237950000000000017e+02 1.800000000000000000e+02 1.210793000000000035e+02 1.000000000000000000e+00 1.000000000000000000e+00 3.080000000000000099e-02 2.500000000000000000e-01 1.000000000000000048e-04
1.225000000000000000e+01 9.218899999999999650e+00 1.238426000000000045e+02 1.800000000000000000e+02 1.211269999999999953e+02 1.000000000000000000e+00 1.000000000000000000e+00 3.099999999999999978e-02 2.500000000000000000e-01 1.000000000000000048e-04
1.230000000000000071e+01 9.215700000000000003e+00 1.238901999999999930e+02 1.800000000000000000e+02 1.211747000000000014e+02 1.000000000000000000e+00 1.000000000000000000e+00 3.109999999999999917e-02 2.500000000000000000e-01 1.000000000000000048e-04
1.234999999999999964e+01 9.212400000000000588e+00 1.239377999999999957e+02 1.800000000000000000e+02 1.212224999999999966e+02 1.000000000000000000e+00 1.000000000000000000e+00 3.130000000000000143e-02 2.500000000000000000e-01 1.000000000000000048e-04
1.240000000000000036e+01 9.209199999999999164e+00 1.239855000000000018e+02 1.800000000000000000e+02 1.212703000000000060e+02 1.000000000000000000e+00 1.000000000000000000e+00 3.139999999999999736e-02 2.500000000000000000e-01 1.000000000000000048e-04
1.244999999999999929e+01 9.205899999999999750e+00 1.240332999999999970e+02 1.800000000000000000e+02 1.213182000000000045e+02 1.000000000000000000e+00 1.000000000000000000e+00 3.150000000000000022e-02 2.500000000000000000e-01 1.000000000000000048e-04
1.250000000000000000e+01 9.202700000000000102e+00 1.240810000000000031e+02 1.800000000000000000e+02 1.213661000000000030e+02 1.000000000000000000e+00 1.000000000000000000e+00 3.169999999999999901e-02 2.500000000000000000e-01 1.000000000000000048e-04
1.255000000000000071e+01 9.199400000000000688e+00 1.241287999999999982e+02 1.800000000000000000e+02 1.214140000000000015e+02 1.000000000000000000e+00 1.000000000000000000e+00 3.180000000000000188e-02 2.500000000000000000e-01 1.000000000000000048e-04
1.259999999999999964e+01 9.196199999999999264e+00 1.241766999999999967e+02 1.800000000000000000e+02 1.214620000000000033e+02 1.000000000000000000e+00 1.000000000000000000e+00 3.200000000000000067e-02 2.500000000000000000e-01 1.000000000000000048e-04
1.265000000000000036e+01 9.192899999999999849e+00 1.242245999999999952e+02 1.800000000000000000e+02 1.215100000000000051e+02 1.000000000000000000e+00 1.000000000000000000e+00 3.209999999999999659e-02 2.500000000000000000e-01 1.000000000000000048e-04
1.269999999999999929e+01 9.189600000000000435e+00 1.242724999999999937e+02 1.800000000000000000e+02 1.215580999999999960e+02 1.000000000000000000e+00 1.000000000000000000e+00 3.219999999999999946e-02 2.500000000000000000e-01 1.000000000000000048e-04
1.275000000000000000e+01 9.186400000000000787e+00 1.243204999999999956e+02 1.800000000000000000e+02 1.216062000000000012e+02 1.000000000000000000e+00 1.000000000000000000e+00 3.239999999999999825e-02 2.500000000000000000e-01 1.000000000000000048e-04
1.280000000000000071e+01 9.183099999999999596e+00 1.243686000000000007e+02 1.800000000000000000e+02 1.216543999999999954e+02 1.000000000000000000e+00 1.000000000000000000e+00 3.250000000000000111e-02 2.500000000000000000e-01 1.000000000000000048e-04
1.284999999999999964e+01 9.179899999999999949e+00 1.244166000000000025e+02 1.800000000000000000e+02 1.217026000000000039e+02 1.000000000000000000e+00 1.000000000000000000e+00 3.269999999999999990e-02 2.500000000000000000e-01 1.000000000000000048e-04
1.290000000000000036e+01 9.176600000000000534e+00 1.244647999999999968e+02 1.800000000000000000e+02 1.217507999999999981e+02 1.000000000000000000e+00 1.000000000000000000e+00 3.280000000000000276e-02 2.500000000000000000e-01 1.000000000000000048e-04
1.294999999999999929e+01 9.173299999999999343e+00 1.245129000000000019e+02 1.800000000000000000e+02 1.217990999999999957e+02 1.000000000000000000e+00 1.000000000000000000e+00 3.300000000000000155e-02 2.500000000000000000e-01 1.000000000000000048e-04
1.300000000000000000e+01 9.170099999999999696e+00 1.245610999999999962e+02 1.800000000000000000e+02 1.218473999999999933e+02 1.000000000000000000e+00 1.000000000000000000e+00 3.309999999999999748e-02 2.500000000000000000e-01 1.000000000000000048e-04
1.305000000000000071e+01 9.166800000000000281e+00 1.246093999999999937e+02 1.800000000000000000e+02 1.218957999999999942e+02 1.000000000000000000e+00 1.000000000000000000e+00 3.320000000000000034e-02 2.500000000000000000e-01 1.000000000000000048e-04
1.309999999999999964e+01 9.163600000000000634e+00 1.246577000000000055e+02 1.800000000000000000e+02 1.219441999999999950e+02 1.000000000000000000e+00 1.000000000000000000e+00 3.339999999999999913e-02 2.500000000000000000e-01 1.000000000000000048e-04
1.315000000000000036e+01 9.160299999999999443e+00 1.247060000000000031e+02 1.800000000000000000e+02 1.219926999999999992e+02 1.000000000000000000e+00 1.000000000000000000e+00 3.350000000000000200e-02 2.500000000000000000e-01 1.000000000000000048e-04
1.319999999999999929e+01 9.157000000000000028e+00 1.247544000000000040e+02 1.800000000000000000e+02 1.220412000000000035e+02 1.000000000000000000e+00 1.000000000000000000e+00 3.370000000000000079e-02 2.500000000000000000e-01 1.000000000000000048e-04
1.325000000000000000e+01 9.153800000000000381e+00 1.248028000000000048e+02 1.800000000000000000e+02 1.220896999999999935e+02 1.000000000000000000e+00 1.000000000000000000e+00 3.379999999999999671e-02 2.500000000000000000e-01 1.000000000000000048e-04
1.330000000000000071e+01 9.150499999999999190e+00 1.248512999999999948e+02 1.800000000000000000e+02 1.221383000000000010e+02 1.000000000000000000e+00 1.000000000000000000e+00 3.400000000000000244e-02 2.500000000000000000e-01 1.000000000000000048e-04
1.334999999999999964e+01 9.147199999999999775e+00 1.248997999999999990e+02 1.800000000000000000e+02 1.221868999999999943e+02 1.000000000000000000e+00 1.000000000000000000e+00 3.409999999999999837e-02 2.500000000000000000e-01 1.000000000000000048e-04
1.340000000000000036e+01 9.144000000000000128e+00 1.249483000000000033e+02 1.800000000000000000e+02 1.222356000000000051e+02 1.000000000000000000e+00 1.000000000000000000e+00 3.429999999999999716e-02 2.500000000000000000e-01 1.000000000000000048e-04
1.344999999999999929e+01 9.140700000000000713e+00 1.249968999999999966e+02 1.800000000000000000e+02 1.222844000000000051e+02 1.000000000000000000e+00 1.000000000000000000e+00 3.440000000000000002e-02 2.500000000000000000e-01 1.000000000000000048e-04
1.350000000000000000e+01 9.137399999999999523e+00 1.250455999999999932e+02 1.800000000000000000e+02 1.223331000000000017e+02 1.000000000000000000e+00 1.000000000000000000e+00 3.450000000000000289e-02 2.500000000000000000e-01 1.000000000000000048e-04
1.355000000000000071e+01 9.134199999999999875e+00 1.250943000000000040e+02 1.800000000000000000e+02 1.223819000000000017e+02 1.000000000000000000e+00 1.000000000000000000e+00 3.470000000000000168e-02 2.500000000000000000e-01 1.000000000000000048e-04
1.359999999999999964e+01 9.130900000000000460e+00 1.251430000000000007e+02 1.800000000000000000e+02 1.224308000000000050e+02 1.000000000000000000e+00 1.000000000000000000e+00 3.479999999999999760e-02 2.500000000000000000e-01 1.000000000000000048e-04
1.365000000000000036e+01 9.127599999999999270e+00 1.251918000000000006e+02 1.800000000000000000e+02 1.224796999999999940e+02 1.000000000000000000e+00 1.000000000000000000e+00 3.500000000000000333e-02 2.500000000000000000e-01 1.000000000000000048e-04
1.369999999999999929e+01 9.124399999999999622e+00 1.252406000000000006e+02 1.800000000000000000e+02 1.225285999999999973e+02 1.000000000000000000e+00 1.000000000000000000e+00 3.509999999999999926e-02 2.500000000000000000e-01 1.000000000000000048e-04
1.375000000000000000e+01 9.121100000000000207e+00 1.252895000000000039e+02 1.800000000000000000e+02 1.225776000000000039e+02 1.000000000000000000e+00 1.000000000000000000e+00 3.529999999999999805e-02 2.500000000000000000e-01 1.000000000000000048e-04
1.380000000000000071e+01 9.117800000000000793e+00 1.253383999999999929e+02 1.800000000000000000e+02 1.226266999999999996e+02 1.000000000000000000e+00 1.000000000000000000e+00 3.540000000000000091e-02 2.500000000000000000e-01 1.000000000000000048e-04
1.384999999999999964e+01 9.114499999999999602e+00 1.253872999999999962e+02 1.800000000000000000e+02 1.226757999999999953e+02 1.000000000000000000e+00 1.000000000000000000e+00 3.559999999999999970e-02 2.500000000000000000e-01 1.000000000000000048e-04
1.390000000000000036e+01 9.111299999999999955e+00 1.254364000000000061e+02 1.800000000000000000e+02 1.227249000000000052e+02 1.000000000000000000e+00 1.000000000000000000e+00 3.570000000000000256e-02 2.500000000000000000e-01 1.000000000000000048e-04
1.394999999999999929e+01 9.108000000000000540e+00 1.254853999999999985e+02 1.800000000000000000e+02 1.227741000000000042e+02 1.000000000000000000e+00 1.000000000000000000e+00 3.590000000000000135e-02 2.500000000000000000e-01 1.000000000000000048e-04
1.400000000000000000e+01 9.104699999999999349e+00 1.255344999999999942e+02 1.800000000000000000e+02 1.228233000000000033e+02 1.000000000000000000e+00 1.000000000000000000e+00 3.599999999999999728e-02 2.500000000000000000e-01 1.000000000000000048e-04
1.405000000000000071e+01 9.101499999999999702e+00 1.255836000000000041e+02 1.800000000000000000e+02 1.228725000000000023e+02 1.000000000000000000e+00 1.000000000000000000e+00 3.610000000000000014e-02 2.500000000000000000e-01 1.000000000000000048e-04
1.409999999999999964e+01 9.098200000000000287e+00 1.256328000000000031e+02 1.800000000000000000e+02 1.229218000000000046e+02 1.000000000000000000e+00 1.000000000000000000e+00 3.629999999999999893e-02 2.500000000000000000e-01 1.000000000000000048e-04
1.415000000000000036e+01 9.094900000000000873e+00 1.256820000000000022e+02 1.800000000000000000e+02 1.229711999999999961e+02 1.000000000000000000e+00 1.000000000000000000e+00 3.640000000000000180e-02 2.500000000000000000e-01 1.000000000000000048e-04
1.419999999999999929e+01 9.091599999999999682e+00 1.257313000000000045e+02 1.800000000000000000e+02 1.230206000000000017e+02 1.000000000000000000e+00 1.000000000000000000e+00 3.660000000000000059e-02 2.500000000000000000e-01 1.000000000000000048e-04
1.425000000000000000e+01 9.088300000000000267e+00 1.257806000000000068e+02 1.800000000000000000e+02 1.230699999999999932e+02 1.000000000000000000e+00 1.000000000000000000e+00 3.670000000000000345e-02 2.500000000000000000e-01 1.000000000000000048e-04
1.430000000000000071e+01 9.085100000000000620e+00 1.258299999999999983e+02 1.800000000000000000e+02 1.231195000000000022e+02 1.000000000000000000e+00 1.000000000000000000e+00 3.690000000000000224e-02 2.500000000000000000e-01 1.000000000000000048e-04
1.434999999999999964e+01 9.081799999999999429e+00 1.258794000000000040e+02 1.800000000000000000e+02 1.231689999999999969e+02 1.000000000000000000e+00 1.000000000000000000e+00 3.699999999999999817e-02 2.500000000000000000e-01 1.000000000000000048e-04
1.440000000000000036e+01 9.078500000000000014e+00 1.259288999999999987e+02 1.800000000000000000e+02 1.232185999999999950e+02 1.000000000000000000e+00 1.000000000000000000e+00 3.719999999999999696e-02 2.500000000000000000e-01 1.000000000000000048e-04
1.444999999999999929e+01 9.075200000000000600e+00 1.259783999999999935e+02 1.800000000000000000e+02 1.232681999999999931e+02 1.000000000000000000e+00 1.000000000000000000e+00 3.729999999999999982e-02 2.500000000000000000e-01 1.000000000000000048e-04
1.450000000000000000e+01 9.071999999999999176e+00 1.260279000000000025e+02 1.800000000000000000e+02 1.233178999999999945e+02 1.000000000000000000e+00 1.000000000000000000e+00 3.749999999999999861e-02 2.500000000000000000e-01 1.000000000000000048e-04
1.455000000000000071e+01 9.068699999999999761e+00 1.260775000000000006e+02 1.800000000000000000e+02 1.233675999999999959e+02 1.000000000000000000e+00 1.000000000000000000e+00 3.760000000000000148e-02 2.500000000000000000e-01 1.000000000000000048e-04
1.459999999999999964e+01 9.065400000000000347e+00 1.261270999999999987e+02 1.800000000000000000e+02 1.234174000000000007e+02 1.000000000000000000e+00 1.000000000000000000e+00 3.780000000000000027e-02 2.500000000000000000e-01 1.000000000000000048e-04
1.465000000000000036e+01 9.062099999999999156e+00 1.261768000000000001e+02 1.800000000000000000e+02 1.234672000000000054e+02 1.000000000000000000e+00 1.000000000000000000e+00 3.790000000000000313e-02 2.500000000000000000e-01 1.000000000000000048e-04
1.469999999999999929e+01 9.058799999999999741e+00 1.262266000000000048e+02 1.800000000000000000e+02 1.235170999999999992e+02 1.000000000000000000e+00 1.000000000000000000e+00 3.810000000000000192e-02 2.500000000000000000e-01 1.000000000000000048e-04
1.475000000000000000e+01 9.055500000000000327e+00 1.262763000000000062e+02 1.800000000000000000e+02 1.235669999999999931e+02 1.000000000000000000e+00 1.000000000000000000e+00 3.819999999999999785e-02 2.500000000000000000e-01 1.000000000000000048e-04
1.480000000000000071e+01 9.052300000000000679e+00 1.263262000000000000e+02 1.800000000000000000e+02 1.236169000000000011e+02 1.000000000000000000e+00 1.000000000000000000e+00 3.830000000000000071e-02 2.500000000000000000e-01 1.000000000000000048e-04
1.484999999999999964e+01 9.048999999999999488e+00 1.263760000000000048e+02 1.800000000000000000e+02 1.236668999999999983e+02 1.000000000000000000e+00 1.000000000000000000e+00 3.849999999999999950e-02 2.500000000000000000e-01 1.000000000000000048e-04
1.490000000000000036e+01 9.045700000000000074e+00 1.264258999999999986e+02 1.800000000000000000e+02 1.237168999999999954e+02 1.000000000000000000e+00 1.000000000000000000e+00 3.860000000000000236e-02 2.500000000000000000e-01 1.000000000000000048e-04
1.494999999999999929e+01 9.042400000000000659e+00 1.264758999999999958e+02 1.800000000000000000e+02 1.237669999999999959e+02 1.000000000000000000e+00 1.000000000000000000e+00 3.880000000000000115e-02 2.500000000000000000e-01 1.000000000000000048e-04
1.500000000000000000e+01 9.039099999999999469e+00 1.265258999999999929e+02 1.800000000000000000e+02 1.238171999999999997e+02 1.000000000000000000e+00 1.000000000000000000e+00 3.889999999999999708e-02 2.500000000000000000e-01 1.000000000000000048e-04
1.505000000000000071e+01 9.035800000000000054e+00 1.265759999999999934e+02 1.800000000000000000e+02 1.238673000000000002e+02 1.000000000000000000e+00 1.000000000000000000e+00 3.910000000000000281e-02 2.500000000000000000e-01 1.000000000000000048e-04
1.509999999999999964e+01 9.032500000000000639e+00 1.266260999999999939e+02 1.800000000000000000e+02 1.239175999999999931e+02 1.000000000000000000e+00 1.000000000000000000e+00 3.919999999999999873e-02 2.500000000000000000e-01 1.000000000000000048e-04
1.515000000000000036e+01 9.029299999999999216e+00 1.266761999999999944e+02 1.800000000000000000e+02 1.239677999999999969e+02 1.000000000000000000e+00 1.000000000000000000e+00 3.939999999999999752e-02 2.500000000000000000e-01 1.000000000000000048e-04
1.519999999999999929e+01 9.025999999999999801e+00 1.267263999999999982e+02 1.800000000000000000e+02 1.240181000000000040e+02 1.000000000000000000e+00 1.000000000000000000e+00 3.950000000000000039e-02 2.500000000000000000e-01 1.000000000000000048e-04
1.525000000000000000e+01 9.022700000000000387e+00 1.267767000000000053e+02 1.800000000000000000e+02 1.240685000000000002e+02 1.000000000000000000e+00 1.000000000000000000e+00 3.969999999999999918e-02 2.500000000000000000e-01 1.000000000000000048e-04
1.530000000000000071e+01 9.019399999999999196e+00 1.268269999999999982e+02 1.800000000000000000e+02 1.241188999999999965e+02 1.000000000000000000e+00 1.000000000000000000e+00 3.980000000000000204e-02 2.500000000000000000e-01 1.000000000000000048e-04
1.534999999999999964e+01 9.016099999999999781e+00 1.268773000000000053e+02 1.800000000000000000e+02 1.241693999999999960e+02 1.000000000000000000e+00 1.000000000000000000e+00 4.000000000000000083e-02 2.500000000000000000e-01 1.000000000000000048e-04
1.540000000000000036e+01 9.012800000000000367e+00 1.269277000000000015e+02 1.800000000000000000e+02 1.242198999999999955e+02 1.000000000000000000e+00 1.000000000000000000e+00 4.009999999999999676e-02 2.500000000000000000e-01 1.000000000000000048e-04
1.544999999999999929e+01 9.009499999999999176e+00 1.269780999999999977e+02 1.800000000000000000e+02 1.242703999999999951e+02 1.000000000000000000e+00 1.000000000000000000e+00 4.030000000000000249e-02 2.500000000000000000e-01 1.000000000000000048e-04
1.550000000000000000e+01 9.006199999999999761e+00 1.270285999999999973e+02 1.800000000000000000e+02 1.243209999999999980e+02 1.000000000000000000e+00 1.000000000000000000e+00 4.039999999999999841e-02 2.500000000000000000e-01 1.000000000000000048e-04
1.555000000000000071e+01 9.002900000000000347e+00 1.270790999999999968e+02 1.800000000000000000e+02 1.243717000000000041e+02 1.000000000000000000e+00 1.000000000000000000e+00 4.059999999999999720e-02 2.500000000000000000e-01 1.000000000000000048e-04
1.559999999999999964e+01 8.999599999999999156e+00 1.271296999999999997e+02 1.800000000000000000e+02 1.244223999999999961e+02 1.000000000000000000e+00 1.000000000000000000e+00 4.070000000000000007e-02 2.500000000000000000e-01 1.000000000000000048e-04
1.565000000000000036e+01 8.996299999999999741e+00 1.271803000000000026e+02 1.800000000000000000e+02 1.244731000000000023e+02 1.000000000000000000e+00 1.000000000000000000e+00 4.089999999999999886e-02 2.500000000000000000e-01 1.000000000000000048e-04
1.569999999999999929e+01 8.993100000000000094e+00 1.272309999999999945e+02 1.800000000000000000e+02 1.245238999999999976e+02 1.000000000000000000e+00 1.000000000000000000e+00 4.100000000000000172e-02 2.500000000000000000e-01 1.000000000000000048e-04
1.575000000000000000e+01 8.989800000000000679e+00 1.272817000000000007e+02 1.800000000000000000e+02 1.245747999999999962e+02 1.000000000000000000e+00 1.000000000000000000e+00 4.120000000000000051e-02 2.500000000000000000e-01 1.000000000000000048e-04
1.580000000000000071e+01 8.986499999999999488e+00 1.273324999999999960e+02 1.800000000000000000e+02 1.246256000000000057e+02 1.000000000000000000e+00 1.000000000000000000e+00 4.130000000000000338e-02 2.500000000000000000e-01 1.000000000000000048e-04
1.584999999999999964e+01 8.983200000000000074e+00 1.273833000000000055e+02 1.800000000000000000e+02 1.246765999999999934e+02 1.000000000000000000e+00 1.000000000000000000e+00 4.150000000000000216e-02 2.500000000000000000e-01 1.000000000000000048e-04
1.590000000000000036e+01 8.979900000000000659e+00 1.274341000000000008e+02 1.800000000000000000e+02 1.247275999999999954e+02 1.000000000000000000e+00 1.000000000000000000e+00 4.159999999999999809e-02 2.500000000000000000e-01 1.000000000000000048e-04
1.594999999999999929e+01 8.976599999999999469e+00 1.274849999999999994e+02 1.800000000000000000e+02 1.247785999999999973e+02 1.000000000000000000e+00 1.000000000000000000e+00 4.179999999999999688e-02 2.500000000000000000e-01 1.000000000000000048e-04
1.600000000000000000e+01 8.973300000000000054e+00 1.275360000000000014e+02 1.800000000000000000e+02 1.248297000000000025e+02 1.000000000000000000e+00 1.000000000000000000e+00 4.189999999999999974e-02 2.500000000000000000e-01 1.000000000000000048e-04
1.605000000000000071e+01 8.970000000000000639e+00 1.275870000000000033e+02 1.800000000000000000e+02 1.248807999999999936e+02 1.000000000000000000e+00 1.000000000000000000e+00 4.209999999999999853e-02 2.500000000000000000e-01 1.000000000000000048e-04
1.610000000000000142e+01 8.966699999999999449e+00 1.276380000000000052e+02 1.800000000000000000e+02 1.249320000000000022e+02 1.000000000000000000e+00 1.000000000000000000e+00 4.220000000000000140e-02 2.500000000000000000e-01 1.000000000000000048e-04
1.614999999999999858e+01 8.963400000000000034e+00 1.276890999999999963e+02 1.800000000000000000e+02 1.249831999999999965e+02 1.000000000000000000e+00 1.000000000000000000e+00 4.240000000000000019e-02 2.500000000000000000e-01 1.000000000000000048e-04
1.619999999999999929e+01 8.960100000000000620e+00 1.277403000000000048e+02 1.800000000000000000e+02 1.250344999999999942e+02 1.000000000000000000e+00 1.000000000000000000e+00 4.250000000000000305e-02 2.500000000000000000e-01 1.000000000000000048e-04
1.625000000000000000e+01 8.956799999999999429e+00 1.277914999999999992e+02 1.800000000000000000e+02 1.250858000000000061e+02 1.000000000000000000e+00 1.000000000000000000e+00 4.270000000000000184e-02 2.500000000000000000e-01 1.000000000000000048e-04
1.630000000000000071e+01 8.953500000000000014e+00 1.278426999999999936e+02 1.800000000000000000e+02 1.251371000000000038e+02 1.000000000000000000e+00 1.000000000000000000e+00 4.290000000000000063e-02 2.500000000000000000e-01 1.000000000000000048e-04
1.635000000000000142e+01 8.950200000000000600e+00 1.278940000000000055e+02 1.800000000000000000e+02 1.251885999999999939e+02 1.000000000000000000e+00 1.000000000000000000e+00 4.299999999999999656e-02 2.500000000000000000e-01 1.000000000000000048e-04
1.639999999999999858e+01 8.946899999999999409e+00 1.279454000000000065e+02 1.800000000000000000e+02 1.252399999999999949e+02 1.000000000000000000e+00 1.000000000000000000e+00 4.320000000000000229e-02 2.500000000000000000e-01 1.000000000000000048e-04
1.644999999999999929e+01 8.943599999999999994e+00 1.279967999999999932e+02 1.800000000000000000e+02 1.252914999999999992e+02 1.000000000000000000e+00 1.000000000000000000e+00 4.329999999999999821e-02 2.500000000000000000e-01 1.000000000000000048e-04
1.650000000000000000e+01 8.940400000000000347e+00 1.279789999999999992e+02 1.800000000000000000e+02 1.249493999999999971e+02 1.000000000000000000e+00 1.000000000000000000e+00 4.329999999999999821e-02 2.500000000000000000e-01 1.000000000000000048e-04
1.655000000000000071e+01 8.937099999999999156e+00 1.280284000000000049e+02 1.800000000000000000e+02 1.249989999999999952e+02 1.000000000000000000e+00 1.000000000000000000e+00 4.340000000000000108e-02 2.500000000000000000e-01 1.000000000000000048e-04
1.660000000000000142e+01 8.933799999999999741e+00 1.280799000000000092e+02 1.800000000000000000e+02 1.250506000000000029e+02 1.000000000000000000e+00 1.000000000000000000e+00 4.359999999999999987e-02 2.500000000000000000e-01 1.000000000000000048e-04
1.664999999999999858e+01 8.930500000000000327e+00 1.281314999999999884e+02 1.800000000000000000e+02 1.251022999999999996e+02 1.000000000000000000e+00 1.000000000000000000e+00 4.370000000000000273e-02 2.500000000000000000e-01 1.000000000000000048e-04
1.669999999999999929e+01 8.927099999999999369e+00 1.281830999999999960e+02 1.800000000000000000e+02 1.251540999999999997e+02 1.000000000000000000e+00 1.000000000000000000e+00 4.390000000000000152e-02 2.500000000000000000e-01 1.000000000000000048e-04
1.675000000000000000e+01 8.923799999999999955e+00 1.282348000000000070e+02 1.800000000000000000e+02 1.252058999999999997e+02 1.000000000000000000e+00 1.000000000000000000e+00 4.399999999999999745e-02 2.500000000000000000e-01 1.000000000000000048e-04
1.680000000000000071e+01 8.920500000000000540e+00 1.282864999999999895e+02 1.800000000000000000e+02 1.252576999999999998e+02 1.000000000000000000e+00 1.000000000000000000e+00 4.420000000000000318e-02 2.500000000000000000e-01 1.000000000000000048e-04
1.685000000000000142e+01 8.917199999999999349e+00 1.283383000000000038e+02 1.800000000000000000e+02 1.253096000000000032e+02 1.000000000000000000e+00 1.000000000000000000e+00 4.429999999999999910e-02 2.500000000000000000e-01 1.000000000000000048e-04
1.689999999999999858e+01 8.913899999999999935e+00 1.283900999999999897e+02 1.800000000000000000e+02 1.253615999999999957e+02 1.000000000000000000e+00 1.000000000000000000e+00 4.449999999999999789e-02 2.500000000000000000e-01 1.000000000000000048e-04
1.694999999999999929e+01 8.910600000000000520e+00 1.284420000000000073e+02 1.800000000000000000e+02 1.254136000000000024e+02 1.000000000000000000e+00 1.000000000000000000e+00 4.460000000000000075e-02 2.500000000000000000e-01 1.000000000000000048e-04
1.700000000000000000e+01 8.907299999999999329e+00 1.284939999999999998e+02 1.800000000000000000e+02 1.254656999999999982e+02 1.000000000000000000e+00 1.000000000000000000e+00 4.479999999999999954e-02 2.500000000000000000e-01 1.000000000000000048e-04
1.705000000000000071e+01 8.903999999999999915e+00 1.285458999999999889e+02 1.800000000000000000e+02 1.255177999999999940e+02 1.000000000000000000e+00 1.000000000000000000e+00 4.490000000000000241e-02 2.500000000000000000e-01 1.000000000000000048e-04
1.710000000000000142e+01 8.900700000000000500e+00 1.285980000000000132e+02 1.800000000000000000e+02 1.255699000000000041e+02 1.000000000000000000e+00 1.000000000000000000e+00 4.510000000000000120e-02 2.500000000000000000e-01 1.000000000000000048e-04
1.714999999999999858e+01 8.897399999999999309e+00 1.286500000000000057e+02 1.800000000000000000e+02 1.256221000000000032e+02 1.000000000000000000e+00 1.000000000000000000e+00 4.529999999999999999e-02 2.500000000000000000e-01 1.000000000000000048e-04
1.719999999999999929e+01 8.894000000000000128e+00 1.287022000000000048e+02 1.800000000000000000e+02 1.256744000000000057e+02 1.000000000000000000e+00 1.000000000000000000e+00 4.540000000000000285e-02 2.500000000000000000e-01 1.000000000000000048e-04
1.725000000000000000e+01 8.890700000000000713e+00 1.287544000000000040e+02 1.800000000000000000e+02 1.257266999999999939e+02 1.000000000000000000e+00 1.000000000000000000e+00 4.560000000000000164e-02 2.500000000000000000e-01 1.000000000000000048e-04
1.730000000000000071e+01 8.887399999999999523e+00 1.288066000000000031e+02 1.800000000000000000e+02 1.257790999999999997e+02 1.000000000000000000e+00 1.000000000000000000e+00 4.569999999999999757e-02 2.500000000000000000e-01 1.000000000000000048e-04
1.735000000000000142e+01 8.884100000000000108e+00 1.288589000000000055e+02 1.800000000000000000e+02 1.258315000000000055e+02 1.000000000000000000e+00 1.000000000000000000e+00 4.590000000000000330e-02 2.500000000000000000e-01 1.000000000000000048e-04
1.739999999999999858e+01 8.880800000000000693e+00 1.289112000000000080e+02 1.800000000000000000e+02 1.258838999999999970e+02 1.000000000000000000e+00 1.000000000000000000e+00 4.599999999999999922e-02 2.500000000000000000e-01 1.000000000000000048e-04
1.744999999999999929e+01 8.877499999999999503e+00 1.289636000000000138e+02 1.800000000000000000e+02 1.259364000000000061e+02 1.000000000000000000e+00 1.000000000000000000e+00 4.619999999999999801e-02 2.500000000000000000e-01 1.000000000000000048e-04
1.750000000000000000e+01 8.874100000000000321e+00 1.290159999999999911e+02 1.800000000000000000e+02 1.259890000000000043e+02 1.000000000000000000e+00 1.000000000000000000e+00 4.630000000000000088e-02 2.500000000000000000e-01 1.000000000000000048e-04
1.755000000000000071e+01 8.870799999999999130e+00 1.290685000000000002e+02 1.800000000000000000e+02 1.260416000000000025e+02 1.000000000000000000e+00 1.000000000000000000e+00 4.649999999999999967e-02 2.500000000000000000e-01 1.000000000000000048e-04
1.760000000000000142e+01 8.867499999999999716e+00 1.291210000000000093e+02 1.800000000000000000e+02 1.260943000000000040e+02 1.000000000000000000e+00 1.000000000000000000e+00 4.669999999999999846e-02 2.500000000000000000e-01 1.000000000000000048e-04
1.764999999999999858e+01 8.864200000000000301e+00 1.291735999999999933e+02 1.800000000000000000e+02 1.261470000000000056e+02 1.000000000000000000e+00 1.000000000000000000e+00 4.680000000000000132e-02 2.500000000000000000e-01 1.000000000000000048e-04
1.769999999999999929e+01 8.860900000000000887e+00 1.292262000000000057e+02 1.800000000000000000e+02 1.261997999999999962e+02 1.000000000000000000e+00 1.000000000000000000e+00 4.700000000000000011e-02 2.500000000000000000e-01 1.000000000000000048e-04
1.775000000000000000e+01 8.857499999999999929e+00 1.292788999999999930e+02 1.800000000000000000e+02 1.262526000000000010e+02 1.000000000000000000e+00 1.000000000000000000e+00 4.710000000000000298e-02 2.500000000000000000e-01 1.000000000000000048e-04
1.780000000000000071e+01 8.854200000000000514e+00 1.293317000000000121e+02 1.800000000000000000e+02 1.263054000000000059e+02 1.000000000000000000e+00 1.000000000000000000e+00 4.730000000000000177e-02 2.500000000000000000e-01 1.000000000000000048e-04
1.785000000000000142e+01 8.850899999999999324e+00 1.293845000000000027e+02 1.800000000000000000e+02 1.263582999999999998e+02 1.000000000000000000e+00 1.000000000000000000e+00 4.739999999999999769e-02 2.500000000000000000e-01 1.000000000000000048e-04
1.789999999999999858e+01 8.847599999999999909e+00 1.294372999999999934e+02 1.800000000000000000e+02 1.264112999999999971e+02 1.000000000000000000e+00 1.000000000000000000e+00 4.760000000000000342e-02 2.500000000000000000e-01 1.000000000000000048e-04
1.794999999999999929e+01 8.844200000000000728e+00 1.294901999999999873e+02 1.800000000000000000e+02 1.264642999999999944e+02 1.000000000000000000e+00 1.000000000000000000e+00 4.769999999999999934e-02 2.500000000000000000e-01 1.000000000000000048e-04
1.800000000000000000e+01 8.840899999999999537e+00 1.295431000000000097e+02 1.800000000000000000e+02 1.265173999999999950e+02 1.000000000000000000e+00 1.000000000000000000e+00 4.789999999999999813e-02 2.500000000000000000e-01 1.000000000000000048e-04
1.805000000000000071e+01 8.837600000000000122e+00 1.295961000000000070e+02 1.800000000000000000e+02 1.265704999999999956e+02 1.000000000000000000e+00 1.000000000000000000e+00 4.809999999999999692e-02 2.500000000000000000e-01 1.000000000000000048e-04
1.810000000000000142e+01 8.834300000000000708e+00 1.296492000000000075e+02 1.800000000000000000e+02 1.266236999999999995e+02 1.000000000000000000e+00 1.000000000000000000e+00 4.819999999999999979e-02 2.500000000000000000e-01 1.000000000000000048e-04
1.814999999999999858e+01 8.830899999999999750e+00 1.297023000000000081e+02 1.800000000000000000e+02 1.266769000000000034e+02 1.000000000000000000e+00 1.000000000000000000e+00 4.839999999999999858e-02 2.500000000000000000e-01 1.000000000000000048e-04
1.819999999999999929e+01 8.827600000000000335e+00 1.297554000000000087e+02 1.800000000000000000e+02 1.267301999999999964e+02 1.000000000000000000e+00 1.000000000000000000e+00 4.850000000000000144e-02 2.500000000000000000e-01 1.000000000000000048e-04
1.825000000000000000e+01 8.824299999999999145e+00 1.298086000000000126e+02 1.800000000000000000e+02 1.267835000000000036e+02 1.000000000000000000e+00 1.000000000000000000e+00 4.870000000000000023e-02 2.500000000000000000e-01 1.000000000000000048e-04
1.830000000000000071e+01 8.820899999999999963e+00 1.298618999999999915e+02 1.800000000000000000e+02 1.268369000000000000e+02 1.000000000000000000e+00 1.000000000000000000e+00 4.889999999999999902e-02 2.500000000000000000e-01 1.000000000000000048e-04
1.835000000000000142e+01 8.817600000000000549e+00 1.299151999999999987e+02 1.800000000000000000e+02 1.268902999999999963e+02 1.000000000000000000e+00 1.000000000000000000e+00 4.900000000000000189e-02 2.500000000000000000e-01 1.000000000000000048e-04
1.839999999999999858e+01 8.814299999999999358e+00 1.299685000000000059e+02 1.800000000000000000e+02 1.269437999999999960e+02 1.000000000000000000e+00 1.000000000000000000e+00 4.920000000000000068e-02 2.500000000000000000e-01 1.000000000000000048e-04
1.844999999999999929e+01 8.810999999999999943e+00 1.300218999999999880e+02 1.800000000000000000e+02 1.269972999999999956e+02 1.000000000000000000e+00 1.000000000000000000e+00 4.929999999999999660e-02 2.500000000000000000e-01 1.000000000000000048e-04
1.850000000000000000e+01 8.807600000000000762e+00 1.300754000000000019e+02 1.800000000000000000e+02 1.270508999999999986e+02 1.000000000000000000e+00 1.000000000000000000e+00 4.950000000000000233e-02 2.500000000000000000e-01 1.000000000000000048e-04
1.855000000000000071e+01 8.804299999999999571e+00 1.301288999999999874e+02 1.800000000000000000e+02 1.271046000000000049e+02 1.000000000000000000e+00 1.000000000000000000e+00 4.959999999999999826e-02 2.500000000000000000e-01 1.000000000000000048e-04
1.860000000000000142e+01 8.801000000000000156e+00 1.301825000000000045e+02 1.800000000000000000e+02 1.271582999999999970e+02 1.000000000000000000e+00 1.000000000000000000e+00 4.979999999999999705e-02 2.500000000000000000e-01 1.000000000000000048e-04
1.864999999999999858e+01 8.797599999999999199e+00 1.302360999999999933e+02 1.800000000000000000e+02 1.272120000000000033e+02 1.000000000000000000e+00 1.000000000000000000e+00 5.000000000000000278e-02 2.500000000000000000e-01 1.000000000000000048e-04
1.869999999999999929e+01 8.794299999999999784e+00 1.302898000000000138e+02 1.800000000000000000e+02 1.272657999999999987e+02 1.000000000000000000e+00 1.000000000000000000e+00 5.009999999999999870e-02 2.500000000000000000e-01 1.000000000000000048e-04
1.875000000000000000e+01 8.791000000000000369e+00 1.303435000000000059e+02 1.800000000000000000e+02 1.273196999999999974e+02 1.000000000000000000e+00 1.000000000000000000e+00 5.029999999999999749e-02 2.500000000000000000e-01 1.000000000000000048e-04
1.880000000000000071e+01 8.787599999999999412e+00 1.303973000000000013e+02 1.800000000000000000e+02 1.273735999999999962e+02 1.000000000000000000e+00 1.000000000000000000e+00 5.040000000000000036e-02 2.500000000000000000e-01 1.000000000000000048e-04
1.885000000000000142e+01 8.784299999999999997e+00 1.304510999999999967e+02 1.800000000000000000e+02 1.274274999999999949e+02 1.000000000000000000e+00 1.000000000000000000e+00 5.059999999999999915e-02 2.500000000000000000e-01 1.000000000000000048e-04
1.889999999999999858e+01 8.780900000000000816e+00 1.305049999999999955e+02 1.800000000000000000e+02 1.274814999999999969e+02 1.000000000000000000e+00 1.000000000000000000e+00 5.079999999999999793e-02 2.500000000000000000e-01 1.000000000000000048e-04
1.894999999999999929e+01 8.777599999999999625e+00 1.305588999999999942e+02 1.800000000000000000e+02 1.275356000000000023e+02 1.000000000000000000e+00 1.000000000000000000e+00 5.090000000000000080e-02 2.500000000000000000e-01 1.000000000000000048e-04
1.900000000000000000e+01 8.774300000000000210e+00 1.306128999999999962e+02 1.800000000000000000e+02 1.275896999999999935e+02 1.000000000000000000e+00 1.000000000000000000e+00 5.109999999999999959e-02 2.500000000000000000e-01 1.000000000000000048e-04
1.905000000000000071e+01 8.770899999999999253e+00 1.306670000000000016e+02 1.800000000000000000e+02 1.276439000000000021e+02 1.000000000000000000e+00 1.000000000000000000e+00 5.120000000000000245e-02 2.500000000000000000e-01 1.000000000000000048e-04
1.910000000000000142e+01 8.767599999999999838e+00 1.307211000000000070e+02 1.800000000000000000e+02 1.276980999999999966e+02 1.000000000000000000e+00 1.000000000000000000e+00 5.140000000000000124e-02 2.500000000000000000e-01 1.000000000000000048e-04
1.914999999999999858e+01 8.764200000000000657e+00 1.307752000000000123e+02 1.800000000000000000e+02 1.277523999999999944e+02 1.000000000000000000e+00 1.000000000000000000e+00 5.160000000000000003e-02 2.500000000000000000e-01 1.000000000000000048e-04
1.919999999999999929e+01 8.760899999999999466e+00 1.308293999999999926e+02 1.800000000000000000e+02 1.278067000000000064e+02 1.000000000000000000e+00 1.000000000000000000e+00 5.170000000000000290e-02 2.500000000000000000e-01 1.000000000000000048e-04
1.925000000000000000e+01 8.757600000000000051e+00 1.308837000000000046e+02 1.800000000000000000e+02 1.278610999999999933e+02 1.000000000000000000e+00 1.000000000000000000e+00 5.190000000000000169e-02 2.500000000000000000e-01 1.000000000000000048e-04
1.930000000000000071e+01 8.754200000000000870e+00 1.309379999999999882e+02 1.800000000000000000e+02 1.279154999999999944e+02 1.000000000000000000e+00 1.000000000000000000e+00 5.210000000000000048e-02 2.500000000000000000e-01 1.000000000000000048e-04
1.935000000000000142e+01 8.750899999999999679e+00 1.309924000000000035e+02 1.800000000000000000e+02 1.279699999999999989e+02 1.000000000000000000e+00 1.000000000000000000e+00 5.220000000000000334e-02 2.500000000000000000e-01 1.000000000000000048e-04
1.939999999999999858e+01 8.747500000000000497e+00 1.310467999999999904e+02 1.800000000000000000e+02 1.280244999999999891e+02 1.000000000000000000e+00 1.000000000000000000e+00 5.240000000000000213e-02 2.500000000000000000e-01 1.000000000000000048e-04
1.944999999999999929e+01 8.744199999999999307e+00 1.311013000000000090e+02 1.800000000000000000e+02 1.280791000000000111e+02 1.000000000000000000e+00 1.000000000000000000e+00 5.249999999999999806e-02 2.500000000000000000e-01 1.000000000000000048e-04
1.950000000000000000e+01 8.740800000000000125e+00 1.311557999999999993e+02 1.800000000000000000e+02 1.281338000000000079e+02 1.000000000000000000e+00 1.000000000000000000e+00 5.269999999999999685e-02 2.500000000000000000e-01 1.000000000000000048e-04
1.955000000000000071e+01 8.737500000000000711e+00 1.312103999999999928e+02 1.800000000000000000e+02 1.281885000000000048e+02 1.000000000000000000e+00 1.000000000000000000e+00 5.290000000000000258e-02 2.500000000000000000e-01 1.000000000000000048e-04
1.960000000000000142e+01 8.734099999999999753e+00 1.312649999999999864e+02 1.800000000000000000e+02 1.282433000000000050e+02 1.000000000000000000e+00 1.000000000000000000e+00 5.299999999999999850e-02 2.500000000000000000e-01 1.000000000000000048e-04
1.964999999999999858e+01 8.730800000000000338e+00 1.313197000000000116e+02 1.800000000000000000e+02 1.282981000000000051e+02 1.000000000000000000e+00 1.000000000000000000e+00 5.319999999999999729e-02 2.500000000000000000e-01 1.000000000000000048e-04
1.969999999999999929e+01 8.727399999999999380e+00 1.313744000000000085e+02 1.800000000000000000e+02 1.283529000000000053e+02 1.000000000000000000e+00 1.000000000000000000e+00 5.330000000000000016e-02 2.500000000000000000e-01 1.000000000000000048e-04
1.975000000000000000e+01 8.724099999999999966e+00 1.314292000000000087e+02 1.800000000000000000e+02 1.284079000000000121e+02 1.000000000000000000e+00 1.000000000000000000e+00 5.349999999999999895e-02 2.500000000000000000e-01 1.000000000000000048e-04
1.980000000000000071e+01 8.720700000000000784e+00 1.314841000000000122e+02 1.800000000000000000e+02 1.284627999999999872e+02 1.000000000000000000e+00 1.000000000000000000e+00 5.369999999999999774e-02 2.500000000000000000e-01 1.000000000000000048e-04
1.985000000000000142e+01 8.717399999999999594e+00 1.315389999999999873e+02 1.800000000000000000e+02 1.285178999999999974e+02 1.000000000000000000e+00 1.000000000000000000e+00 5.380000000000000060e-02 2.500000000000000000e-01 1.000000000000000048e-04
1.989999999999999858e+01 8.714000000000000412e+00 1.315939999999999941e+02 1.800000000000000000e+02 1.285730000000000075e+02 1.000000000000000000e+00 1.000000000000000000e+00 5.399999999999999939e-02 2.500000000000000000e-01 1.000000000000000048e-04
1.994999999999999929e+01 8.710699999999999221e+00 1.316490000000000009e+02 1.800000000000000000e+02 1.286280999999999892e+02 1.000000000000000000e+00 1.000000000000000000e+00 5.419999999999999818e-02 2.500000000000000000e-01 1.000000000000000048e-04
2.000000000000000000e+01 8.707300000000000040e+00 1.317041000000000111e+02 1.800000000000000000e+02 1.286833000000000027e+02 1.000000000000000000e+00 1.000000000000000000e+00 5.430000000000000104e-02 2.500000000000000000e-01 1.000000000000000048e-04
2.005000000000000071e+01 8.704000000000000625e+00 1.317591999999999928e+02 1.800000000000000000e+02 1.287384999999999877e+02 1.000000000000000000e+00 1.000000000000000000e+00 5.449999999999999983e-02 2.500000000000000000e-01 1.000000000000000048e-04
2.010000000000000142e+01 8.700599999999999667e+00 1.318144000000000062e+02 1.800000000000000000e+02 1.287939000000000078e+02 1.000000000000000000e+00 1.000000000000000000e+00 5.469999999999999862e-02 2.500000000000000000e-01 1.000000000000000048e-04
2.014999999999999858e+01 8.697300000000000253e+00 1.318695999999999913e+02 1.800000000000000000e+02 1.288491999999999962e+02 1.000000000000000000e+00 1.000000000000000000e+00 5.480000000000000149e-02 2.500000000000000000e-01 1.000000000000000048e-04
2.019999999999999929e+01 8.693899999999999295e+00 1.319249000000000080e+02 1.800000000000000000e+02 1.289045999999999879e+02 1.000000000000000000e+00 1.000000000000000000e+00 5.500000000000000028e-02 2.500000000000000000e-01 1.000000000000000048e-04
2.025000000000000000e+01 8.690500000000000114e+00 1.319802999999999997e+02 1.800000000000000000e+02 1.289601000000000113e+02 1.000000000000000000e+00 1.000000000000000000e+00 5.510000000000000314e-02 2.500000000000000000e-01 1.000000000000000048e-04
2.030000000000000071e+01 8.687200000000000699e+00 1.320356999999999914e+02 1.800000000000000000e+02 1.290156000000000063e+02 1.000000000000000000e+00 1.000000000000000000e+00 5.530000000000000193e-02 2.500000000000000000e-01 1.000000000000000048e-04
2.035000000000000142e+01 8.683799999999999741e+00 1.320911000000000115e+02 1.800000000000000000e+02 1.290712000000000046e+02 1.000000000000000000e+00 1.000000000000000000e+00 5.550000000000000072e-02 2.500000000000000000e-01 1.000000000000000048e-04
2.039999999999999858e+01 8.680500000000000327e+00 1.321467000000000098e+02 1.800000000000000000e+02 1.291269000000000062e+02 1.000000000000000000e+00 1.000000000000000000e+00 5.559999999999999665e-02 2.500000000000000000e-01 1.000000000000000048e-04
2.044999999999999929e+01 8.677099999999999369e+00 1.322022000000000048e+02 1.800000000000000000e+02 1.291826000000000079e+02 1.000000000000000000e+00 1.000000000000000000e+00 5.580000000000000238e-02 2.500000000000000000e-01 1.000000000000000048e-04
2.050000000000000000e+01 8.673700000000000188e+00 1.322579000000000065e+02 1.800000000000000000e+02 1.292383000000000095e+02 1.000000000000000000e+00 1.000000000000000000e+00 5.600000000000000117e-02 2.500000000000000000e-01 1.000000000000000048e-04
2.055000000000000071e+01 8.670400000000000773e+00 1.323136000000000081e+02 1.800000000000000000e+02 1.292940999999999860e+02 1.000000000000000000e+00 1.000000000000000000e+00 5.609999999999999709e-02 2.500000000000000000e-01 1.000000000000000048e-04
2.060000000000000142e+01 8.666999999999999815e+00 1.323693000000000097e+02 1.800000000000000000e+02 1.293499999999999943e+02 1.000000000000000000e+00 1.000000000000000000e+00 5.630000000000000282e-02 2.500000000000000000e-01 1.000000000000000048e-04
2.064999999999999858e+01 8.663700000000000401e+00 1.324250999999999863e+02 1.800000000000000000e+02 1.294059000000000026e+02 1.000000000000000000e+00 1.000000000000000000e+00 5.650000000000000161e-02 2.500000000000000000e-01 1.000000000000000048e-04
2.069999999999999929e+01 8.660299999999999443e+00 1.324809999999999945e+02 1.800000000000000000e+02 1.294619000000000142e+02 1.000000000000000000e+00 1.000000000000000000e+00 5.659999999999999754e-02 2.500000000000000000e-01 1.000000000000000048e-04
2.075000000000000000e+01 8.656900000000000261e+00 1.325369000000000028e+02 1.800000000000000000e+02 1.295178999999999974e+02 1.000000000000000000e+00 1.000000000000000000e+00 5.680000000000000326e-02 2.500000000000000000e-01 1.000000000000000048e-04
2.080000000000000071e+01 8.653600000000000847e+00 1.325928000000000111e+02 1.800000000000000000e+02 1.295740000000000123e+02 1.000000000000000000e+00 1.000000000000000000e+00 5.700000000000000205e-02 2.500000000000000000e-01 1.000000000000000048e-04
2.085000000000000142e+01 8.650199999999999889e+00 1.326488999999999976e+02 1.800000000000000000e+02 1.296302000000000021e+02 1.000000000000000000e+00 1.000000000000000000e+00 5.709999999999999798e-02 2.500000000000000000e-01 1.000000000000000048e-04
2.089999999999999858e+01 8.646800000000000708e+00 1.327050000000000125e+02 1.800000000000000000e+02 1.296863999999999919e+02 1.000000000000000000e+00 1.000000000000000000e+00 5.729999999999999677e-02 2.500000000000000000e-01 1.000000000000000048e-04
2.094999999999999929e+01 8.643499999999999517e+00 1.327610999999999990e+02 1.800000000000000000e+02 1.297426000000000101e+02 1.000000000000000000e+00 1.000000000000000000e+00 5.750000000000000250e-02 2.500000000000000000e-01 1.000000000000000048e-04
2.100000000000000000e+01 8.640100000000000335e+00 1.328172999999999888e+02 1.800000000000000000e+02 1.297990000000000066e+02 1.000000000000000000e+00 1.000000000000000000e+00 5.759999999999999842e-02 2.500000000000000000e-01 1.000000000000000048e-04
2.105000000000000071e+01 8.636699999999999378e+00 1.328736000000000104e+02 1.800000000000000000e+02 1.298552999999999997e+02 1.000000000000000000e+00 1.000000000000000000e+00 5.779999999999999721e-02 2.500000000000000000e-01 1.000000000000000048e-04
2.110000000000000142e+01 8.633399999999999963e+00 1.329299000000000035e+02 1.800000000000000000e+02 1.299117999999999995e+02 1.000000000000000000e+00 1.000000000000000000e+00 5.800000000000000294e-02 2.500000000000000000e-01 1.000000000000000048e-04
2.114999999999999858e+01 8.630000000000000782e+00 1.329861999999999966e+02 1.800000000000000000e+02 1.299682999999999993e+02 1.000000000000000000e+00 1.000000000000000000e+00 5.809999999999999887e-02 2.500000000000000000e-01 1.000000000000000048e-04
2.119999999999999929e+01 8.626599999999999824e+00 1.330426999999999964e+02 1.800000000000000000e+02 1.300247999999999990e+02 1.000000000000000000e+00 1.000000000000000000e+00 5.829999999999999766e-02 2.500000000000000000e-01 1.000000000000000048e-04
2.125000000000000000e+01 8.623200000000000642e+00 1.330991999999999962e+02 1.800000000000000000e+02 1.300814000000000021e+02 1.000000000000000000e+00 1.000000000000000000e+00 5.850000000000000339e-02 2.500000000000000000e-01 1.000000000000000048e-04
2.130000000000000071e+01 8.619899999999999451e+00 1.331556999999999960e+02 1.800000000000000000e+02 1.301381000000000085e+02 1.000000000000000000e+00 1.000000000000000000e+00 5.859999999999999931e-02 2.500000000000000000e-01 1.000000000000000048e-04
2.135000000000000142e+01 8.616500000000000270e+00 1.332122999999999990e+02 1.800000000000000000e+02 1.301947999999999865e+02 1.000000000000000000e+00 1.000000000000000000e+00 5.879999999999999810e-02 2.500000000000000000e-01 1.000000000000000048e-04
2.139999999999999858e+01 8.613099999999999312e+00 1.332690000000000055e+02 1.800000000000000000e+02 1.302515999999999963e+02 1.000000000000000000e+00 1.000000000000000000e+00 5.899999999999999689e-02 2.500000000000000000e-01 1.000000000000000048e-04
2.144999999999999929e+01 8.609700000000000131e+00 1.333257000000000119e+02 1.800000000000000000e+02 1.303084000000000060e+02 1.000000000000000000e+00 1.000000000000000000e+00 5.909999999999999976e-02 2.500000000000000000e-01 1.000000000000000048e-04
2.150000000000000000e+01 8.606400000000000716e+00 1.333824999999999932e+02 1.800000000000000000e+02 1.303652999999999906e+02 1.000000000000000000e+00 1.000000000000000000e+00 5.929999999999999855e-02 2.500000000000000000e-01 1.000000000000000048e-04
2.155000000000000071e+01 8.602999999999999758e+00 1.334393000000000029e+02 1.800000000000000000e+02 1.304223000000000070e+02 1.000000000000000000e+00 1.000000000000000000e+00 5.949999999999999734e-02 2.500000000000000000e-01 1.000000000000000048e-04
2.160000000000000142e+01 8.599600000000000577e+00 1.334961999999999875e+02 1.800000000000000000e+02 1.304792999999999950e+02 1.000000000000000000e+00 1.000000000000000000e+00 5.970000000000000306e-02 2.500000000000000000e-01 1.000000000000000048e-04
2.164999999999999858e+01 8.596199999999999619e+00 1.335531000000000006e+02 1.800000000000000000e+02 1.305363000000000113e+02 1.000000000000000000e+00 1.000000000000000000e+00 5.979999999999999899e-02 2.500000000000000000e-01 1.000000000000000048e-04
2.169999999999999929e+01 8.592900000000000205e+00 1.336100999999999885e+02 1.800000000000000000e+02 1.305935000000000059e+02 1.000000000000000000e+00 1.000000000000000000e+00 5.999999999999999778e-02 2.500000000000000000e-01 1.000000000000000048e-04
2.175000000000000000e+01 8.589499999999999247e+00 1.336672000000000082e+02 1.800000000000000000e+02 1.306507000000000005e+02 1.000000000000000000e+00 1.000000000000000000e+00 6.019999999999999657e-02 2.500000000000000000e-01 1.000000000000000048e-04
2.180000000000000071e+01 8.586100000000000065e+00 1.337242999999999995e+02 1.800000000000000000e+02 1.307078999999999951e+02 1.000000000000000000e+00 1.000000000000000000e+00 6.029999999999999943e-02 2.500000000000000000e-01 1.000000000000000048e-04
2.185000000000000142e+01 8.582700000000000884e+00 1.337814999999999941e+02 1.800000000000000000e+02 1.307651999999999930e+02 1.000000000000000000e+00 1.000000000000000000e+00 6.049999999999999822e-02 2.500000000000000000e-01 1.000000000000000048e-04
2.189999999999999858e+01 8.579299999999999926e+00 1.338387999999999920e+02 1.800000000000000000e+02 1.308225999999999942e+02 1.000000000000000000e+00 1.000000000000000000e+00 6.069999999999999701e-02 2.500000000000000000e-01 1.000000000000000048e-04
2.194999999999999929e+01 8.575900000000000745e+00 1.338960999999999899e+02 1.800000000000000000e+02 1.308799999999999955e+02 1.000000000000000000e+00 1.000000000000000000e+00 6.079999999999999988e-02 2.500000000000000000e-01 1.000000000000000048e-04
2.200000000000000000e+01 8.572599999999999554e+00 1.339533999999999878e+02 1.800000000000000000e+02 1.309375000000000000e+02 1.000000000000000000e+00 1.000000000000000000e+00 6.099999999999999867e-02 2.500000000000000000e-01 1.000000000000000048e-04
2.205000000000000071e+01 8.569200000000000372e+00 1.340108999999999924e+02 1.800000000000000000e+02 1.309950000000000045e+02 1.000000000000000000e+00 1.000000000000000000e+00 6.119999999999999746e-02 2.500000000000000000e-01 1.000000000000000048e-04
2.210000000000000142e+01 8.565799999999999415e+00 1.340683999999999969e+02 1.800000000000000000e+02 1.310526000000000124e+02 1.000000000000000000e+00 1.000000000000000000e+00 6.140000000000000319e-02 2.500000000000000000e-01 1.000000000000000048e-04
2.214999999999999858e+01 8.562400000000000233e+00 1.341259000000000015e+02 1.800000000000000000e+02 1.311102999999999952e+02 1.000000000000000000e+00 1.000000000000000000e+00 6.149999999999999911e-02 2.500000000000000000e-01 1.000000000000000048e-04
2.219999999999999929e+01 8.558999999999999275e+00 1.341835000000000093e+02 1.800000000000000000e+02 1.311680000000000064e+02 1.000000000000000000e+00 1.000000000000000000e+00 6.169999999999999790e-02 2.500000000000000000e-01 1.000000000000000048e-04
2.225000000000000000e+01 8.555600000000000094e+00 1.342411999999999921e+02 1.800000000000000000e+02 1.312257999999999925e+02 1.000000000000000000e+00 1.000000000000000000e+00 6.189999999999999669e-02 2.500000000000000000e-01 1.000000000000000048e-04
2.230000000000000071e+01 8.552199999999999136e+00 1.342989000000000033e+02 1.800000000000000000e+02 1.312836000000000070e+02 1.000000000000000000e+00 1.000000000000000000e+00 6.199999999999999956e-02 2.500000000000000000e-01 1.000000000000000048e-04
2.235000000000000142e+01 8.548799999999999955e+00 1.343566999999999894e+02 1.800000000000000000e+02 1.313414999999999964e+02 1.000000000000000000e+00 1.000000000000000000e+00 6.219999999999999835e-02 2.500000000000000000e-01 1.000000000000000048e-04
2.239999999999999858e+01 8.545500000000000540e+00 1.344145000000000039e+02 1.800000000000000000e+02 1.313994999999999891e+02 1.000000000000000000e+00 1.000000000000000000e+00 6.239999999999999714e-02 2.500000000000000000e-01 1.000000000000000048e-04
2.244999999999999929e+01 8.542099999999999582e+00 1.344723999999999933e+02 1.800000000000000000e+02 1.314575000000000102e+02 1.000000000000000000e+00 1.000000000000000000e+00 6.260000000000000286e-02 2.500000000000000000e-01 1.000000000000000048e-04
2.250000000000000000e+01 8.538700000000000401e+00 1.345303999999999860e+02 1.800000000000000000e+02 1.315156000000000063e+02 1.000000000000000000e+00 1.000000000000000000e+00 6.270000000000000573e-02 2.500000000000000000e-01 1.000000000000000048e-04
2.255000000000000071e+01 8.535299999999999443e+00 1.345884000000000071e+02 1.800000000000000000e+02 1.315737000000000023e+02 1.000000000000000000e+00 1.000000000000000000e+00 6.289999999999999758e-02 2.500000000000000000e-01 1.000000000000000048e-04
2.260000000000000142e+01 8.531900000000000261e+00 1.346465000000000032e+02 1.800000000000000000e+02 1.316319000000000017e+02 1.000000000000000000e+00 1.000000000000000000e+00 6.310000000000000331e-02 2.500000000000000000e-01 1.000000000000000048e-04
2.264999999999999858e+01 8.528499999999999304e+00 1.347045999999999992e+02 1.800000000000000000e+02 1.316902000000000044e+02 1.000000000000000000e+00 1.000000000000000000e+00 6.320000000000000617e-02 2.500000000000000000e-01 1.000000000000000048e-04
2.269999999999999929e+01 8.525100000000000122e+00 1.347627999999999986e+02 1.800000000000000000e+02 1.317485000000000070e+02 1.000000000000000000e+00 1.000000000000000000e+00 6.339999999999999802e-02 2.500000000000000000e-01 1.000000000000000048e-04
2.275000000000000000e+01 8.521699999999999164e+00 1.348211000000000013e+02 1.800000000000000000e+02 1.318069000000000131e+02 1.000000000000000000e+00 1.000000000000000000e+00 6.360000000000000375e-02 2.500000000000000000e-01 1.000000000000000048e-04
2.280000000000000071e+01 8.518299999999999983e+00 1.348794000000000040e+02 1.800000000000000000e+02 1.318652999999999906e+02 1.000000000000000000e+00 1.000000000000000000e+00 6.379999999999999560e-02 2.500000000000000000e-01 1.000000000000000048e-04
2.285000000000000142e+01 8.514900000000000801e+00 1.349378000000000100e+02 1.800000000000000000e+02 1.319238000000000000e+02 1.000000000000000000e+00 1.000000000000000000e+00 6.389999999999999847e-02 2.500000000000000000e-01 1.000000000000000048e-04
2.289999999999999858e+01 8.511499999999999844e+00 1.349962999999999909e+02 1.800000000000000000e+02 1.319824000000000126e+02 1.000000000000000000e+00 1.000000000000000000e+00 6.410000000000000420e-02 2.500000000000000000e-01 1.000000000000000048e-04
2.294999999999999929e+01 8.508100000000000662e+00 1.350548000000000002e+02 1.800000000000000000e+02 1.320409999999999968e+02 1.000000000000000000e+00 1.000000000000000000e+00 6.429999999999999605e-02 2.500000000000000000e-01 1.000000000000000048e-04
2.300000000000000000e+01 8.504699999999999704e+00 1.351134000000000128e+02 1.800000000000000000e+02 1.320997000000000128e+02 1.000000000000000000e+00 1.000000000000000000e+00 6.450000000000000178e-02 2.500000000000000000e-01 1.000000000000000048e-04
2.305000000000000071e+01 8.501300000000000523e+00 1.351719999999999970e+02 1.800000000000000000e+02 1.321584000000000003e+02 1.000000000000000000e+00 1.000000000000000000e+00 6.460000000000000464e-02 2.500000000000000000e-01 1.000000000000000048e-04
2.310000000000000142e+01 8.497899999999999565e+00 1.352307000000000130e+02 1.800000000000000000e+02 1.322172999999999945e+02 1.000000000000000000e+00 1.000000000000000000e+00 6.479999999999999649e-02 2.500000000000000000e-01 1.000000000000000048e-04
2.314999999999999858e+01 8.494500000000000384e+00 1.352895000000000039e+02 1.800000000000000000e+02 1.322761000000000138e+02 1.000000000000000000e+00 1.000000000000000000e+00 6.500000000000000222e-02 2.500000000000000000e-01 1.000000000000000048e-04
2.319999999999999929e+01 8.491099999999999426e+00 1.353482999999999947e+02 1.800000000000000000e+02 1.323351000000000113e+02 1.000000000000000000e+00 1.000000000000000000e+00 6.519999999999999407e-02 2.500000000000000000e-01 1.000000000000000048e-04
2.325000000000000000e+01 8.487700000000000244e+00 1.354071999999999889e+02 1.800000000000000000e+02 1.323941000000000088e+02 1.000000000000000000e+00 1.000000000000000000e+00 6.529999999999999694e-02 2.500000000000000000e-01 1.000000000000000048e-04
2.330000000000000071e+01 8.484299999999999287e+00 1.354661000000000115e+02 1.800000000000000000e+02 1.324531000000000063e+02 1.000000000000000000e+00 1.000000000000000000e+00 6.550000000000000266e-02 2.500000000000000000e-01 1.000000000000000048e-04
2.335000000000000142e+01 8.480900000000000105e+00 1.355251000000000090e+02 1.800000000000000000e+02 1.325122000000000071e+02 1.000000000000000000e+00 1.000000000000000000e+00 6.569999999999999452e-02 2.500000000000000000e-01 1.000000000000000048e-04
2.339999999999999858e+01 8.477499999999999147e+00 1.355842000000000098e+02 1.800000000000000000e+02 1.325714000000000112e+02 1.000000000000000000e+00 1.000000000000000000e+00 6.590000000000000024e-02 2.500000000000000000e-01 1.000000000000000048e-04
2.344999999999999929e+01 8.474099999999999966e+00 1.356433000000000106e+02 1.800000000000000000e+02 1.326306999999999903e+02 1.000000000000000000e+00 1.000000000000000000e+00 6.600000000000000311e-02 2.500000000000000000e-01 1.000000000000000048e-04
2.350000000000000000e+01 8.470700000000000784e+00 1.357024999999999864e+02 1.800000000000000000e+02 1.326899999999999977e+02 1.000000000000000000e+00 1.000000000000000000e+00 6.619999999999999496e-02 2.500000000000000000e-01 1.000000000000000048e-04
2.355000000000000071e+01 8.467299999999999827e+00 1.357617999999999938e+02 1.800000000000000000e+02 1.327494000000000085e+02 1.000000000000000000e+00 1.000000000000000000e+00 6.640000000000000069e-02 2.500000000000000000e-01 1.000000000000000048e-04
2.360000000000000142e+01 8.463800000000000878e+00 1.358211000000000013e+02 1.800000000000000000e+02 1.328087999999999909e+02 1.000000000000000000e+00 1.000000000000000000e+00 6.660000000000000642e-02 2.500000000000000000e-01 1.000000000000000048e-04
2.364999999999999858e+01 8.460399999999999920e+00 1.358805000000000121e+02 1.800000000000000000e+02 1.328683000000000050e+02 1.000000000000000000e+00 1.000000000000000000e+00 6.669999999999999540e-02 2.500000000000000000e-01 1.000000000000000048e-04
2.369999999999999929e+01 8.457000000000000739e+00 1.359398999999999944e+02 1.800000000000000000e+02 1.329277999999999906e+02 1.000000000000000000e+00 1.000000000000000000e+00 6.690000000000000113e-02 2.500000000000000000e-01 1.000000000000000048e-04
2.375000000000000000e+01 8.453599999999999781e+00 1.359994000000000085e+02 1.800000000000000000e+02 1.329875000000000114e+02 1.000000000000000000e+00 1.000000000000000000e+00 6.710000000000000686e-02 2.500000000000000000e-01 1.000000000000000048e-04
2.380000000000000071e+01 8.450200000000000600e+00 1.360589999999999975e+02 1.800000000000000000e+02 1.330472000000000037e+02 1.000000000000000000e+00 1.000000000000000000e+00 6.729999999999999871e-02 2.500000000000000000e-01 1.000000000000000048e-04
2.385000000000000142e+01 8.446799999999999642e+00 1.361185999999999865e+02 1.800000000000000000e+02 1.331068999999999960e+02 1.000000000000000000e+00 1.000000000000000000e+00 6.740000000000000158e-02 2.500000000000000000e-01 1.000000000000000048e-04
2.389999999999999858e+01 8.443400000000000460e+00 1.361783000000000072e+02 1.800000000000000000e+02 1.331666999999999916e+02 1.000000000000000000e+00 1.000000000000000000e+00 6.759999999999999343e-02 2.500000000000000000e-01 1.000000000000000048e-04
2.394999999999999929e+01 8.439999999999999503e+00 1.362381000000000029e+02 1.800000000000000000e+02 1.332265999999999906e+02 1.000000000000000000e+00 1.000000000000000000e+00 6.779999999999999916e-02 2.500000000000000000e-01 1.000000000000000048e-04
2.400000000000000000e+01 8.436500000000000554e+00 1.362978999999999985e+02 1.800000000000000000e+02 1.332864999999999895e+02 1.000000000000000000e+00 1.000000000000000000e+00 6.800000000000000488e-02 2.500000000000000000e-01 1.000000000000000048e-04
2.405000000000000071e+01 8.433099999999999596e+00 1.363577999999999975e+02 1.800000000000000000e+02 1.333464999999999918e+02 1.000000000000000000e+00 1.000000000000000000e+00 6.819999999999999674e-02 2.500000000000000000e-01 1.000000000000000048e-04
2.410000000000000142e+01 8.429700000000000415e+00 1.364177999999999997e+02 1.800000000000000000e+02 1.334065999999999974e+02 1.000000000000000000e+00 1.000000000000000000e+00 6.829999999999999960e-02 2.500000000000000000e-01 1.000000000000000048e-04
2.414999999999999858e+01 8.426299999999999457e+00 1.364778000000000020e+02 1.800000000000000000e+02 1.334667000000000030e+02 1.000000000000000000e+00 1.000000000000000000e+00 6.850000000000000533e-02 2.500000000000000000e-01 1.000000000000000048e-04
2.419999999999999929e+01 8.422900000000000276e+00 1.365379000000000076e+02 1.800000000000000000e+02 1.335269000000000119e+02 1.000000000000000000e+00 1.000000000000000000e+00 6.869999999999999718e-02 2.500000000000000000e-01 1.000000000000000048e-04
2.425000000000000000e+01 8.419399999999999551e+00 1.365980999999999881e+02 1.800000000000000000e+02 1.335871999999999957e+02 1.000000000000000000e+00 1.000000000000000000e+00 6.890000000000000291e-02 2.500000000000000000e-01 1.000000000000000048e-04
2.430000000000000071e+01 8.416000000000000369e+00 1.366582999999999970e+02 1.800000000000000000e+02 1.336475000000000080e+02 1.000000000000000000e+00 1.000000000000000000e+00 6.900000000000000577e-02 2.500000000000000000e-01 1.000000000000000048e-04
2.435000000000000142e+01 8.412599999999999412e+00 1.367185000000000059e+02 1.800000000000000000e+02 1.337078999999999951e+02 1.000000000000000000e+00 1.000000000000000000e+00 6.919999999999999762e-02 2.500000000000000000e-01 1.000000000000000048e-04
2.439999999999999858e+01 8.409200000000000230e+00 1.367788999999999930e+02 1.800000000000000000e+02 1.337684000000000140e+02 1.000000000000000000e+00 1.000000000000000000e+00 6.940000000000000335e-02 2.500000000000000000e-01 1.000000000000000048e-04
2.444999999999999929e+01 8.405799999999999272e+00 1.368393000000000086e+02 1.800000000000000000e+02 1.338289000000000044e+02 1.000000000000000000e+00 1.000000000000000000e+00 6.959999999999999520e-02 2.500000000000000000e-01 1.000000000000000048e-04
2.450000000000000000e+01 8.402300000000000324e+00 1.368997999999999990e+02 1.800000000000000000e+02 1.338894999999999982e+02 1.000000000000000000e+00 1.000000000000000000e+00 6.980000000000000093e-02 2.500000000000000000e-01 1.000000000000000048e-04
2.455000000000000071e+01 8.398899999999999366e+00 1.369602999999999895e+02 1.800000000000000000e+02 1.339500999999999920e+02 1.000000000000000000e+00 1.000000000000000000e+00 6.990000000000000380e-02 2.500000000000000000e-01 1.000000000000000048e-04
2.460000000000000142e+01 8.395500000000000185e+00 1.370209000000000117e+02 1.800000000000000000e+02 1.340107999999999890e+02 1.000000000000000000e+00 1.000000000000000000e+00 7.009999999999999565e-02 2.500000000000000000e-01 1.000000000000000048e-04
2.464999999999999858e+01 8.391999999999999460e+00 1.370816000000000088e+02 1.800000000000000000e+02 1.340715999999999894e+02 1.000000000000000000e+00 1.000000000000000000e+00 7.030000000000000138e-02 2.500000000000000000e-01 1.000000000000000048e-04
2.469999999999999929e+01 8.388600000000000279e+00 1.371423000000000059e+02 1.800000000000000000e+02 1.341324999999999932e+02 1.000000000000000000e+00 1.000000000000000000e+00 7.049999999999999323e-02 2.500000000000000000e-01 1.000000000000000048e-04
2.475000000000000000e+01 8.385199999999999321e+00 1.372031000000000063e+02 1.800000000000000000e+02 1.341933999999999969e+02 1.000000000000000000e+00 1.000000000000000000e+00 7.069999999999999896e-02 2.500000000000000000e-01 1.000000000000000048e-04
2.480000000000000071e+01 8.381800000000000139e+00 1.372640000000000100e+02 1.800000000000000000e+02 1.342544000000000040e+02 1.000000000000000000e+00 1.000000000000000000e+00 7.080000000000000182e-02 2.500000000000000000e-01 1.000000000000000048e-04
2.485000000000000142e+01 8.378299999999999415e+00 1.373249000000000137e+02 1.800000000000000000e+02 1.343154000000000110e+02 1.000000000000000000e+00 1.000000000000000000e+00 7.099999999999999367e-02 2.500000000000000000e-01 1.000000000000000048e-04
2.489999999999999858e+01 8.374900000000000233e+00 1.373858999999999924e+02 1.800000000000000000e+02 1.343764999999999930e+02 1.000000000000000000e+00 1.000000000000000000e+00 7.119999999999999940e-02 2.500000000000000000e-01 1.000000000000000048e-04
2.494999999999999929e+01 8.371499999999999275e+00 1.374470000000000027e+02 1.800000000000000000e+02 1.344377000000000066e+02 1.000000000000000000e+00 1.000000000000000000e+00 7.140000000000000513e-02 2.500000000000000000e-01 1.000000000000000048e-04
2.500000000000000000e+01 8.368000000000000327e+00 1.375081000000000131e+02 1.800000000000000000e+02 1.344988999999999919e+02 1.000000000000000000e+00 1.000000000000000000e+00 7.159999999999999698e-02 2.500000000000000000e-01 1.000000000000000048e-04
2.505000000000000071e+01 8.364599999999999369e+00 1.375692999999999984e+02 1.800000000000000000e+02 1.345602000000000089e+02 1.000000000000000000e+00 1.000000000000000000e+00 7.180000000000000271e-02 2.500000000000000000e-01 1.000000000000000048e-04
2.510000000000000142e+01 8.361200000000000188e+00 1.376305999999999869e+02 1.800000000000000000e+02 1.346216000000000008e+02 1.000000000000000000e+00 1.000000000000000000e+00 7.190000000000000557e-02 2.500000000000000000e-01 1.000000000000000048e-04
2.514999999999999858e+01 8.357699999999999463e+00 1.376919000000000040e+02 1.800000000000000000e+02 1.346830999999999960e+02 1.000000000000000000e+00 1.000000000000000000e+00 7.209999999999999742e-02 2.500000000000000000e-01 1.000000000000000048e-04
2.519999999999999929e+01 8.354300000000000281e+00 1.377532999999999959e+02 1.800000000000000000e+02 1.347445999999999913e+02 1.000000000000000000e+00 1.000000000000000000e+00 7.230000000000000315e-02 2.500000000000000000e-01 1.000000000000000048e-04
2.525000000000000000e+01 8.350899999999999324e+00 1.378147999999999911e+02 1.800000000000000000e+02 1.348060999999999865e+02 1.000000000000000000e+00 1.000000000000000000e+00 7.249999999999999500e-02 2.500000000000000000e-01 1.000000000000000048e-04
2.530000000000000071e+01 8.347400000000000375e+00 1.378762999999999863e+02 1.800000000000000000e+02 1.348677999999999884e+02 1.000000000000000000e+00 1.000000000000000000e+00 7.270000000000000073e-02 2.500000000000000000e-01 1.000000000000000048e-04
2.535000000000000142e+01 8.343999999999999417e+00 1.379379000000000133e+02 1.800000000000000000e+02 1.349294999999999902e+02 1.000000000000000000e+00 1.000000000000000000e+00 7.280000000000000360e-02 2.500000000000000000e-01 1.000000000000000048e-04
2.539999999999999858e+01 8.340500000000000469e+00 1.379995999999999867e+02 1.800000000000000000e+02 1.349912999999999954e+02 1.000000000000000000e+00 1.000000000000000000e+00 7.299999999999999545e-02 2.500000000000000000e-01 1.000000000000000048e-04
2.544999999999999929e+01 8.337099999999999511e+00 1.380613999999999919e+02 1.800000000000000000e+02 1.350531000000000006e+02 1.000000000000000000e+00 1.000000000000000000e+00 7.320000000000000118e-02 2.500000000000000000e-01 1.000000000000000048e-04
2.550000000000000000e+01 8.333700000000000330e+00 1.381231999999999971e+02 1.800000000000000000e+02 1.351150000000000091e+02 1.000000000000000000e+00 1.000000000000000000e+00 7.340000000000000691e-02 2.500000000000000000e-01 1.000000000000000048e-04
2.555000000000000071e+01 8.330199999999999605e+00 1.381850000000000023e+02 1.800000000000000000e+02 1.351769999999999925e+02 1.000000000000000000e+00 1.000000000000000000e+00 7.359999999999999876e-02 2.500000000000000000e-01 1.000000000000000048e-04
2.560000000000000142e+01 8.326800000000000423e+00 1.382470000000000141e+02 1.800000000000000000e+02 1.352390000000000043e+02 1.000000000000000000e+00 1.000000000000000000e+00 7.380000000000000449e-02 2.500000000000000000e-01 1.000000000000000048e-04
2.564999999999999858e+01 8.323299999999999699e+00 1.383089999999999975e+02 1.800000000000000000e+02 1.353011999999999944e+02 1.000000000000000000e+00 1.000000000000000000e+00 7.389999999999999347e-02 2.500000000000000000e-01 1.000000000000000048e-04
2.569999999999999929e+01 8.319900000000000517e+00 1.383711000000000126e+02 1.800000000000000000e+02 1.353633000000000095e+02 1.000000000000000000e+00 1.000000000000000000e+00 7.409999999999999920e-02 2.500000000000000000e-01 1.000000000000000048e-04
2.575000000000000000e+01 8.316399999999999793e+00 1.384331999999999994e+02 1.800000000000000000e+02 1.354256000000000029e+02 1.000000000000000000e+00 1.000000000000000000e+00 7.430000000000000493e-02 2.500000000000000000e-01 1.000000000000000048e-04
2.580000000000000071e+01 8.313000000000000611e+00 1.384953999999999894e+02 1.800000000000000000e+02 1.354878999999999962e+02 1.000000000000000000e+00 1.000000000000000000e+00 7.449999999999999678e-02 2.500000000000000000e-01 1.000000000000000048e-04
2.585000000000000142e+01 8.309499999999999886e+00 1.385577000000000112e+02 1.800000000000000000e+02 1.355502999999999929e+02 1.000000000000000000e+00 1.000000000000000000e+00 7.470000000000000251e-02 2.500000000000000000e-01 1.000000000000000048e-04
2.589999999999999858e+01 8.306100000000000705e+00 1.386201000000000079e+02 1.800000000000000000e+02 1.356127999999999929e+02 1.000000000000000000e+00 1.000000000000000000e+00 7.489999999999999436e-02 2.500000000000000000e-01 1.000000000000000048e-04
2.594999999999999929e+01 8.302599999999999980e+00 1.386825000000000045e+02 1.800000000000000000e+02 1.356752999999999929e+02 1.000000000000000000e+00 1.000000000000000000e+00 7.510000000000000009e-02 2.500000000000000000e-01 1.000000000000000048e-04
2.600000000000000000e+01 8.299200000000000799e+00 1.387450000000000045e+02 1.800000000000000000e+02 1.357378999999999962e+02 1.000000000000000000e+00 1.000000000000000000e+00 7.520000000000000295e-02 2.500000000000000000e-01 1.000000000000000048e-04
2.605000000000000071e+01 8.295700000000000074e+00 1.388075000000000045e+02 1.800000000000000000e+02 1.358004999999999995e+02 1.000000000000000000e+00 1.000000000000000000e+00 7.539999999999999480e-02 2.500000000000000000e-01 1.000000000000000048e-04
2.610000000000000142e+01 8.292299999999999116e+00 1.388702000000000112e+02 1.800000000000000000e+02 1.358633000000000095e+02 1.000000000000000000e+00 1.000000000000000000e+00 7.560000000000000053e-02 2.500000000000000000e-01 1.000000000000000048e-04
2.614999999999999858e+01 8.288800000000000168e+00 1.389328999999999894e+02 1.800000000000000000e+02 1.359260999999999910e+02 1.000000000000000000e+00 1.000000000000000000e+00 7.580000000000000626e-02 2.500000000000000000e-01 1.000000000000000048e-04
2.619999999999999929e+01 8.285399999999999210e+00 1.389955999999999960e+02 1.800000000000000000e+02 1.359889000000000010e+02 1.000000000000000000e+00 1.000000000000000000e+00 7.599999999999999811e-02 2.500000000000000000e-01 1.000000000000000048e-04
2.625000000000000000e+01 8.281900000000000261e+00 1.390585000000000093e+02 1.800000000000000000e+02 1.360518999999999892e+02 1.000000000000000000e+00 1.000000000000000000e+00 7.620000000000000384e-02 2.500000000000000000e-01 1.000000000000000048e-04
2.630000000000000071e+01 8.278499999999999304e+00 1.391213999999999942e+02 1.800000000000000000e+02 1.361149000000000058e+02 1.000000000000000000e+00 1.000000000000000000e+00 7.639999999999999569e-02 2.500000000000000000e-01 1.000000000000000048e-04
2.635000000000000142e+01 8.275000000000000355e+00 1.391843000000000075e+02 1.800000000000000000e+02 1.361779999999999973e+02 1.000000000000000000e+00 1.000000000000000000e+00 7.660000000000000142e-02 2.500000000000000000e-01 1.000000000000000048e-04
2.639999999999999858e+01 8.271499999999999631e+00 1.392473999999999990e+02 1.800000000000000000e+02 1.362410999999999888e+02 1.000000000000000000e+00 1.000000000000000000e+00 7.670000000000000429e-02 2.500000000000000000e-01 1.000000000000000048e-04
2.644999999999999929e+01 8.268100000000000449e+00 1.393104999999999905e+02 1.800000000000000000e+02 1.363043999999999869e+02 1.000000000000000000e+00 1.000000000000000000e+00 7.689999999999999614e-02 2.500000000000000000e-01 1.000000000000000048e-04
2.650000000000000000e+01 8.264599999999999724e+00 1.393737000000000137e+02 1.800000000000000000e+02 1.363676000000000101e+02 1.000000000000000000e+00 1.000000000000000000e+00 7.710000000000000187e-02 2.500000000000000000e-01 1.000000000000000048e-04
2.655000000000000071e+01 8.261200000000000543e+00 1.394370000000000118e+02 1.800000000000000000e+02 1.364310000000000116e+02 1.000000000000000000e+00 1.000000000000000000e+00 7.729999999999999372e-02 2.500000000000000000e-01 1.000000000000000048e-04
2.660000000000000142e+01 8.257699999999999818e+00 1.395003000000000100e+02 1.800000000000000000e+02 1.364944000000000131e+02 1.000000000000000000e+00 1.000000000000000000e+00 7.749999999999999944e-02 2.500000000000000000e-01 1.000000000000000048e-04
2.664999999999999858e+01 8.254200000000000870e+00 1.395637000000000114e+02 1.800000000000000000e+02 1.365578999999999894e+02 1.000000000000000000e+00 1.000000000000000000e+00 7.770000000000000517e-02 2.500000000000000000e-01 1.000000000000000048e-04
2.669999999999999929e+01 8.250799999999999912e+00 1.396271999999999878e+02 1.800000000000000000e+02 1.366214999999999975e+02 1.000000000000000000e+00 1.000000000000000000e+00 7.789999999999999702e-02 2.500000000000000000e-01 1.000000000000000048e-04
2.675000000000000000e+01 8.247299999999999187e+00 1.396906999999999925e+02 1.800000000000000000e+02 1.366852000000000089e+02 1.000000000000000000e+00 1.000000000000000000e+00 7.810000000000000275e-02 2.500000000000000000e-01 1.000000000000000048e-04
2.680000000000000071e+01 8.243800000000000239e+00 1.397543000000000006e+02 1.800000000000000000e+02 1.367488999999999919e+02 1.000000000000000000e+00 1.000000000000000000e+00 7.820000000000000562e-02 2.500000000000000000e-01 1.000000000000000048e-04
2.685000000000000142e+01 8.240399999999999281e+00 1.398180000000000121e+02 1.800000000000000000e+02 1.368127000000000066e+02 1.000000000000000000e+00 1.000000000000000000e+00 7.839999999999999747e-02 2.500000000000000000e-01 1.000000000000000048e-04
2.689999999999999858e+01 8.236900000000000333e+00 1.398817999999999984e+02 1.800000000000000000e+02 1.368764999999999930e+02 1.000000000000000000e+00 1.000000000000000000e+00 7.860000000000000320e-02 2.500000000000000000e-01 1.000000000000000048e-04
2.694999999999999929e+01 8.233399999999999608e+00 1.399456000000000131e+02 1.800000000000000000e+02 1.369404999999999859e+02 1.000000000000000000e+00 1.000000000000000000e+00 7.879999999999999505e-02 2.500000000000000000e-01 1.000000000000000048e-04
2.700000000000000000e+01 8.230000000000000426e+00 1.400095000000000027e+02 1.800000000000000000e+02 1.370045000000000073e+02 1.000000000000000000e+00 1.000000000000000000e+00 7.900000000000000078e-02 2.500000000000000000e-01 1.000000000000000048e-04
2.705000000000000071e+01 8.226499999999999702e+00 1.400734999999999957e+02 1.800000000000000000e+02 1.370685000000000002e+02 1.000000000000000000e+00 1.000000000000000000e+00 7.920000000000000651e-02 2.500000000000000000e-01 1.000000000000000048e-04
2.710000000000000142e+01 8.223000000000000753e+00 1.401374999999999886e+02 1.800000000000000000e+02 1.371326999999999998e+02 1.000000000000000000e+00 1.000000000000000000e+00 7.939999999999999836e-02 2.500000000000000000e-01 1.000000000000000048e-04
2.714999999999999858e+01 8.219599999999999795e+00 1.402016000000000133e+02 1.800000000000000000e+02 1.371968999999999994e+02 1.000000000000000000e+00 1.000000000000000000e+00 7.960000000000000409e-02 2.500000000000000000e-01 1.000000000000000048e-04
2.719999999999999929e+01 8.216100000000000847e+00 1.402658000000000129e+02 1.800000000000000000e+02 1.372612000000000023e+02 1.000000000000000000e+00 1.000000000000000000e+00 7.979999999999999594e-02 2.500000000000000000e-01 1.000000000000000048e-04
2.725000000000000000e+01 8.212600000000000122e+00 1.403300999999999874e+02 1.800000000000000000e+02 1.373255000000000052e+02 1.000000000000000000e+00 1.000000000000000000e+00 8.000000000000000167e-02 2.500000000000000000e-01 1.000000000000000048e-04
2.730000000000000071e+01 8.209099999999999397e+00 1.403943999999999903e+02 1.800000000000000000e+02 1.373899999999999864e+02 1.000000000000000000e+00 1.000000000000000000e+00 8.010000000000000453e-02 2.500000000000000000e-01 1.000000000000000048e-04
2.735000000000000142e+01 8.205700000000000216e+00 1.404587999999999965e+02 1.800000000000000000e+02 1.374544999999999959e+02 1.000000000000000000e+00 1.000000000000000000e+00 8.029999999999999638e-02 2.500000000000000000e-01 1.000000000000000048e-04
2.739999999999999858e+01 8.202199999999999491e+00 1.405233000000000061e+02 1.800000000000000000e+02 1.375191000000000088e+02 1.000000000000000000e+00 1.000000000000000000e+00 8.050000000000000211e-02 2.500000000000000000e-01 1.000000000000000048e-04
2.744999999999999929e+01 8.198700000000000543e+00 1.405878999999999905e+02 1.800000000000000000e+02 1.375836999999999932e+02 1.000000000000000000e+00 1.000000000000000000e+00 8.069999999999999396e-02 2.500000000000000000e-01 1.000000000000000048e-04
2.750000000000000000e+01 8.195199999999999818e+00 1.406525000000000034e+02 1.800000000000000000e+02 1.376485000000000127e+02 1.000000000000000000e+00 1.000000000000000000e+00 8.089999999999999969e-02 2.500000000000000000e-01 1.000000000000000048e-04
2.755000000000000071e+01 8.191700000000000870e+00 1.407171999999999912e+02 1.800000000000000000e+02 1.377133000000000038e+02 1.000000000000000000e+00 1.000000000000000000e+00 8.110000000000000542e-02 2.500000000000000000e-01 1.000000000000000048e-04
2.760000000000000142e+01 8.188299999999999912e+00 1.407820000000000107e+02 1.800000000000000000e+02 1.377780999999999949e+02 1.000000000000000000e+00 1.000000000000000000e+00 8.129999999999999727e-02 2.500000000000000000e-01 1.000000000000000048e-04
2.764999999999999858e+01 8.184799999999999187e+00 1.408468000000000018e+02 1.800000000000000000e+02 1.378430999999999926e+02 1.000000000000000000e+00 1.000000000000000000e+00 8.150000000000000300e-02 2.500000000000000000e-01 1.000000000000000048e-04
2.769999999999999929e+01 8.181300000000000239e+00 1.409117999999999995e+02 1.800000000000000000e+02 1.379080999999999904e+02 1.000000000000000000e+00 1.000000000000000000e+00 8.169999999999999485e-02 2.500000000000000000e-01 1.000000000000000048e-04
2.775000000000000000e+01 8.177799999999999514e+00 1.409767999999999972e+02 1.800000000000000000e+02 1.379731999999999914e+02 1.000000000000000000e+00 1.000000000000000000e+00 8.190000000000000058e-02 2.500000000000000000e-01 1.000000000000000048e-04
2.780000000000000071e+01 8.174300000000000566e+00 1.410417999999999950e+02 1.800000000000000000e+02 1.380383999999999958e+02 1.000000000000000000e+00 1.000000000000000000e+00 8.210000000000000631e-02 2.500000000000000000e-01 1.000000000000000048e-04
2.785000000000000142e+01 8.170899999999999608e+00 1.411069999999999993e+02 1.800000000000000000e+02 1.381036000000000001e+02 1.000000000000000000e+00 1.000000000000000000e+00 8.229999999999999816e-02 2.500000000000000000e-01 1.000000000000000048e-04
2.789999999999999858e+01 8.167400000000000659e+00 1.411722000000000037e+02 1.800000000000000000e+02 1.381689000000000078e+02 1.000000000000000000e+00 1.000000000000000000e+00 8.250000000000000389e-02 2.500000000000000000e-01 1.000000000000000048e-04
2.794999999999999929e+01 8.163899999999999935e+00 1.412375000000000114e+02 1.800000000000000000e+02 1.382342999999999904e+02 1.000000000000000000e+00 1.000000000000000000e+00 8.269999999999999574e-02 2.500000000000000000e-01 1.000000000000000048e-04
2.800000000000000000e+01 8.160399999999999210e+00 1.413028999999999940e+02 1.800000000000000000e+02 1.382998000000000047e+02 1.000000000000000000e+00 1.000000000000000000e+00 8.279999999999999860e-02 2.500000000000000000e-01 1.000000000000000048e-04
2.805000000000000071e+01 8.156900000000000261e+00 1.413683000000000050e+02 1.800000000000000000e+02 1.383652999999999906e+02 1.000000000000000000e+00 1.000000000000000000e+00 8.300000000000000433e-02 2.500000000000000000e-01 1.000000000000000048e-04
2.810000000000000142e+01 8.153399999999999537e+00 1.414337999999999909e+02 1.800000000000000000e+02 1.384309000000000083e+02 1.000000000000000000e+00 1.000000000000000000e+00 8.319999999999999618e-02 2.500000000000000000e-01 1.000000000000000048e-04
2.814999999999999858e+01 8.149900000000000588e+00 1.414994000000000085e+02 1.800000000000000000e+02 1.384966000000000008e+02 1.000000000000000000e+00 1.000000000000000000e+00 8.340000000000000191e-02 2.500000000000000000e-01 1.000000000000000048e-04
2.819999999999999929e+01 8.146399999999999864e+00 1.415651000000000010e+02 1.800000000000000000e+02 1.385623999999999967e+02 1.000000000000000000e+00 1.000000000000000000e+00 8.359999999999999376e-02 2.500000000000000000e-01 1.000000000000000048e-04
2.825000000000000000e+01 8.142899999999999139e+00 1.416308999999999969e+02 1.800000000000000000e+02 1.386282999999999959e+02 1.000000000000000000e+00 1.000000000000000000e+00 8.379999999999999949e-02 2.500000000000000000e-01 1.000000000000000048e-04
2.830000000000000071e+01 8.139400000000000190e+00 1.416966999999999928e+02 1.800000000000000000e+02 1.386941999999999950e+02 1.000000000000000000e+00 1.000000000000000000e+00 8.400000000000000522e-02 2.500000000000000000e-01 1.000000000000000048e-04
2.835000000000000142e+01 8.135899999999999466e+00 1.417625999999999920e+02 1.800000000000000000e+02 1.387601999999999975e+02 1.000000000000000000e+00 1.000000000000000000e+00 8.419999999999999707e-02 2.500000000000000000e-01 1.000000000000000048e-04
2.839999999999999858e+01 8.132500000000000284e+00 1.418285999999999945e+02 1.800000000000000000e+02 1.388262000000000000e+02 1.000000000000000000e+00 1.000000000000000000e+00 8.440000000000000280e-02 2.500000000000000000e-01 1.000000000000000048e-04
2.844999999999999929e+01 8.128999999999999559e+00 1.418945999999999970e+02 1.800000000000000000e+02 1.388924000000000092e+02 1.000000000000000000e+00 1.000000000000000000e+00 8.459999999999999465e-02 2.500000000000000000e-01 1.000000000000000048e-04
2.850000000000000000e+01 8.125500000000000611e+00 1.419607000000000028e+02 1.800000000000000000e+02 1.389585999999999899e+02 1.000000000000000000e+00 1.000000000000000000e+00 8.480000000000000038e-02 2.500000000000000000e-01 1.000000000000000048e-04
2.855000000000000071e+01 8.121999999999999886e+00 1.420269999999999868e+02 1.800000000000000000e+02 1.390249000000000024e+02 1.000000000000000000e+00 1.000000000000000000e+00 8.500000000000000611e-02 2.500000000000000000e-01 1.000000000000000048e-04
2.860000000000000142e+01 8.118499999999999162e+00 1.420931999999999960e+02 1.800000000000000000e+02 1.390912999999999897e+02 1.000000000000000000e+00 1.000000000000000000e+00 8.519999999999999796e-02 2.500000000000000000e-01 1.000000000000000048e-04
2.864999999999999858e+01 8.115000000000000213e+00 1.421596000000000117e+02 1.800000000000000000e+02 1.391577000000000055e+02 1.000000000000000000e+00 1.000000000000000000e+00 8.540000000000000369e-02 2.500000000000000000e-01 1.000000000000000048e-04
2.869999999999999929e+01 8.111499999999999488e+00 1.422259999999999991e+02 1.800000000000000000e+02 1.392242999999999995e+02 1.000000000000000000e+00 1.000000000000000000e+00 8.559999999999999554e-02 2.500000000000000000e-01 1.000000000000000048e-04
2.875000000000000000e+01 8.108000000000000540e+00 1.422925999999999931e+02 1.800000000000000000e+02 1.392908999999999935e+02 1.000000000000000000e+00 1.000000000000000000e+00 8.580000000000000127e-02 2.500000000000000000e-01 1.000000000000000048e-04
2.880000000000000071e+01 8.104499999999999815e+00 1.423591000000000122e+02 1.800000000000000000e+02 1.393575999999999908e+02 1.000000000000000000e+00 1.000000000000000000e+00 8.599999999999999312e-02 2.500000000000000000e-01 1.000000000000000048e-04
2.885000000000000142e+01 8.100899999999999324e+00 1.424258000000000095e+02 1.800000000000000000e+02 1.394242999999999881e+02 1.000000000000000000e+00 1.000000000000000000e+00 8.619999999999999885e-02 2.500000000000000000e-01 1.000000000000000048e-04
2.889999999999999858e+01 8.097400000000000375e+00 1.424926000000000101e+02 1.800000000000000000e+02 1.394911999999999921e+02 1.000000000000000000e+00 1.000000000000000000e+00 8.640000000000000457e-02 2.500000000000000000e-01 1.000000000000000048e-04
2.894999999999999929e+01 8.093899999999999650e+00 1.425594000000000108e+02 1.800000000000000000e+02 1.395580999999999960e+02 1.000000000000000000e+00 1.000000000000000000e+00 8.659999999999999643e-02 2.500000000000000000e-01 1.000000000000000048e-04
2.900000000000000000e+01 8.090400000000000702e+00 1.426262999999999863e+02 1.800000000000000000e+02 1.396251000000000033e+02 1.000000000000000000e+00 1.000000000000000000e+00 8.680000000000000215e-02 2.500000000000000000e-01 1.000000000000000048e-04
2.905000000000000071e+01 8.086899999999999977e+00 1.426932999999999936e+02 1.800000000000000000e+02 1.396922000000000139e+02 1.000000000000000000e+00 1.000000000000000000e+00 8.699999999999999400e-02 2.500000000000000000e-01 1.000000000000000048e-04
2.910000000000000142e+01 8.083399999999999253e+00 1.427603000000000009e+02 1.800000000000000000e+02 1.397592999999999961e+02 1.000000000000000000e+00 1.000000000000000000e+00 8.719999999999999973e-02 2.500000000000000000e-01 1.000000000000000048e-04
2.914999999999999858e+01 8.079900000000000304e+00 1.428274999999999864e+02 1.800000000000000000e+02 1.398265000000000100e+02 1.000000000000000000e+00 1.000000000000000000e+00 8.740000000000000546e-02 2.500000000000000000e-01 1.000000000000000048e-04
2.919999999999999929e+01 8.076399999999999579e+00 1.428947000000000003e+02 1.800000000000000000e+02 1.398937999999999988e+02 1.000000000000000000e+00 1.000000000000000000e+00 8.759999999999999731e-02 2.500000000000000000e-01 1.000000000000000048e-04
2.925000000000000000e+01 8.072900000000000631e+00 1.429619999999999891e+02 1.800000000000000000e+02 1.399611999999999910e+02 1.000000000000000000e+00 1.000000000000000000e+00 8.780000000000000304e-02 2.500000000000000000e-01 1.000000000000000048e-04
2.930000000000000071e+01 8.069399999999999906e+00 1.430294000000000096e+02 1.800000000000000000e+02 1.400286999999999864e+02 1.000000000000000000e+00 1.000000000000000000e+00 8.799999999999999489e-02 2.500000000000000000e-01 1.000000000000000048e-04
2.935000000000000142e+01 8.065799999999999415e+00 1.430968000000000018e+02 1.800000000000000000e+02 1.400962000000000103e+02 1.000000000000000000e+00 1.000000000000000000e+00 8.820000000000000062e-02 2.500000000000000000e-01 1.000000000000000048e-04
2.939999999999999858e+01 8.062300000000000466e+00 1.431644000000000005e+02 1.800000000000000000e+02 1.401639000000000124e+02 1.000000000000000000e+00 1.000000000000000000e+00 8.840000000000000635e-02 2.500000000000000000e-01 1.000000000000000048e-04
2.944999999999999929e+01 8.058799999999999741e+00 1.432319999999999993e+02 1.800000000000000000e+02 1.402315999999999860e+02 1.000000000000000000e+00 1.000000000000000000e+00 8.859999999999999820e-02 2.500000000000000000e-01 1.000000000000000048e-04
2.950000000000000000e+01 8.055300000000000793e+00 1.432997000000000014e+02 1.800000000000000000e+02 1.402993999999999915e+02 1.000000000000000000e+00 1.000000000000000000e+00 8.880000000000000393e-02 2.500000000000000000e-01 1.000000000000000048e-04
2.955000000000000071e+01 8.051800000000000068e+00 1.433675000000000068e+02 1.800000000000000000e+02 1.403671999999999969e+02 1.000000000000000000e+00 1.000000000000000000e+00 8.899999999999999578e-02 2.500000000000000000e-01 1.000000000000000048e-04
2.960000000000000142e+01 8.048299999999999343e+00 1.434353000000000122e+02 1.800000000000000000e+02 1.404352000000000089e+02 1.000000000000000000e+00 1.000000000000000000e+00 8.920000000000000151e-02 2.500000000000000000e-01 1.000000000000000048e-04
2.964999999999999858e+01 8.044700000000000628e+00 1.435031999999999925e+02 1.800000000000000000e+02 1.405031999999999925e+02 1.000000000000000000e+00 1.000000000000000000e+00 8.939999999999999336e-02 2.500000000000000000e-01 1.000000000000000048e-04
2.969999999999999929e+01 8.041199999999999903e+00 1.435713000000000079e+02 1.800000000000000000e+02 1.405713000000000079e+02 1.000000000000000000e+00 1.000000000000000000e+00 8.959999999999999909e-02 2.500000000000000000e-01 1.000000000000000048e-04
2.975000000000000000e+01 8.037699999999999179e+00 1.436393999999999949e+02 1.800000000000000000e+02 1.406394999999999982e+02 1.000000000000000000e+00 1.000000000000000000e+00 8.980000000000000482e-02 2.500000000000000000e-01 1.000000000000000048e-04
2.980000000000000071e+01 8.034200000000000230e+00 1.437075000000000102e+02 1.800000000000000000e+02 1.407076999999999884e+02 1.000000000000000000e+00 1.000000000000000000e+00 8.999999999999999667e-02 2.500000000000000000e-01 1.000000000000000048e-04
2.985000000000000142e+01 8.030599999999999739e+00 1.437758000000000038e+02 1.800000000000000000e+02 1.407761000000000138e+02 1.000000000000000000e+00 1.000000000000000000e+00 9.020000000000000240e-02 2.500000000000000000e-01 1.000000000000000048e-04
2.989999999999999858e+01 8.027100000000000790e+00 1.438440999999999974e+02 1.800000000000000000e+02 1.408445000000000107e+02 1.000000000000000000e+00 1.000000000000000000e+00 9.039999999999999425e-02 2.500000000000000000e-01 1.000000000000000048e-04
2.994999999999999929e+01 8.023600000000000065e+00 1.439125999999999976e+02 1.800000000000000000e+02 1.409130000000000109e+02 1.000000000000000000e+00 1.000000000000000000e+00 9.059999999999999998e-02 2.500000000000000000e-01 1.000000000000000048e-04
3.000000000000000000e+01 8.020099999999999341e+00 1.439810999999999979e+02 1.800000000000000000e+02 1.409815999999999860e+02 1.000000000000000000e+00 1.000000000000000000e+00 9.080000000000000571e-02 2.500000000000000000e-01 1.000000000000000048e-04
3.005000000000000071e+01 8.016500000000000625e+00 1.440495999999999981e+02 1.800000000000000000e+02 1.410502999999999929e+02 1.000000000000000000e+00 1.000000000000000000e+00 9.099999999999999756e-02 2.500000000000000000e-01 1.000000000000000048e-04
3.010000000000000142e+01 8.012999999999999901e+00 1.441183000000000050e+02 1.800000000000000000e+02 1.411189999999999998e+02 1.000000000000000000e+00 1.000000000000000000e+00 9.120000000000000329e-02 2.500000000000000000e-01 1.000000000000000048e-04
3.014999999999999858e+01 8.009499999999999176e+00 1.441870999999999867e+02 1.800000000000000000e+02 1.411879000000000133e+02 1.000000000000000000e+00 1.000000000000000000e+00 9.139999999999999514e-02 2.500000000000000000e-01 1.000000000000000048e-04
3.019999999999999929e+01 8.005900000000000460e+00 1.442558999999999969e+02 1.800000000000000000e+02 1.412567999999999984e+02 1.000000000000000000e+00 1.000000000000000000e+00 9.160000000000000087e-02 2.500000000000000000e-01 1.000000000000000048e-04
3.025000000000000000e+01 8.002399999999999736e+00 1.443248000000000104e+02 1.800000000000000000e+02 1.413257999999999868e+02 1.000000000000000000e+00 1.000000000000000000e+00 9.180000000000000659e-02 2.500000000000000000e-01 1.000000000000000048e-04
3.030000000000000071e+01 7.998899999999999899e+00 1.443937999999999988e+02 1.800000000000000000e+02 1.413949000000000069e+02 1.000000000000000000e+00 1.000000000000000000e+00 9.199999999999999845e-02 2.500000000000000000e-01 1.000000000000000048e-04
3.035000000000000142e+01 7.995300000000000296e+00 1.444628999999999905e+02 1.800000000000000000e+02 1.414639999999999986e+02 1.000000000000000000e+00 1.000000000000000000e+00 9.220000000000000417e-02 2.500000000000000000e-01 1.000000000000000048e-04
3.039999999999999858e+01 7.991799999999999571e+00 1.445321000000000140e+02 1.800000000000000000e+02 1.415332999999999970e+02 1.000000000000000000e+00 1.000000000000000000e+00 9.239999999999999603e-02 2.500000000000000000e-01 1.000000000000000048e-04
3.044999999999999929e+01 7.988299999999999734e+00 1.446013000000000090e+02 1.800000000000000000e+02 1.416025999999999954e+02 1.000000000000000000e+00 1.000000000000000000e+00 9.260000000000000175e-02 2.500000000000000000e-01 1.000000000000000048e-04
3.050000000000000000e+01 7.984700000000000131e+00 1.446706000000000074e+02 1.800000000000000000e+02 1.416719999999999970e+02 1.000000000000000000e+00 1.000000000000000000e+00 9.289999999999999647e-02 2.500000000000000000e-01 1.000000000000000048e-04
3.055000000000000071e+01 7.981200000000000294e+00 1.447400000000000091e+02 1.800000000000000000e+02 1.417415000000000020e+02 1.000000000000000000e+00 1.000000000000000000e+00 9.310000000000000220e-02 2.500000000000000000e-01 1.000000000000000048e-04
3.060000000000000142e+01 7.977599999999999802e+00 1.448095000000000141e+02 1.800000000000000000e+02 1.418111000000000104e+02 1.000000000000000000e+00 1.000000000000000000e+00 9.329999999999999405e-02 2.500000000000000000e-01 1.000000000000000048e-04
3.064999999999999858e+01 7.974099999999999966e+00 1.448790999999999940e+02 1.800000000000000000e+02 1.418807999999999936e+02 1.000000000000000000e+00 1.000000000000000000e+00 9.349999999999999978e-02 2.500000000000000000e-01 1.000000000000000048e-04
3.069999999999999929e+01 7.970600000000000129e+00 1.449488000000000056e+02 1.800000000000000000e+02 1.419505000000000052e+02 1.000000000000000000e+00 1.000000000000000000e+00 9.370000000000000551e-02 2.500000000000000000e-01 1.000000000000000048e-04
3.075000000000000000e+01 7.966999999999999638e+00 1.450184999999999889e+02 1.800000000000000000e+02 1.420202999999999918e+02 1.000000000000000000e+00 1.000000000000000000e+00 9.389999999999999736e-02 2.500000000000000000e-01 1.000000000000000048e-04
3.080000000000000071e+01 7.963799999999999990e+00 1.450006999999999948e+02 1.800000000000000000e+02 1.415914999999999964e+02 1.000000000000000000e+00 1.000000000000000000e+00 9.379999999999999449e-02 2.500000000000000000e-01 1.000000000000000048e-04
3.085000000000000142e+01 7.960300000000000153e+00 1.450641999999999996e+02 1.800000000000000000e+02 1.416553000000000111e+02 1.000000000000000000e+00 1.000000000000000000e+00 9.400000000000000022e-02 2.500000000000000000e-01 1.000000000000000048e-04
3.089999999999999858e+01 7.956699999999999662e+00 1.451337000000000046e+02 1.800000000000000000e+02 1.417247999999999877e+02 1.000000000000000000e+00 1.000000000000000000e+00 9.420000000000000595e-02 2.500000000000000000e-01 1.000000000000000048e-04
3.094999999999999929e+01 7.953199999999999825e+00 1.452036999999999978e+02 1.800000000000000000e+02 1.417949000000000126e+02 1.000000000000000000e+00 1.000000000000000000e+00 9.439999999999999780e-02 2.500000000000000000e-01 1.000000000000000048e-04
3.100000000000000000e+01 7.949600000000000222e+00 1.452737999999999943e+02 1.800000000000000000e+02 1.418651000000000124e+02 1.000000000000000000e+00 1.000000000000000000e+00 9.460000000000000353e-02 2.500000000000000000e-01 1.000000000000000048e-04
3.105000000000000071e+01 7.946100000000000385e+00 1.453439999999999941e+02 1.800000000000000000e+02 1.419353999999999871e+02 1.000000000000000000e+00 1.000000000000000000e+00 9.489999999999999825e-02 2.500000000000000000e-01 1.000000000000000048e-04
3.110000000000000142e+01 7.942499999999999893e+00 1.454144000000000005e+02 1.800000000000000000e+02 1.420058999999999969e+02 1.000000000000000000e+00 1.000000000000000000e+00 9.510000000000000397e-02 2.500000000000000000e-01 1.000000000000000048e-04
3.114999999999999858e+01 7.939000000000000057e+00 1.454848000000000070e+02 1.800000000000000000e+02 1.420763000000000034e+02 1.000000000000000000e+00 1.000000000000000000e+00 9.529999999999999583e-02 2.500000000000000000e-01 1.000000000000000048e-04
3.119999999999999929e+01 7.935399999999999565e+00 1.455552999999999884e+02 1.800000000000000000e+02 1.421468999999999880e+02 1.000000000000000000e+00 1.000000000000000000e+00 9.550000000000000155e-02 2.500000000000000000e-01 1.000000000000000048e-04
3.125000000000000000e+01 7.931899999999999729e+00 1.456259000000000015e+02 1.800000000000000000e+02 1.422176000000000045e+02 1.000000000000000000e+00 1.000000000000000000e+00 9.569999999999999341e-02 2.500000000000000000e-01 1.000000000000000048e-04
3.130000000000000071e+01 7.928300000000000125e+00 1.456964999999999861e+02 1.800000000000000000e+02 1.422882999999999925e+02 1.000000000000000000e+00 1.000000000000000000e+00 9.589999999999999913e-02 2.500000000000000000e-01 1.000000000000000048e-04
3.135000000000000142e+01 7.924699999999999633e+00 1.457673000000000059e+02 1.800000000000000000e+02 1.423591999999999871e+02 1.000000000000000000e+00 1.000000000000000000e+00 9.610000000000000486e-02 2.500000000000000000e-01 1.000000000000000048e-04
3.139999999999999858e+01 7.921199999999999797e+00 1.458380999999999972e+02 1.800000000000000000e+02 1.424301000000000101e+02 1.000000000000000000e+00 1.000000000000000000e+00 9.629999999999999671e-02 2.500000000000000000e-01 1.000000000000000048e-04
3.144999999999999929e+01 7.917600000000000193e+00 1.459090999999999951e+02 1.800000000000000000e+02 1.425011000000000081e+02 1.000000000000000000e+00 1.000000000000000000e+00 9.650000000000000244e-02 2.500000000000000000e-01 1.000000000000000048e-04
3.150000000000000000e+01 7.914100000000000357e+00 1.459800999999999931e+02 1.800000000000000000e+02 1.425722000000000094e+02 1.000000000000000000e+00 1.000000000000000000e+00 9.669999999999999429e-02 2.500000000000000000e-01 1.000000000000000048e-04
3.155000000000000071e+01 7.910499999999999865e+00 1.460511999999999944e+02 1.800000000000000000e+02 1.426434000000000140e+02 1.000000000000000000e+00 1.000000000000000000e+00 9.700000000000000289e-02 2.500000000000000000e-01 1.000000000000000048e-04
3.160000000000000142e+01 7.906900000000000261e+00 1.461223999999999990e+02 1.800000000000000000e+02 1.427146999999999935e+02 1.000000000000000000e+00 1.000000000000000000e+00 9.719999999999999474e-02 2.500000000000000000e-01 1.000000000000000048e-04
3.164999999999999858e+01 7.903400000000000425e+00 1.461937000000000069e+02 1.800000000000000000e+02 1.427860000000000014e+02 1.000000000000000000e+00 1.000000000000000000e+00 9.740000000000000047e-02 2.500000000000000000e-01 1.000000000000000048e-04
3.169999999999999929e+01 7.899799999999999933e+00 1.462649999999999864e+02 1.800000000000000000e+02 1.428574999999999875e+02 1.000000000000000000e+00 1.000000000000000000e+00 9.760000000000000620e-02 2.500000000000000000e-01 1.000000000000000048e-04
3.175000000000000000e+01 7.896300000000000097e+00 1.463365000000000009e+02 1.800000000000000000e+02 1.429290000000000020e+02 1.000000000000000000e+00 1.000000000000000000e+00 9.779999999999999805e-02 2.500000000000000000e-01 1.000000000000000048e-04
3.180000000000000071e+01 7.892699999999999605e+00 1.464079999999999870e+02 1.800000000000000000e+02 1.430005999999999915e+02 1.000000000000000000e+00 1.000000000000000000e+00 9.800000000000000377e-02 2.500000000000000000e-01 1.000000000000000048e-04
3.185000000000000142e+01 7.889100000000000001e+00 1.464797000000000082e+02 1.800000000000000000e+02 1.430723000000000127e+02 1.000000000000000000e+00 1.000000000000000000e+00 9.819999999999999563e-02 2.500000000000000000e-01 1.000000000000000048e-04
3.189999999999999858e+01 7.885600000000000165e+00 1.465514000000000010e+02 1.800000000000000000e+02 1.431441000000000088e+02 1.000000000000000000e+00 1.000000000000000000e+00 9.840000000000000135e-02 2.500000000000000000e-01 1.000000000000000048e-04
3.194999999999999929e+01 7.881999999999999673e+00 1.466231999999999971e+02 1.800000000000000000e+02 1.432160000000000082e+02 1.000000000000000000e+00 1.000000000000000000e+00 9.869999999999999607e-02 2.500000000000000000e-01 1.000000000000000048e-04
3.200000000000000000e+01 7.878400000000000070e+00 1.466950999999999965e+02 1.800000000000000000e+02 1.432880000000000109e+02 1.000000000000000000e+00 1.000000000000000000e+00 9.890000000000000180e-02 2.500000000000000000e-01 1.000000000000000048e-04
3.204999999999999716e+01 7.874799999999999578e+00 1.467670999999999992e+02 1.800000000000000000e+02 1.433600999999999885e+02 1.000000000000000000e+00 1.000000000000000000e+00 9.909999999999999365e-02 2.500000000000000000e-01 1.000000000000000048e-04
3.210000000000000142e+01 7.871299999999999741e+00 1.468392000000000053e+02 1.800000000000000000e+02 1.434321999999999946e+02 1.000000000000000000e+00 1.000000000000000000e+00 9.929999999999999938e-02 2.500000000000000000e-01 1.000000000000000048e-04
3.214999999999999858e+01 7.867700000000000138e+00 1.469113999999999862e+02 1.800000000000000000e+02 1.435045000000000073e+02 1.000000000000000000e+00 1.000000000000000000e+00 9.950000000000000511e-02 2.500000000000000000e-01 1.000000000000000048e-04
3.220000000000000284e+01 7.864099999999999646e+00 1.469835999999999956e+02 1.800000000000000000e+02 1.435767999999999915e+02 1.000000000000000000e+00 1.000000000000000000e+00 9.969999999999999696e-02 2.500000000000000000e-01 1.000000000000000048e-04
3.225000000000000000e+01 7.860500000000000043e+00 1.470560000000000116e+02 1.800000000000000000e+02 1.436492000000000075e+02 1.000000000000000000e+00 1.000000000000000000e+00 9.990000000000000269e-02 2.500000000000000000e-01 1.000000000000000048e-04
3.229999999999999716e+01 7.857000000000000206e+00 1.471283999999999992e+02 1.800000000000000000e+02 1.437216999999999985e+02 1.000000000000000000e+00 1.000000000000000000e+00 1.001999999999999974e-01 2.500000000000000000e-01 1.000000000000000048e-04
3.235000000000000142e+01 7.853399999999999714e+00 1.472008999999999901e+02 1.800000000000000000e+02 1.437942999999999927e+02 1.000000000000000000e+00 1.000000000000000000e+00 1.004000000000000031e-01 2.500000000000000000e-01 1.000000000000000048e-04
3.239999999999999858e+01 7.849800000000000111e+00 1.472735999999999876e+02 1.800000000000000000e+02 1.438669999999999902e+02 1.000000000000000000e+00 1.000000000000000000e+00 1.005999999999999950e-01 2.500000000000000000e-01 1.000000000000000048e-04
3.245000000000000284e+01 7.846199999999999619e+00 1.473463000000000136e+02 1.800000000000000000e+02 1.439397999999999911e+02 1.000000000000000000e+00 1.000000000000000000e+00 1.008000000000000007e-01 2.500000000000000000e-01 1.000000000000000048e-04
3.250000000000000000e+01 7.842699999999999783e+00 1.474190999999999860e+02 1.800000000000000000e+02 1.440126999999999953e+02 1.000000000000000000e+00 1.000000000000000000e+00 1.010000000000000064e-01 2.500000000000000000e-01 1.000000000000000048e-04
3.254999999999999716e+01 7.839100000000000179e+00 1.474919999999999902e+02 1.800000000000000000e+02 1.440857000000000028e+02 1.000000000000000000e+00 1.000000000000000000e+00 1.011999999999999983e-01 2.500000000000000000e-01 1.000000000000000048e-04
3.260000000000000142e+01 7.835499999999999687e+00 1.475649999999999977e+02 1.800000000000000000e+02 1.441587000000000103e+02 1.000000000000000000e+00 1.000000000000000000e+00 1.014000000000000040e-01 2.500000000000000000e-01 1.000000000000000048e-04
3.264999999999999858e+01 7.831900000000000084e+00 1.476380000000000052e+02 1.800000000000000000e+02 1.442318999999999960e+02 1.000000000000000000e+00 1.000000000000000000e+00 1.016999999999999987e-01 2.500000000000000000e-01 1.000000000000000048e-04
3.270000000000000284e+01 7.828299999999999592e+00 1.477111999999999910e+02 1.800000000000000000e+02 1.443051000000000101e+02 1.000000000000000000e+00 1.000000000000000000e+00 1.019000000000000045e-01 2.500000000000000000e-01 1.000000000000000048e-04
3.275000000000000000e+01 7.824699999999999989e+00 1.477845000000000084e+02 1.800000000000000000e+02 1.443783999999999992e+02 1.000000000000000000e+00 1.000000000000000000e+00 1.020999999999999963e-01 2.500000000000000000e-01 1.000000000000000048e-04
3.279999999999999716e+01 7.821100000000000385e+00 1.478577999999999975e+02 1.800000000000000000e+02 1.444518999999999949e+02 1.000000000000000000e+00 1.000000000000000000e+00 1.023000000000000020e-01 2.500000000000000000e-01 1.000000000000000048e-04
3.285000000000000142e+01 7.817599999999999660e+00 1.479312999999999931e+02 1.800000000000000000e+02 1.445253999999999905e+02 1.000000000000000000e+00 1.000000000000000000e+00 1.024999999999999939e-01 2.500000000000000000e-01 1.000000000000000048e-04
3.289999999999999858e+01 7.814000000000000057e+00 1.480047999999999888e+02 1.800000000000000000e+02 1.445989999999999895e+02 1.000000000000000000e+00 1.000000000000000000e+00 1.028000000000000025e-01 2.500000000000000000e-01 1.000000000000000048e-04
3.295000000000000284e+01 7.810399999999999565e+00 1.480784999999999911e+02 1.800000000000000000e+02 1.446726999999999919e+02 1.000000000000000000e+00 1.000000000000000000e+00 1.029999999999999943e-01 2.500000000000000000e-01 1.000000000000000048e-04
3.300000000000000000e+01 7.806799999999999962e+00 1.481521999999999935e+02 1.800000000000000000e+02 1.447464999999999975e+02 1.000000000000000000e+00 1.000000000000000000e+00 1.032000000000000001e-01 2.500000000000000000e-01 1.000000000000000048e-04
3.304999999999999716e+01 7.803200000000000358e+00 1.482259999999999991e+02 1.800000000000000000e+02 1.448204000000000065e+02 1.000000000000000000e+00 1.000000000000000000e+00 1.034000000000000058e-01 2.500000000000000000e-01 1.000000000000000048e-04
3.310000000000000142e+01 7.799599999999999866e+00 1.482999000000000080e+02 1.800000000000000000e+02 1.448943999999999903e+02 1.000000000000000000e+00 1.000000000000000000e+00 1.035999999999999976e-01 2.500000000000000000e-01 1.000000000000000048e-04
3.314999999999999858e+01 7.796000000000000263e+00 1.483738999999999919e+02 1.800000000000000000e+02 1.449684000000000026e+02 1.000000000000000000e+00 1.000000000000000000e+00 1.039000000000000062e-01 2.500000000000000000e-01 1.000000000000000048e-04
3.320000000000000284e+01 7.792399999999999771e+00 1.484480000000000075e+02 1.800000000000000000e+02 1.450425999999999931e+02 1.000000000000000000e+00 1.000000000000000000e+00 1.040999999999999981e-01 2.500000000000000000e-01 1.000000000000000048e-04
3.325000000000000000e+01 7.788800000000000168e+00 1.485221999999999980e+02 1.800000000000000000e+02 1.451168999999999869e+02 1.000000000000000000e+00 1.000000000000000000e+00 1.043000000000000038e-01 2.500000000000000000e-01 1.000000000000000048e-04
3.329999999999999716e+01 7.785199999999999676e+00 1.485964999999999918e+02 1.800000000000000000e+02 1.451912000000000091e+02 1.000000000000000000e+00 1.000000000000000000e+00 1.044999999999999957e-01 2.500000000000000000e-01 1.000000000000000048e-04
3.335000000000000142e+01 7.781600000000000072e+00 1.486708999999999889e+02 1.800000000000000000e+02 1.452657000000000096e+02 1.000000000000000000e+00 1.000000000000000000e+00 1.047000000000000014e-01 2.500000000000000000e-01 1.000000000000000048e-04
3.339999999999999858e+01 7.777999999999999581e+00 1.487453999999999894e+02 1.800000000000000000e+02 1.453402000000000100e+02 1.000000000000000000e+00 1.000000000000000000e+00 1.049999999999999961e-01 2.500000000000000000e-01 1.000000000000000048e-04
3.345000000000000284e+01 7.774399999999999977e+00 1.488199999999999932e+02 1.800000000000000000e+02 1.454148999999999887e+02 1.000000000000000000e+00 1.000000000000000000e+00 1.052000000000000018e-01 2.500000000000000000e-01 1.000000000000000048e-04
3.350000000000000000e+01 7.770800000000000374e+00 1.488945999999999970e+02 1.800000000000000000e+02 1.454895999999999958e+02 1.000000000000000000e+00 1.000000000000000000e+00 1.053999999999999937e-01 2.500000000000000000e-01 1.000000000000000048e-04
3.354999999999999716e+01 7.767199999999999882e+00 1.489694000000000074e+02 1.800000000000000000e+02 1.455644000000000062e+02 1.000000000000000000e+00 1.000000000000000000e+00 1.055999999999999994e-01 2.500000000000000000e-01 1.000000000000000048e-04
3.360000000000000142e+01 7.763600000000000279e+00 1.490442999999999927e+02 1.800000000000000000e+02 1.456392999999999915e+02 1.000000000000000000e+00 1.000000000000000000e+00 1.058000000000000052e-01 2.500000000000000000e-01 1.000000000000000048e-04
3.364999999999999858e+01 7.759999999999999787e+00 1.491192000000000064e+02 1.800000000000000000e+02 1.457144000000000119e+02 1.000000000000000000e+00 1.000000000000000000e+00 1.060999999999999999e-01 2.500000000000000000e-01 1.000000000000000048e-04
3.370000000000000284e+01 7.756400000000000183e+00 1.491942999999999984e+02 1.800000000000000000e+02 1.457895000000000039e+02 1.000000000000000000e+00 1.000000000000000000e+00 1.063000000000000056e-01 2.500000000000000000e-01 1.000000000000000048e-04
3.375000000000000000e+01 7.752699999999999925e+00 1.492694999999999936e+02 1.800000000000000000e+02 1.458646999999999991e+02 1.000000000000000000e+00 1.000000000000000000e+00 1.064999999999999974e-01 2.500000000000000000e-01 1.000000000000000048e-04
3.379999999999999716e+01 7.749100000000000321e+00 1.493446999999999889e+02 1.800000000000000000e+02 1.459399999999999977e+02 1.000000000000000000e+00 1.000000000000000000e+00 1.067000000000000032e-01 2.500000000000000000e-01 1.000000000000000048e-04
3.385000000000000142e+01 7.745499999999999829e+00 1.494200999999999908e+02 1.800000000000000000e+02 1.460153999999999996e+02 1.000000000000000000e+00 1.000000000000000000e+00 1.069999999999999979e-01 2.500000000000000000e-01 1.000000000000000048e-04
3.389999999999999858e+01 7.741900000000000226e+00 1.494954999999999927e+02 1.800000000000000000e+02 1.460909000000000049e+02 1.000000000000000000e+00 1.000000000000000000e+00 1.072000000000000036e-01 2.500000000000000000e-01 1.000000000000000048e-04
3.395000000000000284e+01 7.738299999999999734e+00 1.495711000000000013e+02 1.800000000000000000e+02 1.461665000000000134e+02 1.000000000000000000e+00 1.000000000000000000e+00 1.073999999999999955e-01 2.500000000000000000e-01 1.000000000000000048e-04
3.400000000000000000e+01 7.734700000000000131e+00 1.496467000000000098e+02 1.800000000000000000e+02 1.462421999999999969e+02 1.000000000000000000e+00 1.000000000000000000e+00 1.076000000000000012e-01 2.500000000000000000e-01 1.000000000000000048e-04
3.404999999999999716e+01 7.731099999999999639e+00 1.497223999999999933e+02 1.800000000000000000e+02 1.463180000000000121e+02 1.000000000000000000e+00 1.000000000000000000e+00 1.078999999999999959e-01 2.500000000000000000e-01 1.000000000000000048e-04
3.410000000000000142e+01 7.727400000000000269e+00 1.497983000000000118e+02 1.800000000000000000e+02 1.463939000000000021e+02 1.000000000000000000e+00 1.000000000000000000e+00 1.081000000000000016e-01 2.500000000000000000e-01 1.000000000000000048e-04
3.414999999999999858e+01 7.723799999999999777e+00 1.498742000000000019e+02 1.800000000000000000e+02 1.464698999999999955e+02 1.000000000000000000e+00 1.000000000000000000e+00 1.082999999999999935e-01 2.500000000000000000e-01 1.000000000000000048e-04
3.420000000000000284e+01 7.720200000000000173e+00 1.499501999999999953e+02 1.800000000000000000e+02 1.465459999999999923e+02 1.000000000000000000e+00 1.000000000000000000e+00 1.084999999999999992e-01 2.500000000000000000e-01 1.000000000000000048e-04
3.425000000000000000e+01 7.716599999999999682e+00 1.500263999999999953e+02 1.800000000000000000e+02 1.466221999999999923e+02 1.000000000000000000e+00 1.000000000000000000e+00 1.087999999999999939e-01 2.500000000000000000e-01 1.000000000000000048e-04
3.429999999999999716e+01 7.712900000000000311e+00 1.501025999999999954e+02 1.800000000000000000e+02 1.466984999999999957e+02 1.000000000000000000e+00 1.000000000000000000e+00 1.089999999999999997e-01 2.500000000000000000e-01 1.000000000000000048e-04
3.435000000000000142e+01 7.709299999999999820e+00 1.501790000000000020e+02 1.800000000000000000e+02 1.467749000000000024e+02 1.000000000000000000e+00 1.000000000000000000e+00 1.092000000000000054e-01 2.500000000000000000e-01 1.000000000000000048e-04
3.439999999999999858e+01 7.705700000000000216e+00 1.502554000000000087e+02 1.800000000000000000e+02 1.468513000000000090e+02 1.000000000000000000e+00 1.000000000000000000e+00 1.093999999999999972e-01 2.500000000000000000e-01 1.000000000000000048e-04
3.445000000000000284e+01 7.702099999999999724e+00 1.503318999999999903e+02 1.800000000000000000e+02 1.469278999999999940e+02 1.000000000000000000e+00 1.000000000000000000e+00 1.097000000000000058e-01 2.500000000000000000e-01 1.000000000000000048e-04
3.450000000000000000e+01 7.698400000000000354e+00 1.504086000000000070e+02 1.800000000000000000e+02 1.470046000000000106e+02 1.000000000000000000e+00 1.000000000000000000e+00 1.098999999999999977e-01 2.500000000000000000e-01 1.000000000000000048e-04
3.454999999999999716e+01 7.694799999999999862e+00 1.504852999999999952e+02 1.800000000000000000e+02 1.470814000000000021e+02 1.000000000000000000e+00 1.000000000000000000e+00 1.101000000000000034e-01 2.500000000000000000e-01 1.000000000000000048e-04
3.460000000000000142e+01 7.691200000000000259e+00 1.505620999999999867e+02 1.800000000000000000e+02 1.471582999999999970e+02 1.000000000000000000e+00 1.000000000000000000e+00 1.103999999999999981e-01 2.500000000000000000e-01 1.000000000000000048e-04
3.464999999999999858e+01 7.687500000000000000e+00 1.506391000000000133e+02 1.800000000000000000e+02 1.472352999999999952e+02 1.000000000000000000e+00 1.000000000000000000e+00 1.106000000000000039e-01 2.500000000000000000e-01 1.000000000000000048e-04
3.470000000000000284e+01 7.683900000000000396e+00 1.507161000000000115e+02 1.800000000000000000e+02 1.473123999999999967e+02 1.000000000000000000e+00 1.000000000000000000e+00 1.107999999999999957e-01 2.500000000000000000e-01 1.000000000000000048e-04
3.475000000000000000e+01 7.680299999999999905e+00 1.507932000000000130e+02 1.800000000000000000e+02 1.473896000000000015e+02 1.000000000000000000e+00 1.000000000000000000e+00 1.110000000000000014e-01 2.500000000000000000e-01 1.000000000000000048e-04
3.479999999999999716e+01 7.676599999999999646e+00 1.508704999999999927e+02 1.800000000000000000e+02 1.474668000000000063e+02 1.000000000000000000e+00 1.000000000000000000e+00 1.112999999999999962e-01 2.500000000000000000e-01 1.000000000000000048e-04
3.485000000000000142e+01 7.673000000000000043e+00 1.509478000000000009e+02 1.800000000000000000e+02 1.475441999999999894e+02 1.000000000000000000e+00 1.000000000000000000e+00 1.115000000000000019e-01 2.500000000000000000e-01 1.000000000000000048e-04
3.489999999999999858e+01 7.669400000000000439e+00 1.510252999999999872e+02 1.800000000000000000e+02 1.476217000000000041e+02 1.000000000000000000e+00 1.000000000000000000e+00 1.116999999999999937e-01 2.500000000000000000e-01 1.000000000000000048e-04
3.495000000000000284e+01 7.665700000000000180e+00 1.511028000000000020e+02 1.800000000000000000e+02 1.476992999999999938e+02 1.000000000000000000e+00 1.000000000000000000e+00 1.120000000000000023e-01 2.500000000000000000e-01 1.000000000000000048e-04
3.500000000000000000e+01 7.662099999999999689e+00 1.511804999999999950e+02 1.800000000000000000e+02 1.477769999999999868e+02 1.000000000000000000e+00 1.000000000000000000e+00 1.121999999999999942e-01 2.500000000000000000e-01 1.000000000000000048e-04
3.504999999999999716e+01 7.658400000000000318e+00 1.512581999999999880e+02 1.800000000000000000e+02 1.478548000000000116e+02 1.000000000000000000e+00 1.000000000000000000e+00 1.123999999999999999e-01 2.500000000000000000e-01 1.000000000000000048e-04
3.510000000000000142e+01 7.654799999999999827e+00 1.513360999999999876e+02 1.800000000000000000e+02 1.479327000000000112e+02 1.000000000000000000e+00 1.000000000000000000e+00 1.126999999999999946e-01 2.500000000000000000e-01 1.000000000000000048e-04
3.514999999999999858e+01 7.651099999999999568e+00 1.514139999999999873e+02 1.800000000000000000e+02 1.480107000000000141e+02 1.000000000000000000e+00 1.000000000000000000e+00 1.129000000000000004e-01 2.500000000000000000e-01 1.000000000000000048e-04
3.520000000000000284e+01 7.647499999999999964e+00 1.514920999999999935e+02 1.800000000000000000e+02 1.480887999999999920e+02 1.000000000000000000e+00 1.000000000000000000e+00 1.131000000000000061e-01 2.500000000000000000e-01 1.000000000000000048e-04
3.525000000000000000e+01 7.643799999999999706e+00 1.515703000000000031e+02 1.800000000000000000e+02 1.481670000000000016e+02 1.000000000000000000e+00 1.000000000000000000e+00 1.132999999999999979e-01 2.500000000000000000e-01 1.000000000000000048e-04
3.529999999999999716e+01 7.640200000000000102e+00 1.516485000000000127e+02 1.800000000000000000e+02 1.482453999999999894e+02 1.000000000000000000e+00 1.000000000000000000e+00 1.136000000000000065e-01 2.500000000000000000e-01 1.000000000000000048e-04
3.535000000000000142e+01 7.636599999999999611e+00 1.517269000000000005e+02 1.800000000000000000e+02 1.483238000000000056e+02 1.000000000000000000e+00 1.000000000000000000e+00 1.137999999999999984e-01 2.500000000000000000e-01 1.000000000000000048e-04
3.539999999999999858e+01 7.632900000000000240e+00 1.518053999999999917e+02 1.800000000000000000e+02 1.484022999999999968e+02 1.000000000000000000e+00 1.000000000000000000e+00 1.140000000000000041e-01 2.500000000000000000e-01 1.000000000000000048e-04
3.545000000000000284e+01 7.629199999999999982e+00 1.518839999999999861e+02 1.800000000000000000e+02 1.484808999999999912e+02 1.000000000000000000e+00 1.000000000000000000e+00 1.142999999999999988e-01 2.500000000000000000e-01 1.000000000000000048e-04
3.550000000000000000e+01 7.625600000000000378e+00 1.519627000000000123e+02 1.800000000000000000e+02 1.485596999999999923e+02 1.000000000000000000e+00 1.000000000000000000e+00 1.145000000000000046e-01 2.500000000000000000e-01 1.000000000000000048e-04
3.554999999999999716e+01 7.621900000000000119e+00 1.520415000000000134e+02 1.800000000000000000e+02 1.486384999999999934e+02 1.000000000000000000e+00 1.000000000000000000e+00 1.146999999999999964e-01 2.500000000000000000e-01 1.000000000000000048e-04
3.560000000000000142e+01 7.618299999999999628e+00 1.521203999999999894e+02 1.800000000000000000e+02 1.487173999999999978e+02 1.000000000000000000e+00 1.000000000000000000e+00 1.150000000000000050e-01 2.500000000000000000e-01 1.000000000000000048e-04
3.564999999999999858e+01 7.614600000000000257e+00 1.521993999999999971e+02 1.800000000000000000e+02 1.487965000000000089e+02 1.000000000000000000e+00 1.000000000000000000e+00 1.151999999999999968e-01 2.500000000000000000e-01 1.000000000000000048e-04
3.570000000000000284e+01 7.610999999999999766e+00 1.522785000000000082e+02 1.800000000000000000e+02 1.488755999999999915e+02 1.000000000000000000e+00 1.000000000000000000e+00 1.155000000000000054e-01 2.500000000000000000e-01 1.000000000000000048e-04
3.575000000000000000e+01 7.607300000000000395e+00 1.523576999999999941e+02 1.800000000000000000e+02 1.489549000000000092e+02 1.000000000000000000e+00 1.000000000000000000e+00 1.156999999999999973e-01 2.500000000000000000e-01 1.000000000000000048e-04
3.579999999999999716e+01 7.603600000000000136e+00 1.524370999999999867e+02 1.800000000000000000e+02 1.490343000000000018e+02 1.000000000000000000e+00 1.000000000000000000e+00 1.159000000000000030e-01 2.500000000000000000e-01 1.000000000000000048e-04
3.585000000000000142e+01 7.599999999999999645e+00 1.525165000000000077e+02 1.800000000000000000e+02 1.491136999999999944e+02 1.000000000000000000e+00 1.000000000000000000e+00 1.161999999999999977e-01 2.500000000000000000e-01 1.000000000000000048e-04
3.589999999999999858e+01 7.596300000000000274e+00 1.525961000000000070e+02 1.800000000000000000e+02 1.491932999999999936e+02 1.000000000000000000e+00 1.000000000000000000e+00 1.164000000000000035e-01 2.500000000000000000e-01 1.000000000000000048e-04
3.595000000000000284e+01 7.592600000000000016e+00 1.526757000000000062e+02 1.800000000000000000e+02 1.492729999999999961e+02 1.000000000000000000e+00 1.000000000000000000e+00 1.165999999999999953e-01 2.500000000000000000e-01 1.000000000000000048e-04
3.600000000000000000e+01 7.589000000000000412e+00 1.527555000000000121e+02 1.800000000000000000e+02 1.493528000000000020e+02 1.000000000000000000e+00 1.000000000000000000e+00 1.169000000000000039e-01 2.500000000000000000e-01 1.000000000000000048e-04
3.604999999999999716e+01 7.585300000000000153e+00 1.528352999999999895e+02 1.800000000000000000e+02 1.494327000000000112e+02 1.000000000000000000e+00 1.000000000000000000e+00 1.170999999999999958e-01 2.500000000000000000e-01 1.000000000000000048e-04
3.610000000000000142e+01 7.581599999999999895e+00 1.529153000000000020e+02 1.800000000000000000e+02 1.495126999999999953e+02 1.000000000000000000e+00 1.000000000000000000e+00 1.173000000000000015e-01 2.500000000000000000e-01 1.000000000000000048e-04
3.614999999999999858e+01 7.578000000000000291e+00 1.529953999999999894e+02 1.800000000000000000e+02 1.495928000000000111e+02 1.000000000000000000e+00 1.000000000000000000e+00 1.175999999999999962e-01 2.500000000000000000e-01 1.000000000000000048e-04
3.620000000000000284e+01 7.574300000000000033e+00 1.530756000000000085e+02 1.800000000000000000e+02 1.496731000000000051e+02 1.000000000000000000e+00 1.000000000000000000e+00 1.178000000000000019e-01 2.500000000000000000e-01 1.000000000000000048e-04
3.625000000000000000e+01 7.570599999999999774e+00 1.531559000000000026e+02 1.800000000000000000e+02 1.497533999999999992e+02 1.000000000000000000e+00 1.000000000000000000e+00 1.180999999999999966e-01 2.500000000000000000e-01 1.000000000000000048e-04
3.629999999999999716e+01 7.566900000000000404e+00 1.532363000000000000e+02 1.800000000000000000e+02 1.498337999999999965e+02 1.000000000000000000e+00 1.000000000000000000e+00 1.183000000000000024e-01 2.500000000000000000e-01 1.000000000000000048e-04
3.635000000000000142e+01 7.563299999999999912e+00 1.533169000000000040e+02 1.800000000000000000e+02 1.499144000000000005e+02 1.000000000000000000e+00 1.000000000000000000e+00 1.184999999999999942e-01 2.500000000000000000e-01 1.000000000000000048e-04
3.639999999999999858e+01 7.559599999999999653e+00 1.533975000000000080e+02 1.800000000000000000e+02 1.499951000000000079e+02 1.000000000000000000e+00 1.000000000000000000e+00 1.188000000000000028e-01 2.500000000000000000e-01 1.000000000000000048e-04
3.645000000000000284e+01 7.555900000000000283e+00 1.534781999999999869e+02 1.800000000000000000e+02 1.500757999999999868e+02 1.000000000000000000e+00 1.000000000000000000e+00 1.189999999999999947e-01 2.500000000000000000e-01 1.000000000000000048e-04
3.650000000000000000e+01 7.552200000000000024e+00 1.535591000000000008e+02 1.800000000000000000e+02 1.501567000000000007e+02 1.000000000000000000e+00 1.000000000000000000e+00 1.193000000000000033e-01 2.500000000000000000e-01 1.000000000000000048e-04
3.654999999999999716e+01 7.548600000000000421e+00 1.536400999999999897e+02 1.800000000000000000e+02 1.502376999999999896e+02 1.000000000000000000e+00 1.000000000000000000e+00 1.194999999999999951e-01 2.500000000000000000e-01 1.000000000000000048e-04
3.660000000000000142e+01 7.544900000000000162e+00 1.537211000000000070e+02 1.800000000000000000e+02 1.503188000000000102e+02 1.000000000000000000e+00 1.000000000000000000e+00 1.197000000000000008e-01 2.500000000000000000e-01 1.000000000000000048e-04
3.664999999999999858e+01 7.541199999999999903e+00 1.538023000000000025e+02 1.800000000000000000e+02 1.504000000000000057e+02 1.000000000000000000e+00 1.000000000000000000e+00 1.199999999999999956e-01 2.500000000000000000e-01 1.000000000000000048e-04
3.670000000000000284e+01 7.537499999999999645e+00 1.538836000000000013e+02 1.800000000000000000e+02 1.504814000000000078e+02 1.000000000000000000e+00 1.000000000000000000e+00 1.202000000000000013e-01 2.500000000000000000e-01 1.000000000000000048e-04
3.675000000000000000e+01 7.533800000000000274e+00 1.539651000000000067e+02 1.800000000000000000e+02 1.505628000000000100e+02 1.000000000000000000e+00 1.000000000000000000e+00 1.204999999999999960e-01 2.500000000000000000e-01 1.000000000000000048e-04
3.679999999999999716e+01 7.530100000000000016e+00 1.540466000000000122e+02 1.800000000000000000e+02 1.506443999999999903e+02 1.000000000000000000e+00 1.000000000000000000e+00 1.207000000000000017e-01 2.500000000000000000e-01 1.000000000000000048e-04
3.685000000000000142e+01 7.526399999999999757e+00 1.541281999999999925e+02 1.800000000000000000e+02 1.507259999999999991e+02 1.000000000000000000e+00 1.000000000000000000e+00 1.208999999999999936e-01 2.500000000000000000e-01 1.000000000000000048e-04
3.689999999999999858e+01 7.522700000000000387e+00 1.542100000000000080e+02 1.800000000000000000e+02 1.508077999999999861e+02 1.000000000000000000e+00 1.000000000000000000e+00 1.212000000000000022e-01 2.500000000000000000e-01 1.000000000000000048e-04
3.695000000000000284e+01 7.519000000000000128e+00 1.542917999999999950e+02 1.800000000000000000e+02 1.508897000000000048e+02 1.000000000000000000e+00 1.000000000000000000e+00 1.213999999999999940e-01 2.500000000000000000e-01 1.000000000000000048e-04
3.700000000000000000e+01 7.515399999999999636e+00 1.543737999999999886e+02 1.800000000000000000e+02 1.509716999999999985e+02 1.000000000000000000e+00 1.000000000000000000e+00 1.217000000000000026e-01 2.500000000000000000e-01 1.000000000000000048e-04
3.704999999999999716e+01 7.511700000000000266e+00 1.544559000000000140e+02 1.800000000000000000e+02 1.510537999999999954e+02 1.000000000000000000e+00 1.000000000000000000e+00 1.218999999999999945e-01 2.500000000000000000e-01 1.000000000000000048e-04
3.710000000000000142e+01 7.508000000000000007e+00 1.545380999999999858e+02 1.800000000000000000e+02 1.511359999999999957e+02 1.000000000000000000e+00 1.000000000000000000e+00 1.222000000000000031e-01 2.500000000000000000e-01 1.000000000000000048e-04
3.714999999999999858e+01 7.504299999999999748e+00 1.546204999999999927e+02 1.800000000000000000e+02 1.512184000000000026e+02 1.000000000000000000e+00 1.000000000000000000e+00 1.223999999999999949e-01 2.500000000000000000e-01 1.000000000000000048e-04
3.720000000000000284e+01 7.500600000000000378e+00 1.547028999999999996e+02 1.800000000000000000e+02 1.513008000000000095e+02 1.000000000000000000e+00 1.000000000000000000e+00 1.227000000000000035e-01 2.500000000000000000e-01 1.000000000000000048e-04
3.725000000000000000e+01 7.496900000000000119e+00 1.547855000000000132e+02 1.800000000000000000e+02 1.513833999999999946e+02 1.000000000000000000e+00 1.000000000000000000e+00 1.228999999999999954e-01 2.500000000000000000e-01 1.000000000000000048e-04
3.729999999999999716e+01 7.493199999999999861e+00 1.548680999999999983e+02 1.800000000000000000e+02 1.514661000000000115e+02 1.000000000000000000e+00 1.000000000000000000e+00 1.231000000000000011e-01 2.500000000000000000e-01 1.000000000000000048e-04
3.735000000000000142e+01 7.489499999999999602e+00 1.549508999999999901e+02 1.800000000000000000e+02 1.515489000000000033e+02 1.000000000000000000e+00 1.000000000000000000e+00 1.233999999999999958e-01 2.500000000000000000e-01 1.000000000000000048e-04
3.739999999999999858e+01 7.485699999999999577e+00 1.550338000000000136e+02 1.800000000000000000e+02 1.516317999999999984e+02 1.000000000000000000e+00 1.000000000000000000e+00 1.236000000000000015e-01 2.500000000000000000e-01 1.000000000000000048e-04
3.745000000000000284e+01 7.482000000000000206e+00 1.551168000000000120e+02 1.800000000000000000e+02 1.517147999999999968e+02 1.000000000000000000e+00 1.000000000000000000e+00 1.238999999999999962e-01 2.500000000000000000e-01 1.000000000000000048e-04
3.750000000000000000e+01 7.478299999999999947e+00 1.551999999999999886e+02 1.800000000000000000e+02 1.517980000000000018e+02 1.000000000000000000e+00 1.000000000000000000e+00 1.241000000000000020e-01 2.500000000000000000e-01 1.000000000000000048e-04
3.754999999999999716e+01 7.474599999999999689e+00 1.552831999999999937e+02 1.800000000000000000e+02 1.518812000000000069e+02 1.000000000000000000e+00 1.000000000000000000e+00 1.243999999999999967e-01 2.500000000000000000e-01 1.000000000000000048e-04
3.760000000000000142e+01 7.470900000000000318e+00 1.553666000000000054e+02 1.800000000000000000e+02 1.519645999999999901e+02 1.000000000000000000e+00 1.000000000000000000e+00 1.246000000000000024e-01 2.500000000000000000e-01 1.000000000000000048e-04
3.764999999999999858e+01 7.467200000000000060e+00 1.554500999999999920e+02 1.800000000000000000e+02 1.520481000000000051e+02 1.000000000000000000e+00 1.000000000000000000e+00 1.248999999999999971e-01 2.500000000000000000e-01 1.000000000000000048e-04
3.770000000000000284e+01 7.463499999999999801e+00 1.555337000000000103e+02 1.800000000000000000e+02 1.521316999999999950e+02 1.000000000000000000e+00 1.000000000000000000e+00 1.250999999999999890e-01 2.500000000000000000e-01 1.000000000000000048e-04
3.775000000000000000e+01 7.459800000000000431e+00 1.556174000000000035e+02 1.800000000000000000e+02 1.522154999999999916e+02 1.000000000000000000e+00 1.000000000000000000e+00 1.254000000000000115e-01 2.500000000000000000e-01 1.000000000000000048e-04
3.779999999999999716e+01 7.456100000000000172e+00 1.557013000000000034e+02 1.800000000000000000e+02 1.522992999999999881e+02 1.000000000000000000e+00 1.000000000000000000e+00 1.255999999999999894e-01 2.500000000000000000e-01 1.000000000000000048e-04
3.785000000000000142e+01 7.452300000000000146e+00 1.557852000000000032e+02 1.800000000000000000e+02 1.523832999999999913e+02 1.000000000000000000e+00 1.000000000000000000e+00 1.259000000000000119e-01 2.500000000000000000e-01 1.000000000000000048e-04
3.789999999999999858e+01 7.448599999999999888e+00 1.558693000000000097e+02 1.800000000000000000e+02 1.524673999999999978e+02 1.000000000000000000e+00 1.000000000000000000e+00 1.260999999999999899e-01 2.500000000000000000e-01 1.000000000000000048e-04
3.795000000000000284e+01 7.444899999999999629e+00 1.559534999999999911e+02 1.800000000000000000e+02 1.525516000000000076e+02 1.000000000000000000e+00 1.000000000000000000e+00 1.264000000000000123e-01 2.500000000000000000e-01 1.000000000000000048e-04
3.800000000000000000e+01 7.441200000000000259e+00 1.560379000000000076e+02 1.800000000000000000e+02 1.526358999999999924e+02 1.000000000000000000e+00 1.000000000000000000e+00 1.265999999999999903e-01 2.500000000000000000e-01 1.000000000000000048e-04
3.804999999999999716e+01 7.437400000000000233e+00 1.561222999999999956e+02 1.800000000000000000e+02 1.527204000000000121e+02 1.000000000000000000e+00 1.000000000000000000e+00 1.269000000000000128e-01 2.500000000000000000e-01 1.000000000000000048e-04
3.810000000000000142e+01 7.433699999999999974e+00 1.562068999999999903e+02 1.800000000000000000e+02 1.528049000000000035e+02 1.000000000000000000e+00 1.000000000000000000e+00 1.270999999999999908e-01 2.500000000000000000e-01 1.000000000000000048e-04
3.814999999999999858e+01 7.429999999999999716e+00 1.562915000000000134e+02 1.800000000000000000e+02 1.528896000000000015e+02 1.000000000000000000e+00 1.000000000000000000e+00 1.274000000000000132e-01 2.500000000000000000e-01 1.000000000000000048e-04
3.820000000000000284e+01 7.426300000000000345e+00 1.563763999999999896e+02 1.800000000000000000e+02 1.529744000000000028e+02 1.000000000000000000e+00 1.000000000000000000e+00 1.275999999999999912e-01 2.500000000000000000e-01 1.000000000000000048e-04
3.825000000000000000e+01 7.422500000000000320e+00 1.564612999999999943e+02 1.800000000000000000e+02 1.530593000000000075e+02 1.000000000000000000e+00 1.000000000000000000e+00 1.279000000000000137e-01 2.500000000000000000e-01 1.000000000000000048e-04
3.829999999999999716e+01 7.418800000000000061e+00 1.565463000000000022e+02 1.800000000000000000e+02 1.531443999999999903e+02 1.000000000000000000e+00 1.000000000000000000e+00 1.280999999999999917e-01 2.500000000000000000e-01 1.000000000000000048e-04
3.835000000000000142e+01 7.415099999999999802e+00 1.566314999999999884e+02 1.800000000000000000e+02 1.532296000000000049e+02 1.000000000000000000e+00 1.000000000000000000e+00 1.283999999999999864e-01 2.500000000000000000e-01 1.000000000000000048e-04
3.839999999999999858e+01 7.411299999999999777e+00 1.567168000000000063e+02 1.800000000000000000e+02 1.533148999999999944e+02 1.000000000000000000e+00 1.000000000000000000e+00 1.285999999999999921e-01 2.500000000000000000e-01 1.000000000000000048e-04
3.845000000000000284e+01 7.407600000000000406e+00 1.568021999999999991e+02 1.800000000000000000e+02 1.534002999999999872e+02 1.000000000000000000e+00 1.000000000000000000e+00 1.288999999999999868e-01 2.500000000000000000e-01 1.000000000000000048e-04
3.850000000000000000e+01 7.403900000000000148e+00 1.568877999999999986e+02 1.800000000000000000e+02 1.534858000000000118e+02 1.000000000000000000e+00 1.000000000000000000e+00 1.290999999999999925e-01 2.500000000000000000e-01 1.000000000000000048e-04
3.854999999999999716e+01 7.400100000000000122e+00 1.569733999999999980e+02 1.800000000000000000e+02 1.535714999999999861e+02 1.000000000000000000e+00 1.000000000000000000e+00 1.293999999999999873e-01 2.500000000000000000e-01 1.000000000000000048e-04
3.860000000000000142e+01 7.396399999999999864e+00 1.570592000000000041e+02 1.800000000000000000e+02 1.536571999999999889e+02 1.000000000000000000e+00 1.000000000000000000e+00 1.297000000000000097e-01 2.500000000000000000e-01 1.000000000000000048e-04
3.864999999999999858e+01 7.392599999999999838e+00 1.571451000000000136e+02 1.800000000000000000e+02 1.537432000000000016e+02 1.000000000000000000e+00 1.000000000000000000e+00 1.298999999999999877e-01 2.500000000000000000e-01 1.000000000000000048e-04
3.870000000000000284e+01 7.388899999999999579e+00 1.572312000000000012e+02 1.800000000000000000e+02 1.538291999999999859e+02 1.000000000000000000e+00 1.000000000000000000e+00 1.302000000000000102e-01 2.500000000000000000e-01 1.000000000000000048e-04
3.875000000000000000e+01 7.385200000000000209e+00 1.573172999999999888e+02 1.800000000000000000e+02 1.539153000000000020e+02 1.000000000000000000e+00 1.000000000000000000e+00 1.303999999999999881e-01 2.500000000000000000e-01 1.000000000000000048e-04
3.879999999999999716e+01 7.381400000000000183e+00 1.574036000000000115e+02 1.800000000000000000e+02 1.540015999999999963e+02 1.000000000000000000e+00 1.000000000000000000e+00 1.307000000000000106e-01 2.500000000000000000e-01 1.000000000000000048e-04
3.885000000000000142e+01 7.377699999999999925e+00 1.574900000000000091e+02 1.800000000000000000e+02 1.540879999999999939e+02 1.000000000000000000e+00 1.000000000000000000e+00 1.308999999999999886e-01 2.500000000000000000e-01 1.000000000000000048e-04
3.889999999999999858e+01 7.373899999999999899e+00 1.575766000000000133e+02 1.800000000000000000e+02 1.541744999999999948e+02 1.000000000000000000e+00 1.000000000000000000e+00 1.312000000000000111e-01 2.500000000000000000e-01 1.000000000000000048e-04
3.895000000000000284e+01 7.370199999999999640e+00 1.576631999999999891e+02 1.800000000000000000e+02 1.542612000000000023e+02 1.000000000000000000e+00 1.000000000000000000e+00 1.315000000000000058e-01 2.500000000000000000e-01 1.000000000000000048e-04
3.900000000000000000e+01 7.366399999999999615e+00 1.577500000000000000e+02 1.800000000000000000e+02 1.543480000000000132e+02 1.000000000000000000e+00 1.000000000000000000e+00 1.317000000000000115e-01 2.500000000000000000e-01 1.000000000000000048e-04
3.904999999999999716e+01 7.362700000000000244e+00 1.578369999999999891e+02 1.800000000000000000e+02 1.544348999999999990e+02 1.000000000000000000e+00 1.000000000000000000e+00 1.320000000000000062e-01 2.500000000000000000e-01 1.000000000000000048e-04
3.910000000000000142e+01 7.358900000000000219e+00 1.579240000000000066e+02 1.800000000000000000e+02 1.545218999999999880e+02 1.000000000000000000e+00 1.000000000000000000e+00 1.322000000000000119e-01 2.500000000000000000e-01 1.000000000000000048e-04
3.914999999999999858e+01 7.355199999999999960e+00 1.580112000000000023e+02 1.800000000000000000e+02 1.546091000000000122e+02 1.000000000000000000e+00 1.000000000000000000e+00 1.325000000000000067e-01 2.500000000000000000e-01 1.000000000000000048e-04
3.920000000000000284e+01 7.351399999999999935e+00 1.580985000000000014e+02 1.800000000000000000e+02 1.546964000000000112e+02 1.000000000000000000e+00 1.000000000000000000e+00 1.327000000000000124e-01 2.500000000000000000e-01 1.000000000000000048e-04
3.925000000000000000e+01 7.347599999999999909e+00 1.581859000000000037e+02 1.800000000000000000e+02 1.547838000000000136e+02 1.000000000000000000e+00 1.000000000000000000e+00 1.330000000000000071e-01 2.500000000000000000e-01 1.000000000000000048e-04
3.929999999999999716e+01 7.343899999999999650e+00 1.582735000000000127e+02 1.800000000000000000e+02 1.548712999999999909e+02 1.000000000000000000e+00 1.000000000000000000e+00 1.333000000000000018e-01 2.500000000000000000e-01 1.000000000000000048e-04
3.935000000000000142e+01 7.340099999999999625e+00 1.583611999999999966e+02 1.800000000000000000e+02 1.549590000000000032e+02 1.000000000000000000e+00 1.000000000000000000e+00 1.335000000000000075e-01 2.500000000000000000e-01 1.000000000000000048e-04
3.939999999999999858e+01 7.336299999999999599e+00 1.584490000000000123e+02 1.800000000000000000e+02 1.550467999999999904e+02 1.000000000000000000e+00 1.000000000000000000e+00 1.338000000000000023e-01 2.500000000000000000e-01 1.000000000000000048e-04
3.945000000000000284e+01 7.332600000000000229e+00 1.585370000000000061e+02 1.800000000000000000e+02 1.551347000000000094e+02 1.000000000000000000e+00 1.000000000000000000e+00 1.340000000000000080e-01 2.500000000000000000e-01 1.000000000000000048e-04
3.950000000000000000e+01 7.328800000000000203e+00 1.586251000000000033e+02 1.800000000000000000e+02 1.552228000000000065e+02 1.000000000000000000e+00 1.000000000000000000e+00 1.343000000000000027e-01 2.500000000000000000e-01 1.000000000000000048e-04
3.954999999999999716e+01 7.325000000000000178e+00 1.587133000000000038e+02 1.800000000000000000e+02 1.553110000000000070e+02 1.000000000000000000e+00 1.000000000000000000e+00 1.345999999999999974e-01 2.500000000000000000e-01 1.000000000000000048e-04
3.960000000000000142e+01 7.321299999999999919e+00 1.588016000000000076e+02 1.800000000000000000e+02 1.553993000000000109e+02 1.000000000000000000e+00 1.000000000000000000e+00 1.348000000000000032e-01 2.500000000000000000e-01 1.000000000000000048e-04
3.964999999999999858e+01 7.317499999999999893e+00 1.588900999999999897e+02 1.800000000000000000e+02 1.554876999999999896e+02 1.000000000000000000e+00 1.000000000000000000e+00 1.350999999999999979e-01 2.500000000000000000e-01 1.000000000000000048e-04
3.970000000000000284e+01 7.313699999999999868e+00 1.589787000000000035e+02 1.800000000000000000e+02 1.555763000000000034e+02 1.000000000000000000e+00 1.000000000000000000e+00 1.353999999999999926e-01 2.500000000000000000e-01 1.000000000000000048e-04
3.975000000000000000e+01 7.309999999999999609e+00 1.590674999999999955e+02 1.800000000000000000e+02 1.556649999999999920e+02 1.000000000000000000e+00 1.000000000000000000e+00 1.355999999999999983e-01 2.500000000000000000e-01 1.000000000000000048e-04
3.979999999999999716e+01 7.306199999999999584e+00 1.591563999999999908e+02 1.800000000000000000e+02 1.557538999999999874e+02 1.000000000000000000e+00 1.000000000000000000e+00 1.358999999999999930e-01 2.500000000000000000e-01 1.000000000000000048e-04
3.985000000000000142e+01 7.302399999999999558e+00 1.592453999999999894e+02 1.800000000000000000e+02 1.558428000000000111e+02 1.000000000000000000e+00 1.000000000000000000e+00 1.361999999999999877e-01 2.500000000000000000e-01 1.000000000000000048e-04
3.989999999999999858e+01 7.298600000000000421e+00 1.593344999999999914e+02 1.800000000000000000e+02 1.559319999999999879e+02 1.000000000000000000e+00 1.000000000000000000e+00 1.363999999999999935e-01 2.500000000000000000e-01 1.000000000000000048e-04
3.995000000000000284e+01 7.294800000000000395e+00 1.594238000000000000e+02 1.800000000000000000e+02 1.560211999999999932e+02 1.000000000000000000e+00 1.000000000000000000e+00 1.366999999999999882e-01 2.500000000000000000e-01 1.000000000000000048e-04
4.000000000000000000e+01 7.291100000000000136e+00 1.595132999999999868e+02 1.800000000000000000e+02 1.561106000000000051e+02 1.000000000000000000e+00 1.000000000000000000e+00 1.368999999999999939e-01 2.500000000000000000e-01 1.000000000000000048e-04
4.004999999999999716e+01 7.287300000000000111e+00 1.596028000000000020e+02 1.800000000000000000e+02 1.562000999999999920e+02 1.000000000000000000e+00 1.000000000000000000e+00 1.371999999999999886e-01 2.500000000000000000e-01 1.000000000000000048e-04
4.010000000000000142e+01 7.283500000000000085e+00 1.596925999999999988e+02 1.800000000000000000e+02 1.562897000000000105e+02 1.000000000000000000e+00 1.000000000000000000e+00 1.375000000000000111e-01 2.500000000000000000e-01 1.000000000000000048e-04
4.014999999999999858e+01 7.279700000000000060e+00 1.597823999999999955e+02 1.800000000000000000e+02 1.563795000000000073e+02 1.000000000000000000e+00 1.000000000000000000e+00 1.376999999999999891e-01 2.500000000000000000e-01 1.000000000000000048e-04
4.020000000000000284e+01 7.275900000000000034e+00 1.598723999999999990e+02 1.800000000000000000e+02 1.564695000000000107e+02 1.000000000000000000e+00 1.000000000000000000e+00 1.380000000000000115e-01 2.500000000000000000e-01 1.000000000000000048e-04
4.025000000000000000e+01 7.272100000000000009e+00 1.599625000000000057e+02 1.800000000000000000e+02 1.565595000000000141e+02 1.000000000000000000e+00 1.000000000000000000e+00 1.383000000000000063e-01 2.500000000000000000e-01 1.000000000000000048e-04
4.029999999999999716e+01 7.268299999999999983e+00 1.600527999999999906e+02 1.800000000000000000e+02 1.566496999999999957e+02 1.000000000000000000e+00 1.000000000000000000e+00 1.386000000000000010e-01 2.500000000000000000e-01 1.000000000000000048e-04
4.035000000000000142e+01 7.264499999999999957e+00 1.601433000000000106e+02 1.800000000000000000e+02 1.567401000000000124e+02 1.000000000000000000e+00 1.000000000000000000e+00 1.388000000000000067e-01 2.500000000000000000e-01 1.000000000000000048e-04
4.039999999999999858e+01 7.260699999999999932e+00 1.602339000000000055e+02 1.800000000000000000e+02 1.568305000000000007e+02 1.000000000000000000e+00 1.000000000000000000e+00 1.391000000000000014e-01 2.500000000000000000e-01 1.000000000000000048e-04
4.045000000000000284e+01 7.256899999999999906e+00 1.603247000000000071e+02 1.800000000000000000e+02 1.569211999999999989e+02 1.000000000000000000e+00 1.000000000000000000e+00 1.393999999999999961e-01 2.500000000000000000e-01 1.000000000000000048e-04
4.050000000000000000e+01 7.253099999999999881e+00 1.604156000000000120e+02 1.800000000000000000e+02 1.570118999999999971e+02 1.000000000000000000e+00 1.000000000000000000e+00 1.396000000000000019e-01 2.500000000000000000e-01 1.000000000000000048e-04
4.054999999999999716e+01 7.249299999999999855e+00 1.605066999999999950e+02 1.800000000000000000e+02 1.571028000000000020e+02 1.000000000000000000e+00 1.000000000000000000e+00 1.398999999999999966e-01 2.500000000000000000e-01 1.000000000000000048e-04
4.060000000000000142e+01 7.245499999999999829e+00 1.605980000000000132e+02 1.800000000000000000e+02 1.571939000000000135e+02 1.000000000000000000e+00 1.000000000000000000e+00 1.401999999999999913e-01 2.500000000000000000e-01 1.000000000000000048e-04
4.064999999999999858e+01 7.241699999999999804e+00 1.606895000000000095e+02 1.800000000000000000e+02 1.572850999999999999e+02 1.000000000000000000e+00 1.000000000000000000e+00 1.403999999999999970e-01 2.500000000000000000e-01 1.000000000000000048e-04
4.070000000000000284e+01 7.237899999999999778e+00 1.607812000000000126e+02 1.800000000000000000e+02 1.573764999999999930e+02 1.000000000000000000e+00 1.000000000000000000e+00 1.406999999999999917e-01 2.500000000000000000e-01 1.000000000000000048e-04
4.075000000000000000e+01 7.234099999999999753e+00 1.608730999999999938e+02 1.800000000000000000e+02 1.574679999999999893e+02 1.000000000000000000e+00 1.000000000000000000e+00 1.409999999999999865e-01 2.500000000000000000e-01 1.000000000000000048e-04
4.079999999999999716e+01 7.230299999999999727e+00 1.609652000000000100e+02 1.800000000000000000e+02 1.575596999999999923e+02 1.000000000000000000e+00 1.000000000000000000e+00 1.413000000000000089e-01 2.500000000000000000e-01 1.000000000000000048e-04
4.085000000000000142e+01 7.226499999999999702e+00 1.610576000000000079e+02 1.800000000000000000e+02 1.576516000000000020e+02 1.000000000000000000e+00 1.000000000000000000e+00 1.414999999999999869e-01 2.500000000000000000e-01 1.000000000000000048e-04
4.089999999999999858e+01 7.222699999999999676e+00 1.611502999999999872e+02 1.800000000000000000e+02 1.577435999999999865e+02 1.000000000000000000e+00 1.000000000000000000e+00 1.418000000000000094e-01 2.500000000000000000e-01 1.000000000000000048e-04
4.095000000000000284e+01 7.218799999999999883e+00 1.612434000000000083e+02 1.800000000000000000e+02 1.578358000000000061e+02 1.000000000000000000e+00 1.000000000000000000e+00 1.421000000000000041e-01 2.500000000000000000e-01 1.000000000000000048e-04
4.100000000000000000e+01 7.214999999999999858e+00 1.613368000000000109e+02 1.800000000000000000e+02 1.579282000000000039e+02 1.000000000000000000e+00 1.000000000000000000e+00 1.423999999999999988e-01 2.500000000000000000e-01 1.000000000000000048e-04
4.104999999999999716e+01 7.211199999999999832e+00 1.614305999999999983e+02 1.800000000000000000e+02 1.580208000000000084e+02 1.000000000000000000e+00 1.000000000000000000e+00 1.426000000000000045e-01 2.500000000000000000e-01 1.000000000000000048e-04
4.110000000000000142e+01 7.207399999999999807e+00 1.615250000000000057e+02 1.800000000000000000e+02 1.581136999999999944e+02 1.000000000000000000e+00 1.000000000000000000e+00 1.428999999999999992e-01 2.500000000000000000e-01 1.000000000000000048e-04
4.114999999999999858e+01 7.203500000000000014e+00 1.616199000000000012e+02 1.800000000000000000e+02 1.582067000000000121e+02 1.000000000000000000e+00 1.000000000000000000e+00 1.431999999999999940e-01 2.500000000000000000e-01 1.000000000000000048e-04
4.120000000000000284e+01 7.199699999999999989e+00 1.617155999999999949e+02 1.800000000000000000e+02 1.583000999999999863e+02 1.000000000000000000e+00 1.000000000000000000e+00 1.434999999999999887e-01 2.500000000000000000e-01 1.000000000000000048e-04
4.125000000000000000e+01 7.195899999999999963e+00 1.618120999999999867e+02 1.800000000000000000e+02 1.583936999999999955e+02 1.000000000000000000e+00 1.000000000000000000e+00 1.438000000000000111e-01 2.500000000000000000e-01 1.000000000000000048e-04
4.129999999999999716e+01 7.192000000000000171e+00 1.619147000000000105e+02 1.730000000000000000e+02 1.584876999999999896e+02 1.000000000000000000e+00 1.000000000000000000e+00 1.441000000000000059e-01 2.500000000000000000e-01 1.000000000000000048e-04
4.135000000000000142e+01 7.188100000000000378e+00 1.620197000000000003e+02 1.730000000000000000e+02 1.585819999999999936e+02 1.000000000000000000e+00 1.000000000000000000e+00 1.444000000000000006e-01 2.500000000000000000e-01 1.000000000000000048e-04
4.139999999999999858e+01 7.184199999999999697e+00 1.621276000000000010e+02 1.730000000000000000e+02 1.586767999999999859e+02 1.000000000000000000e+00 1.000000000000000000e+00 1.446999999999999953e-01 2.500000000000000000e-01 1.000000000000000048e-04
4.145000000000000284e+01 7.180299999999999905e+00 1.622409000000000106e+02 1.680000000000000000e+02 1.587720999999999947e+02 1.000000000000000000e+00 1.000000000000000000e+00 1.451000000000000068e-01 2.500000000000000000e-01 1.000000000000000048e-04
4.150000000000000000e+01 7.176300000000000345e+00 1.623685999999999865e+02 1.680000000000000000e+02 1.588679999999999950e+02 1.000000000000000000e+00 1.000000000000000000e+00 1.454000000000000015e-01 2.500000000000000000e-01 1.000000000000000048e-04
4.154999999999999716e+01 7.172299999999999898e+00 1.625045000000000073e+02 1.680000000000000000e+02 1.589645999999999901e+02 1.000000000000000000e+00 1.000000000000000000e+00 1.458000000000000129e-01 2.500000000000000000e-01 1.000000000000000048e-04
4.160000000000000142e+01 7.168099999999999916e+00 1.626676999999999964e+02 1.620000000000000000e+02 1.590620999999999867e+02 1.000000000000000000e+00 1.000000000000000000e+00 1.463000000000000134e-01 2.500000000000000000e-01 1.000000000000000048e-04
4.164999999999999858e+01 7.163899999999999935e+00 1.628507999999999925e+02 1.620000000000000000e+02 1.591605000000000132e+02 1.000000000000000000e+00 1.000000000000000000e+00 1.469000000000000028e-01 2.500000000000000000e-01 1.000000000000000048e-04
4.170000000000000284e+01 7.159500000000000419e+00 1.630550000000000068e+02 1.620000000000000000e+02 1.592603000000000009e+02 1.000000000000000000e+00 1.000000000000000000e+00 1.474999999999999922e-01 2.500000000000000000e-01 1.000000000000000048e-04
4.175000000000000000e+01 7.155000000000000249e+00 1.632855000000000132e+02 1.620000000000000000e+02 1.593616000000000099e+02 1.000000000000000000e+00 1.000000000000000000e+00 1.481999999999999984e-01 2.500000000000000000e-01 1.000000000000000048e-04
4.179999999999999716e+01 7.150400000000000311e+00 1.635488000000000000e+02 1.620000000000000000e+02 1.594647999999999968e+02 1.000000000000000000e+00 1.000000000000000000e+00 1.489000000000000046e-01 2.500000000000000000e-01 1.000000000000000048e-04
4.185000000000000142e+01 7.145599999999999952e+00 1.638531000000000120e+02 1.620000000000000000e+02 1.595704000000000065e+02 1.000000000000000000e+00 1.000000000000000000e+00 1.497999999999999887e-01 2.500000000000000000e-01 1.000000000000000048e-04
4.189999999999999858e+01 7.140500000000000291e+00 1.642084999999999866e+02 1.620000000000000000e+02 1.596788999999999987e+02 1.000000000000000000e+00 1.000000000000000000e+00 1.509000000000000064e-01 2.500000000000000000e-01 1.000000000000000048e-04
4.195000000000000284e+01 7.135100000000000442e+00 1.646281999999999925e+02 1.620000000000000000e+02 1.597909999999999968e+02 1.000000000000000000e+00 1.000000000000000000e+00 1.521000000000000130e-01 2.500000000000000000e-01 1.000000000000000048e-04
4.200000000000000000e+01 7.129400000000000404e+00 1.651286000000000058e+02 1.620000000000000000e+02 1.599077000000000055e+02 1.000000000000000000e+00 1.000000000000000000e+00 1.535999999999999865e-01 2.500000000000000000e-01 1.000000000000000048e-04
4.204999999999999716e+01 7.123199999999999754e+00 1.657305000000000064e+02 1.620000000000000000e+02 1.600302000000000078e+02 1.000000000000000000e+00 1.000000000000000000e+00 1.554000000000000103e-01 2.500000000000000000e-01 1.000000000000000048e-04
4.210000000000000142e+01 7.116299999999999848e+00 1.664601999999999862e+02 1.620000000000000000e+02 1.601597999999999900e+02 1.000000000000000000e+00 1.000000000000000000e+00 1.575999999999999901e-01 2.500000000000000000e-01 1.000000000000000048e-04
4.214999999999999858e+01 7.108699999999999797e+00 1.673512000000000057e+02 1.620000000000000000e+02 1.602983999999999867e+02 1.000000000000000000e+00 1.000000000000000000e+00 1.602000000000000091e-01 2.500000000000000000e-01 1.000000000000000048e-04
4.220000000000000284e+01 7.100200000000000067e+00 1.684457999999999913e+02 1.620000000000000000e+02 1.604482999999999890e+02 1.000000000000000000e+00 1.000000000000000000e+00 1.635000000000000064e-01 2.500000000000000000e-01 1.000000000000000048e-04
4.225000000000000000e+01 7.090399999999999814e+00 1.697981000000000051e+02 1.620000000000000000e+02 1.606119999999999948e+02 1.000000000000000000e+00 1.000000000000000000e+00 1.675000000000000100e-01 2.500000000000000000e-01 1.000000000000000048e-04
4.229999999999999716e+01 7.079100000000000392e+00 1.714763000000000090e+02 1.620000000000000000e+02 1.607932000000000130e+02 1.000000000000000000e+00 1.000000000000000000e+00 1.724999999999999867e-01 2.500000000000000000e-01 1.000000000000000048e-04
4.235000000000000142e+01 7.065800000000000303e+00 1.735668000000000006e+02 1.620000000000000000e+02 1.609955999999999960e+02 1.000000000000000000e+00 1.000000000000000000e+00 1.786999999999999977e-01 2.500000000000000000e-01 1.000000000000000048e-04
4.239999999999999858e+01 7.049999999999999822e+00 1.761787999999999954e+02 1.620000000000000000e+02 1.612240999999999929e+02 1.000000000000000000e+00 1.000000000000000000e+00 1.864999999999999991e-01 2.500000000000000000e-01 1.000000000000000048e-04
4.245000000000000284e+01 7.031100000000000350e+00 1.794485999999999990e+02 1.620000000000000000e+02 1.614838000000000022e+02 1.000000000000000000e+00 1.000000000000000000e+00 1.962000000000000133e-01 2.500000000000000000e-01 1.000000000000000048e-04
4.250000000000000000e+01 7.008300000000000196e+00 1.835454000000000008e+02 1.620000000000000000e+02 1.617798999999999978e+02 1.000000000000000000e+00 1.000000000000000000e+00 2.083000000000000129e-01 2.500000000000000000e-01 1.000000000000000048e-04
4.254999999999999716e+01 6.980500000000000149e+00 1.886740000000000066e+02 1.620000000000000000e+02 1.621174000000000035e+02 1.000000000000000000e+00 1.000000000000000000e+00 2.235999999999999932e-01 2.500000000000000000e-01 1.000000000000000048e-04
4.260000000000000142e+01 6.946600000000000108e+00 1.950757000000000119e+02 1.620000000000000000e+02 1.624992000000000019e+02 1.000000000000000000e+00 1.000000000000000000e+00 2.426000000000000101e-01 2.500000000000000000e-01 1.000000000000000048e-04
4.264999999999999858e+01 6.905400000000000205e+00 2.030192000000000121e+02 1.620000000000000000e+02 1.629242000000000132e+02 1.000000000000000000e+00 1.000000000000000000e+00 2.661999999999999922e-01 2.500000000000000000e-01 1.000000000000000048e-04
4.270000000000000284e+01 6.855500000000000149e+00 2.127784000000000049e+02 1.620000000000000000e+02 1.633845000000000027e+02 1.000000000000000000e+00 1.000000000000000000e+00 2.952000000000000179e-01 2.500000000000000000e-01 1.000000000000000048e-04
4.275000000000000000e+01 6.795700000000000074e+00 2.245895999999999901e+02 1.620000000000000000e+02 1.638619999999999948e+02 1.000000000000000000e+00 1.000000000000000000e+00 3.302999999999999825e-01 2.500000000000000000e-01 1.000000000000000048e-04
4.279999999999999716e+01 6.725399999999999601e+00 2.385928999999999860e+02 1.620000000000000000e+02 1.643266000000000133e+02 1.000000000000000000e+00 1.000000000000000000e+00 3.719000000000000083e-01 2.500000000000000000e-01 1.000000000000000048e-04
4.285000000000000142e+01 6.644400000000000084e+00 2.547857999999999947e+02 1.620000000000000000e+02 1.647386999999999944e+02 1.000000000000000000e+00 1.000000000000000000e+00 4.199999999999999845e-01 2.500000000000000000e-01 1.000000000000000048e-04
4.289999999999999858e+01 6.553499999999999659e+00 2.730439999999999827e+02 1.620000000000000000e+02 1.650560000000000116e+02 1.000000000000000000e+00 1.000000000000000000e+00 4.742999999999999994e-01 2.500000000000000000e-01 1.000000000000000048e-04
4.295000000000000284e+01 6.453000000000000291e+00 2.932561000000000035e+02 1.620000000000000000e+02 1.652385999999999910e+02 1.000000000000000000e+00 1.000000000000000000e+00 5.342999999999999972e-01 2.500000000000000000e-01 1.000000000000000048e-04
4.300000000000000000e+01 6.342500000000000249e+00 3.155167000000000144e+02 1.620000000000000000e+02 1.652410000000000139e+02 1.000000000000000000e+00 1.000000000000000000e+00 6.004000000000000448e-01 2.500000000000000000e-01 1.000000000000000048e-04
4.304999999999999716e+01 6.220100000000000406e+00 3.402250000000000227e+02 1.620000000000000000e+02 1.649795000000000016e+02 1.000000000000000000e+00 1.000000000000000000e+00 6.739000000000000545e-01 2.500000000000000000e-01 1.000000000000000048e-04
