0.000000000000000000e+00 1.000000000000000000e+01 1.129051999999999936e+02 1.800000000000000000e+02 1.081166999999999945e+02 2.000000000000000000e+00 0.000000000000000000e+00 1.199999999999999895e-03 2.500000000000000000e-01 1.000000000000000048e-04
1.000000000000000056e-01 9.993700000000000472e+00 1.129051999999999936e+02 1.800000000000000000e+02 1.081166999999999945e+02 2.000000000000000000e+00 0.000000000000000000e+00 0.000000000000000000e+00 2.500000000000000000e-01 1.000000000000000048e-04
1.499999999999999944e-01 9.990600000000000591e+00 1.129829000000000008e+02 1.800000000000000000e+02 1.081948000000000008e+02 2.000000000000000000e+00 0.000000000000000000e+00 2.000000000000000096e-04 2.500000000000000000e-01 1.000000000000000048e-04
2.000000000000000111e-01 9.987500000000000711e+00 1.130217999999999989e+02 1.800000000000000000e+02 1.082339000000000055e+02 2.000000000000000000e+00 0.000000000000000000e+00 2.999999999999999737e-04 2.500000000000000000e-01 1.000000000000000048e-04
2.500000000000000000e-01 9.984400000000000830e+00 1.130606999999999971e+02 1.800000000000000000e+02 1.082729999999999961e+02 2.000000000000000000e+00 0.000000000000000000e+00 5.000000000000000104e-04 2.500000000000000000e-01 1.000000000000000048e-04
2.999999999999999889e-01 9.981199999999999406e+00 1.130996999999999986e+02 1.800000000000000000e+02 1.083121000000000009e+02 2.000000000000000000e+00 0.000000000000000000e+00 5.999999999999999474e-04 2.500000000000000000e-01 1.000000000000000048e-04
3.499999999999999778e-01 9.978099999999999525e+00 1.131387000000000000e+02 1.800000000000000000e+02 1.083512999999999948e+02 2.000000000000000000e+00 0.000000000000000000e+00 6.999999999999999929e-04 2.500000000000000000e-01 1.000000000000000048e-04
4.000000000000000222e-01 9.974999999999999645e+00 1.131777000000000015e+02 1.800000000000000000e+02 1.083905000000000030e+02 2.000000000000000000e+00 0.000000000000000000e+00 8.000000000000000383e-04 2.500000000000000000e-01 1.000000000000000048e-04
4.500000000000000111e-01 9.971799999999999997e+00 1.132167000000000030e+02 1.800000000000000000e+02 1.084298000000000002e+02 2.000000000000000000e+00 0.000000000000000000e+00 8.999999999999999754e-04 2.500000000000000000e-01 1.000000000000000048e-04
5.000000000000000000e-01 9.968700000000000117e+00 1.132557999999999936e+02 1.800000000000000000e+02 1.084689999999999941e+02 2.000000000000000000e+00 0.000000000000000000e+00 1.000000000000000021e-03 2.500000000000000000e-01 1.000000000000000048e-04
5.500000000000000444e-01 9.965600000000000236e+00 1.132948999999999984e+02 1.800000000000000000e+02 1.085083000000000055e+02 2.000000000000000000e+00 0.000000000000000000e+00 1.199999999999999895e-03 2.500000000000000000e-01 1.000000000000000048e-04
5.999999999999999778e-01 9.962400000000000588e+00 1.133341000000000065e+02 1.800000000000000000e+02 1.085477000000000061e+02 2.000000000000000000e+00 0.000000000000000000e+00 1.299999999999999940e-03 2.500000000000000000e-01 1.000000000000000048e-04
6.500000000000000222e-01 9.959300000000000708e+00 1.133733000000000004e+02 1.800000000000000000e+02 1.085870000000000033e+02 2.000000000000000000e+00 0.000000000000000000e+00 1.399999999999999986e-03 2.500000000000000000e-01 1.000000000000000048e-04
6.999999999999999556e-01 9.956200000000000827e+00 1.134124999999999943e+02 1.800000000000000000e+02 1.086264000000000038e+02 2.000000000000000000e+00 0.000000000000000000e+00 1.500000000000000031e-03 2.500000000000000000e-01 1.000000000000000048e-04
7.500000000000000000e-01 9.952999999999999403e+00 1.134517000000000024e+02 1.800000000000000000e+02 1.086658000000000044e+02 2.000000000000000000e+00 0.000000000000000000e+00 1.600000000000000077e-03 2.500000000000000000e-01 1.000000000000000048e-04
8.000000000000000444e-01 9.949899999999999523e+00 1.134909999999999997e+02 1.800000000000000000e+02 1.087052999999999940e+02 2.000000000000000000e+00 0.000000000000000000e+00 1.699999999999999905e-03 2.500000000000000000e-01 1.000000000000000048e-04
8.499999999999999778e-01 9.946799999999999642e+00 1.135302999999999969e+02 1.800000000000000000e+02 1.087447999999999979e+02 2.000000000000000000e+00 0.000000000000000000e+00 1.899999999999999996e-03 2.500000000000000000e-01 1.000000000000000048e-04
9.000000000000000222e-01 9.943599999999999994e+00 1.135695999999999941e+02 1.800000000000000000e+02 1.087843000000000018e+02 2.000000000000000000e+00 0.000000000000000000e+00 2.000000000000000042e-03 2.500000000000000000e-01 1.000000000000000048e-04
9.499999999999999556e-01 9.940500000000000114e+00 1.136089999999999947e+02 1.800000000000000000e+02 1.088238000000000056e+02 2.000000000000000000e+00 0.000000000000000000e+00 2.099999999999999870e-03 2.500000000000000000e-01 1.000000000000000048e-04
1.000000000000000000e+00 9.937400000000000233e+00 1.136483999999999952e+02 1.800000000000000000e+02 1.088633999999999986e+02 2.000000000000000000e+00 0.000000000000000000e+00 2.200000000000000133e-03 2.500000000000000000e-01 1.000000000000000048e-04
1.050000000000000044e+00 9.934200000000000585e+00 1.136877999999999957e+02 1.800000000000000000e+02 1.089030000000000058e+02 2.000000000000000000e+00 0.000000000000000000e+00 2.299999999999999961e-03 2.500000000000000000e-01 1.000000000000000048e-04
1.100000000000000089e+00 9.931100000000000705e+00 1.137271999999999963e+02 1.800000000000000000e+02 1.089425999999999988e+02 2.000000000000000000e+00 0.000000000000000000e+00 2.399999999999999790e-03 2.500000000000000000e-01 1.000000000000000048e-04
1.149999999999999911e+00 9.928000000000000824e+00 1.137667000000000002e+02 1.800000000000000000e+02 1.089822999999999951e+02 2.000000000000000000e+00 0.000000000000000000e+00 2.599999999999999881e-03 2.500000000000000000e-01 1.000000000000000048e-04
1.199999999999999956e+00 9.924799999999999400e+00 1.138062000000000040e+02 1.800000000000000000e+02 1.090220000000000056e+02 2.000000000000000000e+00 0.000000000000000000e+00 2.700000000000000143e-03 2.500000000000000000e-01 1.000000000000000048e-04
1.250000000000000000e+00 9.921699999999999520e+00 1.138457999999999970e+02 1.800000000000000000e+02 1.090617000000000019e+02 2.000000000000000000e+00 0.000000000000000000e+00 2.799999999999999972e-03 2.500000000000000000e-01 1.000000000000000048e-04
1.300000000000000044e+00 9.918499999999999872e+00 1.138853000000000009e+02 1.800000000000000000e+02 1.091015000000000015e+02 2.000000000000000000e+00 0.000000000000000000e+00 2.899999999999999800e-03 2.500000000000000000e-01 1.000000000000000048e-04
1.350000000000000089e+00 9.915399999999999991e+00 1.139248999999999938e+02 1.800000000000000000e+02 1.091413000000000011e+02 2.000000000000000000e+00 0.000000000000000000e+00 3.000000000000000062e-03 2.500000000000000000e-01 1.000000000000000048e-04
1.399999999999999911e+00 9.912300000000000111e+00 1.139646000000000043e+02 1.800000000000000000e+02 1.091811000000000007e+02 2.000000000000000000e+00 0.000000000000000000e+00 3.099999999999999891e-03 2.500000000000000000e-01 1.000000000000000048e-04
1.449999999999999956e+00 9.909100000000000463e+00 1.140041999999999973e+02 1.800000000000000000e+02 1.092209000000000003e+02 2.000000000000000000e+00 0.000000000000000000e+00 3.299999999999999982e-03 2.500000000000000000e-01 1.000000000000000048e-04
1.500000000000000000e+00 9.906000000000000583e+00 1.140438999999999936e+02 1.800000000000000000e+02 1.092608000000000033e+02 2.000000000000000000e+00 0.000000000000000000e+00 3.399999999999999811e-03 2.500000000000000000e-01 1.000000000000000048e-04
1.550000000000000044e+00 9.902900000000000702e+00 1.140836999999999932e+02 1.800000000000000000e+02 1.093007000000000062e+02 2.000000000000000000e+00 0.000000000000000000e+00 3.500000000000000073e-03 2.500000000000000000e-01 1.000000000000000048e-04
1.600000000000000089e+00 9.899699999999999278e+00 1.141234000000000037e+02 1.800000000000000000e+02 1.093406999999999982e+02 2.000000000000000000e+00 0.000000000000000000e+00 3.599999999999999901e-03 2.500000000000000000e-01 1.000000000000000048e-04
1.649999999999999911e+00 9.896599999999999397e+00 1.141632000000000033e+02 1.800000000000000000e+02 1.093806000000000012e+02 2.000000000000000000e+00 0.000000000000000000e+00 3.700000000000000164e-03 2.500000000000000000e-01 1.000000000000000048e-04
1.699999999999999956e+00 9.893399999999999750e+00 1.142031000000000063e+02 1.800000000000000000e+02 1.094205999999999932e+02 2.000000000000000000e+00 0.000000000000000000e+00 3.899999999999999821e-03 2.500000000000000000e-01 1.000000000000000048e-04
1.750000000000000000e+00 9.890299999999999869e+00 1.142429000000000059e+02 1.800000000000000000e+02 1.094607000000000028e+02 2.000000000000000000e+00 0.000000000000000000e+00 4.000000000000000083e-03 2.500000000000000000e-01 1.000000000000000048e-04
1.800000000000000044e+00 9.887100000000000222e+00 1.142827999999999946e+02 1.800000000000000000e+02 1.095006999999999948e+02 2.000000000000000000e+00 0.000000000000000000e+00 4.100000000000000346e-03 2.500000000000000000e-01 1.000000000000000048e-04
1.850000000000000089e+00 9.884000000000000341e+00 1.143226999999999975e+02 1.800000000000000000e+02 1.095408999999999935e+02 2.000000000000000000e+00 0.000000000000000000e+00 4.199999999999999740e-03 2.500000000000000000e-01 1.000000000000000048e-04
1.899999999999999911e+00 9.880900000000000460e+00 1.143627000000000038e+02 1.800000000000000000e+02 1.095810000000000031e+02 2.000000000000000000e+00 0.000000000000000000e+00 4.300000000000000003e-03 2.500000000000000000e-01 1.000000000000000048e-04
1.949999999999999956e+00 9.877700000000000813e+00 1.144026999999999958e+02 1.800000000000000000e+02 1.096210999999999984e+02 2.000000000000000000e+00 0.000000000000000000e+00 4.400000000000000265e-03 2.500000000000000000e-01 1.000000000000000048e-04
2.000000000000000000e+00 9.874599999999999156e+00 1.144427000000000021e+02 1.800000000000000000e+02 1.096612999999999971e+02 2.000000000000000000e+00 0.000000000000000000e+00 4.599999999999999922e-03 2.500000000000000000e-01 1.000000000000000048e-04
2.049999999999999822e+00 9.871399999999999508e+00 1.144826999999999941e+02 1.800000000000000000e+02 1.097015999999999991e+02 2.000000000000000000e+00 0.000000000000000000e+00 4.700000000000000185e-03 2.500000000000000000e-01 1.000000000000000048e-04
2.100000000000000089e+00 9.868299999999999628e+00 1.145228000000000037e+02 1.800000000000000000e+02 1.097417999999999978e+02 2.000000000000000000e+00 0.000000000000000000e+00 4.799999999999999580e-03 2.500000000000000000e-01 1.000000000000000048e-04
2.149999999999999911e+00 9.865099999999999980e+00 1.145628999999999991e+02 1.800000000000000000e+02 1.097820999999999998e+02 2.000000000000000000e+00 0.000000000000000000e+00 4.899999999999999842e-03 2.500000000000000000e-01 1.000000000000000048e-04
2.200000000000000178e+00 9.862000000000000099e+00 1.146029999999999944e+02 1.800000000000000000e+02 1.098224000000000018e+02 2.000000000000000000e+00 0.000000000000000000e+00 5.000000000000000104e-03 2.500000000000000000e-01 1.000000000000000048e-04
2.250000000000000000e+00 9.858800000000000452e+00 1.146431999999999931e+02 1.800000000000000000e+02 1.098627999999999929e+02 2.000000000000000000e+00 0.000000000000000000e+00 5.199999999999999761e-03 2.500000000000000000e-01 1.000000000000000048e-04
2.299999999999999822e+00 9.855700000000000571e+00 1.146834000000000060e+02 1.800000000000000000e+02 1.099031999999999982e+02 2.000000000000000000e+00 0.000000000000000000e+00 5.300000000000000024e-03 2.500000000000000000e-01 1.000000000000000048e-04
2.350000000000000089e+00 9.852499999999999147e+00 1.147236000000000047e+02 1.800000000000000000e+02 1.099436000000000035e+02 2.000000000000000000e+00 0.000000000000000000e+00 5.400000000000000286e-03 2.500000000000000000e-01 1.000000000000000048e-04
2.399999999999999911e+00 9.849399999999999267e+00 1.147639000000000067e+02 1.800000000000000000e+02 1.099839999999999947e+02 2.000000000000000000e+00 0.000000000000000000e+00 5.499999999999999681e-03 2.500000000000000000e-01 1.000000000000000048e-04
2.450000000000000178e+00 9.846199999999999619e+00 1.148041999999999945e+02 1.800000000000000000e+02 1.100245000000000033e+02 2.000000000000000000e+00 0.000000000000000000e+00 5.599999999999999943e-03 2.500000000000000000e-01 1.000000000000000048e-04
2.500000000000000000e+00 9.843099999999999739e+00 1.148444999999999965e+02 1.800000000000000000e+02 1.100649999999999977e+02 2.000000000000000000e+00 0.000000000000000000e+00 5.799999999999999600e-03 2.500000000000000000e-01 1.000000000000000048e-04
2.549999999999999822e+00 9.839900000000000091e+00 1.148849000000000018e+02 1.800000000000000000e+02 1.101055999999999955e+02 2.000000000000000000e+00 0.000000000000000000e+00 5.899999999999999863e-03 2.500000000000000000e-01 1.000000000000000048e-04
2.600000000000000089e+00 9.836800000000000210e+00 1.149252999999999929e+02 1.800000000000000000e+02 1.101461999999999932e+02 2.000000000000000000e+00 0.000000000000000000e+00 6.000000000000000125e-03 2.500000000000000000e-01 1.000000000000000048e-04
2.649999999999999911e+00 9.833600000000000563e+00 1.149656999999999982e+02 1.800000000000000000e+02 1.101868000000000052e+02 2.000000000000000000e+00 0.000000000000000000e+00 6.100000000000000387e-03 2.500000000000000000e-01 1.000000000000000048e-04
2.700000000000000178e+00 9.830500000000000682e+00 1.150062000000000069e+02 1.800000000000000000e+02 1.102274000000000029e+02 2.000000000000000000e+00 0.000000000000000000e+00 6.199999999999999782e-03 2.500000000000000000e-01 1.000000000000000048e-04
2.750000000000000000e+00 9.827299999999999258e+00 1.150467000000000013e+02 1.800000000000000000e+02 1.102681000000000040e+02 2.000000000000000000e+00 0.000000000000000000e+00 6.400000000000000307e-03 2.500000000000000000e-01 1.000000000000000048e-04
2.799999999999999822e+00 9.824199999999999378e+00 1.150871999999999957e+02 1.800000000000000000e+02 1.103088000000000051e+02 2.000000000000000000e+00 0.000000000000000000e+00 6.499999999999999702e-03 2.500000000000000000e-01 1.000000000000000048e-04
2.850000000000000089e+00 9.820999999999999730e+00 1.151277999999999935e+02 1.800000000000000000e+02 1.103495000000000061e+02 2.000000000000000000e+00 0.000000000000000000e+00 6.599999999999999964e-03 2.500000000000000000e-01 1.000000000000000048e-04
2.899999999999999911e+00 9.817899999999999849e+00 1.151683000000000021e+02 1.800000000000000000e+02 1.103902999999999963e+02 2.000000000000000000e+00 0.000000000000000000e+00 6.700000000000000226e-03 2.500000000000000000e-01 1.000000000000000048e-04
2.950000000000000178e+00 9.814700000000000202e+00 1.152090000000000032e+02 1.800000000000000000e+02 1.104311000000000007e+02 2.000000000000000000e+00 0.000000000000000000e+00 6.799999999999999621e-03 2.500000000000000000e-01 1.000000000000000048e-04
3.000000000000000000e+00 9.811600000000000321e+00 1.152496000000000009e+02 1.800000000000000000e+02 1.104719000000000051e+02 2.000000000000000000e+00 0.000000000000000000e+00 7.000000000000000146e-03 2.500000000000000000e-01 1.000000000000000048e-04
3.049999999999999822e+00 9.808400000000000674e+00 1.152903000000000020e+02 1.800000000000000000e+02 1.105127999999999986e+02 2.000000000000000000e+00 0.000000000000000000e+00 7.100000000000000408e-03 2.500000000000000000e-01 1.000000000000000048e-04
3.100000000000000089e+00 9.805300000000000793e+00 1.153310000000000031e+02 1.800000000000000000e+02 1.105537000000000063e+02 2.000000000000000000e+00 0.000000000000000000e+00 7.199999999999999803e-03 2.500000000000000000e-01 1.000000000000000048e-04
3.149999999999999911e+00 9.802099999999999369e+00 1.153717999999999932e+02 1.800000000000000000e+02 1.105945999999999998e+02 2.000000000000000000e+00 0.000000000000000000e+00 7.300000000000000065e-03 2.500000000000000000e-01 1.000000000000000048e-04
3.200000000000000178e+00 9.798999999999999488e+00 1.154125999999999976e+02 1.800000000000000000e+02 1.106355999999999966e+02 2.000000000000000000e+00 0.000000000000000000e+00 7.400000000000000328e-03 2.500000000000000000e-01 1.000000000000000048e-04
3.250000000000000000e+00 9.795799999999999841e+00 1.154534000000000020e+02 1.800000000000000000e+02 1.106765999999999934e+02 2.000000000000000000e+00 0.000000000000000000e+00 7.599999999999999985e-03 2.500000000000000000e-01 1.000000000000000048e-04
3.299999999999999822e+00 9.792699999999999960e+00 1.154942000000000064e+02 1.800000000000000000e+02 1.107176000000000045e+02 2.000000000000000000e+00 0.000000000000000000e+00 7.700000000000000247e-03 2.500000000000000000e-01 1.000000000000000048e-04
3.350000000000000089e+00 9.789500000000000313e+00 1.155350999999999999e+02 1.800000000000000000e+02 1.107587000000000046e+02 2.000000000000000000e+00 0.000000000000000000e+00 7.799999999999999642e-03 2.500000000000000000e-01 1.000000000000000048e-04
3.399999999999999911e+00 9.786300000000000665e+00 1.155759999999999934e+02 1.800000000000000000e+02 1.107998000000000047e+02 2.000000000000000000e+00 0.000000000000000000e+00 7.900000000000000772e-03 2.500000000000000000e-01 1.000000000000000048e-04
3.450000000000000178e+00 9.783200000000000784e+00 1.156170000000000044e+02 1.800000000000000000e+02 1.108409000000000049e+02 2.000000000000000000e+00 0.000000000000000000e+00 8.000000000000000167e-03 2.500000000000000000e-01 1.000000000000000048e-04
3.500000000000000000e+00 9.779999999999999361e+00 1.156580000000000013e+02 1.800000000000000000e+02 1.108820999999999941e+02 2.000000000000000000e+00 0.000000000000000000e+00 8.200000000000000691e-03 2.500000000000000000e-01 1.000000000000000048e-04
3.549999999999999822e+00 9.776899999999999480e+00 1.156989999999999981e+02 1.800000000000000000e+02 1.109232999999999976e+02 2.000000000000000000e+00 0.000000000000000000e+00 8.300000000000000086e-03 2.500000000000000000e-01 1.000000000000000048e-04
3.600000000000000089e+00 9.773699999999999832e+00 1.157399999999999949e+02 1.800000000000000000e+02 1.109645000000000010e+02 2.000000000000000000e+00 0.000000000000000000e+00 8.399999999999999481e-03 2.500000000000000000e-01 1.000000000000000048e-04
3.649999999999999911e+00 9.770500000000000185e+00 1.157810999999999950e+02 1.800000000000000000e+02 1.110057000000000045e+02 2.000000000000000000e+00 0.000000000000000000e+00 8.500000000000000611e-03 2.500000000000000000e-01 1.000000000000000048e-04
3.700000000000000178e+00 9.767400000000000304e+00 1.158221999999999952e+02 1.800000000000000000e+02 1.110469999999999970e+02 2.000000000000000000e+00 0.000000000000000000e+00 8.699999999999999400e-03 2.500000000000000000e-01 1.000000000000000048e-04
3.750000000000000000e+00 9.764200000000000657e+00 1.158633999999999986e+02 1.800000000000000000e+02 1.110883999999999929e+02 2.000000000000000000e+00 0.000000000000000000e+00 8.800000000000000530e-03 2.500000000000000000e-01 1.000000000000000048e-04
3.799999999999999822e+00 9.761100000000000776e+00 1.159044999999999987e+02 1.800000000000000000e+02 1.111296999999999997e+02 2.000000000000000000e+00 0.000000000000000000e+00 8.899999999999999925e-03 2.500000000000000000e-01 1.000000000000000048e-04
3.850000000000000089e+00 9.757899999999999352e+00 1.159457000000000022e+02 1.800000000000000000e+02 1.111710999999999956e+02 2.000000000000000000e+00 0.000000000000000000e+00 8.999999999999999320e-03 2.500000000000000000e-01 1.000000000000000048e-04
3.899999999999999911e+00 9.754699999999999704e+00 1.159869999999999948e+02 1.800000000000000000e+02 1.112125000000000057e+02 2.000000000000000000e+00 0.000000000000000000e+00 9.100000000000000450e-03 2.500000000000000000e-01 1.000000000000000048e-04
3.950000000000000178e+00 9.751599999999999824e+00 1.160283000000000015e+02 1.800000000000000000e+02 1.112540000000000049e+02 2.000000000000000000e+00 0.000000000000000000e+00 9.299999999999999239e-03 2.500000000000000000e-01 1.000000000000000048e-04
4.000000000000000000e+00 9.748400000000000176e+00 1.160695999999999941e+02 1.800000000000000000e+02 1.112955000000000041e+02 2.000000000000000000e+00 0.000000000000000000e+00 9.400000000000000369e-03 2.500000000000000000e-01 1.000000000000000048e-04
4.049999999999999822e+00 9.745300000000000296e+00 1.161109000000000009e+02 1.800000000000000000e+02 1.113370000000000033e+02 2.000000000000000000e+00 0.000000000000000000e+00 9.499999999999999764e-03 2.500000000000000000e-01 1.000000000000000048e-04
4.099999999999999645e+00 9.742100000000000648e+00 1.161522999999999968e+02 1.800000000000000000e+02 1.113786000000000058e+02 2.000000000000000000e+00 0.000000000000000000e+00 9.599999999999999159e-03 2.500000000000000000e-01 1.000000000000000048e-04
4.150000000000000355e+00 9.738899999999999224e+00 1.161937000000000069e+02 1.800000000000000000e+02 1.114201999999999941e+02 2.000000000000000000e+00 0.000000000000000000e+00 9.799999999999999684e-03 2.500000000000000000e-01 1.000000000000000048e-04
4.200000000000000178e+00 9.735799999999999343e+00 1.162352000000000061e+02 1.800000000000000000e+02 1.114617999999999967e+02 2.000000000000000000e+00 0.000000000000000000e+00 9.900000000000000813e-03 2.500000000000000000e-01 1.000000000000000048e-04
4.250000000000000000e+00 9.732599999999999696e+00 1.162766000000000020e+02 1.800000000000000000e+02 1.115033999999999992e+02 2.000000000000000000e+00 0.000000000000000000e+00 1.000000000000000021e-02 2.500000000000000000e-01 1.000000000000000048e-04
4.299999999999999822e+00 9.729400000000000048e+00 1.163182000000000045e+02 1.800000000000000000e+02 1.115451000000000050e+02 2.000000000000000000e+00 0.000000000000000000e+00 1.009999999999999960e-02 2.500000000000000000e-01 1.000000000000000048e-04
4.349999999999999645e+00 9.726300000000000168e+00 1.163597000000000037e+02 1.800000000000000000e+02 1.115869000000000000e+02 2.000000000000000000e+00 0.000000000000000000e+00 1.020000000000000073e-02 2.500000000000000000e-01 1.000000000000000048e-04
4.400000000000000355e+00 9.723100000000000520e+00 1.164013000000000062e+02 1.800000000000000000e+02 1.116286000000000058e+02 2.000000000000000000e+00 0.000000000000000000e+00 1.039999999999999952e-02 2.500000000000000000e-01 1.000000000000000048e-04
4.450000000000000178e+00 9.719900000000000873e+00 1.164428999999999945e+02 1.800000000000000000e+02 1.116704000000000008e+02 2.000000000000000000e+00 0.000000000000000000e+00 1.050000000000000065e-02 2.500000000000000000e-01 1.000000000000000048e-04
4.500000000000000000e+00 9.716799999999999216e+00 1.164844999999999970e+02 1.800000000000000000e+02 1.117121999999999957e+02 2.000000000000000000e+00 0.000000000000000000e+00 1.060000000000000005e-02 2.500000000000000000e-01 1.000000000000000048e-04
4.549999999999999822e+00 9.713599999999999568e+00 1.165262000000000029e+02 1.800000000000000000e+02 1.117540999999999940e+02 2.000000000000000000e+00 0.000000000000000000e+00 1.069999999999999944e-02 2.500000000000000000e-01 1.000000000000000048e-04
4.599999999999999645e+00 9.710399999999999920e+00 1.165678999999999945e+02 1.800000000000000000e+02 1.117960000000000065e+02 2.000000000000000000e+00 0.000000000000000000e+00 1.089999999999999997e-02 2.500000000000000000e-01 1.000000000000000048e-04
4.650000000000000355e+00 9.707300000000000040e+00 1.166097000000000037e+02 1.800000000000000000e+02 1.118379000000000048e+02 2.000000000000000000e+00 0.000000000000000000e+00 1.099999999999999936e-02 2.500000000000000000e-01 1.000000000000000048e-04
4.700000000000000178e+00 9.704100000000000392e+00 1.166514999999999986e+02 1.800000000000000000e+02 1.118799000000000063e+02 2.000000000000000000e+00 0.000000000000000000e+00 1.110000000000000049e-02 2.500000000000000000e-01 1.000000000000000048e-04
4.750000000000000000e+00 9.700900000000000745e+00 1.166932999999999936e+02 1.800000000000000000e+02 1.119218999999999937e+02 2.000000000000000000e+00 0.000000000000000000e+00 1.119999999999999989e-02 2.500000000000000000e-01 1.000000000000000048e-04
4.799999999999999822e+00 9.697699999999999321e+00 1.167352000000000061e+02 1.800000000000000000e+02 1.119638999999999953e+02 2.000000000000000000e+00 0.000000000000000000e+00 1.140000000000000041e-02 2.500000000000000000e-01 1.000000000000000048e-04
4.849999999999999645e+00 9.694599999999999440e+00 1.167770000000000010e+02 1.800000000000000000e+02 1.120060000000000002e+02 2.000000000000000000e+00 0.000000000000000000e+00 1.149999999999999981e-02 2.500000000000000000e-01 1.000000000000000048e-04
4.900000000000000355e+00 9.691399999999999793e+00 1.168190000000000026e+02 1.800000000000000000e+02 1.120481000000000051e+02 2.000000000000000000e+00 0.000000000000000000e+00 1.159999999999999920e-02 2.500000000000000000e-01 1.000000000000000048e-04
4.950000000000000178e+00 9.688200000000000145e+00 1.168609000000000009e+02 1.800000000000000000e+02 1.120901999999999958e+02 2.000000000000000000e+00 0.000000000000000000e+00 1.170000000000000033e-02 2.500000000000000000e-01 1.000000000000000048e-04
5.000000000000000000e+00 9.685100000000000264e+00 1.169029000000000025e+02 1.800000000000000000e+02 1.121324000000000041e+02 2.000000000000000000e+00 0.000000000000000000e+00 1.190000000000000085e-02 2.500000000000000000e-01 1.000000000000000048e-04
5.049999999999999822e+00 9.681900000000000617e+00 1.169449000000000041e+02 1.800000000000000000e+02 1.121745999999999981e+02 2.000000000000000000e+00 0.000000000000000000e+00 1.200000000000000025e-02 2.500000000000000000e-01 1.000000000000000048e-04
5.099999999999999645e+00 9.678699999999999193e+00 1.169869999999999948e+02 1.800000000000000000e+02 1.122168000000000063e+02 2.000000000000000000e+00 0.000000000000000000e+00 1.209999999999999964e-02 2.500000000000000000e-01 1.000000000000000048e-04
5.150000000000000355e+00 9.675499999999999545e+00 1.170290999999999997e+02 1.800000000000000000e+02 1.122591000000000037e+02 2.000000000000000000e+00 0.000000000000000000e+00 1.220000000000000077e-02 2.500000000000000000e-01 1.000000000000000048e-04
5.200000000000000178e+00 9.672399999999999665e+00 1.170712000000000046e+02 1.800000000000000000e+02 1.123014000000000010e+02 2.000000000000000000e+00 0.000000000000000000e+00 1.239999999999999956e-02 2.500000000000000000e-01 1.000000000000000048e-04
5.250000000000000000e+00 9.669200000000000017e+00 1.171133999999999986e+02 1.800000000000000000e+02 1.123436999999999983e+02 2.000000000000000000e+00 0.000000000000000000e+00 1.250000000000000069e-02 2.500000000000000000e-01 1.000000000000000048e-04
5.299999999999999822e+00 9.666000000000000369e+00 1.171556000000000068e+02 1.800000000000000000e+02 1.123860999999999990e+02 2.000000000000000000e+00 0.000000000000000000e+00 1.260000000000000009e-02 2.500000000000000000e-01 1.000000000000000048e-04
5.349999999999999645e+00 9.662800000000000722e+00 1.171978000000000009e+02 1.800000000000000000e+02 1.124284999999999997e+02 2.000000000000000000e+00 0.000000000000000000e+00 1.269999999999999948e-02 2.500000000000000000e-01 1.000000000000000048e-04
5.400000000000000355e+00 9.659700000000000841e+00 1.172400999999999982e+02 1.800000000000000000e+02 1.124710000000000036e+02 2.000000000000000000e+00 0.000000000000000000e+00 1.290000000000000001e-02 2.500000000000000000e-01 1.000000000000000048e-04
5.450000000000000178e+00 9.656499999999999417e+00 1.172823999999999955e+02 1.800000000000000000e+02 1.125134000000000043e+02 2.000000000000000000e+00 0.000000000000000000e+00 1.299999999999999940e-02 2.500000000000000000e-01 1.000000000000000048e-04
5.500000000000000000e+00 9.653299999999999770e+00 1.173247000000000071e+02 1.800000000000000000e+02 1.125559999999999974e+02 2.000000000000000000e+00 0.000000000000000000e+00 1.310000000000000053e-02 2.500000000000000000e-01 1.000000000000000048e-04
5.549999999999999822e+00 9.650100000000000122e+00 1.173670999999999935e+02 1.800000000000000000e+02 1.125985000000000014e+02 2.000000000000000000e+00 0.000000000000000000e+00 1.319999999999999993e-02 2.500000000000000000e-01 1.000000000000000048e-04
5.599999999999999645e+00 9.646900000000000475e+00 1.174094999999999942e+02 1.800000000000000000e+02 1.126410999999999945e+02 2.000000000000000000e+00 0.000000000000000000e+00 1.340000000000000045e-02 2.500000000000000000e-01 1.000000000000000048e-04
5.650000000000000355e+00 9.643800000000000594e+00 1.174518999999999949e+02 1.800000000000000000e+02 1.126837000000000018e+02 2.000000000000000000e+00 0.000000000000000000e+00 1.349999999999999985e-02 2.500000000000000000e-01 1.000000000000000048e-04
5.700000000000000178e+00 9.640599999999999170e+00 1.174943999999999988e+02 1.800000000000000000e+02 1.127263999999999982e+02 2.000000000000000000e+00 0.000000000000000000e+00 1.359999999999999924e-02 2.500000000000000000e-01 1.000000000000000048e-04
5.750000000000000000e+00 9.637399999999999523e+00 1.175369000000000028e+02 1.800000000000000000e+02 1.127690000000000055e+02 2.000000000000000000e+00 0.000000000000000000e+00 1.370000000000000037e-02 2.500000000000000000e-01 1.000000000000000048e-04
5.799999999999999822e+00 9.634199999999999875e+00 1.175794000000000068e+02 1.800000000000000000e+02 1.128118000000000052e+02 2.000000000000000000e+00 0.000000000000000000e+00 1.389999999999999916e-02 2.500000000000000000e-01 1.000000000000000048e-04
5.849999999999999645e+00 9.631000000000000227e+00 1.176219999999999999e+02 1.800000000000000000e+02 1.128545000000000016e+02 2.000000000000000000e+00 0.000000000000000000e+00 1.400000000000000029e-02 2.500000000000000000e-01 1.000000000000000048e-04
5.900000000000000355e+00 9.627900000000000347e+00 1.176645999999999930e+02 1.800000000000000000e+02 1.128973000000000013e+02 2.000000000000000000e+00 0.000000000000000000e+00 1.409999999999999969e-02 2.500000000000000000e-01 1.000000000000000048e-04
5.950000000000000178e+00 9.624700000000000699e+00 1.177073000000000036e+02 1.800000000000000000e+02 1.129401000000000010e+02 2.000000000000000000e+00 0.000000000000000000e+00 1.420000000000000082e-02 2.500000000000000000e-01 1.000000000000000048e-04
6.000000000000000000e+00 9.621499999999999275e+00 1.177500000000000000e+02 1.800000000000000000e+02 1.129830000000000041e+02 2.000000000000000000e+00 0.000000000000000000e+00 1.439999999999999961e-02 2.500000000000000000e-01 1.000000000000000048e-04
6.049999999999999822e+00 9.618299999999999628e+00 1.177926999999999964e+02 1.800000000000000000e+02 1.130258999999999929e+02 2.000000000000000000e+00 0.000000000000000000e+00 1.450000000000000074e-02 2.500000000000000000e-01 1.000000000000000048e-04
6.099999999999999645e+00 9.615099999999999980e+00 1.178354000000000070e+02 1.800000000000000000e+02 1.130687999999999960e+02 2.000000000000000000e+00 0.000000000000000000e+00 1.460000000000000013e-02 2.500000000000000000e-01 1.000000000000000048e-04
6.150000000000000355e+00 9.611900000000000333e+00 1.178782000000000068e+02 1.800000000000000000e+02 1.131118000000000023e+02 2.000000000000000000e+00 0.000000000000000000e+00 1.480000000000000066e-02 2.500000000000000000e-01 1.000000000000000048e-04
6.200000000000000178e+00 9.608800000000000452e+00 1.179210999999999956e+02 1.800000000000000000e+02 1.131547999999999945e+02 2.000000000000000000e+00 0.000000000000000000e+00 1.490000000000000005e-02 2.500000000000000000e-01 1.000000000000000048e-04
6.250000000000000000e+00 9.605600000000000804e+00 1.179638999999999953e+02 1.800000000000000000e+02 1.131978000000000009e+02 2.000000000000000000e+00 0.000000000000000000e+00 1.499999999999999944e-02 2.500000000000000000e-01 1.000000000000000048e-04
6.299999999999999822e+00 9.602399999999999380e+00 1.180067999999999984e+02 1.800000000000000000e+02 1.132408999999999963e+02 2.000000000000000000e+00 0.000000000000000000e+00 1.510000000000000057e-02 2.500000000000000000e-01 1.000000000000000048e-04
6.349999999999999645e+00 9.599199999999999733e+00 1.180498000000000047e+02 1.800000000000000000e+02 1.132840000000000060e+02 2.000000000000000000e+00 0.000000000000000000e+00 1.529999999999999936e-02 2.500000000000000000e-01 1.000000000000000048e-04
6.400000000000000355e+00 9.596000000000000085e+00 1.180926999999999936e+02 1.800000000000000000e+02 1.133272000000000048e+02 2.000000000000000000e+00 0.000000000000000000e+00 1.540000000000000049e-02 2.500000000000000000e-01 1.000000000000000048e-04
6.450000000000000178e+00 9.592800000000000438e+00 1.181356999999999999e+02 1.800000000000000000e+02 1.133704000000000036e+02 2.000000000000000000e+00 0.000000000000000000e+00 1.549999999999999989e-02 2.500000000000000000e-01 1.000000000000000048e-04
6.500000000000000000e+00 9.589600000000000790e+00 1.181787999999999954e+02 1.800000000000000000e+02 1.134136000000000024e+02 2.000000000000000000e+00 0.000000000000000000e+00 1.559999999999999928e-02 2.500000000000000000e-01 1.000000000000000048e-04
6.549999999999999822e+00 9.586499999999999133e+00 1.182218000000000018e+02 1.800000000000000000e+02 1.134568000000000012e+02 2.000000000000000000e+00 0.000000000000000000e+00 1.580000000000000154e-02 2.500000000000000000e-01 1.000000000000000048e-04
6.599999999999999645e+00 9.583299999999999486e+00 1.182650000000000006e+02 1.800000000000000000e+02 1.135001000000000033e+02 2.000000000000000000e+00 0.000000000000000000e+00 1.590000000000000094e-02 2.500000000000000000e-01 1.000000000000000048e-04
6.650000000000000355e+00 9.580099999999999838e+00 1.183080999999999960e+02 1.800000000000000000e+02 1.135434000000000054e+02 2.000000000000000000e+00 0.000000000000000000e+00 1.600000000000000033e-02 2.500000000000000000e-01 1.000000000000000048e-04
6.700000000000000178e+00 9.576900000000000190e+00 1.183512999999999948e+02 1.800000000000000000e+02 1.135867999999999967e+02 2.000000000000000000e+00 0.000000000000000000e+00 1.619999999999999912e-02 2.500000000000000000e-01 1.000000000000000048e-04
6.750000000000000000e+00 9.573700000000000543e+00 1.183944999999999936e+02 1.800000000000000000e+02 1.136302000000000021e+02 2.000000000000000000e+00 0.000000000000000000e+00 1.629999999999999852e-02 2.500000000000000000e-01 1.000000000000000048e-04
6.799999999999999822e+00 9.570499999999999119e+00 1.184377999999999957e+02 1.800000000000000000e+02 1.136735999999999933e+02 2.000000000000000000e+00 0.000000000000000000e+00 1.640000000000000138e-02 2.500000000000000000e-01 1.000000000000000048e-04
6.849999999999999645e+00 9.567299999999999471e+00 1.184810999999999979e+02 1.800000000000000000e+02 1.137171000000000021e+02 2.000000000000000000e+00 0.000000000000000000e+00 1.650000000000000078e-02 2.500000000000000000e-01 1.000000000000000048e-04
6.900000000000000355e+00 9.564099999999999824e+00 1.185244000000000000e+02 1.800000000000000000e+02 1.137605999999999966e+02 2.000000000000000000e+00 0.000000000000000000e+00 1.669999999999999957e-02 2.500000000000000000e-01 1.000000000000000048e-04
6.950000000000000178e+00 9.560900000000000176e+00 1.185678000000000054e+02 1.800000000000000000e+02 1.138041000000000054e+02 2.000000000000000000e+00 0.000000000000000000e+00 1.679999999999999896e-02 2.500000000000000000e-01 1.000000000000000048e-04
7.000000000000000000e+00 9.557700000000000529e+00 1.186111999999999966e+02 1.800000000000000000e+02 1.138477000000000032e+02 2.000000000000000000e+00 0.000000000000000000e+00 1.689999999999999836e-02 2.500000000000000000e-01 1.000000000000000048e-04
7.049999999999999822e+00 9.554600000000000648e+00 1.186546000000000021e+02 1.800000000000000000e+02 1.138913000000000011e+02 2.000000000000000000e+00 0.000000000000000000e+00 1.710000000000000062e-02 2.500000000000000000e-01 1.000000000000000048e-04
7.099999999999999645e+00 9.551399999999999224e+00 1.186980999999999966e+02 1.800000000000000000e+02 1.139350000000000023e+02 2.000000000000000000e+00 0.000000000000000000e+00 1.720000000000000001e-02 2.500000000000000000e-01 1.000000000000000048e-04
7.150000000000000355e+00 9.548199999999999577e+00 1.187416000000000054e+02 1.800000000000000000e+02 1.139787000000000035e+02 2.000000000000000000e+00 0.000000000000000000e+00 1.729999999999999941e-02 2.500000000000000000e-01 1.000000000000000048e-04
7.200000000000000178e+00 9.544999999999999929e+00 1.187850999999999999e+02 1.800000000000000000e+02 1.140224000000000046e+02 2.000000000000000000e+00 0.000000000000000000e+00 1.739999999999999880e-02 2.500000000000000000e-01 1.000000000000000048e-04
7.250000000000000000e+00 9.541800000000000281e+00 1.188286999999999978e+02 1.800000000000000000e+02 1.140661999999999949e+02 2.000000000000000000e+00 0.000000000000000000e+00 1.760000000000000106e-02 2.500000000000000000e-01 1.000000000000000048e-04
7.299999999999999822e+00 9.538600000000000634e+00 1.188722999999999956e+02 1.800000000000000000e+02 1.141099999999999994e+02 2.000000000000000000e+00 0.000000000000000000e+00 1.770000000000000046e-02 2.500000000000000000e-01 1.000000000000000048e-04
7.349999999999999645e+00 9.535399999999999210e+00 1.189159999999999968e+02 1.800000000000000000e+02 1.141538000000000039e+02 2.000000000000000000e+00 0.000000000000000000e+00 1.779999999999999985e-02 2.500000000000000000e-01 1.000000000000000048e-04
7.400000000000000355e+00 9.532199999999999562e+00 1.189596999999999980e+02 1.800000000000000000e+02 1.141976999999999975e+02 2.000000000000000000e+00 0.000000000000000000e+00 1.799999999999999864e-02 2.500000000000000000e-01 1.000000000000000048e-04
7.450000000000000178e+00 9.528999999999999915e+00 1.190033999999999992e+02 1.800000000000000000e+02 1.142416000000000054e+02 2.000000000000000000e+00 0.000000000000000000e+00 1.810000000000000150e-02 2.500000000000000000e-01 1.000000000000000048e-04
7.500000000000000000e+00 9.525800000000000267e+00 1.190472000000000037e+02 1.800000000000000000e+02 1.142854999999999990e+02 2.000000000000000000e+00 0.000000000000000000e+00 1.820000000000000090e-02 2.500000000000000000e-01 1.000000000000000048e-04
7.549999999999999822e+00 9.522600000000000620e+00 1.190909999999999940e+02 1.800000000000000000e+02 1.143294999999999959e+02 2.000000000000000000e+00 0.000000000000000000e+00 1.839999999999999969e-02 2.500000000000000000e-01 1.000000000000000048e-04
7.599999999999999645e+00 9.519399999999999196e+00 1.191347999999999985e+02 1.800000000000000000e+02 1.143735000000000070e+02 2.000000000000000000e+00 0.000000000000000000e+00 1.849999999999999908e-02 2.500000000000000000e-01 1.000000000000000048e-04
7.650000000000000355e+00 9.516199999999999548e+00 1.191787000000000063e+02 1.800000000000000000e+02 1.144175999999999931e+02 2.000000000000000000e+00 0.000000000000000000e+00 1.859999999999999848e-02 2.500000000000000000e-01 1.000000000000000048e-04
7.700000000000000178e+00 9.512999999999999901e+00 1.192225999999999999e+02 1.800000000000000000e+02 1.144616000000000042e+02 2.000000000000000000e+00 0.000000000000000000e+00 1.870000000000000134e-02 2.500000000000000000e-01 1.000000000000000048e-04
7.750000000000000000e+00 9.509800000000000253e+00 1.192665999999999968e+02 1.800000000000000000e+02 1.145057999999999936e+02 2.000000000000000000e+00 0.000000000000000000e+00 1.890000000000000013e-02 2.500000000000000000e-01 1.000000000000000048e-04
7.799999999999999822e+00 9.506600000000000605e+00 1.193105999999999938e+02 1.800000000000000000e+02 1.145498999999999938e+02 2.000000000000000000e+00 0.000000000000000000e+00 1.899999999999999953e-02 2.500000000000000000e-01 1.000000000000000048e-04
7.849999999999999645e+00 9.503399999999999181e+00 1.193546000000000049e+02 1.800000000000000000e+02 1.145940999999999974e+02 2.000000000000000000e+00 0.000000000000000000e+00 1.909999999999999892e-02 2.500000000000000000e-01 1.000000000000000048e-04
7.900000000000000355e+00 9.500199999999999534e+00 1.193987000000000052e+02 1.800000000000000000e+02 1.146384000000000043e+02 2.000000000000000000e+00 0.000000000000000000e+00 1.930000000000000118e-02 2.500000000000000000e-01 1.000000000000000048e-04
7.950000000000000178e+00 9.496999999999999886e+00 1.194428000000000054e+02 1.800000000000000000e+02 1.146826999999999970e+02 2.000000000000000000e+00 0.000000000000000000e+00 1.940000000000000058e-02 2.500000000000000000e-01 1.000000000000000048e-04
8.000000000000000000e+00 9.493800000000000239e+00 1.194869000000000057e+02 1.800000000000000000e+02 1.147270000000000039e+02 2.000000000000000000e+00 0.000000000000000000e+00 1.949999999999999997e-02 2.500000000000000000e-01 1.000000000000000048e-04
8.050000000000000711e+00 9.490600000000000591e+00 1.195310999999999950e+02 1.800000000000000000e+02 1.147712999999999965e+02 2.000000000000000000e+00 0.000000000000000000e+00 1.969999999999999876e-02 2.500000000000000000e-01 1.000000000000000048e-04
8.099999999999999645e+00 9.487399999999999167e+00 1.195752999999999986e+02 1.800000000000000000e+02 1.148157000000000068e+02 2.000000000000000000e+00 0.000000000000000000e+00 1.980000000000000163e-02 2.500000000000000000e-01 1.000000000000000048e-04
8.150000000000000355e+00 9.484199999999999520e+00 1.196196000000000055e+02 1.800000000000000000e+02 1.148601000000000028e+02 2.000000000000000000e+00 0.000000000000000000e+00 1.990000000000000102e-02 2.500000000000000000e-01 1.000000000000000048e-04
8.199999999999999289e+00 9.480999999999999872e+00 1.196637999999999948e+02 1.800000000000000000e+02 1.149046000000000021e+02 2.000000000000000000e+00 0.000000000000000000e+00 2.000000000000000042e-02 2.500000000000000000e-01 1.000000000000000048e-04
8.250000000000000000e+00 9.477800000000000225e+00 1.197082000000000050e+02 1.800000000000000000e+02 1.149491000000000014e+02 2.000000000000000000e+00 0.000000000000000000e+00 2.019999999999999921e-02 2.500000000000000000e-01 1.000000000000000048e-04
8.300000000000000711e+00 9.474600000000000577e+00 1.197524999999999977e+02 1.800000000000000000e+02 1.149936000000000007e+02 2.000000000000000000e+00 0.000000000000000000e+00 2.029999999999999860e-02 2.500000000000000000e-01 1.000000000000000048e-04
8.349999999999999645e+00 9.471399999999999153e+00 1.197968999999999937e+02 1.800000000000000000e+02 1.150382000000000033e+02 2.000000000000000000e+00 0.000000000000000000e+00 2.040000000000000147e-02 2.500000000000000000e-01 1.000000000000000048e-04
8.400000000000000355e+00 9.468099999999999739e+00 1.198413999999999930e+02 1.800000000000000000e+02 1.150828000000000060e+02 2.000000000000000000e+00 0.000000000000000000e+00 2.060000000000000026e-02 2.500000000000000000e-01 1.000000000000000048e-04
8.449999999999999289e+00 9.464900000000000091e+00 1.198859000000000066e+02 1.800000000000000000e+02 1.151274999999999977e+02 2.000000000000000000e+00 0.000000000000000000e+00 2.069999999999999965e-02 2.500000000000000000e-01 1.000000000000000048e-04
8.500000000000000000e+00 9.461700000000000443e+00 1.199304000000000059e+02 1.800000000000000000e+02 1.151722000000000037e+02 2.000000000000000000e+00 0.000000000000000000e+00 2.079999999999999905e-02 2.500000000000000000e-01 1.000000000000000048e-04
8.550000000000000711e+00 9.458500000000000796e+00 1.199749000000000052e+02 1.800000000000000000e+02 1.152168999999999954e+02 2.000000000000000000e+00 0.000000000000000000e+00 2.100000000000000130e-02 2.500000000000000000e-01 1.000000000000000048e-04
8.599999999999999645e+00 9.455299999999999372e+00 1.200194999999999936e+02 1.800000000000000000e+02 1.152617000000000047e+02 2.000000000000000000e+00 0.000000000000000000e+00 2.110000000000000070e-02 2.500000000000000000e-01 1.000000000000000048e-04
8.650000000000000355e+00 9.452099999999999724e+00 1.200640999999999963e+02 1.800000000000000000e+02 1.153064999999999998e+02 2.000000000000000000e+00 0.000000000000000000e+00 2.120000000000000009e-02 2.500000000000000000e-01 1.000000000000000048e-04
8.699999999999999289e+00 9.448900000000000077e+00 1.201088000000000022e+02 1.800000000000000000e+02 1.153512999999999948e+02 2.000000000000000000e+00 0.000000000000000000e+00 2.139999999999999888e-02 2.500000000000000000e-01 1.000000000000000048e-04
8.750000000000000000e+00 9.445700000000000429e+00 1.201534999999999940e+02 1.800000000000000000e+02 1.153961999999999932e+02 2.000000000000000000e+00 0.000000000000000000e+00 2.149999999999999828e-02 2.500000000000000000e-01 1.000000000000000048e-04
8.800000000000000711e+00 9.442500000000000782e+00 1.201983000000000033e+02 1.800000000000000000e+02 1.154411000000000058e+02 2.000000000000000000e+00 0.000000000000000000e+00 2.160000000000000114e-02 2.500000000000000000e-01 1.000000000000000048e-04
8.849999999999999645e+00 9.439299999999999358e+00 1.202430999999999983e+02 1.800000000000000000e+02 1.154860999999999933e+02 2.000000000000000000e+00 0.000000000000000000e+00 2.179999999999999993e-02 2.500000000000000000e-01 1.000000000000000048e-04
8.900000000000000355e+00 9.435999999999999943e+00 1.202878999999999934e+02 1.800000000000000000e+02 1.155310999999999950e+02 2.000000000000000000e+00 0.000000000000000000e+00 2.189999999999999933e-02 2.500000000000000000e-01 1.000000000000000048e-04
8.949999999999999289e+00 9.432800000000000296e+00 1.203327000000000027e+02 1.800000000000000000e+02 1.155760999999999967e+02 2.000000000000000000e+00 0.000000000000000000e+00 2.199999999999999872e-02 2.500000000000000000e-01 1.000000000000000048e-04
9.000000000000000000e+00 9.429600000000000648e+00 1.203776000000000010e+02 1.800000000000000000e+02 1.156212000000000018e+02 2.000000000000000000e+00 0.000000000000000000e+00 2.220000000000000098e-02 2.500000000000000000e-01 1.000000000000000048e-04
9.050000000000000711e+00 9.426399999999999224e+00 1.204226000000000028e+02 1.800000000000000000e+02 1.156663000000000068e+02 2.000000000000000000e+00 0.000000000000000000e+00 2.230000000000000038e-02 2.500000000000000000e-01 1.000000000000000048e-04
9.099999999999999645e+00 9.423199999999999577e+00 1.204675000000000011e+02 1.800000000000000000e+02 1.157113999999999976e+02 2.000000000000000000e+00 0.000000000000000000e+00 2.239999999999999977e-02 2.500000000000000000e-01 1.000000000000000048e-04
9.150000000000000355e+00 9.419999999999999929e+00 1.205126000000000062e+02 1.800000000000000000e+02 1.157566000000000059e+02 2.000000000000000000e+00 0.000000000000000000e+00 2.259999999999999856e-02 2.500000000000000000e-01 1.000000000000000048e-04
9.199999999999999289e+00 9.416800000000000281e+00 1.205575999999999937e+02 1.800000000000000000e+02 1.158018000000000001e+02 2.000000000000000000e+00 0.000000000000000000e+00 2.270000000000000143e-02 2.500000000000000000e-01 1.000000000000000048e-04
9.250000000000000000e+00 9.413500000000000867e+00 1.206026999999999987e+02 1.800000000000000000e+02 1.158470999999999975e+02 2.000000000000000000e+00 0.000000000000000000e+00 2.280000000000000082e-02 2.500000000000000000e-01 1.000000000000000048e-04
9.300000000000000711e+00 9.410299999999999443e+00 1.206478000000000037e+02 1.800000000000000000e+02 1.158923999999999950e+02 2.000000000000000000e+00 0.000000000000000000e+00 2.299999999999999961e-02 2.500000000000000000e-01 1.000000000000000048e-04
9.349999999999999645e+00 9.407099999999999795e+00 1.206929999999999978e+02 1.800000000000000000e+02 1.159377000000000066e+02 2.000000000000000000e+00 0.000000000000000000e+00 2.309999999999999901e-02 2.500000000000000000e-01 1.000000000000000048e-04
9.400000000000000355e+00 9.403900000000000148e+00 1.207382000000000062e+02 1.800000000000000000e+02 1.159830999999999932e+02 2.000000000000000000e+00 0.000000000000000000e+00 2.319999999999999840e-02 2.500000000000000000e-01 1.000000000000000048e-04
9.449999999999999289e+00 9.400700000000000500e+00 1.207835000000000036e+02 1.800000000000000000e+02 1.160284999999999940e+02 2.000000000000000000e+00 0.000000000000000000e+00 2.340000000000000066e-02 2.500000000000000000e-01 1.000000000000000048e-04
9.500000000000000000e+00 9.397500000000000853e+00 1.208288000000000011e+02 1.800000000000000000e+02 1.160739999999999981e+02 2.000000000000000000e+00 0.000000000000000000e+00 2.350000000000000006e-02 2.500000000000000000e-01 1.000000000000000048e-04
9.550000000000000711e+00 9.394199999999999662e+00 1.208740999999999985e+02 1.800000000000000000e+02 1.161195000000000022e+02 2.000000000000000000e+00 0.000000000000000000e+00 2.359999999999999945e-02 2.500000000000000000e-01 1.000000000000000048e-04
9.599999999999999645e+00 9.391000000000000014e+00 1.209193999999999960e+02 1.800000000000000000e+02 1.161650000000000063e+02 2.000000000000000000e+00 0.000000000000000000e+00 2.380000000000000171e-02 2.500000000000000000e-01 1.000000000000000048e-04
9.650000000000000355e+00 9.387800000000000367e+00 1.209649000000000001e+02 1.800000000000000000e+02 1.162105999999999995e+02 2.000000000000000000e+00 0.000000000000000000e+00 2.390000000000000110e-02 2.500000000000000000e-01 1.000000000000000048e-04
9.699999999999999289e+00 9.384600000000000719e+00 1.210103000000000009e+02 1.800000000000000000e+02 1.162562000000000069e+02 2.000000000000000000e+00 0.000000000000000000e+00 2.400000000000000050e-02 2.500000000000000000e-01 1.000000000000000048e-04
9.750000000000000000e+00 9.381399999999999295e+00 1.210558000000000050e+02 1.800000000000000000e+02 1.163019000000000034e+02 2.000000000000000000e+00 0.000000000000000000e+00 2.419999999999999929e-02 2.500000000000000000e-01 1.000000000000000048e-04
9.800000000000000711e+00 9.378099999999999881e+00 1.211012999999999948e+02 1.800000000000000000e+02 1.163475999999999999e+02 2.000000000000000000e+00 0.000000000000000000e+00 2.429999999999999868e-02 2.500000000000000000e-01 1.000000000000000048e-04
9.849999999999999645e+00 9.374900000000000233e+00 1.211469000000000023e+02 1.800000000000000000e+02 1.163932999999999964e+02 2.000000000000000000e+00 0.000000000000000000e+00 2.440000000000000155e-02 2.500000000000000000e-01 1.000000000000000048e-04
9.900000000000000355e+00 9.371700000000000585e+00 1.211924999999999955e+02 1.800000000000000000e+02 1.164390999999999963e+02 2.000000000000000000e+00 0.000000000000000000e+00 2.460000000000000034e-02 2.500000000000000000e-01 1.000000000000000048e-04
9.949999999999999289e+00 9.368499999999999162e+00 1.212381000000000029e+02 1.800000000000000000e+02 1.164848999999999961e+02 2.000000000000000000e+00 0.000000000000000000e+00 2.469999999999999973e-02 2.500000000000000000e-01 1.000000000000000048e-04
1.000000000000000000e+01 9.365199999999999747e+00 1.212837999999999994e+02 1.800000000000000000e+02 1.165307999999999993e+02 2.000000000000000000e+00 0.000000000000000000e+00 2.489999999999999852e-02 2.500000000000000000e-01 1.000000000000000048e-04
1.005000000000000071e+01 9.362000000000000099e+00 1.213294999999999959e+02 1.800000000000000000e+02 1.165765999999999991e+02 2.000000000000000000e+00 0.000000000000000000e+00 2.500000000000000139e-02 2.500000000000000000e-01 1.000000000000000048e-04
1.009999999999999964e+01 9.358800000000000452e+00 1.213752999999999957e+02 1.800000000000000000e+02 1.166226000000000056e+02 2.000000000000000000e+00 0.000000000000000000e+00 2.510000000000000078e-02 2.500000000000000000e-01 1.000000000000000048e-04
1.015000000000000036e+01 9.355600000000000804e+00 1.214210999999999956e+02 1.800000000000000000e+02 1.166685999999999979e+02 2.000000000000000000e+00 0.000000000000000000e+00 2.529999999999999957e-02 2.500000000000000000e-01 1.000000000000000048e-04
1.019999999999999929e+01 9.352299999999999613e+00 1.214668999999999954e+02 1.800000000000000000e+02 1.167146000000000043e+02 2.000000000000000000e+00 0.000000000000000000e+00 2.539999999999999897e-02 2.500000000000000000e-01 1.000000000000000048e-04
1.025000000000000000e+01 9.349099999999999966e+00 1.215127999999999986e+02 1.800000000000000000e+02 1.167605999999999966e+02 2.000000000000000000e+00 0.000000000000000000e+00 2.549999999999999836e-02 2.500000000000000000e-01 1.000000000000000048e-04
1.030000000000000071e+01 9.346199999999999619e+00 1.213088999999999942e+02 1.800000000000000000e+02 1.154651000000000067e+02 2.000000000000000000e+00 0.000000000000000000e+00 2.489999999999999852e-02 2.500000000000000000e-01 1.000000000000000048e-04
1.034999999999999964e+01 9.342900000000000205e+00 1.213507000000000033e+02 1.800000000000000000e+02 1.155070999999999941e+02 2.000000000000000000e+00 0.000000000000000000e+00 2.510000000000000078e-02 2.500000000000000000e-01 1.000000000000000048e-04
1.040000000000000036e+01 9.339700000000000557e+00 1.213966000000000065e+02 1.800000000000000000e+02 1.155532000000000039e+02 2.000000000000000000e+00 0.000000000000000000e+00 2.520000000000000018e-02 2.500000000000000000e-01 1.000000000000000048e-04
1.044999999999999929e+01 9.336499999999999133e+00 1.214427000000000021e+02 1.800000000000000000e+02 1.155994000000000028e+02 2.000000000000000000e+00 0.000000000000000000e+00 2.529999999999999957e-02 2.500000000000000000e-01 1.000000000000000048e-04
1.050000000000000000e+01 9.333299999999999486e+00 1.214886999999999944e+02 1.800000000000000000e+02 1.156457000000000050e+02 2.000000000000000000e+00 0.000000000000000000e+00 2.549999999999999836e-02 2.500000000000000000e-01 1.000000000000000048e-04
1.055000000000000071e+01 9.330000000000000071e+00 1.215348000000000042e+02 1.800000000000000000e+02 1.156919000000000040e+02 2.000000000000000000e+00 0.000000000000000000e+00 2.560000000000000123e-02 2.500000000000000000e-01 1.000000000000000048e-04
1.059999999999999964e+01 9.326800000000000423e+00 1.215810000000000031e+02 1.800000000000000000e+02 1.157382999999999953e+02 2.000000000000000000e+00 0.000000000000000000e+00 2.570000000000000062e-02 2.500000000000000000e-01 1.000000000000000048e-04
1.065000000000000036e+01 9.323600000000000776e+00 1.216272000000000020e+02 1.800000000000000000e+02 1.157845999999999975e+02 2.000000000000000000e+00 0.000000000000000000e+00 2.589999999999999941e-02 2.500000000000000000e-01 1.000000000000000048e-04
1.069999999999999929e+01 9.320299999999999585e+00 1.216734000000000009e+02 1.800000000000000000e+02 1.158310000000000031e+02 2.000000000000000000e+00 0.000000000000000000e+00 2.599999999999999881e-02 2.500000000000000000e-01 1.000000000000000048e-04
1.075000000000000000e+01 9.317099999999999937e+00 1.217197000000000031e+02 1.800000000000000000e+02 1.158774999999999977e+02 2.000000000000000000e+00 0.000000000000000000e+00 2.610000000000000167e-02 2.500000000000000000e-01 1.000000000000000048e-04
1.080000000000000071e+01 9.313900000000000290e+00 1.217660000000000053e+02 1.800000000000000000e+02 1.159240000000000066e+02 2.000000000000000000e+00 0.000000000000000000e+00 2.630000000000000046e-02 2.500000000000000000e-01 1.000000000000000048e-04
1.084999999999999964e+01 9.310600000000000875e+00 1.218123999999999967e+02 1.800000000000000000e+02 1.159705000000000013e+02 2.000000000000000000e+00 0.000000000000000000e+00 2.639999999999999986e-02 2.500000000000000000e-01 1.000000000000000048e-04
1.090000000000000036e+01 9.307399999999999451e+00 1.218588000000000022e+02 1.800000000000000000e+02 1.160170999999999992e+02 2.000000000000000000e+00 0.000000000000000000e+00 2.659999999999999865e-02 2.500000000000000000e-01 1.000000000000000048e-04
1.094999999999999929e+01 9.304199999999999804e+00 1.219051999999999936e+02 1.800000000000000000e+02 1.160636999999999972e+02 2.000000000000000000e+00 0.000000000000000000e+00 2.670000000000000151e-02 2.500000000000000000e-01 1.000000000000000048e-04
1.100000000000000000e+01 9.300900000000000389e+00 1.219517000000000024e+02 1.800000000000000000e+02 1.161102999999999952e+02 2.000000000000000000e+00 0.000000000000000000e+00 2.680000000000000090e-02 2.500000000000000000e-01 1.000000000000000048e-04
1.105000000000000071e+01 9.297700000000000742e+00 1.219981999999999971e+02 1.800000000000000000e+02 1.161569999999999965e+02 2.000000000000000000e+00 0.000000000000000000e+00 2.699999999999999969e-02 2.500000000000000000e-01 1.000000000000000048e-04
1.109999999999999964e+01 9.294499999999999318e+00 1.220447999999999951e+02 1.800000000000000000e+02 1.162038000000000011e+02 2.000000000000000000e+00 0.000000000000000000e+00 2.709999999999999909e-02 2.500000000000000000e-01 1.000000000000000048e-04
1.115000000000000036e+01 9.291199999999999903e+00 1.220913999999999930e+02 1.800000000000000000e+02 1.162505000000000024e+02 2.000000000000000000e+00 0.000000000000000000e+00 2.730000000000000135e-02 2.500000000000000000e-01 1.000000000000000048e-04
1.119999999999999929e+01 9.288000000000000256e+00 1.221380000000000052e+02 1.800000000000000000e+02 1.162973000000000070e+02 2.000000000000000000e+00 0.000000000000000000e+00 2.740000000000000074e-02 2.500000000000000000e-01 1.000000000000000048e-04
1.125000000000000000e+01 9.284800000000000608e+00 1.221847000000000065e+02 1.800000000000000000e+02 1.163442000000000007e+02 2.000000000000000000e+00 0.000000000000000000e+00 2.750000000000000014e-02 2.500000000000000000e-01 1.000000000000000048e-04
1.130000000000000071e+01 9.281499999999999417e+00 1.222313999999999936e+02 1.800000000000000000e+02 1.163910999999999945e+02 2.000000000000000000e+00 0.000000000000000000e+00 2.769999999999999893e-02 2.500000000000000000e-01 1.000000000000000048e-04
1.134999999999999964e+01 9.278299999999999770e+00 1.222781999999999982e+02 1.800000000000000000e+02 1.164380000000000024e+02 2.000000000000000000e+00 0.000000000000000000e+00 2.779999999999999832e-02 2.500000000000000000e-01 1.000000000000000048e-04
1.140000000000000036e+01 9.275100000000000122e+00 1.223250000000000028e+02 1.800000000000000000e+02 1.164849999999999994e+02 2.000000000000000000e+00 0.000000000000000000e+00 2.790000000000000119e-02 2.500000000000000000e-01 1.000000000000000048e-04
1.144999999999999929e+01 9.271800000000000708e+00 1.223717999999999932e+02 1.800000000000000000e+02 1.165319999999999965e+02 2.000000000000000000e+00 0.000000000000000000e+00 2.809999999999999998e-02 2.500000000000000000e-01 1.000000000000000048e-04
1.150000000000000000e+01 9.268599999999999284e+00 1.224187000000000012e+02 1.800000000000000000e+02 1.165790999999999968e+02 2.000000000000000000e+00 0.000000000000000000e+00 2.819999999999999937e-02 2.500000000000000000e-01 1.000000000000000048e-04
1.155000000000000071e+01 9.265299999999999869e+00 1.224656999999999982e+02 1.800000000000000000e+02 1.166261999999999972e+02 2.000000000000000000e+00 0.000000000000000000e+00 2.840000000000000163e-02 2.500000000000000000e-01 1.000000000000000048e-04
1.159999999999999964e+01 9.262100000000000222e+00 1.225126000000000062e+02 1.800000000000000000e+02 1.166732999999999976e+02 2.000000000000000000e+00 0.000000000000000000e+00 2.850000000000000103e-02 2.500000000000000000e-01 1.000000000000000048e-04
1.165000000000000036e+01 9.258900000000000574e+00 1.225597000000000065e+02 1.800000000000000000e+02 1.167205000000000013e+02 2.000000000000000000e+00 0.000000000000000000e+00 2.860000000000000042e-02 2.500000000000000000e-01 1.000000000000000048e-04
1.169999999999999929e+01 9.255599999999999383e+00 1.226067000000000036e+02 1.800000000000000000e+02 1.167677999999999940e+02 2.000000000000000000e+00 0.000000000000000000e+00 2.879999999999999921e-02 2.500000000000000000e-01 1.000000000000000048e-04
1.175000000000000000e+01 9.252399999999999736e+00 1.226538000000000039e+02 1.800000000000000000e+02 1.168149999999999977e+02 2.000000000000000000e+00 0.000000000000000000e+00 2.889999999999999861e-02 2.500000000000000000e-01 1.000000000000000048e-04
1.180000000000000071e+01 9.249100000000000321e+00 1.227009999999999934e+02 1.800000000000000000e+02 1.168623000000000047e+02 2.000000000000000000e+00 0.000000000000000000e+00 2.910000000000000087e-02 2.500000000000000000e-01 1.000000000000000048e-04
1.184999999999999964e+01 9.245900000000000674e+00 1.227480999999999938e+02 1.800000000000000000e+02 1.169097000000000008e+02 2.000000000000000000e+00 0.000000000000000000e+00 2.920000000000000026e-02 2.500000000000000000e-01 1.000000000000000048e-04
1.190000000000000036e+01 9.242599999999999483e+00 1.227954000000000008e+02 1.800000000000000000e+02 1.169570999999999970e+02 2.000000000000000000e+00 0.000000000000000000e+00 2.929999999999999966e-02 2.500000000000000000e-01 1.000000000000000048e-04
1.194999999999999929e+01 9.239399999999999835e+00 1.228426000000000045e+02 1.800000000000000000e+02 1.170044999999999931e+02 2.000000000000000000e+00 0.000000000000000000e+00 2.949999999999999845e-02 2.500000000000000000e-01 1.000000000000000048e-04
1.200000000000000000e+01 9.236100000000000421e+00 1.228898999999999972e+02 1.800000000000000000e+02 1.170520000000000067e+02 2.000000000000000000e+00 0.000000000000000000e+00 2.960000000000000131e-02 2.500000000000000000e-01 1.000000000000000048e-04
1.205000000000000071e+01 9.232900000000000773e+00 1.229372999999999934e+02 1.800000000000000000e+02 1.170995000000000061e+02 2.000000000000000000e+00 0.000000000000000000e+00 2.980000000000000010e-02 2.500000000000000000e-01 1.000000000000000048e-04
1.209999999999999964e+01 9.229699999999999349e+00 1.229847000000000037e+02 1.800000000000000000e+02 1.171470999999999947e+02 2.000000000000000000e+00 0.000000000000000000e+00 2.989999999999999949e-02 2.500000000000000000e-01 1.000000000000000048e-04
1.215000000000000036e+01 9.226399999999999935e+00 1.230320999999999998e+02 1.800000000000000000e+02 1.171946999999999974e+02 2.000000000000000000e+00 0.000000000000000000e+00 2.999999999999999889e-02 2.500000000000000000e-01 1.000000000000000048e-04
1.219999999999999929e+01 9.223200000000000287e+00 1.230795999999999992e+02 1.800000000000000000e+02 1.172423000000000002e+02 2.000000000000000000e+00 0.000000000000000000e+00 3.020000000000000115e-02 2.500000000000000000e-01 1.000000000000000048e-04
1.225000000000000000e+01 9.219900000000000873e+00 1.231270999999999987e+02 1.800000000000000000e+02 1.172900000000000063e+02 2.000000000000000000e+00 0.000000000000000000e+00 3.030000000000000054e-02 2.500000000000000000e-01 1.000000000000000048e-04
1.230000000000000071e+01 9.216699999999999449e+00 1.231747000000000014e+02 1.800000000000000000e+02 1.173378000000000014e+02 2.000000000000000000e+00 0.000000000000000000e+00 3.049999999999999933e-02 2.500000000000000000e-01 1.000000000000000048e-04
1.234999999999999964e+01 9.213400000000000034e+00 1.232223000000000042e+02 1.800000000000000000e+02 1.173854999999999933e+02 2.000000000000000000e+00 0.000000000000000000e+00 3.059999999999999873e-02 2.500000000000000000e-01 1.000000000000000048e-04
1.240000000000000036e+01 9.210200000000000387e+00 1.232699000000000069e+02 1.800000000000000000e+02 1.174333000000000027e+02 2.000000000000000000e+00 0.000000000000000000e+00 3.070000000000000159e-02 2.500000000000000000e-01 1.000000000000000048e-04
1.244999999999999929e+01 9.206899999999999196e+00 1.233175999999999988e+02 1.800000000000000000e+02 1.174812000000000012e+02 2.000000000000000000e+00 0.000000000000000000e+00 3.090000000000000038e-02 2.500000000000000000e-01 1.000000000000000048e-04
1.250000000000000000e+01 9.203699999999999548e+00 1.233653999999999940e+02 1.800000000000000000e+02 1.175290999999999997e+02 2.000000000000000000e+00 0.000000000000000000e+00 3.099999999999999978e-02 2.500000000000000000e-01 1.000000000000000048e-04
1.255000000000000071e+01 9.200400000000000134e+00 1.234131000000000000e+02 1.800000000000000000e+02 1.175771000000000015e+02 2.000000000000000000e+00 0.000000000000000000e+00 3.119999999999999857e-02 2.500000000000000000e-01 1.000000000000000048e-04
1.259999999999999964e+01 9.197200000000000486e+00 1.234609999999999985e+02 1.800000000000000000e+02 1.176250000000000000e+02 2.000000000000000000e+00 0.000000000000000000e+00 3.130000000000000143e-02 2.500000000000000000e-01 1.000000000000000048e-04
1.265000000000000036e+01 9.193899999999999295e+00 1.235087999999999937e+02 1.800000000000000000e+02 1.176731000000000051e+02 2.000000000000000000e+00 0.000000000000000000e+00 3.150000000000000022e-02 2.500000000000000000e-01 1.000000000000000048e-04
1.269999999999999929e+01 9.190599999999999881e+00 1.235567000000000064e+02 1.800000000000000000e+02 1.177211000000000070e+02 2.000000000000000000e+00 0.000000000000000000e+00 3.160000000000000309e-02 2.500000000000000000e-01 1.000000000000000048e-04
1.275000000000000000e+01 9.187400000000000233e+00 1.236046999999999940e+02 1.800000000000000000e+02 1.177693000000000012e+02 2.000000000000000000e+00 0.000000000000000000e+00 3.169999999999999901e-02 2.500000000000000000e-01 1.000000000000000048e-04
1.280000000000000071e+01 9.184100000000000819e+00 1.236526999999999958e+02 1.800000000000000000e+02 1.178174000000000063e+02 2.000000000000000000e+00 0.000000000000000000e+00 3.189999999999999780e-02 2.500000000000000000e-01 1.000000000000000048e-04
1.284999999999999964e+01 9.180899999999999395e+00 1.237006999999999977e+02 1.800000000000000000e+02 1.178656000000000006e+02 2.000000000000000000e+00 0.000000000000000000e+00 3.200000000000000067e-02 2.500000000000000000e-01 1.000000000000000048e-04
1.290000000000000036e+01 9.177599999999999980e+00 1.237488000000000028e+02 1.800000000000000000e+02 1.179138999999999982e+02 2.000000000000000000e+00 0.000000000000000000e+00 3.219999999999999946e-02 2.500000000000000000e-01 1.000000000000000048e-04
1.294999999999999929e+01 9.174400000000000333e+00 1.237968999999999937e+02 1.800000000000000000e+02 1.179621999999999957e+02 2.000000000000000000e+00 0.000000000000000000e+00 3.230000000000000232e-02 2.500000000000000000e-01 1.000000000000000048e-04
1.300000000000000000e+01 9.171099999999999142e+00 1.238451000000000022e+02 1.800000000000000000e+02 1.180104999999999933e+02 2.000000000000000000e+00 0.000000000000000000e+00 3.250000000000000111e-02 2.500000000000000000e-01 1.000000000000000048e-04
1.305000000000000071e+01 9.167899999999999494e+00 1.238932999999999964e+02 1.800000000000000000e+02 1.180588999999999942e+02 2.000000000000000000e+00 0.000000000000000000e+00 3.259999999999999704e-02 2.500000000000000000e-01 1.000000000000000048e-04
1.309999999999999964e+01 9.164600000000000080e+00 1.239415000000000049e+02 1.800000000000000000e+02 1.181072999999999951e+02 2.000000000000000000e+00 0.000000000000000000e+00 3.269999999999999990e-02 2.500000000000000000e-01 1.000000000000000048e-04
1.315000000000000036e+01 9.161300000000000665e+00 1.239898000000000025e+02 1.800000000000000000e+02 1.181557999999999993e+02 2.000000000000000000e+00 0.000000000000000000e+00 3.289999999999999869e-02 2.500000000000000000e-01 1.000000000000000048e-04
1.319999999999999929e+01 9.158099999999999241e+00 1.240382000000000033e+02 1.800000000000000000e+02 1.182043000000000035e+02 2.000000000000000000e+00 0.000000000000000000e+00 3.300000000000000155e-02 2.500000000000000000e-01 1.000000000000000048e-04
1.325000000000000000e+01 9.154799999999999827e+00 1.240866000000000042e+02 1.800000000000000000e+02 1.182527999999999935e+02 2.000000000000000000e+00 0.000000000000000000e+00 3.320000000000000034e-02 2.500000000000000000e-01 1.000000000000000048e-04
1.330000000000000071e+01 9.151600000000000179e+00 1.241350000000000051e+02 1.800000000000000000e+02 1.183014000000000010e+02 2.000000000000000000e+00 0.000000000000000000e+00 3.330000000000000321e-02 2.500000000000000000e-01 1.000000000000000048e-04
1.334999999999999964e+01 9.148300000000000765e+00 1.241834999999999951e+02 1.800000000000000000e+02 1.183499999999999943e+02 2.000000000000000000e+00 0.000000000000000000e+00 3.350000000000000200e-02 2.500000000000000000e-01 1.000000000000000048e-04
1.340000000000000036e+01 9.144999999999999574e+00 1.242319999999999993e+02 1.800000000000000000e+02 1.183987000000000052e+02 2.000000000000000000e+00 0.000000000000000000e+00 3.359999999999999792e-02 2.500000000000000000e-01 1.000000000000000048e-04
1.344999999999999929e+01 9.141799999999999926e+00 1.242806000000000068e+02 1.800000000000000000e+02 1.184475000000000051e+02 2.000000000000000000e+00 0.000000000000000000e+00 3.370000000000000079e-02 2.500000000000000000e-01 1.000000000000000048e-04
1.350000000000000000e+01 9.138500000000000512e+00 1.243292000000000002e+02 1.800000000000000000e+02 1.184962000000000018e+02 2.000000000000000000e+00 0.000000000000000000e+00 3.389999999999999958e-02 2.500000000000000000e-01 1.000000000000000048e-04
1.355000000000000071e+01 9.135199999999999321e+00 1.243777999999999935e+02 1.800000000000000000e+02 1.185450000000000017e+02 2.000000000000000000e+00 0.000000000000000000e+00 3.400000000000000244e-02 2.500000000000000000e-01 1.000000000000000048e-04
1.359999999999999964e+01 9.131999999999999673e+00 1.244265000000000043e+02 1.800000000000000000e+02 1.185939000000000050e+02 2.000000000000000000e+00 0.000000000000000000e+00 3.420000000000000123e-02 2.500000000000000000e-01 1.000000000000000048e-04
1.365000000000000036e+01 9.128700000000000259e+00 1.244752000000000010e+02 1.800000000000000000e+02 1.186427999999999940e+02 2.000000000000000000e+00 0.000000000000000000e+00 3.429999999999999716e-02 2.500000000000000000e-01 1.000000000000000048e-04
1.369999999999999929e+01 9.125400000000000844e+00 1.245240000000000009e+02 1.800000000000000000e+02 1.186918000000000006e+02 2.000000000000000000e+00 0.000000000000000000e+00 3.450000000000000289e-02 2.500000000000000000e-01 1.000000000000000048e-04
1.375000000000000000e+01 9.122199999999999420e+00 1.245728000000000009e+02 1.800000000000000000e+02 1.187407000000000039e+02 2.000000000000000000e+00 0.000000000000000000e+00 3.459999999999999881e-02 2.500000000000000000e-01 1.000000000000000048e-04
1.380000000000000071e+01 9.118900000000000006e+00 1.246217000000000041e+02 1.800000000000000000e+02 1.187897999999999996e+02 2.000000000000000000e+00 0.000000000000000000e+00 3.479999999999999760e-02 2.500000000000000000e-01 1.000000000000000048e-04
1.384999999999999964e+01 9.115600000000000591e+00 1.246705999999999932e+02 1.800000000000000000e+02 1.188388999999999953e+02 2.000000000000000000e+00 0.000000000000000000e+00 3.490000000000000047e-02 2.500000000000000000e-01 1.000000000000000048e-04
1.390000000000000036e+01 9.112399999999999167e+00 1.247195999999999998e+02 1.800000000000000000e+02 1.188880000000000052e+02 2.000000000000000000e+00 0.000000000000000000e+00 3.500000000000000333e-02 2.500000000000000000e-01 1.000000000000000048e-04
1.394999999999999929e+01 9.109099999999999753e+00 1.247686000000000064e+02 1.800000000000000000e+02 1.189372000000000043e+02 2.000000000000000000e+00 0.000000000000000000e+00 3.520000000000000212e-02 2.500000000000000000e-01 1.000000000000000048e-04
1.400000000000000000e+01 9.105800000000000338e+00 1.248177000000000021e+02 1.800000000000000000e+02 1.189864000000000033e+02 2.000000000000000000e+00 0.000000000000000000e+00 3.529999999999999805e-02 2.500000000000000000e-01 1.000000000000000048e-04
1.405000000000000071e+01 9.102600000000000691e+00 1.248667999999999978e+02 1.800000000000000000e+02 1.190356000000000023e+02 2.000000000000000000e+00 0.000000000000000000e+00 3.549999999999999684e-02 2.500000000000000000e-01 1.000000000000000048e-04
1.409999999999999964e+01 9.099299999999999500e+00 1.249158999999999935e+02 1.800000000000000000e+02 1.190849000000000046e+02 2.000000000000000000e+00 0.000000000000000000e+00 3.559999999999999970e-02 2.500000000000000000e-01 1.000000000000000048e-04
1.415000000000000036e+01 9.096000000000000085e+00 1.249651000000000067e+02 1.800000000000000000e+02 1.191342999999999961e+02 2.000000000000000000e+00 0.000000000000000000e+00 3.579999999999999849e-02 2.500000000000000000e-01 1.000000000000000048e-04
1.419999999999999929e+01 9.092800000000000438e+00 1.250143000000000058e+02 1.800000000000000000e+02 1.191837000000000018e+02 2.000000000000000000e+00 0.000000000000000000e+00 3.590000000000000135e-02 2.500000000000000000e-01 1.000000000000000048e-04
1.425000000000000000e+01 9.089499999999999247e+00 1.250635999999999939e+02 1.800000000000000000e+02 1.192330999999999932e+02 2.000000000000000000e+00 0.000000000000000000e+00 3.610000000000000014e-02 2.500000000000000000e-01 1.000000000000000048e-04
1.430000000000000071e+01 9.086199999999999832e+00 1.251128999999999962e+02 1.800000000000000000e+02 1.192826000000000022e+02 2.000000000000000000e+00 0.000000000000000000e+00 3.620000000000000301e-02 2.500000000000000000e-01 1.000000000000000048e-04
1.434999999999999964e+01 9.082900000000000418e+00 1.251623000000000019e+02 1.800000000000000000e+02 1.193320999999999970e+02 2.000000000000000000e+00 0.000000000000000000e+00 3.640000000000000180e-02 2.500000000000000000e-01 1.000000000000000048e-04
1.440000000000000036e+01 9.079700000000000770e+00 1.252116999999999933e+02 1.800000000000000000e+02 1.193816999999999950e+02 2.000000000000000000e+00 0.000000000000000000e+00 3.649999999999999772e-02 2.500000000000000000e-01 1.000000000000000048e-04
1.444999999999999929e+01 9.076399999999999579e+00 1.252610999999999990e+02 1.800000000000000000e+02 1.194312999999999931e+02 2.000000000000000000e+00 0.000000000000000000e+00 3.670000000000000345e-02 2.500000000000000000e-01 1.000000000000000048e-04
1.450000000000000000e+01 9.073100000000000165e+00 1.253105999999999938e+02 1.800000000000000000e+02 1.194809999999999945e+02 2.000000000000000000e+00 0.000000000000000000e+00 3.679999999999999938e-02 2.500000000000000000e-01 1.000000000000000048e-04
1.455000000000000071e+01 9.069800000000000750e+00 1.253602000000000061e+02 1.800000000000000000e+02 1.195306999999999960e+02 2.000000000000000000e+00 0.000000000000000000e+00 3.690000000000000224e-02 2.500000000000000000e-01 1.000000000000000048e-04
1.459999999999999964e+01 9.066599999999999326e+00 1.254098000000000042e+02 1.800000000000000000e+02 1.195805000000000007e+02 2.000000000000000000e+00 0.000000000000000000e+00 3.710000000000000103e-02 2.500000000000000000e-01 1.000000000000000048e-04
1.465000000000000036e+01 9.063299999999999912e+00 1.254594000000000023e+02 1.800000000000000000e+02 1.196303000000000054e+02 2.000000000000000000e+00 0.000000000000000000e+00 3.719999999999999696e-02 2.500000000000000000e-01 1.000000000000000048e-04
1.469999999999999929e+01 9.060000000000000497e+00 1.255091000000000037e+02 1.800000000000000000e+02 1.196800999999999959e+02 2.000000000000000000e+00 0.000000000000000000e+00 3.740000000000000269e-02 2.500000000000000000e-01 1.000000000000000048e-04
1.475000000000000000e+01 9.056699999999999307e+00 1.255588999999999942e+02 1.800000000000000000e+02 1.197300000000000040e+02 2.000000000000000000e+00 0.000000000000000000e+00 3.749999999999999861e-02 2.500000000000000000e-01 1.000000000000000048e-04
1.480000000000000071e+01 9.053399999999999892e+00 1.256085999999999956e+02 1.800000000000000000e+02 1.197800000000000011e+02 2.000000000000000000e+00 0.000000000000000000e+00 3.769999999999999740e-02 2.500000000000000000e-01 1.000000000000000048e-04
1.484999999999999964e+01 9.050200000000000244e+00 1.256585000000000036e+02 1.800000000000000000e+02 1.198298999999999950e+02 2.000000000000000000e+00 0.000000000000000000e+00 3.780000000000000027e-02 2.500000000000000000e-01 1.000000000000000048e-04
1.490000000000000036e+01 9.046900000000000830e+00 1.257082999999999942e+02 1.800000000000000000e+02 1.198799999999999955e+02 2.000000000000000000e+00 0.000000000000000000e+00 3.799999999999999906e-02 2.500000000000000000e-01 1.000000000000000048e-04
1.494999999999999929e+01 9.043599999999999639e+00 1.257582000000000022e+02 1.800000000000000000e+02 1.199300999999999959e+02 2.000000000000000000e+00 0.000000000000000000e+00 3.810000000000000192e-02 2.500000000000000000e-01 1.000000000000000048e-04
1.500000000000000000e+01 9.040300000000000225e+00 1.258081999999999994e+02 1.800000000000000000e+02 1.199801999999999964e+02 2.000000000000000000e+00 0.000000000000000000e+00 3.830000000000000071e-02 2.500000000000000000e-01 1.000000000000000048e-04
1.505000000000000071e+01 9.037000000000000810e+00 1.258581999999999965e+02 1.800000000000000000e+02 1.200304000000000002e+02 2.000000000000000000e+00 0.000000000000000000e+00 3.839999999999999664e-02 2.500000000000000000e-01 1.000000000000000048e-04
1.509999999999999964e+01 9.033799999999999386e+00 1.259082999999999970e+02 1.800000000000000000e+02 1.200806000000000040e+02 2.000000000000000000e+00 0.000000000000000000e+00 3.860000000000000236e-02 2.500000000000000000e-01 1.000000000000000048e-04
1.515000000000000036e+01 9.030499999999999972e+00 1.259583999999999975e+02 1.800000000000000000e+02 1.201307999999999936e+02 2.000000000000000000e+00 0.000000000000000000e+00 3.869999999999999829e-02 2.500000000000000000e-01 1.000000000000000048e-04
1.519999999999999929e+01 9.027200000000000557e+00 1.260084999999999980e+02 1.800000000000000000e+02 1.201811000000000007e+02 2.000000000000000000e+00 0.000000000000000000e+00 3.889999999999999708e-02 2.500000000000000000e-01 1.000000000000000048e-04
1.525000000000000000e+01 9.023899999999999366e+00 1.260587000000000018e+02 1.800000000000000000e+02 1.202314999999999969e+02 2.000000000000000000e+00 0.000000000000000000e+00 3.899999999999999994e-02 2.500000000000000000e-01 1.000000000000000048e-04
1.530000000000000071e+01 9.020599999999999952e+00 1.261089999999999947e+02 1.800000000000000000e+02 1.202818999999999932e+02 2.000000000000000000e+00 0.000000000000000000e+00 3.919999999999999873e-02 2.500000000000000000e-01 1.000000000000000048e-04
1.534999999999999964e+01 9.017300000000000537e+00 1.261593000000000018e+02 1.800000000000000000e+02 1.203324000000000069e+02 2.000000000000000000e+00 0.000000000000000000e+00 3.930000000000000160e-02 2.500000000000000000e-01 1.000000000000000048e-04
1.540000000000000036e+01 9.013999999999999346e+00 1.262095999999999947e+02 1.800000000000000000e+02 1.203829000000000065e+02 2.000000000000000000e+00 0.000000000000000000e+00 3.950000000000000039e-02 2.500000000000000000e-01 1.000000000000000048e-04
1.544999999999999929e+01 9.010799999999999699e+00 1.262600000000000051e+02 1.800000000000000000e+02 1.204334000000000060e+02 2.000000000000000000e+00 0.000000000000000000e+00 3.960000000000000325e-02 2.500000000000000000e-01 1.000000000000000048e-04
1.550000000000000000e+01 9.007500000000000284e+00 1.263104000000000013e+02 1.800000000000000000e+02 1.204839999999999947e+02 2.000000000000000000e+00 0.000000000000000000e+00 3.980000000000000204e-02 2.500000000000000000e-01 1.000000000000000048e-04
1.555000000000000071e+01 9.004200000000000870e+00 1.263609000000000009e+02 1.800000000000000000e+02 1.205345999999999975e+02 2.000000000000000000e+00 0.000000000000000000e+00 3.989999999999999797e-02 2.500000000000000000e-01 1.000000000000000048e-04
1.559999999999999964e+01 9.000899999999999679e+00 1.264114000000000004e+02 1.800000000000000000e+02 1.205853000000000037e+02 2.000000000000000000e+00 0.000000000000000000e+00 4.009999999999999676e-02 2.500000000000000000e-01 1.000000000000000048e-04
1.565000000000000036e+01 8.997600000000000264e+00 1.264620000000000033e+02 1.800000000000000000e+02 1.206360999999999990e+02 2.000000000000000000e+00 0.000000000000000000e+00 4.019999999999999962e-02 2.500000000000000000e-01 1.000000000000000048e-04
1.569999999999999929e+01 8.994300000000000850e+00 1.265126000000000062e+02 1.800000000000000000e+02 1.206868000000000052e+02 2.000000000000000000e+00 0.000000000000000000e+00 4.039999999999999841e-02 2.500000000000000000e-01 1.000000000000000048e-04
1.575000000000000000e+01 8.990999999999999659e+00 1.265632999999999981e+02 1.800000000000000000e+02 1.207377000000000038e+02 2.000000000000000000e+00 0.000000000000000000e+00 4.050000000000000128e-02 2.500000000000000000e-01 1.000000000000000048e-04
1.580000000000000071e+01 8.987700000000000244e+00 1.266140000000000043e+02 1.800000000000000000e+02 1.207884999999999991e+02 2.000000000000000000e+00 0.000000000000000000e+00 4.070000000000000007e-02 2.500000000000000000e-01 1.000000000000000048e-04
1.584999999999999964e+01 8.984400000000000830e+00 1.266647999999999996e+02 1.800000000000000000e+02 1.208395000000000010e+02 2.000000000000000000e+00 0.000000000000000000e+00 4.080000000000000293e-02 2.500000000000000000e-01 1.000000000000000048e-04
1.590000000000000036e+01 8.981099999999999639e+00 1.267155999999999949e+02 1.800000000000000000e+02 1.208903999999999996e+02 2.000000000000000000e+00 0.000000000000000000e+00 4.100000000000000172e-02 2.500000000000000000e-01 1.000000000000000048e-04
1.594999999999999929e+01 8.977800000000000225e+00 1.267664000000000044e+02 1.800000000000000000e+02 1.209414000000000016e+02 2.000000000000000000e+00 0.000000000000000000e+00 4.109999999999999765e-02 2.500000000000000000e-01 1.000000000000000048e-04
1.600000000000000000e+01 8.974500000000000810e+00 1.268174000000000063e+02 1.800000000000000000e+02 1.209925000000000068e+02 2.000000000000000000e+00 0.000000000000000000e+00 4.130000000000000338e-02 2.500000000000000000e-01 1.000000000000000048e-04
1.605000000000000071e+01 8.971299999999999386e+00 1.268683000000000050e+02 1.800000000000000000e+02 1.210435999999999979e+02 2.000000000000000000e+00 0.000000000000000000e+00 4.139999999999999930e-02 2.500000000000000000e-01 1.000000000000000048e-04
1.610000000000000142e+01 8.967999999999999972e+00 1.269193000000000069e+02 1.800000000000000000e+02 1.210948000000000064e+02 2.000000000000000000e+00 0.000000000000000000e+00 4.159999999999999809e-02 2.500000000000000000e-01 1.000000000000000048e-04
1.614999999999999858e+01 8.964700000000000557e+00 1.269703999999999979e+02 1.800000000000000000e+02 1.211460000000000008e+02 2.000000000000000000e+00 0.000000000000000000e+00 4.170000000000000095e-02 2.500000000000000000e-01 1.000000000000000048e-04
1.619999999999999929e+01 8.961399999999999366e+00 1.270215000000000032e+02 1.800000000000000000e+02 1.211972999999999985e+02 2.000000000000000000e+00 0.000000000000000000e+00 4.189999999999999974e-02 2.500000000000000000e-01 1.000000000000000048e-04
1.625000000000000000e+01 8.958099999999999952e+00 1.270725999999999942e+02 1.800000000000000000e+02 1.212485999999999962e+02 2.000000000000000000e+00 0.000000000000000000e+00 4.200000000000000261e-02 2.500000000000000000e-01 1.000000000000000048e-04
1.630000000000000071e+01 8.954800000000000537e+00 1.271238000000000028e+02 1.800000000000000000e+02 1.212998999999999938e+02 2.000000000000000000e+00 0.000000000000000000e+00 4.220000000000000140e-02 2.500000000000000000e-01 1.000000000000000048e-04
1.635000000000000142e+01 8.951499999999999346e+00 1.271751000000000005e+02 1.800000000000000000e+02 1.213512999999999948e+02 2.000000000000000000e+00 0.000000000000000000e+00 4.229999999999999732e-02 2.500000000000000000e-01 1.000000000000000048e-04
1.639999999999999858e+01 8.948199999999999932e+00 1.272262999999999948e+02 1.800000000000000000e+02 1.214027999999999992e+02 2.000000000000000000e+00 0.000000000000000000e+00 4.250000000000000305e-02 2.500000000000000000e-01 1.000000000000000048e-04
1.644999999999999929e+01 8.944900000000000517e+00 1.272776999999999958e+02 1.800000000000000000e+02 1.214543000000000035e+02 2.000000000000000000e+00 0.000000000000000000e+00 4.259999999999999898e-02 2.500000000000000000e-01 1.000000000000000048e-04
1.650000000000000000e+01 8.941599999999999326e+00 1.273290999999999968e+02 1.800000000000000000e+02 1.215057999999999936e+02 2.000000000000000000e+00 0.000000000000000000e+00 4.279999999999999777e-02 2.500000000000000000e-01 1.000000000000000048e-04
1.655000000000000071e+01 8.938299999999999912e+00 1.273804999999999978e+02 1.800000000000000000e+02 1.215574000000000012e+02 2.000000000000000000e+00 0.000000000000000000e+00 4.290000000000000063e-02 2.500000000000000000e-01 1.000000000000000048e-04
1.660000000000000142e+01 8.935000000000000497e+00 1.274320000000000022e+02 1.800000000000000000e+02 1.216090999999999980e+02 2.000000000000000000e+00 0.000000000000000000e+00 4.309999999999999942e-02 2.500000000000000000e-01 1.000000000000000048e-04
1.664999999999999858e+01 8.931699999999999307e+00 1.274835000000000065e+02 1.800000000000000000e+02 1.216607999999999947e+02 2.000000000000000000e+00 0.000000000000000000e+00 4.320000000000000229e-02 2.500000000000000000e-01 1.000000000000000048e-04
1.669999999999999929e+01 8.928399999999999892e+00 1.275350999999999999e+02 1.800000000000000000e+02 1.217125000000000057e+02 2.000000000000000000e+00 0.000000000000000000e+00 4.340000000000000108e-02 2.500000000000000000e-01 1.000000000000000048e-04
1.675000000000000000e+01 8.925000000000000711e+00 1.275867999999999967e+02 1.800000000000000000e+02 1.217643000000000058e+02 2.000000000000000000e+00 0.000000000000000000e+00 4.359999999999999987e-02 2.500000000000000000e-01 1.000000000000000048e-04
1.680000000000000071e+01 8.921699999999999520e+00 1.276384999999999934e+02 1.800000000000000000e+02 1.218161000000000058e+02 2.000000000000000000e+00 0.000000000000000000e+00 4.370000000000000273e-02 2.500000000000000000e-01 1.000000000000000048e-04
1.685000000000000142e+01 8.918400000000000105e+00 1.276902000000000044e+02 1.800000000000000000e+02 1.218679999999999950e+02 2.000000000000000000e+00 0.000000000000000000e+00 4.390000000000000152e-02 2.500000000000000000e-01 1.000000000000000048e-04
1.689999999999999858e+01 8.915100000000000691e+00 1.277420000000000044e+02 1.800000000000000000e+02 1.219200000000000017e+02 2.000000000000000000e+00 0.000000000000000000e+00 4.399999999999999745e-02 2.500000000000000000e-01 1.000000000000000048e-04
1.694999999999999929e+01 8.911799999999999500e+00 1.277938000000000045e+02 1.800000000000000000e+02 1.219719000000000051e+02 2.000000000000000000e+00 0.000000000000000000e+00 4.420000000000000318e-02 2.500000000000000000e-01 1.000000000000000048e-04
1.700000000000000000e+01 8.908500000000000085e+00 1.278456999999999937e+02 1.800000000000000000e+02 1.220240000000000009e+02 2.000000000000000000e+00 0.000000000000000000e+00 4.429999999999999910e-02 2.500000000000000000e-01 1.000000000000000048e-04
1.705000000000000071e+01 8.905200000000000671e+00 1.278975999999999971e+02 1.800000000000000000e+02 1.220760999999999967e+02 2.000000000000000000e+00 0.000000000000000000e+00 4.449999999999999789e-02 2.500000000000000000e-01 1.000000000000000048e-04
1.710000000000000142e+01 8.901899999999999480e+00 1.279496000000000038e+02 1.800000000000000000e+02 1.221282000000000068e+02 2.000000000000000000e+00 0.000000000000000000e+00 4.460000000000000075e-02 2.500000000000000000e-01 1.000000000000000048e-04
1.714999999999999858e+01 8.898600000000000065e+00 1.280015999999999963e+02 1.800000000000000000e+02 1.221804000000000059e+02 2.000000000000000000e+00 0.000000000000000000e+00 4.479999999999999954e-02 2.500000000000000000e-01 1.000000000000000048e-04
1.719999999999999929e+01 8.895300000000000651e+00 1.280536999999999921e+02 1.800000000000000000e+02 1.222326000000000050e+02 2.000000000000000000e+00 0.000000000000000000e+00 4.490000000000000241e-02 2.500000000000000000e-01 1.000000000000000048e-04
1.725000000000000000e+01 8.891999999999999460e+00 1.281058999999999912e+02 1.800000000000000000e+02 1.222848999999999933e+02 2.000000000000000000e+00 0.000000000000000000e+00 4.510000000000000120e-02 2.500000000000000000e-01 1.000000000000000048e-04
1.730000000000000071e+01 8.888700000000000045e+00 1.281579999999999870e+02 1.800000000000000000e+02 1.223371999999999957e+02 2.000000000000000000e+00 0.000000000000000000e+00 4.519999999999999712e-02 2.500000000000000000e-01 1.000000000000000048e-04
1.735000000000000142e+01 8.885300000000000864e+00 1.282102999999999895e+02 1.800000000000000000e+02 1.223896000000000015e+02 2.000000000000000000e+00 0.000000000000000000e+00 4.540000000000000285e-02 2.500000000000000000e-01 1.000000000000000048e-04
1.739999999999999858e+01 8.881999999999999673e+00 1.282624999999999886e+02 1.800000000000000000e+02 1.224420999999999964e+02 2.000000000000000000e+00 0.000000000000000000e+00 4.560000000000000164e-02 2.500000000000000000e-01 1.000000000000000048e-04
1.744999999999999929e+01 8.878700000000000259e+00 1.283148999999999944e+02 1.800000000000000000e+02 1.224946000000000055e+02 2.000000000000000000e+00 0.000000000000000000e+00 4.569999999999999757e-02 2.500000000000000000e-01 1.000000000000000048e-04
1.750000000000000000e+01 8.875400000000000844e+00 1.283673000000000002e+02 1.800000000000000000e+02 1.225471000000000004e+02 2.000000000000000000e+00 0.000000000000000000e+00 4.590000000000000330e-02 2.500000000000000000e-01 1.000000000000000048e-04
1.755000000000000071e+01 8.872099999999999653e+00 1.284197000000000060e+02 1.800000000000000000e+02 1.225996999999999986e+02 2.000000000000000000e+00 0.000000000000000000e+00 4.599999999999999922e-02 2.500000000000000000e-01 1.000000000000000048e-04
1.760000000000000142e+01 8.868800000000000239e+00 1.284721999999999866e+02 1.800000000000000000e+02 1.226522999999999968e+02 2.000000000000000000e+00 0.000000000000000000e+00 4.619999999999999801e-02 2.500000000000000000e-01 1.000000000000000048e-04
1.764999999999999858e+01 8.865399999999999281e+00 1.285246999999999957e+02 1.800000000000000000e+02 1.227049999999999983e+02 2.000000000000000000e+00 0.000000000000000000e+00 4.630000000000000088e-02 2.500000000000000000e-01 1.000000000000000048e-04
1.769999999999999929e+01 8.862099999999999866e+00 1.285773000000000081e+02 1.800000000000000000e+02 1.227576999999999998e+02 2.000000000000000000e+00 0.000000000000000000e+00 4.649999999999999967e-02 2.500000000000000000e-01 1.000000000000000048e-04
1.775000000000000000e+01 8.858800000000000452e+00 1.286298999999999921e+02 1.800000000000000000e+02 1.228105000000000047e+02 2.000000000000000000e+00 0.000000000000000000e+00 4.660000000000000253e-02 2.500000000000000000e-01 1.000000000000000048e-04
1.780000000000000071e+01 8.855499999999999261e+00 1.286826000000000079e+02 1.800000000000000000e+02 1.228633999999999986e+02 2.000000000000000000e+00 0.000000000000000000e+00 4.680000000000000132e-02 2.500000000000000000e-01 1.000000000000000048e-04
1.785000000000000142e+01 8.852199999999999847e+00 1.287353999999999985e+02 1.800000000000000000e+02 1.229163000000000068e+02 2.000000000000000000e+00 0.000000000000000000e+00 4.700000000000000011e-02 2.500000000000000000e-01 1.000000000000000048e-04
1.789999999999999858e+01 8.848900000000000432e+00 1.287881999999999891e+02 1.800000000000000000e+02 1.229692000000000007e+02 2.000000000000000000e+00 0.000000000000000000e+00 4.710000000000000298e-02 2.500000000000000000e-01 1.000000000000000048e-04
1.794999999999999929e+01 8.845499999999999474e+00 1.288410000000000082e+02 1.800000000000000000e+02 1.230221999999999980e+02 2.000000000000000000e+00 0.000000000000000000e+00 4.730000000000000177e-02 2.500000000000000000e-01 1.000000000000000048e-04
1.800000000000000000e+01 8.842200000000000060e+00 1.288939000000000021e+02 1.800000000000000000e+02 1.230751999999999953e+02 2.000000000000000000e+00 0.000000000000000000e+00 4.739999999999999769e-02 2.500000000000000000e-01 1.000000000000000048e-04
1.805000000000000071e+01 8.838900000000000645e+00 1.289467999999999961e+02 1.800000000000000000e+02 1.231282999999999959e+02 2.000000000000000000e+00 0.000000000000000000e+00 4.760000000000000342e-02 2.500000000000000000e-01 1.000000000000000048e-04
1.810000000000000142e+01 8.835599999999999454e+00 1.289997999999999934e+02 1.800000000000000000e+02 1.231814999999999998e+02 2.000000000000000000e+00 0.000000000000000000e+00 4.769999999999999934e-02 2.500000000000000000e-01 1.000000000000000048e-04
1.814999999999999858e+01 8.832200000000000273e+00 1.290528999999999940e+02 1.800000000000000000e+02 1.232347000000000037e+02 2.000000000000000000e+00 0.000000000000000000e+00 4.789999999999999813e-02 2.500000000000000000e-01 1.000000000000000048e-04
1.819999999999999929e+01 8.828900000000000858e+00 1.291059999999999945e+02 1.800000000000000000e+02 1.232878999999999934e+02 2.000000000000000000e+00 0.000000000000000000e+00 4.809999999999999692e-02 2.500000000000000000e-01 1.000000000000000048e-04
1.825000000000000000e+01 8.825599999999999667e+00 1.291590999999999951e+02 1.800000000000000000e+02 1.233412000000000006e+02 2.000000000000000000e+00 0.000000000000000000e+00 4.819999999999999979e-02 2.500000000000000000e-01 1.000000000000000048e-04
1.830000000000000071e+01 8.822300000000000253e+00 1.292122999999999990e+02 1.800000000000000000e+02 1.233945999999999970e+02 2.000000000000000000e+00 0.000000000000000000e+00 4.839999999999999858e-02 2.500000000000000000e-01 1.000000000000000048e-04
1.835000000000000142e+01 8.818899999999999295e+00 1.292656000000000063e+02 1.800000000000000000e+02 1.234479999999999933e+02 2.000000000000000000e+00 0.000000000000000000e+00 4.850000000000000144e-02 2.500000000000000000e-01 1.000000000000000048e-04
1.839999999999999858e+01 8.815599999999999881e+00 1.293189000000000135e+02 1.800000000000000000e+02 1.235014000000000038e+02 2.000000000000000000e+00 0.000000000000000000e+00 4.870000000000000023e-02 2.500000000000000000e-01 1.000000000000000048e-04
1.844999999999999929e+01 8.812300000000000466e+00 1.293721999999999923e+02 1.800000000000000000e+02 1.235549000000000035e+02 2.000000000000000000e+00 0.000000000000000000e+00 4.880000000000000310e-02 2.500000000000000000e-01 1.000000000000000048e-04
1.850000000000000000e+01 8.808999999999999275e+00 1.294256000000000029e+02 1.800000000000000000e+02 1.236085000000000065e+02 2.000000000000000000e+00 0.000000000000000000e+00 4.900000000000000189e-02 2.500000000000000000e-01 1.000000000000000048e-04
1.855000000000000071e+01 8.805600000000000094e+00 1.294790999999999883e+02 1.800000000000000000e+02 1.236620999999999952e+02 2.000000000000000000e+00 0.000000000000000000e+00 4.920000000000000068e-02 2.500000000000000000e-01 1.000000000000000048e-04
1.860000000000000142e+01 8.802300000000000679e+00 1.295326000000000022e+02 1.800000000000000000e+02 1.237158000000000015e+02 2.000000000000000000e+00 0.000000000000000000e+00 4.929999999999999660e-02 2.500000000000000000e-01 1.000000000000000048e-04
1.864999999999999858e+01 8.798999999999999488e+00 1.295861999999999910e+02 1.800000000000000000e+02 1.237694999999999936e+02 2.000000000000000000e+00 0.000000000000000000e+00 4.950000000000000233e-02 2.500000000000000000e-01 1.000000000000000048e-04
1.869999999999999929e+01 8.795600000000000307e+00 1.296398000000000081e+02 1.800000000000000000e+02 1.238231999999999999e+02 2.000000000000000000e+00 0.000000000000000000e+00 4.959999999999999826e-02 2.500000000000000000e-01 1.000000000000000048e-04
1.875000000000000000e+01 8.792299999999999116e+00 1.296935000000000002e+02 1.800000000000000000e+02 1.238770999999999987e+02 2.000000000000000000e+00 0.000000000000000000e+00 4.979999999999999705e-02 2.500000000000000000e-01 1.000000000000000048e-04
1.880000000000000071e+01 8.788999999999999702e+00 1.297471999999999923e+02 1.800000000000000000e+02 1.239308999999999941e+02 2.000000000000000000e+00 0.000000000000000000e+00 5.000000000000000278e-02 2.500000000000000000e-01 1.000000000000000048e-04
1.885000000000000142e+01 8.785600000000000520e+00 1.298009999999999877e+02 1.800000000000000000e+02 1.239848999999999961e+02 2.000000000000000000e+00 0.000000000000000000e+00 5.009999999999999870e-02 2.500000000000000000e-01 1.000000000000000048e-04
1.889999999999999858e+01 8.782299999999999329e+00 1.298548000000000116e+02 1.800000000000000000e+02 1.240387999999999948e+02 2.000000000000000000e+00 0.000000000000000000e+00 5.029999999999999749e-02 2.500000000000000000e-01 1.000000000000000048e-04
1.894999999999999929e+01 8.778999999999999915e+00 1.299087000000000103e+02 1.800000000000000000e+02 1.240929000000000002e+02 2.000000000000000000e+00 0.000000000000000000e+00 5.040000000000000036e-02 2.500000000000000000e-01 1.000000000000000048e-04
1.900000000000000000e+01 8.775600000000000733e+00 1.299626000000000090e+02 1.800000000000000000e+02 1.241469000000000023e+02 2.000000000000000000e+00 0.000000000000000000e+00 5.059999999999999915e-02 2.500000000000000000e-01 1.000000000000000048e-04
1.905000000000000071e+01 8.772299999999999542e+00 1.300166000000000111e+02 1.800000000000000000e+02 1.242010999999999967e+02 2.000000000000000000e+00 0.000000000000000000e+00 5.079999999999999793e-02 2.500000000000000000e-01 1.000000000000000048e-04
1.910000000000000142e+01 8.769000000000000128e+00 1.300706000000000131e+02 1.800000000000000000e+02 1.242553000000000054e+02 2.000000000000000000e+00 0.000000000000000000e+00 5.090000000000000080e-02 2.500000000000000000e-01 1.000000000000000048e-04
1.914999999999999858e+01 8.765599999999999170e+00 1.301246999999999900e+02 1.800000000000000000e+02 1.243094999999999999e+02 2.000000000000000000e+00 0.000000000000000000e+00 5.109999999999999959e-02 2.500000000000000000e-01 1.000000000000000048e-04
1.919999999999999929e+01 8.762299999999999756e+00 1.301788999999999987e+02 1.800000000000000000e+02 1.243637999999999977e+02 2.000000000000000000e+00 0.000000000000000000e+00 5.120000000000000245e-02 2.500000000000000000e-01 1.000000000000000048e-04
1.925000000000000000e+01 8.758900000000000574e+00 1.302331000000000074e+02 1.800000000000000000e+02 1.244181999999999988e+02 2.000000000000000000e+00 0.000000000000000000e+00 5.140000000000000124e-02 2.500000000000000000e-01 1.000000000000000048e-04
1.930000000000000071e+01 8.755599999999999383e+00 1.302872999999999877e+02 1.800000000000000000e+02 1.244725999999999999e+02 2.000000000000000000e+00 0.000000000000000000e+00 5.160000000000000003e-02 2.500000000000000000e-01 1.000000000000000048e-04
1.935000000000000142e+01 8.752299999999999969e+00 1.303417000000000030e+02 1.800000000000000000e+02 1.245270000000000010e+02 2.000000000000000000e+00 0.000000000000000000e+00 5.170000000000000290e-02 2.500000000000000000e-01 1.000000000000000048e-04
1.939999999999999858e+01 8.748900000000000787e+00 1.303959999999999866e+02 1.800000000000000000e+02 1.245815000000000055e+02 2.000000000000000000e+00 0.000000000000000000e+00 5.190000000000000169e-02 2.500000000000000000e-01 1.000000000000000048e-04
1.944999999999999929e+01 8.745599999999999596e+00 1.304504000000000019e+02 1.800000000000000000e+02 1.246360999999999990e+02 2.000000000000000000e+00 0.000000000000000000e+00 5.199999999999999761e-02 2.500000000000000000e-01 1.000000000000000048e-04
1.950000000000000000e+01 8.742200000000000415e+00 1.305048999999999921e+02 1.800000000000000000e+02 1.246907000000000068e+02 2.000000000000000000e+00 0.000000000000000000e+00 5.220000000000000334e-02 2.500000000000000000e-01 1.000000000000000048e-04
1.955000000000000071e+01 8.738899999999999224e+00 1.305594000000000108e+02 1.800000000000000000e+02 1.247454000000000036e+02 2.000000000000000000e+00 0.000000000000000000e+00 5.240000000000000213e-02 2.500000000000000000e-01 1.000000000000000048e-04
1.960000000000000142e+01 8.735599999999999810e+00 1.306140000000000043e+02 1.800000000000000000e+02 1.248001000000000005e+02 2.000000000000000000e+00 0.000000000000000000e+00 5.249999999999999806e-02 2.500000000000000000e-01 1.000000000000000048e-04
1.964999999999999858e+01 8.732200000000000628e+00 1.306685999999999979e+02 1.800000000000000000e+02 1.248549000000000007e+02 2.000000000000000000e+00 0.000000000000000000e+00 5.269999999999999685e-02 2.500000000000000000e-01 1.000000000000000048e-04
1.969999999999999929e+01 8.728899999999999437e+00 1.307232999999999947e+02 1.800000000000000000e+02 1.249097000000000008e+02 2.000000000000000000e+00 0.000000000000000000e+00 5.290000000000000258e-02 2.500000000000000000e-01 1.000000000000000048e-04
1.975000000000000000e+01 8.725500000000000256e+00 1.307780999999999949e+02 1.800000000000000000e+02 1.249646000000000043e+02 2.000000000000000000e+00 0.000000000000000000e+00 5.299999999999999850e-02 2.500000000000000000e-01 1.000000000000000048e-04
1.980000000000000071e+01 8.722200000000000841e+00 1.308328999999999951e+02 1.800000000000000000e+02 1.250194999999999936e+02 2.000000000000000000e+00 0.000000000000000000e+00 5.319999999999999729e-02 2.500000000000000000e-01 1.000000000000000048e-04
1.985000000000000142e+01 8.718799999999999883e+00 1.308876999999999953e+02 1.800000000000000000e+02 1.250745000000000005e+02 2.000000000000000000e+00 0.000000000000000000e+00 5.330000000000000016e-02 2.500000000000000000e-01 1.000000000000000048e-04
1.989999999999999858e+01 8.715500000000000469e+00 1.309425999999999988e+02 1.800000000000000000e+02 1.251295999999999964e+02 2.000000000000000000e+00 0.000000000000000000e+00 5.349999999999999895e-02 2.500000000000000000e-01 1.000000000000000048e-04
1.994999999999999929e+01 8.712099999999999511e+00 1.309976000000000056e+02 1.800000000000000000e+02 1.251847000000000065e+02 2.000000000000000000e+00 0.000000000000000000e+00 5.369999999999999774e-02 2.500000000000000000e-01 1.000000000000000048e-04
2.000000000000000000e+01 8.708800000000000097e+00 1.310526000000000124e+02 1.800000000000000000e+02 1.252398000000000025e+02 2.000000000000000000e+00 0.000000000000000000e+00 5.380000000000000060e-02 2.500000000000000000e-01 1.000000000000000048e-04
2.005000000000000071e+01 8.705399999999999139e+00 1.311076999999999941e+02 1.800000000000000000e+02 1.252951000000000050e+02 2.000000000000000000e+00 0.000000000000000000e+00 5.399999999999999939e-02 2.500000000000000000e-01 1.000000000000000048e-04
2.010000000000000142e+01 8.702099999999999724e+00 1.311628000000000043e+02 1.800000000000000000e+02 1.253503000000000043e+02 2.000000000000000000e+00 0.000000000000000000e+00 5.419999999999999818e-02 2.500000000000000000e-01 1.000000000000000048e-04
2.014999999999999858e+01 8.698700000000000543e+00 1.312179999999999893e+02 1.800000000000000000e+02 1.254056999999999960e+02 2.000000000000000000e+00 0.000000000000000000e+00 5.430000000000000104e-02 2.500000000000000000e-01 1.000000000000000048e-04
2.019999999999999929e+01 8.695399999999999352e+00 1.312732000000000028e+02 1.800000000000000000e+02 1.254609999999999985e+02 2.000000000000000000e+00 0.000000000000000000e+00 5.449999999999999983e-02 2.500000000000000000e-01 1.000000000000000048e-04
2.025000000000000000e+01 8.692000000000000171e+00 1.313284999999999911e+02 1.800000000000000000e+02 1.255164999999999935e+02 2.000000000000000000e+00 0.000000000000000000e+00 5.469999999999999862e-02 2.500000000000000000e-01 1.000000000000000048e-04
2.030000000000000071e+01 8.688700000000000756e+00 1.313839000000000112e+02 1.800000000000000000e+02 1.255720000000000027e+02 2.000000000000000000e+00 0.000000000000000000e+00 5.480000000000000149e-02 2.500000000000000000e-01 1.000000000000000048e-04
2.035000000000000142e+01 8.685299999999999798e+00 1.314393000000000029e+02 1.800000000000000000e+02 1.256274999999999977e+02 2.000000000000000000e+00 0.000000000000000000e+00 5.500000000000000028e-02 2.500000000000000000e-01 1.000000000000000048e-04
2.039999999999999858e+01 8.681900000000000617e+00 1.314946999999999946e+02 1.800000000000000000e+02 1.256830999999999960e+02 2.000000000000000000e+00 0.000000000000000000e+00 5.510000000000000314e-02 2.500000000000000000e-01 1.000000000000000048e-04
2.044999999999999929e+01 8.678599999999999426e+00 1.315501999999999896e+02 1.800000000000000000e+02 1.257387999999999977e+02 2.000000000000000000e+00 0.000000000000000000e+00 5.530000000000000193e-02 2.500000000000000000e-01 1.000000000000000048e-04
2.050000000000000000e+01 8.675200000000000244e+00 1.316057999999999879e+02 1.800000000000000000e+02 1.257944999999999993e+02 2.000000000000000000e+00 0.000000000000000000e+00 5.550000000000000072e-02 2.500000000000000000e-01 1.000000000000000048e-04
2.055000000000000071e+01 8.671900000000000830e+00 1.316613999999999862e+02 1.800000000000000000e+02 1.258502000000000010e+02 2.000000000000000000e+00 0.000000000000000000e+00 5.559999999999999665e-02 2.500000000000000000e-01 1.000000000000000048e-04
2.060000000000000142e+01 8.668499999999999872e+00 1.317170999999999879e+02 1.800000000000000000e+02 1.259060999999999950e+02 2.000000000000000000e+00 0.000000000000000000e+00 5.580000000000000238e-02 2.500000000000000000e-01 1.000000000000000048e-04
2.064999999999999858e+01 8.665200000000000458e+00 1.317728999999999928e+02 1.800000000000000000e+02 1.259619000000000000e+02 2.000000000000000000e+00 0.000000000000000000e+00 5.600000000000000117e-02 2.500000000000000000e-01 1.000000000000000048e-04
2.069999999999999929e+01 8.661799999999999500e+00 1.318286999999999978e+02 1.800000000000000000e+02 1.260178999999999974e+02 2.000000000000000000e+00 0.000000000000000000e+00 5.609999999999999709e-02 2.500000000000000000e-01 1.000000000000000048e-04
2.075000000000000000e+01 8.658400000000000318e+00 1.318845000000000027e+02 1.800000000000000000e+02 1.260738999999999947e+02 2.000000000000000000e+00 0.000000000000000000e+00 5.630000000000000282e-02 2.500000000000000000e-01 1.000000000000000048e-04
2.080000000000000071e+01 8.655099999999999127e+00 1.319404000000000110e+02 1.800000000000000000e+02 1.261299000000000063e+02 2.000000000000000000e+00 0.000000000000000000e+00 5.650000000000000161e-02 2.500000000000000000e-01 1.000000000000000048e-04
2.085000000000000142e+01 8.651699999999999946e+00 1.319963999999999942e+02 1.800000000000000000e+02 1.261860000000000070e+02 2.000000000000000000e+00 0.000000000000000000e+00 5.659999999999999754e-02 2.500000000000000000e-01 1.000000000000000048e-04
2.089999999999999858e+01 8.648300000000000765e+00 1.320524000000000058e+02 1.800000000000000000e+02 1.262421999999999969e+02 2.000000000000000000e+00 0.000000000000000000e+00 5.680000000000000326e-02 2.500000000000000000e-01 1.000000000000000048e-04
2.094999999999999929e+01 8.644999999999999574e+00 1.321084999999999923e+02 1.800000000000000000e+02 1.262984000000000009e+02 2.000000000000000000e+00 0.000000000000000000e+00 5.700000000000000205e-02 2.500000000000000000e-01 1.000000000000000048e-04
2.100000000000000000e+01 8.641600000000000392e+00 1.321646000000000072e+02 1.800000000000000000e+02 1.263546999999999940e+02 2.000000000000000000e+00 0.000000000000000000e+00 5.709999999999999798e-02 2.500000000000000000e-01 1.000000000000000048e-04
2.105000000000000071e+01 8.638299999999999201e+00 1.322207999999999970e+02 1.800000000000000000e+02 1.264110000000000014e+02 2.000000000000000000e+00 0.000000000000000000e+00 5.729999999999999677e-02 2.500000000000000000e-01 1.000000000000000048e-04
2.110000000000000142e+01 8.634900000000000020e+00 1.322770999999999901e+02 1.800000000000000000e+02 1.264673999999999978e+02 2.000000000000000000e+00 0.000000000000000000e+00 5.750000000000000250e-02 2.500000000000000000e-01 1.000000000000000048e-04
2.114999999999999858e+01 8.631500000000000838e+00 1.323334000000000117e+02 1.800000000000000000e+02 1.265237999999999943e+02 2.000000000000000000e+00 0.000000000000000000e+00 5.759999999999999842e-02 2.500000000000000000e-01 1.000000000000000048e-04
2.119999999999999929e+01 8.628099999999999881e+00 1.323897000000000048e+02 1.800000000000000000e+02 1.265802999999999940e+02 2.000000000000000000e+00 0.000000000000000000e+00 5.779999999999999721e-02 2.500000000000000000e-01 1.000000000000000048e-04
2.125000000000000000e+01 8.624800000000000466e+00 1.324461000000000013e+02 1.800000000000000000e+02 1.266368999999999971e+02 2.000000000000000000e+00 0.000000000000000000e+00 5.800000000000000294e-02 2.500000000000000000e-01 1.000000000000000048e-04
2.130000000000000071e+01 8.621399999999999508e+00 1.325026000000000010e+02 1.800000000000000000e+02 1.266935000000000002e+02 2.000000000000000000e+00 0.000000000000000000e+00 5.809999999999999887e-02 2.500000000000000000e-01 1.000000000000000048e-04
2.135000000000000142e+01 8.618000000000000327e+00 1.325592000000000041e+02 1.800000000000000000e+02 1.267502000000000066e+02 2.000000000000000000e+00 0.000000000000000000e+00 5.829999999999999766e-02 2.500000000000000000e-01 1.000000000000000048e-04
2.139999999999999858e+01 8.614699999999999136e+00 1.326158000000000072e+02 1.800000000000000000e+02 1.268068999999999988e+02 2.000000000000000000e+00 0.000000000000000000e+00 5.850000000000000339e-02 2.500000000000000000e-01 1.000000000000000048e-04
2.144999999999999929e+01 8.611299999999999955e+00 1.326724000000000103e+02 1.800000000000000000e+02 1.268636999999999944e+02 2.000000000000000000e+00 0.000000000000000000e+00 5.859999999999999931e-02 2.500000000000000000e-01 1.000000000000000048e-04
2.150000000000000000e+01 8.607900000000000773e+00 1.327290999999999883e+02 1.800000000000000000e+02 1.269205999999999932e+02 2.000000000000000000e+00 0.000000000000000000e+00 5.879999999999999810e-02 2.500000000000000000e-01 1.000000000000000048e-04
2.155000000000000071e+01 8.604599999999999582e+00 1.327858999999999980e+02 1.800000000000000000e+02 1.269775000000000063e+02 2.000000000000000000e+00 0.000000000000000000e+00 5.899999999999999689e-02 2.500000000000000000e-01 1.000000000000000048e-04
2.160000000000000142e+01 8.601200000000000401e+00 1.328427000000000078e+02 1.800000000000000000e+02 1.270344000000000051e+02 2.000000000000000000e+00 0.000000000000000000e+00 5.909999999999999976e-02 2.500000000000000000e-01 1.000000000000000048e-04
2.164999999999999858e+01 8.597799999999999443e+00 1.328995999999999924e+02 1.800000000000000000e+02 1.270913999999999930e+02 2.000000000000000000e+00 0.000000000000000000e+00 5.929999999999999855e-02 2.500000000000000000e-01 1.000000000000000048e-04
2.169999999999999929e+01 8.594400000000000261e+00 1.329565000000000055e+02 1.800000000000000000e+02 1.271484999999999985e+02 2.000000000000000000e+00 0.000000000000000000e+00 5.949999999999999734e-02 2.500000000000000000e-01 1.000000000000000048e-04
2.175000000000000000e+01 8.591100000000000847e+00 1.330134999999999934e+02 1.800000000000000000e+02 1.272056999999999931e+02 2.000000000000000000e+00 0.000000000000000000e+00 5.970000000000000306e-02 2.500000000000000000e-01 1.000000000000000048e-04
2.180000000000000071e+01 8.587699999999999889e+00 1.330706000000000131e+02 1.800000000000000000e+02 1.272629000000000019e+02 2.000000000000000000e+00 0.000000000000000000e+00 5.979999999999999899e-02 2.500000000000000000e-01 1.000000000000000048e-04
2.185000000000000142e+01 8.584300000000000708e+00 1.331277000000000044e+02 1.800000000000000000e+02 1.273200999999999965e+02 2.000000000000000000e+00 0.000000000000000000e+00 5.999999999999999778e-02 2.500000000000000000e-01 1.000000000000000048e-04
2.189999999999999858e+01 8.580899999999999750e+00 1.331848999999999990e+02 1.800000000000000000e+02 1.273773999999999944e+02 2.000000000000000000e+00 0.000000000000000000e+00 6.019999999999999657e-02 2.500000000000000000e-01 1.000000000000000048e-04
2.194999999999999929e+01 8.577500000000000568e+00 1.332420999999999935e+02 1.800000000000000000e+02 1.274347999999999956e+02 2.000000000000000000e+00 0.000000000000000000e+00 6.029999999999999943e-02 2.500000000000000000e-01 1.000000000000000048e-04
2.200000000000000000e+01 8.574199999999999378e+00 1.332993999999999915e+02 1.800000000000000000e+02 1.274921999999999969e+02 2.000000000000000000e+00 0.000000000000000000e+00 6.049999999999999822e-02 2.500000000000000000e-01 1.000000000000000048e-04
2.205000000000000071e+01 8.570800000000000196e+00 1.333567999999999927e+02 1.800000000000000000e+02 1.275497000000000014e+02 2.000000000000000000e+00 0.000000000000000000e+00 6.069999999999999701e-02 2.500000000000000000e-01 1.000000000000000048e-04
2.210000000000000142e+01 8.567399999999999238e+00 1.334141999999999939e+02 1.800000000000000000e+02 1.276072999999999951e+02 2.000000000000000000e+00 0.000000000000000000e+00 6.079999999999999988e-02 2.500000000000000000e-01 1.000000000000000048e-04
2.214999999999999858e+01 8.564000000000000057e+00 1.334716999999999985e+02 1.800000000000000000e+02 1.276649000000000029e+02 2.000000000000000000e+00 0.000000000000000000e+00 6.099999999999999867e-02 2.500000000000000000e-01 1.000000000000000048e-04
2.219999999999999929e+01 8.560600000000000875e+00 1.335292000000000030e+02 1.800000000000000000e+02 1.277224999999999966e+02 2.000000000000000000e+00 0.000000000000000000e+00 6.119999999999999746e-02 2.500000000000000000e-01 1.000000000000000048e-04
2.225000000000000000e+01 8.557199999999999918e+00 1.335868000000000109e+02 1.800000000000000000e+02 1.277802999999999969e+02 2.000000000000000000e+00 0.000000000000000000e+00 6.140000000000000319e-02 2.500000000000000000e-01 1.000000000000000048e-04
2.230000000000000071e+01 8.553900000000000503e+00 1.336444999999999936e+02 1.800000000000000000e+02 1.278380999999999972e+02 2.000000000000000000e+00 0.000000000000000000e+00 6.149999999999999911e-02 2.500000000000000000e-01 1.000000000000000048e-04
2.235000000000000142e+01 8.550499999999999545e+00 1.337022000000000048e+02 1.800000000000000000e+02 1.278958999999999975e+02 2.000000000000000000e+00 0.000000000000000000e+00 6.169999999999999790e-02 2.500000000000000000e-01 1.000000000000000048e-04
2.239999999999999858e+01 8.547100000000000364e+00 1.337599999999999909e+02 1.800000000000000000e+02 1.279538000000000011e+02 2.000000000000000000e+00 0.000000000000000000e+00 6.189999999999999669e-02 2.500000000000000000e-01 1.000000000000000048e-04
2.244999999999999929e+01 8.543699999999999406e+00 1.338178000000000054e+02 1.800000000000000000e+02 1.280117999999999938e+02 2.000000000000000000e+00 0.000000000000000000e+00 6.199999999999999956e-02 2.500000000000000000e-01 1.000000000000000048e-04
2.250000000000000000e+01 8.540300000000000225e+00 1.338756999999999948e+02 1.800000000000000000e+02 1.280697999999999865e+02 2.000000000000000000e+00 0.000000000000000000e+00 6.219999999999999835e-02 2.500000000000000000e-01 1.000000000000000048e-04
2.255000000000000071e+01 8.536899999999999267e+00 1.339336000000000126e+02 1.800000000000000000e+02 1.281279000000000110e+02 2.000000000000000000e+00 0.000000000000000000e+00 6.239999999999999714e-02 2.500000000000000000e-01 1.000000000000000048e-04
2.260000000000000142e+01 8.533500000000000085e+00 1.339916000000000054e+02 1.800000000000000000e+02 1.281860000000000070e+02 2.000000000000000000e+00 0.000000000000000000e+00 6.260000000000000286e-02 2.500000000000000000e-01 1.000000000000000048e-04
2.264999999999999858e+01 8.530099999999999127e+00 1.340497000000000014e+02 1.800000000000000000e+02 1.282442000000000064e+02 2.000000000000000000e+00 0.000000000000000000e+00 6.270000000000000573e-02 2.500000000000000000e-01 1.000000000000000048e-04
2.269999999999999929e+01 8.526799999999999713e+00 1.341077999999999975e+02 1.800000000000000000e+02 1.283025000000000091e+02 2.000000000000000000e+00 0.000000000000000000e+00 6.289999999999999758e-02 2.500000000000000000e-01 1.000000000000000048e-04
2.275000000000000000e+01 8.523400000000000531e+00 1.341659999999999968e+02 1.800000000000000000e+02 1.283608000000000118e+02 2.000000000000000000e+00 0.000000000000000000e+00 6.310000000000000331e-02 2.500000000000000000e-01 1.000000000000000048e-04
2.280000000000000071e+01 8.519999999999999574e+00 1.342242999999999995e+02 1.800000000000000000e+02 1.284191999999999894e+02 2.000000000000000000e+00 0.000000000000000000e+00 6.320000000000000617e-02 2.500000000000000000e-01 1.000000000000000048e-04
2.285000000000000142e+01 8.516600000000000392e+00 1.342826000000000022e+02 1.800000000000000000e+02 1.284775999999999954e+02 2.000000000000000000e+00 0.000000000000000000e+00 6.339999999999999802e-02 2.500000000000000000e-01 1.000000000000000048e-04
2.289999999999999858e+01 8.513199999999999434e+00 1.343410000000000082e+02 1.800000000000000000e+02 1.285362000000000080e+02 2.000000000000000000e+00 0.000000000000000000e+00 6.360000000000000375e-02 2.500000000000000000e-01 1.000000000000000048e-04
2.294999999999999929e+01 8.509800000000000253e+00 1.343994000000000142e+02 1.800000000000000000e+02 1.285946999999999889e+02 2.000000000000000000e+00 0.000000000000000000e+00 6.379999999999999560e-02 2.500000000000000000e-01 1.000000000000000048e-04
2.300000000000000000e+01 8.506399999999999295e+00 1.344578999999999951e+02 1.800000000000000000e+02 1.286533000000000015e+02 2.000000000000000000e+00 0.000000000000000000e+00 6.389999999999999847e-02 2.500000000000000000e-01 1.000000000000000048e-04
2.305000000000000071e+01 8.503000000000000114e+00 1.345165000000000077e+02 1.800000000000000000e+02 1.287119999999999891e+02 2.000000000000000000e+00 0.000000000000000000e+00 6.410000000000000420e-02 2.500000000000000000e-01 1.000000000000000048e-04
2.310000000000000142e+01 8.499599999999999156e+00 1.345750999999999920e+02 1.800000000000000000e+02 1.287708000000000084e+02 2.000000000000000000e+00 0.000000000000000000e+00 6.429999999999999605e-02 2.500000000000000000e-01 1.000000000000000048e-04
2.314999999999999858e+01 8.496199999999999974e+00 1.346338000000000079e+02 1.800000000000000000e+02 1.288295999999999992e+02 2.000000000000000000e+00 0.000000000000000000e+00 6.450000000000000178e-02 2.500000000000000000e-01 1.000000000000000048e-04
2.319999999999999929e+01 8.492800000000000793e+00 1.346925999999999988e+02 1.800000000000000000e+02 1.288884999999999934e+02 2.000000000000000000e+00 0.000000000000000000e+00 6.460000000000000464e-02 2.500000000000000000e-01 1.000000000000000048e-04
2.325000000000000000e+01 8.489399999999999835e+00 1.347513999999999896e+02 1.800000000000000000e+02 1.289473999999999876e+02 2.000000000000000000e+00 0.000000000000000000e+00 6.479999999999999649e-02 2.500000000000000000e-01 1.000000000000000048e-04
2.330000000000000071e+01 8.486000000000000654e+00 1.348102000000000089e+02 1.800000000000000000e+02 1.290064000000000135e+02 2.000000000000000000e+00 0.000000000000000000e+00 6.500000000000000222e-02 2.500000000000000000e-01 1.000000000000000048e-04
2.335000000000000142e+01 8.482599999999999696e+00 1.348692000000000064e+02 1.800000000000000000e+02 1.290654999999999859e+02 2.000000000000000000e+00 0.000000000000000000e+00 6.519999999999999407e-02 2.500000000000000000e-01 1.000000000000000048e-04
2.339999999999999858e+01 8.479200000000000514e+00 1.349282000000000039e+02 1.800000000000000000e+02 1.291245999999999867e+02 2.000000000000000000e+00 0.000000000000000000e+00 6.529999999999999694e-02 2.500000000000000000e-01 1.000000000000000048e-04
2.344999999999999929e+01 8.475799999999999557e+00 1.349872000000000014e+02 1.800000000000000000e+02 1.291837999999999909e+02 2.000000000000000000e+00 0.000000000000000000e+00 6.550000000000000266e-02 2.500000000000000000e-01 1.000000000000000048e-04
2.350000000000000000e+01 8.472400000000000375e+00 1.350463000000000022e+02 1.800000000000000000e+02 1.292429999999999950e+02 2.000000000000000000e+00 0.000000000000000000e+00 6.569999999999999452e-02 2.500000000000000000e-01 1.000000000000000048e-04
2.355000000000000071e+01 8.468999999999999417e+00 1.351055000000000064e+02 1.800000000000000000e+02 1.293023000000000025e+02 2.000000000000000000e+00 0.000000000000000000e+00 6.590000000000000024e-02 2.500000000000000000e-01 1.000000000000000048e-04
2.360000000000000142e+01 8.465600000000000236e+00 1.351648000000000138e+02 1.800000000000000000e+02 1.293617000000000132e+02 2.000000000000000000e+00 0.000000000000000000e+00 6.600000000000000311e-02 2.500000000000000000e-01 1.000000000000000048e-04
2.364999999999999858e+01 8.462199999999999278e+00 1.352240999999999929e+02 1.800000000000000000e+02 1.294210999999999956e+02 2.000000000000000000e+00 0.000000000000000000e+00 6.619999999999999496e-02 2.500000000000000000e-01 1.000000000000000048e-04
2.369999999999999929e+01 8.458800000000000097e+00 1.352834000000000003e+02 1.800000000000000000e+02 1.294806000000000097e+02 2.000000000000000000e+00 0.000000000000000000e+00 6.640000000000000069e-02 2.500000000000000000e-01 1.000000000000000048e-04
2.375000000000000000e+01 8.455299999999999372e+00 1.353428999999999860e+02 1.800000000000000000e+02 1.295401999999999987e+02 2.000000000000000000e+00 0.000000000000000000e+00 6.660000000000000642e-02 2.500000000000000000e-01 1.000000000000000048e-04
2.380000000000000071e+01 8.451900000000000190e+00 1.354024000000000001e+02 1.800000000000000000e+02 1.295997999999999877e+02 2.000000000000000000e+00 0.000000000000000000e+00 6.669999999999999540e-02 2.500000000000000000e-01 1.000000000000000048e-04
2.385000000000000142e+01 8.448499999999999233e+00 1.354619000000000142e+02 1.800000000000000000e+02 1.296595000000000084e+02 2.000000000000000000e+00 0.000000000000000000e+00 6.690000000000000113e-02 2.500000000000000000e-01 1.000000000000000048e-04
2.389999999999999858e+01 8.445100000000000051e+00 1.355216000000000065e+02 1.800000000000000000e+02 1.297192000000000007e+02 2.000000000000000000e+00 0.000000000000000000e+00 6.710000000000000686e-02 2.500000000000000000e-01 1.000000000000000048e-04
2.394999999999999929e+01 8.441700000000000870e+00 1.355811999999999955e+02 1.800000000000000000e+02 1.297789999999999964e+02 2.000000000000000000e+00 0.000000000000000000e+00 6.729999999999999871e-02 2.500000000000000000e-01 1.000000000000000048e-04
2.400000000000000000e+01 8.438299999999999912e+00 1.356409999999999911e+02 1.800000000000000000e+02 1.298388999999999953e+02 2.000000000000000000e+00 0.000000000000000000e+00 6.740000000000000158e-02 2.500000000000000000e-01 1.000000000000000048e-04
2.405000000000000071e+01 8.434900000000000730e+00 1.357007999999999868e+02 1.800000000000000000e+02 1.298988999999999976e+02 2.000000000000000000e+00 0.000000000000000000e+00 6.759999999999999343e-02 2.500000000000000000e-01 1.000000000000000048e-04
2.410000000000000142e+01 8.431499999999999773e+00 1.357607000000000141e+02 1.800000000000000000e+02 1.299588999999999999e+02 2.000000000000000000e+00 0.000000000000000000e+00 6.779999999999999916e-02 2.500000000000000000e-01 1.000000000000000048e-04
2.414999999999999858e+01 8.428000000000000824e+00 1.358206000000000131e+02 1.800000000000000000e+02 1.300189000000000021e+02 2.000000000000000000e+00 0.000000000000000000e+00 6.800000000000000488e-02 2.500000000000000000e-01 1.000000000000000048e-04
2.419999999999999929e+01 8.424599999999999866e+00 1.358805999999999869e+02 1.800000000000000000e+02 1.300790000000000077e+02 2.000000000000000000e+00 0.000000000000000000e+00 6.819999999999999674e-02 2.500000000000000000e-01 1.000000000000000048e-04
2.425000000000000000e+01 8.421200000000000685e+00 1.359406999999999925e+02 1.800000000000000000e+02 1.301391999999999882e+02 2.000000000000000000e+00 0.000000000000000000e+00 6.829999999999999960e-02 2.500000000000000000e-01 1.000000000000000048e-04
2.430000000000000071e+01 8.417799999999999727e+00 1.360007999999999981e+02 1.800000000000000000e+02 1.301995000000000005e+02 2.000000000000000000e+00 0.000000000000000000e+00 6.850000000000000533e-02 2.500000000000000000e-01 1.000000000000000048e-04
2.435000000000000142e+01 8.414400000000000546e+00 1.360610000000000070e+02 1.800000000000000000e+02 1.302598000000000127e+02 2.000000000000000000e+00 0.000000000000000000e+00 6.869999999999999718e-02 2.500000000000000000e-01 1.000000000000000048e-04
2.439999999999999858e+01 8.410999999999999588e+00 1.361212999999999909e+02 1.800000000000000000e+02 1.303201999999999998e+02 2.000000000000000000e+00 0.000000000000000000e+00 6.890000000000000291e-02 2.500000000000000000e-01 1.000000000000000048e-04
2.444999999999999929e+01 8.407500000000000639e+00 1.361816000000000031e+02 1.800000000000000000e+02 1.303805999999999869e+02 2.000000000000000000e+00 0.000000000000000000e+00 6.909999999999999476e-02 2.500000000000000000e-01 1.000000000000000048e-04
2.450000000000000000e+01 8.404099999999999682e+00 1.362419999999999902e+02 1.800000000000000000e+02 1.304412000000000091e+02 2.000000000000000000e+00 0.000000000000000000e+00 6.919999999999999762e-02 2.500000000000000000e-01 1.000000000000000048e-04
2.455000000000000071e+01 8.400700000000000500e+00 1.363025000000000091e+02 1.800000000000000000e+02 1.305016999999999996e+02 2.000000000000000000e+00 0.000000000000000000e+00 6.940000000000000335e-02 2.500000000000000000e-01 1.000000000000000048e-04
2.460000000000000142e+01 8.397299999999999542e+00 1.363629999999999995e+02 1.800000000000000000e+02 1.305623999999999967e+02 2.000000000000000000e+00 0.000000000000000000e+00 6.959999999999999520e-02 2.500000000000000000e-01 1.000000000000000048e-04
2.464999999999999858e+01 8.393900000000000361e+00 1.364235999999999933e+02 1.800000000000000000e+02 1.306230999999999938e+02 2.000000000000000000e+00 0.000000000000000000e+00 6.980000000000000093e-02 2.500000000000000000e-01 1.000000000000000048e-04
2.469999999999999929e+01 8.390399999999999636e+00 1.364841999999999871e+02 1.800000000000000000e+02 1.306838999999999942e+02 2.000000000000000000e+00 0.000000000000000000e+00 6.990000000000000380e-02 2.500000000000000000e-01 1.000000000000000048e-04
2.475000000000000000e+01 8.387000000000000455e+00 1.365449999999999875e+02 1.800000000000000000e+02 1.307446999999999946e+02 2.000000000000000000e+00 0.000000000000000000e+00 7.009999999999999565e-02 2.500000000000000000e-01 1.000000000000000048e-04
2.480000000000000071e+01 8.383599999999999497e+00 1.366057000000000130e+02 1.800000000000000000e+02 1.308055999999999983e+02 2.000000000000000000e+00 0.000000000000000000e+00 7.030000000000000138e-02 2.500000000000000000e-01 1.000000000000000048e-04
2.485000000000000142e+01 8.380100000000000549e+00 1.366665999999999883e+02 1.800000000000000000e+02 1.308666000000000054e+02 2.000000000000000000e+00 0.000000000000000000e+00 7.049999999999999323e-02 2.500000000000000000e-01 1.000000000000000048e-04
2.489999999999999858e+01 8.376699999999999591e+00 1.367274999999999920e+02 1.800000000000000000e+02 1.309276000000000124e+02 2.000000000000000000e+00 0.000000000000000000e+00 7.069999999999999896e-02 2.500000000000000000e-01 1.000000000000000048e-04
2.494999999999999929e+01 8.373300000000000409e+00 1.367884999999999991e+02 1.800000000000000000e+02 1.309886999999999944e+02 2.000000000000000000e+00 0.000000000000000000e+00 7.090000000000000469e-02 2.500000000000000000e-01 1.000000000000000048e-04
2.500000000000000000e+01 8.369899999999999451e+00 1.368495000000000061e+02 1.800000000000000000e+02 1.310499000000000080e+02 2.000000000000000000e+00 0.000000000000000000e+00 7.099999999999999367e-02 2.500000000000000000e-01 1.000000000000000048e-04
2.505000000000000071e+01 8.366400000000000503e+00 1.369106999999999914e+02 1.800000000000000000e+02 1.311110999999999933e+02 2.000000000000000000e+00 0.000000000000000000e+00 7.119999999999999940e-02 2.500000000000000000e-01 1.000000000000000048e-04
2.510000000000000142e+01 8.362999999999999545e+00 1.369718000000000018e+02 1.800000000000000000e+02 1.311724000000000103e+02 2.000000000000000000e+00 0.000000000000000000e+00 7.140000000000000513e-02 2.500000000000000000e-01 1.000000000000000048e-04
2.514999999999999858e+01 8.359600000000000364e+00 1.370330999999999904e+02 1.800000000000000000e+02 1.312338000000000022e+02 2.000000000000000000e+00 0.000000000000000000e+00 7.159999999999999698e-02 2.500000000000000000e-01 1.000000000000000048e-04
2.519999999999999929e+01 8.356099999999999639e+00 1.370944000000000074e+02 1.800000000000000000e+02 1.312951999999999941e+02 2.000000000000000000e+00 0.000000000000000000e+00 7.180000000000000271e-02 2.500000000000000000e-01 1.000000000000000048e-04
2.525000000000000000e+01 8.352700000000000458e+00 1.371557999999999993e+02 1.800000000000000000e+02 1.313566999999999894e+02 2.000000000000000000e+00 0.000000000000000000e+00 7.190000000000000557e-02 2.500000000000000000e-01 1.000000000000000048e-04
2.530000000000000071e+01 8.349299999999999500e+00 1.372171999999999912e+02 1.800000000000000000e+02 1.314182999999999879e+02 2.000000000000000000e+00 0.000000000000000000e+00 7.209999999999999742e-02 2.500000000000000000e-01 1.000000000000000048e-04
2.535000000000000142e+01 8.345800000000000551e+00 1.372786999999999864e+02 1.800000000000000000e+02 1.314798999999999864e+02 2.000000000000000000e+00 0.000000000000000000e+00 7.230000000000000315e-02 2.500000000000000000e-01 1.000000000000000048e-04
2.539999999999999858e+01 8.342399999999999594e+00 1.373403000000000134e+02 1.800000000000000000e+02 1.315415999999999883e+02 2.000000000000000000e+00 0.000000000000000000e+00 7.249999999999999500e-02 2.500000000000000000e-01 1.000000000000000048e-04
2.544999999999999929e+01 8.339000000000000412e+00 1.374019999999999868e+02 1.800000000000000000e+02 1.316032999999999902e+02 2.000000000000000000e+00 0.000000000000000000e+00 7.270000000000000073e-02 2.500000000000000000e-01 1.000000000000000048e-04
2.550000000000000000e+01 8.335499999999999687e+00 1.374636999999999887e+02 1.800000000000000000e+02 1.316651999999999987e+02 2.000000000000000000e+00 0.000000000000000000e+00 7.290000000000000646e-02 2.500000000000000000e-01 1.000000000000000048e-04
2.555000000000000071e+01 8.332100000000000506e+00 1.375254999999999939e+02 1.800000000000000000e+02 1.317271000000000072e+02 2.000000000000000000e+00 0.000000000000000000e+00 7.299999999999999545e-02 2.500000000000000000e-01 1.000000000000000048e-04
2.560000000000000142e+01 8.328599999999999781e+00 1.375872999999999990e+02 1.800000000000000000e+02 1.317889999999999873e+02 2.000000000000000000e+00 0.000000000000000000e+00 7.320000000000000118e-02 2.500000000000000000e-01 1.000000000000000048e-04
2.564999999999999858e+01 8.325200000000000600e+00 1.376493000000000109e+02 1.800000000000000000e+02 1.318511000000000024e+02 2.000000000000000000e+00 0.000000000000000000e+00 7.340000000000000691e-02 2.500000000000000000e-01 1.000000000000000048e-04
2.569999999999999929e+01 8.321799999999999642e+00 1.377111999999999910e+02 1.800000000000000000e+02 1.319131999999999891e+02 2.000000000000000000e+00 0.000000000000000000e+00 7.359999999999999876e-02 2.500000000000000000e-01 1.000000000000000048e-04
2.575000000000000000e+01 8.318300000000000693e+00 1.377733000000000061e+02 1.800000000000000000e+02 1.319753000000000043e+02 2.000000000000000000e+00 0.000000000000000000e+00 7.380000000000000449e-02 2.500000000000000000e-01 1.000000000000000048e-04
2.580000000000000071e+01 8.314899999999999736e+00 1.378353999999999928e+02 1.800000000000000000e+02 1.320375999999999976e+02 2.000000000000000000e+00 0.000000000000000000e+00 7.399999999999999634e-02 2.500000000000000000e-01 1.000000000000000048e-04
2.585000000000000142e+01 8.311400000000000787e+00 1.378976000000000113e+02 1.800000000000000000e+02 1.320998999999999910e+02 2.000000000000000000e+00 0.000000000000000000e+00 7.409999999999999920e-02 2.500000000000000000e-01 1.000000000000000048e-04
2.589999999999999858e+01 8.307999999999999829e+00 1.379599000000000046e+02 1.800000000000000000e+02 1.321622999999999877e+02 2.000000000000000000e+00 0.000000000000000000e+00 7.430000000000000493e-02 2.500000000000000000e-01 1.000000000000000048e-04
2.594999999999999929e+01 8.304500000000000881e+00 1.380221999999999980e+02 1.800000000000000000e+02 1.322247000000000128e+02 2.000000000000000000e+00 0.000000000000000000e+00 7.449999999999999678e-02 2.500000000000000000e-01 1.000000000000000048e-04
2.600000000000000000e+01 8.301099999999999923e+00 1.380845999999999947e+02 1.800000000000000000e+02 1.322872000000000128e+02 2.000000000000000000e+00 0.000000000000000000e+00 7.470000000000000251e-02 2.500000000000000000e-01 1.000000000000000048e-04
2.605000000000000071e+01 8.297599999999999199e+00 1.381470999999999947e+02 1.800000000000000000e+02 1.323497999999999877e+02 2.000000000000000000e+00 0.000000000000000000e+00 7.489999999999999436e-02 2.500000000000000000e-01 1.000000000000000048e-04
2.610000000000000142e+01 8.294200000000000017e+00 1.382095999999999947e+02 1.800000000000000000e+02 1.324123999999999910e+02 2.000000000000000000e+00 0.000000000000000000e+00 7.510000000000000009e-02 2.500000000000000000e-01 1.000000000000000048e-04
2.614999999999999858e+01 8.290699999999999292e+00 1.382721999999999980e+02 1.800000000000000000e+02 1.324750999999999976e+02 2.000000000000000000e+00 0.000000000000000000e+00 7.530000000000000582e-02 2.500000000000000000e-01 1.000000000000000048e-04
2.619999999999999929e+01 8.287300000000000111e+00 1.383349000000000046e+02 1.800000000000000000e+02 1.325379000000000076e+02 2.000000000000000000e+00 0.000000000000000000e+00 7.539999999999999480e-02 2.500000000000000000e-01 1.000000000000000048e-04
2.625000000000000000e+01 8.283799999999999386e+00 1.383976000000000113e+02 1.800000000000000000e+02 1.326007999999999925e+02 2.000000000000000000e+00 0.000000000000000000e+00 7.560000000000000053e-02 2.500000000000000000e-01 1.000000000000000048e-04
2.630000000000000071e+01 8.280400000000000205e+00 1.384603999999999928e+02 1.800000000000000000e+02 1.326637000000000057e+02 2.000000000000000000e+00 0.000000000000000000e+00 7.580000000000000626e-02 2.500000000000000000e-01 1.000000000000000048e-04
2.635000000000000142e+01 8.276899999999999480e+00 1.385233000000000061e+02 1.800000000000000000e+02 1.327266999999999939e+02 2.000000000000000000e+00 0.000000000000000000e+00 7.599999999999999811e-02 2.500000000000000000e-01 1.000000000000000048e-04
2.639999999999999858e+01 8.273500000000000298e+00 1.385862999999999943e+02 1.800000000000000000e+02 1.327898000000000138e+02 2.000000000000000000e+00 0.000000000000000000e+00 7.620000000000000384e-02 2.500000000000000000e-01 1.000000000000000048e-04
2.644999999999999929e+01 8.269999999999999574e+00 1.386493000000000109e+02 1.800000000000000000e+02 1.328529000000000053e+02 2.000000000000000000e+00 0.000000000000000000e+00 7.639999999999999569e-02 2.500000000000000000e-01 1.000000000000000048e-04
2.650000000000000000e+01 8.266600000000000392e+00 1.387124000000000024e+02 1.800000000000000000e+02 1.329161000000000001e+02 2.000000000000000000e+00 0.000000000000000000e+00 7.660000000000000142e-02 2.500000000000000000e-01 1.000000000000000048e-04
2.655000000000000071e+01 8.263099999999999667e+00 1.387755999999999972e+02 1.800000000000000000e+02 1.329793999999999983e+02 2.000000000000000000e+00 0.000000000000000000e+00 7.670000000000000429e-02 2.500000000000000000e-01 1.000000000000000048e-04
2.660000000000000142e+01 8.259700000000000486e+00 1.388387999999999920e+02 1.800000000000000000e+02 1.330426999999999964e+02 2.000000000000000000e+00 0.000000000000000000e+00 7.689999999999999614e-02 2.500000000000000000e-01 1.000000000000000048e-04
2.664999999999999858e+01 8.256199999999999761e+00 1.389020999999999901e+02 1.800000000000000000e+02 1.331060999999999979e+02 2.000000000000000000e+00 0.000000000000000000e+00 7.710000000000000187e-02 2.500000000000000000e-01 1.000000000000000048e-04
2.669999999999999929e+01 8.252700000000000813e+00 1.389654999999999916e+02 1.800000000000000000e+02 1.331696000000000026e+02 2.000000000000000000e+00 0.000000000000000000e+00 7.729999999999999372e-02 2.500000000000000000e-01 1.000000000000000048e-04
2.675000000000000000e+01 8.249299999999999855e+00 1.390288999999999930e+02 1.800000000000000000e+02 1.332331000000000074e+02 2.000000000000000000e+00 0.000000000000000000e+00 7.749999999999999944e-02 2.500000000000000000e-01 1.000000000000000048e-04
2.680000000000000071e+01 8.245799999999999130e+00 1.390923999999999978e+02 1.800000000000000000e+02 1.332967999999999904e+02 2.000000000000000000e+00 0.000000000000000000e+00 7.770000000000000517e-02 2.500000000000000000e-01 1.000000000000000048e-04
2.685000000000000142e+01 8.242399999999999949e+00 1.391560000000000059e+02 1.800000000000000000e+02 1.333605000000000018e+02 2.000000000000000000e+00 0.000000000000000000e+00 7.789999999999999702e-02 2.500000000000000000e-01 1.000000000000000048e-04
2.689999999999999858e+01 8.238899999999999224e+00 1.392196999999999889e+02 1.800000000000000000e+02 1.334242000000000132e+02 2.000000000000000000e+00 0.000000000000000000e+00 7.810000000000000275e-02 2.500000000000000000e-01 1.000000000000000048e-04
2.694999999999999929e+01 8.235400000000000276e+00 1.392834000000000003e+02 1.800000000000000000e+02 1.334879999999999995e+02 2.000000000000000000e+00 0.000000000000000000e+00 7.829999999999999460e-02 2.500000000000000000e-01 1.000000000000000048e-04
2.700000000000000000e+01 8.231999999999999318e+00 1.393471999999999866e+02 1.800000000000000000e+02 1.335519999999999925e+02 2.000000000000000000e+00 0.000000000000000000e+00 7.839999999999999747e-02 2.500000000000000000e-01 1.000000000000000048e-04
2.705000000000000071e+01 8.228500000000000369e+00 1.394111000000000047e+02 1.800000000000000000e+02 1.336159000000000106e+02 2.000000000000000000e+00 0.000000000000000000e+00 7.860000000000000320e-02 2.500000000000000000e-01 1.000000000000000048e-04
2.710000000000000142e+01 8.224999999999999645e+00 1.394750999999999976e+02 1.800000000000000000e+02 1.336800000000000068e+02 2.000000000000000000e+00 0.000000000000000000e+00 7.879999999999999505e-02 2.500000000000000000e-01 1.000000000000000048e-04
2.714999999999999858e+01 8.221600000000000463e+00 1.395390999999999906e+02 1.800000000000000000e+02 1.337441000000000031e+02 2.000000000000000000e+00 0.000000000000000000e+00 7.900000000000000078e-02 2.500000000000000000e-01 1.000000000000000048e-04
2.719999999999999929e+01 8.218099999999999739e+00 1.396031999999999869e+02 1.800000000000000000e+02 1.338083000000000027e+02 2.000000000000000000e+00 0.000000000000000000e+00 7.920000000000000651e-02 2.500000000000000000e-01 1.000000000000000048e-04
2.725000000000000000e+01 8.214600000000000790e+00 1.396673000000000116e+02 1.800000000000000000e+02 1.338726000000000056e+02 2.000000000000000000e+00 0.000000000000000000e+00 7.939999999999999836e-02 2.500000000000000000e-01 1.000000000000000048e-04
2.730000000000000071e+01 8.211100000000000065e+00 1.397315999999999860e+02 1.800000000000000000e+02 1.339369000000000085e+02 2.000000000000000000e+00 0.000000000000000000e+00 7.960000000000000409e-02 2.500000000000000000e-01 1.000000000000000048e-04
2.735000000000000142e+01 8.207700000000000884e+00 1.397958999999999889e+02 1.800000000000000000e+02 1.340012999999999863e+02 2.000000000000000000e+00 0.000000000000000000e+00 7.979999999999999594e-02 2.500000000000000000e-01 1.000000000000000048e-04
2.739999999999999858e+01 8.204200000000000159e+00 1.398601999999999919e+02 1.800000000000000000e+02 1.340657999999999959e+02 2.000000000000000000e+00 0.000000000000000000e+00 8.000000000000000167e-02 2.500000000000000000e-01 1.000000000000000048e-04
2.744999999999999929e+01 8.200699999999999434e+00 1.399247000000000014e+02 1.800000000000000000e+02 1.341303000000000054e+02 2.000000000000000000e+00 0.000000000000000000e+00 8.019999999999999352e-02 2.500000000000000000e-01 1.000000000000000048e-04
2.750000000000000000e+01 8.197300000000000253e+00 1.399892000000000110e+02 1.800000000000000000e+02 1.341949999999999932e+02 2.000000000000000000e+00 0.000000000000000000e+00 8.029999999999999638e-02 2.500000000000000000e-01 1.000000000000000048e-04
2.755000000000000071e+01 8.193799999999999528e+00 1.400537999999999954e+02 1.800000000000000000e+02 1.342597000000000094e+02 2.000000000000000000e+00 0.000000000000000000e+00 8.050000000000000211e-02 2.500000000000000000e-01 1.000000000000000048e-04
2.760000000000000142e+01 8.190300000000000580e+00 1.401185000000000116e+02 1.800000000000000000e+02 1.343243999999999971e+02 2.000000000000000000e+00 0.000000000000000000e+00 8.069999999999999396e-02 2.500000000000000000e-01 1.000000000000000048e-04
2.764999999999999858e+01 8.186799999999999855e+00 1.401833000000000027e+02 1.800000000000000000e+02 1.343892999999999915e+02 2.000000000000000000e+00 0.000000000000000000e+00 8.089999999999999969e-02 2.500000000000000000e-01 1.000000000000000048e-04
2.769999999999999929e+01 8.183299999999999130e+00 1.402480999999999938e+02 1.800000000000000000e+02 1.344541999999999859e+02 2.000000000000000000e+00 0.000000000000000000e+00 8.110000000000000542e-02 2.500000000000000000e-01 1.000000000000000048e-04
2.775000000000000000e+01 8.179899999999999949e+00 1.403129999999999882e+02 1.800000000000000000e+02 1.345192000000000121e+02 2.000000000000000000e+00 0.000000000000000000e+00 8.129999999999999727e-02 2.500000000000000000e-01 1.000000000000000048e-04
2.780000000000000071e+01 8.176399999999999224e+00 1.403779000000000110e+02 1.800000000000000000e+02 1.345842000000000098e+02 2.000000000000000000e+00 0.000000000000000000e+00 8.150000000000000300e-02 2.500000000000000000e-01 1.000000000000000048e-04
2.785000000000000142e+01 8.172900000000000276e+00 1.404430000000000121e+02 1.800000000000000000e+02 1.346494000000000142e+02 2.000000000000000000e+00 0.000000000000000000e+00 8.169999999999999485e-02 2.500000000000000000e-01 1.000000000000000048e-04
2.789999999999999858e+01 8.169399999999999551e+00 1.405081000000000131e+02 1.800000000000000000e+02 1.347145999999999901e+02 2.000000000000000000e+00 0.000000000000000000e+00 8.190000000000000058e-02 2.500000000000000000e-01 1.000000000000000048e-04
2.794999999999999929e+01 8.165900000000000603e+00 1.405732999999999890e+02 1.800000000000000000e+02 1.347798999999999978e+02 2.000000000000000000e+00 0.000000000000000000e+00 8.210000000000000631e-02 2.500000000000000000e-01 1.000000000000000048e-04
2.800000000000000000e+01 8.162499999999999645e+00 1.406384999999999934e+02 1.800000000000000000e+02 1.348452000000000055e+02 2.000000000000000000e+00 0.000000000000000000e+00 8.229999999999999816e-02 2.500000000000000000e-01 1.000000000000000048e-04
2.805000000000000071e+01 8.159000000000000696e+00 1.407039000000000044e+02 1.800000000000000000e+02 1.349106999999999914e+02 2.000000000000000000e+00 0.000000000000000000e+00 8.250000000000000389e-02 2.500000000000000000e-01 1.000000000000000048e-04
2.810000000000000142e+01 8.155499999999999972e+00 1.407692999999999870e+02 1.800000000000000000e+02 1.349762000000000057e+02 2.000000000000000000e+00 0.000000000000000000e+00 8.269999999999999574e-02 2.500000000000000000e-01 1.000000000000000048e-04
2.814999999999999858e+01 8.151999999999999247e+00 1.408348000000000013e+02 1.800000000000000000e+02 1.350417999999999950e+02 2.000000000000000000e+00 0.000000000000000000e+00 8.290000000000000147e-02 2.500000000000000000e-01 1.000000000000000048e-04
2.819999999999999929e+01 8.148500000000000298e+00 1.409003999999999905e+02 1.800000000000000000e+02 1.351074000000000126e+02 2.000000000000000000e+00 0.000000000000000000e+00 8.300000000000000433e-02 2.500000000000000000e-01 1.000000000000000048e-04
2.825000000000000000e+01 8.144999999999999574e+00 1.409660000000000082e+02 1.800000000000000000e+02 1.351732000000000085e+02 2.000000000000000000e+00 0.000000000000000000e+00 8.319999999999999618e-02 2.500000000000000000e-01 1.000000000000000048e-04
2.830000000000000071e+01 8.141500000000000625e+00 1.410317000000000007e+02 1.800000000000000000e+02 1.352390000000000043e+02 2.000000000000000000e+00 0.000000000000000000e+00 8.340000000000000191e-02 2.500000000000000000e-01 1.000000000000000048e-04
2.835000000000000142e+01 8.137999999999999901e+00 1.410974999999999966e+02 1.800000000000000000e+02 1.353049000000000035e+02 2.000000000000000000e+00 0.000000000000000000e+00 8.359999999999999376e-02 2.500000000000000000e-01 1.000000000000000048e-04
2.839999999999999858e+01 8.134600000000000719e+00 1.411633999999999958e+02 1.800000000000000000e+02 1.353708000000000027e+02 2.000000000000000000e+00 0.000000000000000000e+00 8.379999999999999949e-02 2.500000000000000000e-01 1.000000000000000048e-04
2.844999999999999929e+01 8.131099999999999994e+00 1.412292999999999950e+02 1.800000000000000000e+02 1.354368000000000052e+02 2.000000000000000000e+00 0.000000000000000000e+00 8.400000000000000522e-02 2.500000000000000000e-01 1.000000000000000048e-04
2.850000000000000000e+01 8.127599999999999270e+00 1.412952999999999975e+02 1.800000000000000000e+02 1.355029999999999859e+02 2.000000000000000000e+00 0.000000000000000000e+00 8.419999999999999707e-02 2.500000000000000000e-01 1.000000000000000048e-04
2.855000000000000071e+01 8.124100000000000321e+00 1.413614000000000033e+02 1.800000000000000000e+02 1.355690999999999917e+02 2.000000000000000000e+00 0.000000000000000000e+00 8.440000000000000280e-02 2.500000000000000000e-01 1.000000000000000048e-04
2.860000000000000142e+01 8.120599999999999596e+00 1.414276000000000124e+02 1.800000000000000000e+02 1.356354000000000042e+02 2.000000000000000000e+00 0.000000000000000000e+00 8.459999999999999465e-02 2.500000000000000000e-01 1.000000000000000048e-04
2.864999999999999858e+01 8.117100000000000648e+00 1.414938999999999965e+02 1.800000000000000000e+02 1.357016999999999882e+02 2.000000000000000000e+00 0.000000000000000000e+00 8.480000000000000038e-02 2.500000000000000000e-01 1.000000000000000048e-04
2.869999999999999929e+01 8.113599999999999923e+00 1.415602000000000089e+02 1.800000000000000000e+02 1.357682000000000073e+02 2.000000000000000000e+00 0.000000000000000000e+00 8.500000000000000611e-02 2.500000000000000000e-01 1.000000000000000048e-04
2.875000000000000000e+01 8.110099999999999199e+00 1.416265999999999963e+02 1.800000000000000000e+02 1.358345999999999947e+02 2.000000000000000000e+00 0.000000000000000000e+00 8.519999999999999796e-02 2.500000000000000000e-01 1.000000000000000048e-04
2.880000000000000071e+01 8.106600000000000250e+00 1.416930999999999869e+02 1.800000000000000000e+02 1.359011999999999887e+02 2.000000000000000000e+00 0.000000000000000000e+00 8.540000000000000369e-02 2.500000000000000000e-01 1.000000000000000048e-04
2.885000000000000142e+01 8.103099999999999525e+00 1.417596000000000060e+02 1.800000000000000000e+02 1.359678999999999860e+02 2.000000000000000000e+00 0.000000000000000000e+00 8.559999999999999554e-02 2.500000000000000000e-01 1.000000000000000048e-04
2.889999999999999858e+01 8.099600000000000577e+00 1.418263000000000034e+02 1.800000000000000000e+02 1.360346000000000117e+02 2.000000000000000000e+00 0.000000000000000000e+00 8.580000000000000127e-02 2.500000000000000000e-01 1.000000000000000048e-04
2.894999999999999929e+01 8.096099999999999852e+00 1.418930000000000007e+02 1.800000000000000000e+02 1.361014000000000124e+02 2.000000000000000000e+00 0.000000000000000000e+00 8.599999999999999312e-02 2.500000000000000000e-01 1.000000000000000048e-04
2.900000000000000000e+01 8.092599999999999127e+00 1.419598000000000013e+02 1.800000000000000000e+02 1.361682999999999879e+02 2.000000000000000000e+00 0.000000000000000000e+00 8.619999999999999885e-02 2.500000000000000000e-01 1.000000000000000048e-04
2.905000000000000071e+01 8.089100000000000179e+00 1.420266000000000020e+02 1.800000000000000000e+02 1.362351999999999919e+02 2.000000000000000000e+00 0.000000000000000000e+00 8.640000000000000457e-02 2.500000000000000000e-01 1.000000000000000048e-04
2.910000000000000142e+01 8.085599999999999454e+00 1.420936000000000092e+02 1.800000000000000000e+02 1.363021999999999991e+02 2.000000000000000000e+00 0.000000000000000000e+00 8.659999999999999643e-02 2.500000000000000000e-01 1.000000000000000048e-04
2.914999999999999858e+01 8.082100000000000506e+00 1.421605999999999881e+02 1.800000000000000000e+02 1.363693000000000097e+02 2.000000000000000000e+00 0.000000000000000000e+00 8.680000000000000215e-02 2.500000000000000000e-01 1.000000000000000048e-04
2.919999999999999929e+01 8.078599999999999781e+00 1.422276999999999987e+02 1.800000000000000000e+02 1.364364999999999952e+02 2.000000000000000000e+00 0.000000000000000000e+00 8.699999999999999400e-02 2.500000000000000000e-01 1.000000000000000048e-04
2.925000000000000000e+01 8.074999999999999289e+00 1.422949000000000126e+02 1.800000000000000000e+02 1.365038000000000125e+02 2.000000000000000000e+00 0.000000000000000000e+00 8.719999999999999973e-02 2.500000000000000000e-01 1.000000000000000048e-04
2.930000000000000071e+01 8.071500000000000341e+00 1.423620999999999981e+02 1.800000000000000000e+02 1.365711000000000013e+02 2.000000000000000000e+00 0.000000000000000000e+00 8.740000000000000546e-02 2.500000000000000000e-01 1.000000000000000048e-04
2.935000000000000142e+01 8.067999999999999616e+00 1.424294999999999902e+02 1.800000000000000000e+02 1.366385999999999967e+02 2.000000000000000000e+00 0.000000000000000000e+00 8.759999999999999731e-02 2.500000000000000000e-01 1.000000000000000048e-04
2.939999999999999858e+01 8.064500000000000668e+00 1.424969000000000108e+02 1.800000000000000000e+02 1.367060999999999922e+02 2.000000000000000000e+00 0.000000000000000000e+00 8.780000000000000304e-02 2.500000000000000000e-01 1.000000000000000048e-04
2.944999999999999929e+01 8.060999999999999943e+00 1.425644000000000062e+02 1.800000000000000000e+02 1.367735999999999876e+02 2.000000000000000000e+00 0.000000000000000000e+00 8.799999999999999489e-02 2.500000000000000000e-01 1.000000000000000048e-04
2.950000000000000000e+01 8.057499999999999218e+00 1.426320000000000050e+02 1.800000000000000000e+02 1.368412999999999897e+02 2.000000000000000000e+00 0.000000000000000000e+00 8.820000000000000062e-02 2.500000000000000000e-01 1.000000000000000048e-04
2.955000000000000071e+01 8.054000000000000270e+00 1.426996000000000038e+02 1.800000000000000000e+02 1.369089999999999918e+02 2.000000000000000000e+00 0.000000000000000000e+00 8.840000000000000635e-02 2.500000000000000000e-01 1.000000000000000048e-04
2.960000000000000142e+01 8.050499999999999545e+00 1.427674000000000092e+02 1.800000000000000000e+02 1.369767999999999972e+02 2.000000000000000000e+00 0.000000000000000000e+00 8.859999999999999820e-02 2.500000000000000000e-01 1.000000000000000048e-04
2.964999999999999858e+01 8.046900000000000830e+00 1.428351999999999862e+02 1.800000000000000000e+02 1.370447000000000060e+02 2.000000000000000000e+00 0.000000000000000000e+00 8.880000000000000393e-02 2.500000000000000000e-01 1.000000000000000048e-04
2.969999999999999929e+01 8.043400000000000105e+00 1.429030999999999949e+02 1.800000000000000000e+02 1.371126999999999896e+02 2.000000000000000000e+00 0.000000000000000000e+00 8.899999999999999578e-02 2.500000000000000000e-01 1.000000000000000048e-04
2.975000000000000000e+01 8.039899999999999380e+00 1.429711000000000070e+02 1.800000000000000000e+02 1.371808000000000050e+02 2.000000000000000000e+00 0.000000000000000000e+00 8.920000000000000151e-02 2.500000000000000000e-01 1.000000000000000048e-04
2.980000000000000071e+01 8.036400000000000432e+00 1.430390999999999906e+02 1.800000000000000000e+02 1.372488999999999919e+02 2.000000000000000000e+00 0.000000000000000000e+00 8.939999999999999336e-02 2.500000000000000000e-01 1.000000000000000048e-04
2.985000000000000142e+01 8.032899999999999707e+00 1.431072000000000060e+02 1.800000000000000000e+02 1.373171000000000106e+02 2.000000000000000000e+00 0.000000000000000000e+00 8.959999999999999909e-02 2.500000000000000000e-01 1.000000000000000048e-04
2.989999999999999858e+01 8.029299999999999216e+00 1.431754999999999995e+02 1.800000000000000000e+02 1.373854000000000042e+02 2.000000000000000000e+00 0.000000000000000000e+00 8.980000000000000482e-02 2.500000000000000000e-01 1.000000000000000048e-04
2.994999999999999929e+01 8.025800000000000267e+00 1.432437999999999931e+02 1.800000000000000000e+02 1.374538000000000011e+02 2.000000000000000000e+00 0.000000000000000000e+00 8.999999999999999667e-02 2.500000000000000000e-01 1.000000000000000048e-04
3.000000000000000000e+01 8.022299999999999542e+00 1.433120999999999867e+02 1.800000000000000000e+02 1.375221999999999980e+02 2.000000000000000000e+00 0.000000000000000000e+00 9.020000000000000240e-02 2.500000000000000000e-01 1.000000000000000048e-04
3.005000000000000071e+01 8.018800000000000594e+00 1.433805999999999869e+02 1.800000000000000000e+02 1.375908000000000015e+02 2.000000000000000000e+00 0.000000000000000000e+00 9.039999999999999425e-02 2.500000000000000000e-01 1.000000000000000048e-04
3.010000000000000142e+01 8.015200000000000102e+00 1.434490999999999872e+02 1.800000000000000000e+02 1.376594000000000051e+02 2.000000000000000000e+00 0.000000000000000000e+00 9.059999999999999998e-02 2.500000000000000000e-01 1.000000000000000048e-04
3.014999999999999858e+01 8.011699999999999378e+00 1.435177999999999940e+02 1.800000000000000000e+02 1.377281000000000120e+02 2.000000000000000000e+00 0.000000000000000000e+00 9.080000000000000571e-02 2.500000000000000000e-01 1.000000000000000048e-04
3.019999999999999929e+01 8.008200000000000429e+00 1.435865000000000009e+02 1.800000000000000000e+02 1.377968999999999937e+02 2.000000000000000000e+00 0.000000000000000000e+00 9.099999999999999756e-02 2.500000000000000000e-01 1.000000000000000048e-04
3.025000000000000000e+01 8.004699999999999704e+00 1.436553000000000111e+02 1.800000000000000000e+02 1.378657000000000039e+02 2.000000000000000000e+00 0.000000000000000000e+00 9.120000000000000329e-02 2.500000000000000000e-01 1.000000000000000048e-04
3.030000000000000071e+01 8.001099999999999213e+00 1.437240999999999929e+02 1.800000000000000000e+02 1.379346999999999923e+02 2.000000000000000000e+00 0.000000000000000000e+00 9.139999999999999514e-02 2.500000000000000000e-01 1.000000000000000048e-04
3.035000000000000142e+01 7.997600000000000264e+00 1.437931000000000097e+02 1.800000000000000000e+02 1.380037000000000091e+02 2.000000000000000000e+00 0.000000000000000000e+00 9.160000000000000087e-02 2.500000000000000000e-01 1.000000000000000048e-04
3.039999999999999858e+01 7.994100000000000428e+00 1.438620999999999981e+02 1.800000000000000000e+02 1.380728000000000009e+02 2.000000000000000000e+00 0.000000000000000000e+00 9.180000000000000659e-02 2.500000000000000000e-01 1.000000000000000048e-04
3.044999999999999929e+01 7.990499999999999936e+00 1.439311999999999898e+02 1.800000000000000000e+02 1.381419999999999959e+02 2.000000000000000000e+00 0.000000000000000000e+00 9.199999999999999845e-02 2.500000000000000000e-01 1.000000000000000048e-04
3.050000000000000000e+01 7.987000000000000099e+00 1.440004000000000133e+02 1.800000000000000000e+02 1.382112999999999943e+02 2.000000000000000000e+00 0.000000000000000000e+00 9.220000000000000417e-02 2.500000000000000000e-01 1.000000000000000048e-04
3.055000000000000071e+01 7.983500000000000263e+00 1.440697000000000116e+02 1.800000000000000000e+02 1.382805999999999926e+02 2.000000000000000000e+00 0.000000000000000000e+00 9.249999999999999889e-02 2.500000000000000000e-01 1.000000000000000048e-04
3.060000000000000142e+01 7.979899999999999771e+00 1.441391000000000133e+02 1.800000000000000000e+02 1.383500999999999976e+02 2.000000000000000000e+00 0.000000000000000000e+00 9.270000000000000462e-02 2.500000000000000000e-01 1.000000000000000048e-04
3.064999999999999858e+01 7.976399999999999935e+00 1.442084999999999866e+02 1.800000000000000000e+02 1.384196000000000026e+02 2.000000000000000000e+00 0.000000000000000000e+00 9.289999999999999647e-02 2.500000000000000000e-01 1.000000000000000048e-04
3.069999999999999929e+01 7.972900000000000098e+00 1.442780999999999949e+02 1.800000000000000000e+02 1.384892000000000110e+02 2.000000000000000000e+00 0.000000000000000000e+00 9.310000000000000220e-02 2.500000000000000000e-01 1.000000000000000048e-04
3.075000000000000000e+01 7.969299999999999606e+00 1.443477000000000032e+02 1.800000000000000000e+02 1.385588999999999942e+02 2.000000000000000000e+00 0.000000000000000000e+00 9.329999999999999405e-02 2.500000000000000000e-01 1.000000000000000048e-04
3.080000000000000071e+01 7.965799999999999770e+00 1.444173999999999864e+02 1.800000000000000000e+02 1.386286000000000058e+02 2.000000000000000000e+00 0.000000000000000000e+00 9.349999999999999978e-02 2.500000000000000000e-01 1.000000000000000048e-04
3.085000000000000142e+01 7.962200000000000166e+00 1.444872000000000014e+02 1.800000000000000000e+02 1.386984999999999957e+02 2.000000000000000000e+00 0.000000000000000000e+00 9.370000000000000551e-02 2.500000000000000000e-01 1.000000000000000048e-04
3.089999999999999858e+01 7.958700000000000330e+00 1.445570999999999913e+02 1.800000000000000000e+02 1.387684000000000140e+02 2.000000000000000000e+00 0.000000000000000000e+00 9.389999999999999736e-02 2.500000000000000000e-01 1.000000000000000048e-04
3.094999999999999929e+01 7.955099999999999838e+00 1.446270000000000095e+02 1.800000000000000000e+02 1.388384000000000071e+02 2.000000000000000000e+00 0.000000000000000000e+00 9.410000000000000309e-02 2.500000000000000000e-01 1.000000000000000048e-04
3.100000000000000000e+01 7.951600000000000001e+00 1.446971000000000060e+02 1.800000000000000000e+02 1.389086000000000070e+02 2.000000000000000000e+00 0.000000000000000000e+00 9.429999999999999494e-02 2.500000000000000000e-01 1.000000000000000048e-04
3.105000000000000071e+01 7.948100000000000165e+00 1.447672000000000025e+02 1.800000000000000000e+02 1.389787000000000035e+02 2.000000000000000000e+00 0.000000000000000000e+00 9.450000000000000067e-02 2.500000000000000000e-01 1.000000000000000048e-04
3.110000000000000142e+01 7.944499999999999673e+00 1.448374000000000024e+02 1.800000000000000000e+02 1.390490000000000066e+02 2.000000000000000000e+00 0.000000000000000000e+00 9.470000000000000639e-02 2.500000000000000000e-01 1.000000000000000048e-04
3.114999999999999858e+01 7.940999999999999837e+00 1.449077000000000055e+02 1.800000000000000000e+02 1.391194000000000131e+02 2.000000000000000000e+00 0.000000000000000000e+00 9.489999999999999825e-02 2.500000000000000000e-01 1.000000000000000048e-04
3.119999999999999929e+01 7.937400000000000233e+00 1.449781000000000120e+02 1.800000000000000000e+02 1.391897999999999911e+02 2.000000000000000000e+00 0.000000000000000000e+00 9.510000000000000397e-02 2.500000000000000000e-01 1.000000000000000048e-04
3.125000000000000000e+01 7.933900000000000396e+00 1.450484999999999900e+02 1.800000000000000000e+02 1.392603000000000009e+02 2.000000000000000000e+00 0.000000000000000000e+00 9.539999999999999869e-02 2.500000000000000000e-01 1.000000000000000048e-04
3.130000000000000071e+01 7.930299999999999905e+00 1.451191000000000031e+02 1.800000000000000000e+02 1.393309999999999889e+02 2.000000000000000000e+00 0.000000000000000000e+00 9.560000000000000442e-02 2.500000000000000000e-01 1.000000000000000048e-04
3.135000000000000142e+01 7.926800000000000068e+00 1.451896999999999878e+02 1.800000000000000000e+02 1.394017000000000053e+02 2.000000000000000000e+00 0.000000000000000000e+00 9.579999999999999627e-02 2.500000000000000000e-01 1.000000000000000048e-04
3.139999999999999858e+01 7.923199999999999577e+00 1.452604000000000042e+02 1.800000000000000000e+02 1.394723999999999933e+02 2.000000000000000000e+00 0.000000000000000000e+00 9.600000000000000200e-02 2.500000000000000000e-01 1.000000000000000048e-04
3.144999999999999929e+01 7.919599999999999973e+00 1.453312999999999988e+02 1.800000000000000000e+02 1.395432999999999879e+02 2.000000000000000000e+00 0.000000000000000000e+00 9.619999999999999385e-02 2.500000000000000000e-01 1.000000000000000048e-04
3.150000000000000000e+01 7.916100000000000136e+00 1.454021999999999935e+02 1.800000000000000000e+02 1.396142999999999859e+02 2.000000000000000000e+00 0.000000000000000000e+00 9.639999999999999958e-02 2.500000000000000000e-01 1.000000000000000048e-04
3.155000000000000071e+01 7.912499999999999645e+00 1.454730999999999881e+02 1.800000000000000000e+02 1.396853000000000122e+02 2.000000000000000000e+00 0.000000000000000000e+00 9.660000000000000531e-02 2.500000000000000000e-01 1.000000000000000048e-04
3.160000000000000142e+01 7.908999999999999808e+00 1.455441999999999894e+02 1.800000000000000000e+02 1.397564000000000135e+02 2.000000000000000000e+00 0.000000000000000000e+00 9.679999999999999716e-02 2.500000000000000000e-01 1.000000000000000048e-04
3.164999999999999858e+01 7.905400000000000205e+00 1.456153999999999940e+02 1.800000000000000000e+02 1.398276999999999930e+02 2.000000000000000000e+00 0.000000000000000000e+00 9.700000000000000289e-02 2.500000000000000000e-01 1.000000000000000048e-04
3.169999999999999929e+01 7.901900000000000368e+00 1.456865999999999985e+02 1.800000000000000000e+02 1.398990000000000009e+02 2.000000000000000000e+00 0.000000000000000000e+00 9.719999999999999474e-02 2.500000000000000000e-01 1.000000000000000048e-04
3.175000000000000000e+01 7.898299999999999876e+00 1.457580000000000098e+02 1.800000000000000000e+02 1.399703000000000088e+02 2.000000000000000000e+00 0.000000000000000000e+00 9.750000000000000333e-02 2.500000000000000000e-01 1.000000000000000048e-04
3.180000000000000071e+01 7.894700000000000273e+00 1.458293999999999926e+02 1.800000000000000000e+02 1.400417999999999950e+02 2.000000000000000000e+00 0.000000000000000000e+00 9.769999999999999518e-02 2.500000000000000000e-01 1.000000000000000048e-04
3.185000000000000142e+01 7.891200000000000436e+00 1.459009000000000071e+02 1.800000000000000000e+02 1.401134000000000128e+02 2.000000000000000000e+00 0.000000000000000000e+00 9.790000000000000091e-02 2.500000000000000000e-01 1.000000000000000048e-04
3.189999999999999858e+01 7.887599999999999945e+00 1.459724999999999966e+02 1.800000000000000000e+02 1.401850000000000023e+02 2.000000000000000000e+00 0.000000000000000000e+00 9.810000000000000664e-02 2.500000000000000000e-01 1.000000000000000048e-04
3.194999999999999929e+01 7.884000000000000341e+00 1.460441999999999894e+02 1.800000000000000000e+02 1.402567999999999984e+02 2.000000000000000000e+00 0.000000000000000000e+00 9.829999999999999849e-02 2.500000000000000000e-01 1.000000000000000048e-04
3.200000000000000000e+01 7.880499999999999616e+00 1.461159000000000106e+02 1.800000000000000000e+02 1.403285999999999945e+02 2.000000000000000000e+00 0.000000000000000000e+00 9.850000000000000422e-02 2.500000000000000000e-01 1.000000000000000048e-04
3.204999999999999716e+01 7.876900000000000013e+00 1.461878000000000100e+02 1.800000000000000000e+02 1.404004999999999939e+02 2.000000000000000000e+00 0.000000000000000000e+00 9.869999999999999607e-02 2.500000000000000000e-01 1.000000000000000048e-04
3.210000000000000142e+01 7.873300000000000409e+00 1.462598000000000127e+02 1.800000000000000000e+02 1.404724999999999966e+02 2.000000000000000000e+00 0.000000000000000000e+00 9.890000000000000180e-02 2.500000000000000000e-01 1.000000000000000048e-04
3.214999999999999858e+01 7.869799999999999685e+00 1.463317999999999870e+02 1.800000000000000000e+02 1.405446000000000026e+02 2.000000000000000000e+00 0.000000000000000000e+00 9.919999999999999651e-02 2.500000000000000000e-01 1.000000000000000048e-04
3.220000000000000284e+01 7.866200000000000081e+00 1.464038999999999930e+02 1.800000000000000000e+02 1.406168000000000120e+02 2.000000000000000000e+00 0.000000000000000000e+00 9.940000000000000224e-02 2.500000000000000000e-01 1.000000000000000048e-04
3.225000000000000000e+01 7.862599999999999589e+00 1.464762000000000057e+02 1.800000000000000000e+02 1.406890999999999963e+02 2.000000000000000000e+00 0.000000000000000000e+00 9.959999999999999409e-02 2.500000000000000000e-01 1.000000000000000048e-04
3.229999999999999716e+01 7.859099999999999753e+00 1.465484999999999900e+02 1.800000000000000000e+02 1.407614000000000090e+02 2.000000000000000000e+00 0.000000000000000000e+00 9.979999999999999982e-02 2.500000000000000000e-01 1.000000000000000048e-04
3.235000000000000142e+01 7.855500000000000149e+00 1.466209000000000060e+02 1.800000000000000000e+02 1.408338999999999999e+02 2.000000000000000000e+00 0.000000000000000000e+00 1.000000000000000056e-01 2.500000000000000000e-01 1.000000000000000048e-04
3.239999999999999858e+01 7.851899999999999658e+00 1.466933999999999969e+02 1.800000000000000000e+02 1.409063999999999908e+02 2.000000000000000000e+00 0.000000000000000000e+00 1.001999999999999974e-01 2.500000000000000000e-01 1.000000000000000048e-04
3.245000000000000284e+01 7.848300000000000054e+00 1.467658999999999878e+02 1.800000000000000000e+02 1.409790999999999883e+02 2.000000000000000000e+00 0.000000000000000000e+00 1.004000000000000031e-01 2.500000000000000000e-01 1.000000000000000048e-04
3.250000000000000000e+01 7.844699999999999562e+00 1.468386000000000138e+02 1.800000000000000000e+02 1.410517999999999859e+02 2.000000000000000000e+00 0.000000000000000000e+00 1.006999999999999978e-01 2.500000000000000000e-01 1.000000000000000048e-04
3.254999999999999716e+01 7.841199999999999726e+00 1.469113999999999862e+02 1.800000000000000000e+02 1.411245999999999867e+02 2.000000000000000000e+00 0.000000000000000000e+00 1.009000000000000036e-01 2.500000000000000000e-01 1.000000000000000048e-04
3.260000000000000142e+01 7.837600000000000122e+00 1.469841999999999871e+02 1.800000000000000000e+02 1.411974999999999909e+02 2.000000000000000000e+00 0.000000000000000000e+00 1.010999999999999954e-01 2.500000000000000000e-01 1.000000000000000048e-04
3.264999999999999858e+01 7.833999999999999631e+00 1.470571999999999946e+02 1.800000000000000000e+02 1.412704999999999984e+02 2.000000000000000000e+00 0.000000000000000000e+00 1.013000000000000012e-01 2.500000000000000000e-01 1.000000000000000048e-04
3.270000000000000284e+01 7.830400000000000027e+00 1.471302000000000021e+02 1.800000000000000000e+02 1.413435000000000059e+02 2.000000000000000000e+00 0.000000000000000000e+00 1.015000000000000069e-01 2.500000000000000000e-01 1.000000000000000048e-04
3.275000000000000000e+01 7.826800000000000423e+00 1.472033000000000129e+02 1.800000000000000000e+02 1.414166999999999916e+02 2.000000000000000000e+00 0.000000000000000000e+00 1.016999999999999987e-01 2.500000000000000000e-01 1.000000000000000048e-04
3.279999999999999716e+01 7.823299999999999699e+00 1.472766000000000020e+02 1.800000000000000000e+02 1.414900000000000091e+02 2.000000000000000000e+00 0.000000000000000000e+00 1.019999999999999934e-01 2.500000000000000000e-01 1.000000000000000048e-04
3.285000000000000142e+01 7.819700000000000095e+00 1.473498999999999910e+02 1.800000000000000000e+02 1.415632999999999981e+02 2.000000000000000000e+00 0.000000000000000000e+00 1.021999999999999992e-01 2.500000000000000000e-01 1.000000000000000048e-04
3.289999999999999858e+01 7.816099999999999604e+00 1.474233000000000118e+02 1.800000000000000000e+02 1.416367999999999938e+02 2.000000000000000000e+00 0.000000000000000000e+00 1.024000000000000049e-01 2.500000000000000000e-01 1.000000000000000048e-04
3.295000000000000284e+01 7.812500000000000000e+00 1.474968000000000075e+02 1.800000000000000000e+02 1.417102999999999895e+02 2.000000000000000000e+00 0.000000000000000000e+00 1.025999999999999968e-01 2.500000000000000000e-01 1.000000000000000048e-04
3.300000000000000000e+01 7.808900000000000396e+00 1.475704000000000065e+02 1.800000000000000000e+02 1.417838999999999885e+02 2.000000000000000000e+00 0.000000000000000000e+00 1.028000000000000025e-01 2.500000000000000000e-01 1.000000000000000048e-04
3.304999999999999716e+01 7.805299999999999905e+00 1.476441000000000088e+02 1.800000000000000000e+02 1.418576999999999941e+02 2.000000000000000000e+00 0.000000000000000000e+00 1.030999999999999972e-01 2.500000000000000000e-01 1.000000000000000048e-04
3.310000000000000142e+01 7.801700000000000301e+00 1.477178000000000111e+02 1.800000000000000000e+02 1.419314999999999998e+02 2.000000000000000000e+00 0.000000000000000000e+00 1.033000000000000029e-01 2.500000000000000000e-01 1.000000000000000048e-04
3.314999999999999858e+01 7.798099999999999810e+00 1.477916999999999916e+02 1.800000000000000000e+02 1.420054000000000087e+02 2.000000000000000000e+00 0.000000000000000000e+00 1.034999999999999948e-01 2.500000000000000000e-01 1.000000000000000048e-04
3.320000000000000284e+01 7.794500000000000206e+00 1.478657000000000039e+02 1.800000000000000000e+02 1.420793999999999926e+02 2.000000000000000000e+00 0.000000000000000000e+00 1.037000000000000005e-01 2.500000000000000000e-01 1.000000000000000048e-04
3.325000000000000000e+01 7.790899999999999714e+00 1.479396999999999878e+02 1.800000000000000000e+02 1.421535000000000082e+02 2.000000000000000000e+00 0.000000000000000000e+00 1.039000000000000062e-01 2.500000000000000000e-01 1.000000000000000048e-04
3.329999999999999716e+01 7.787300000000000111e+00 1.480139000000000067e+02 1.800000000000000000e+02 1.422276999999999987e+02 2.000000000000000000e+00 0.000000000000000000e+00 1.042000000000000010e-01 2.500000000000000000e-01 1.000000000000000048e-04
3.335000000000000142e+01 7.783800000000000274e+00 1.480880999999999972e+02 1.800000000000000000e+02 1.423019999999999925e+02 2.000000000000000000e+00 0.000000000000000000e+00 1.044000000000000067e-01 2.500000000000000000e-01 1.000000000000000048e-04
3.339999999999999858e+01 7.780199999999999783e+00 1.481624999999999943e+02 1.800000000000000000e+02 1.423762999999999863e+02 2.000000000000000000e+00 0.000000000000000000e+00 1.045999999999999985e-01 2.500000000000000000e-01 1.000000000000000048e-04
3.345000000000000284e+01 7.776600000000000179e+00 1.482368999999999915e+02 1.800000000000000000e+02 1.424507999999999868e+02 2.000000000000000000e+00 0.000000000000000000e+00 1.048000000000000043e-01 2.500000000000000000e-01 1.000000000000000048e-04
3.350000000000000000e+01 7.772999999999999687e+00 1.483113999999999919e+02 1.800000000000000000e+02 1.425253999999999905e+02 2.000000000000000000e+00 0.000000000000000000e+00 1.049999999999999961e-01 2.500000000000000000e-01 1.000000000000000048e-04
3.354999999999999716e+01 7.769300000000000317e+00 1.483860999999999990e+02 1.800000000000000000e+02 1.425999999999999943e+02 2.000000000000000000e+00 0.000000000000000000e+00 1.053000000000000047e-01 2.500000000000000000e-01 1.000000000000000048e-04
3.360000000000000142e+01 7.765699999999999825e+00 1.484608000000000061e+02 1.800000000000000000e+02 1.426748000000000047e+02 2.000000000000000000e+00 0.000000000000000000e+00 1.054999999999999966e-01 2.500000000000000000e-01 1.000000000000000048e-04
3.364999999999999858e+01 7.762100000000000222e+00 1.485355999999999881e+02 1.800000000000000000e+02 1.427495999999999867e+02 2.000000000000000000e+00 0.000000000000000000e+00 1.057000000000000023e-01 2.500000000000000000e-01 1.000000000000000048e-04
3.370000000000000284e+01 7.758499999999999730e+00 1.486105000000000018e+02 1.800000000000000000e+02 1.428246000000000038e+02 2.000000000000000000e+00 0.000000000000000000e+00 1.058999999999999941e-01 2.500000000000000000e-01 1.000000000000000048e-04
3.375000000000000000e+01 7.754900000000000126e+00 1.486854999999999905e+02 1.800000000000000000e+02 1.428995999999999924e+02 2.000000000000000000e+00 0.000000000000000000e+00 1.060999999999999999e-01 2.500000000000000000e-01 1.000000000000000048e-04
3.379999999999999716e+01 7.751299999999999635e+00 1.487606000000000108e+02 1.800000000000000000e+02 1.429747000000000128e+02 2.000000000000000000e+00 0.000000000000000000e+00 1.063999999999999946e-01 2.500000000000000000e-01 1.000000000000000048e-04
3.385000000000000142e+01 7.747700000000000031e+00 1.488358000000000061e+02 1.800000000000000000e+02 1.430499000000000080e+02 2.000000000000000000e+00 0.000000000000000000e+00 1.066000000000000003e-01 2.500000000000000000e-01 1.000000000000000048e-04
3.389999999999999858e+01 7.744100000000000428e+00 1.489111000000000047e+02 1.800000000000000000e+02 1.431253000000000100e+02 2.000000000000000000e+00 0.000000000000000000e+00 1.068000000000000060e-01 2.500000000000000000e-01 1.000000000000000048e-04
3.395000000000000284e+01 7.740499999999999936e+00 1.489865000000000066e+02 1.800000000000000000e+02 1.432007000000000119e+02 2.000000000000000000e+00 0.000000000000000000e+00 1.069999999999999979e-01 2.500000000000000000e-01 1.000000000000000048e-04
3.400000000000000000e+01 7.736900000000000333e+00 1.490620000000000118e+02 1.800000000000000000e+02 1.432761999999999887e+02 2.000000000000000000e+00 0.000000000000000000e+00 1.073000000000000065e-01 2.500000000000000000e-01 1.000000000000000048e-04
3.404999999999999716e+01 7.733299999999999841e+00 1.491375999999999920e+02 1.800000000000000000e+02 1.433517999999999972e+02 2.000000000000000000e+00 0.000000000000000000e+00 1.074999999999999983e-01 2.500000000000000000e-01 1.000000000000000048e-04
3.410000000000000142e+01 7.729599999999999582e+00 1.492133000000000038e+02 1.800000000000000000e+02 1.434275000000000091e+02 2.000000000000000000e+00 0.000000000000000000e+00 1.077000000000000041e-01 2.500000000000000000e-01 1.000000000000000048e-04
3.414999999999999858e+01 7.725999999999999979e+00 1.492890999999999906e+02 1.800000000000000000e+02 1.435032999999999959e+02 2.000000000000000000e+00 0.000000000000000000e+00 1.078999999999999959e-01 2.500000000000000000e-01 1.000000000000000048e-04
3.420000000000000284e+01 7.722400000000000375e+00 1.493650000000000091e+02 1.800000000000000000e+02 1.435791999999999859e+02 2.000000000000000000e+00 0.000000000000000000e+00 1.082000000000000045e-01 2.500000000000000000e-01 1.000000000000000048e-04
3.425000000000000000e+01 7.718799999999999883e+00 1.494410000000000025e+02 1.800000000000000000e+02 1.436552000000000078e+02 2.000000000000000000e+00 0.000000000000000000e+00 1.083999999999999964e-01 2.500000000000000000e-01 1.000000000000000048e-04
3.429999999999999716e+01 7.715200000000000280e+00 1.495169999999999959e+02 1.800000000000000000e+02 1.437313000000000045e+02 2.000000000000000000e+00 0.000000000000000000e+00 1.086000000000000021e-01 2.500000000000000000e-01 1.000000000000000048e-04
3.435000000000000142e+01 7.711599999999999788e+00 1.495931999999999960e+02 1.800000000000000000e+02 1.438075000000000045e+02 2.000000000000000000e+00 0.000000000000000000e+00 1.087999999999999939e-01 2.500000000000000000e-01 1.000000000000000048e-04
3.439999999999999858e+01 7.707900000000000418e+00 1.496694999999999993e+02 1.800000000000000000e+02 1.438838000000000079e+02 2.000000000000000000e+00 0.000000000000000000e+00 1.091000000000000025e-01 2.500000000000000000e-01 1.000000000000000048e-04
3.445000000000000284e+01 7.704299999999999926e+00 1.497459000000000060e+02 1.800000000000000000e+02 1.439601999999999862e+02 2.000000000000000000e+00 0.000000000000000000e+00 1.092999999999999944e-01 2.500000000000000000e-01 1.000000000000000048e-04
3.450000000000000000e+01 7.700700000000000323e+00 1.498223999999999876e+02 1.800000000000000000e+02 1.440366999999999962e+02 2.000000000000000000e+00 0.000000000000000000e+00 1.095000000000000001e-01 2.500000000000000000e-01 1.000000000000000048e-04
3.454999999999999716e+01 7.697099999999999831e+00 1.498988999999999976e+02 1.800000000000000000e+02 1.441133000000000095e+02 2.000000000000000000e+00 0.000000000000000000e+00 1.097000000000000058e-01 2.500000000000000000e-01 1.000000000000000048e-04
3.460000000000000142e+01 7.693399999999999572e+00 1.499755999999999858e+02 1.800000000000000000e+02 1.441899999999999977e+02 2.000000000000000000e+00 0.000000000000000000e+00 1.100000000000000006e-01 2.500000000000000000e-01 1.000000000000000048e-04
3.464999999999999858e+01 7.689799999999999969e+00 1.500524000000000058e+02 1.800000000000000000e+02 1.442667999999999893e+02 2.000000000000000000e+00 0.000000000000000000e+00 1.102000000000000063e-01 2.500000000000000000e-01 1.000000000000000048e-04
3.470000000000000284e+01 7.686200000000000365e+00 1.501293000000000006e+02 1.800000000000000000e+02 1.443437000000000126e+02 2.000000000000000000e+00 0.000000000000000000e+00 1.103999999999999981e-01 2.500000000000000000e-01 1.000000000000000048e-04
3.475000000000000000e+01 7.682500000000000107e+00 1.502061999999999955e+02 1.800000000000000000e+02 1.444207000000000107e+02 2.000000000000000000e+00 0.000000000000000000e+00 1.107000000000000067e-01 2.500000000000000000e-01 1.000000000000000048e-04
3.479999999999999716e+01 7.678899999999999615e+00 1.502832999999999970e+02 1.800000000000000000e+02 1.444978000000000122e+02 2.000000000000000000e+00 0.000000000000000000e+00 1.108999999999999986e-01 2.500000000000000000e-01 1.000000000000000048e-04
3.485000000000000142e+01 7.675300000000000011e+00 1.503605000000000018e+02 1.800000000000000000e+02 1.445749999999999886e+02 2.000000000000000000e+00 0.000000000000000000e+00 1.111000000000000043e-01 2.500000000000000000e-01 1.000000000000000048e-04
3.489999999999999858e+01 7.671599999999999753e+00 1.504378000000000100e+02 1.800000000000000000e+02 1.446522999999999968e+02 2.000000000000000000e+00 0.000000000000000000e+00 1.112999999999999962e-01 2.500000000000000000e-01 1.000000000000000048e-04
3.495000000000000284e+01 7.668000000000000149e+00 1.505151999999999930e+02 1.800000000000000000e+02 1.447297000000000082e+02 2.000000000000000000e+00 0.000000000000000000e+00 1.116000000000000048e-01 2.500000000000000000e-01 1.000000000000000048e-04
3.500000000000000000e+01 7.664399999999999658e+00 1.505927000000000078e+02 1.800000000000000000e+02 1.448070999999999913e+02 2.000000000000000000e+00 0.000000000000000000e+00 1.117999999999999966e-01 2.500000000000000000e-01 1.000000000000000048e-04
3.504999999999999716e+01 7.660700000000000287e+00 1.506702999999999975e+02 1.800000000000000000e+02 1.448847000000000094e+02 2.000000000000000000e+00 0.000000000000000000e+00 1.120000000000000023e-01 2.500000000000000000e-01 1.000000000000000048e-04
3.510000000000000142e+01 7.657099999999999795e+00 1.507479999999999905e+02 1.800000000000000000e+02 1.449624000000000024e+02 2.000000000000000000e+00 0.000000000000000000e+00 1.122999999999999970e-01 2.500000000000000000e-01 1.000000000000000048e-04
3.514999999999999858e+01 7.653400000000000425e+00 1.508257000000000119e+02 1.800000000000000000e+02 1.450401999999999987e+02 2.000000000000000000e+00 0.000000000000000000e+00 1.125000000000000028e-01 2.500000000000000000e-01 1.000000000000000048e-04
3.520000000000000284e+01 7.649799999999999933e+00 1.509036000000000115e+02 1.800000000000000000e+02 1.451180999999999983e+02 2.000000000000000000e+00 0.000000000000000000e+00 1.126999999999999946e-01 2.500000000000000000e-01 1.000000000000000048e-04
3.525000000000000000e+01 7.646200000000000330e+00 1.509815999999999860e+02 1.800000000000000000e+02 1.451961000000000013e+02 2.000000000000000000e+00 0.000000000000000000e+00 1.130000000000000032e-01 2.500000000000000000e-01 1.000000000000000048e-04
3.529999999999999716e+01 7.642500000000000071e+00 1.510597999999999956e+02 1.800000000000000000e+02 1.452742000000000075e+02 2.000000000000000000e+00 0.000000000000000000e+00 1.131999999999999951e-01 2.500000000000000000e-01 1.000000000000000048e-04
3.535000000000000142e+01 7.638899999999999579e+00 1.511380000000000052e+02 1.800000000000000000e+02 1.453524999999999920e+02 2.000000000000000000e+00 0.000000000000000000e+00 1.134000000000000008e-01 2.500000000000000000e-01 1.000000000000000048e-04
3.539999999999999858e+01 7.635200000000000209e+00 1.512162999999999897e+02 1.800000000000000000e+02 1.454308000000000050e+02 2.000000000000000000e+00 0.000000000000000000e+00 1.136999999999999955e-01 2.500000000000000000e-01 1.000000000000000048e-04
3.545000000000000284e+01 7.631599999999999717e+00 1.512947000000000060e+02 1.800000000000000000e+02 1.455091999999999928e+02 2.000000000000000000e+00 0.000000000000000000e+00 1.139000000000000012e-01 2.500000000000000000e-01 1.000000000000000048e-04
3.550000000000000000e+01 7.627900000000000347e+00 1.513731999999999971e+02 1.800000000000000000e+02 1.455877000000000123e+02 2.000000000000000000e+00 0.000000000000000000e+00 1.140999999999999931e-01 2.500000000000000000e-01 1.000000000000000048e-04
3.554999999999999716e+01 7.624299999999999855e+00 1.514517999999999915e+02 1.800000000000000000e+02 1.456663000000000068e+02 2.000000000000000000e+00 0.000000000000000000e+00 1.142999999999999988e-01 2.500000000000000000e-01 1.000000000000000048e-04
3.560000000000000142e+01 7.620599999999999596e+00 1.515305999999999926e+02 1.800000000000000000e+02 1.457451000000000079e+02 2.000000000000000000e+00 0.000000000000000000e+00 1.145999999999999935e-01 2.500000000000000000e-01 1.000000000000000048e-04
3.564999999999999858e+01 7.616999999999999993e+00 1.516093999999999937e+02 1.800000000000000000e+02 1.458239000000000090e+02 2.000000000000000000e+00 0.000000000000000000e+00 1.147999999999999993e-01 2.500000000000000000e-01 1.000000000000000048e-04
3.570000000000000284e+01 7.613299999999999734e+00 1.516884000000000015e+02 1.800000000000000000e+02 1.459028000000000134e+02 2.000000000000000000e+00 0.000000000000000000e+00 1.150999999999999940e-01 2.500000000000000000e-01 1.000000000000000048e-04
3.575000000000000000e+01 7.609600000000000364e+00 1.517674000000000092e+02 1.800000000000000000e+02 1.459818999999999960e+02 2.000000000000000000e+00 0.000000000000000000e+00 1.152999999999999997e-01 2.500000000000000000e-01 1.000000000000000048e-04
3.579999999999999716e+01 7.605999999999999872e+00 1.518465999999999951e+02 1.800000000000000000e+02 1.460610000000000070e+02 2.000000000000000000e+00 0.000000000000000000e+00 1.155000000000000054e-01 2.500000000000000000e-01 1.000000000000000048e-04
3.585000000000000142e+01 7.602299999999999613e+00 1.519258000000000095e+02 1.800000000000000000e+02 1.461402999999999963e+02 2.000000000000000000e+00 0.000000000000000000e+00 1.158000000000000002e-01 2.500000000000000000e-01 1.000000000000000048e-04
3.589999999999999858e+01 7.598700000000000010e+00 1.520052000000000021e+02 1.800000000000000000e+02 1.462196000000000140e+02 2.000000000000000000e+00 0.000000000000000000e+00 1.160000000000000059e-01 2.500000000000000000e-01 1.000000000000000048e-04
3.595000000000000284e+01 7.594999999999999751e+00 1.520846999999999980e+02 1.800000000000000000e+02 1.462991000000000099e+02 2.000000000000000000e+00 0.000000000000000000e+00 1.161999999999999977e-01 2.500000000000000000e-01 1.000000000000000048e-04
3.600000000000000000e+01 7.591300000000000381e+00 1.521642999999999972e+02 1.800000000000000000e+02 1.463786000000000058e+02 2.000000000000000000e+00 0.000000000000000000e+00 1.165000000000000063e-01 2.500000000000000000e-01 1.000000000000000048e-04
3.604999999999999716e+01 7.587699999999999889e+00 1.522438999999999965e+02 1.800000000000000000e+02 1.464583000000000084e+02 2.000000000000000000e+00 0.000000000000000000e+00 1.166999999999999982e-01 2.500000000000000000e-01 1.000000000000000048e-04
3.610000000000000142e+01 7.583999999999999631e+00 1.523237000000000023e+02 1.800000000000000000e+02 1.465380999999999858e+02 2.000000000000000000e+00 0.000000000000000000e+00 1.169000000000000039e-01 2.500000000000000000e-01 1.000000000000000048e-04
3.614999999999999858e+01 7.580300000000000260e+00 1.524036000000000115e+02 1.800000000000000000e+02 1.466179999999999950e+02 2.000000000000000000e+00 0.000000000000000000e+00 1.171999999999999986e-01 2.500000000000000000e-01 1.000000000000000048e-04
3.620000000000000284e+01 7.576699999999999768e+00 1.524836999999999989e+02 1.800000000000000000e+02 1.466980000000000075e+02 2.000000000000000000e+00 0.000000000000000000e+00 1.174000000000000044e-01 2.500000000000000000e-01 1.000000000000000048e-04
3.625000000000000000e+01 7.573000000000000398e+00 1.525637999999999863e+02 1.800000000000000000e+02 1.467780999999999949e+02 2.000000000000000000e+00 0.000000000000000000e+00 1.175999999999999962e-01 2.500000000000000000e-01 1.000000000000000048e-04
3.629999999999999716e+01 7.569300000000000139e+00 1.526440000000000055e+02 1.800000000000000000e+02 1.468583000000000141e+02 2.000000000000000000e+00 0.000000000000000000e+00 1.179000000000000048e-01 2.500000000000000000e-01 1.000000000000000048e-04
3.635000000000000142e+01 7.565699999999999648e+00 1.527244000000000028e+02 1.800000000000000000e+02 1.469386000000000081e+02 2.000000000000000000e+00 0.000000000000000000e+00 1.180999999999999966e-01 2.500000000000000000e-01 1.000000000000000048e-04
3.639999999999999858e+01 7.562000000000000277e+00 1.528048000000000002e+02 1.800000000000000000e+02 1.470191000000000088e+02 2.000000000000000000e+00 0.000000000000000000e+00 1.184000000000000052e-01 2.500000000000000000e-01 1.000000000000000048e-04
3.645000000000000284e+01 7.558300000000000018e+00 1.528854000000000042e+02 1.800000000000000000e+02 1.470996000000000095e+02 2.000000000000000000e+00 0.000000000000000000e+00 1.185999999999999971e-01 2.500000000000000000e-01 1.000000000000000048e-04
3.650000000000000000e+01 7.554599999999999760e+00 1.529660000000000082e+02 1.800000000000000000e+02 1.471802000000000135e+02 2.000000000000000000e+00 0.000000000000000000e+00 1.188000000000000028e-01 2.500000000000000000e-01 1.000000000000000048e-04
3.654999999999999716e+01 7.551000000000000156e+00 1.530467999999999904e+02 1.800000000000000000e+02 1.472609999999999957e+02 2.000000000000000000e+00 0.000000000000000000e+00 1.190999999999999975e-01 2.500000000000000000e-01 1.000000000000000048e-04
3.660000000000000142e+01 7.547299999999999898e+00 1.531277000000000044e+02 1.800000000000000000e+02 1.473419000000000096e+02 2.000000000000000000e+00 0.000000000000000000e+00 1.193000000000000033e-01 2.500000000000000000e-01 1.000000000000000048e-04
3.664999999999999858e+01 7.543599999999999639e+00 1.532086999999999932e+02 1.800000000000000000e+02 1.474227999999999952e+02 2.000000000000000000e+00 0.000000000000000000e+00 1.195999999999999980e-01 2.500000000000000000e-01 1.000000000000000048e-04
3.670000000000000284e+01 7.539900000000000269e+00 1.532898000000000138e+02 1.800000000000000000e+02 1.475038999999999874e+02 2.000000000000000000e+00 0.000000000000000000e+00 1.198000000000000037e-01 2.500000000000000000e-01 1.000000000000000048e-04
3.675000000000000000e+01 7.536200000000000010e+00 1.533711000000000126e+02 1.800000000000000000e+02 1.475851000000000113e+02 2.000000000000000000e+00 0.000000000000000000e+00 1.199999999999999956e-01 2.500000000000000000e-01 1.000000000000000048e-04
3.679999999999999716e+01 7.532600000000000406e+00 1.534524000000000115e+02 1.800000000000000000e+02 1.476664000000000101e+02 2.000000000000000000e+00 0.000000000000000000e+00 1.203000000000000042e-01 2.500000000000000000e-01 1.000000000000000048e-04
3.685000000000000142e+01 7.528900000000000148e+00 1.535338000000000136e+02 1.800000000000000000e+02 1.477478000000000122e+02 2.000000000000000000e+00 0.000000000000000000e+00 1.204999999999999960e-01 2.500000000000000000e-01 1.000000000000000048e-04
3.689999999999999858e+01 7.525199999999999889e+00 1.536153999999999940e+02 1.800000000000000000e+02 1.478293999999999926e+02 2.000000000000000000e+00 0.000000000000000000e+00 1.208000000000000046e-01 2.500000000000000000e-01 1.000000000000000048e-04
3.695000000000000284e+01 7.521499999999999631e+00 1.536971000000000060e+02 1.800000000000000000e+02 1.479110000000000014e+02 2.000000000000000000e+00 0.000000000000000000e+00 1.209999999999999964e-01 2.500000000000000000e-01 1.000000000000000048e-04
3.700000000000000000e+01 7.517800000000000260e+00 1.537788999999999930e+02 1.800000000000000000e+02 1.479927999999999884e+02 2.000000000000000000e+00 0.000000000000000000e+00 1.213000000000000050e-01 2.500000000000000000e-01 1.000000000000000048e-04
3.704999999999999716e+01 7.514100000000000001e+00 1.538608000000000118e+02 1.800000000000000000e+02 1.480746000000000038e+02 2.000000000000000000e+00 0.000000000000000000e+00 1.214999999999999969e-01 2.500000000000000000e-01 1.000000000000000048e-04
3.710000000000000142e+01 7.510399999999999743e+00 1.539428000000000054e+02 1.800000000000000000e+02 1.481565999999999974e+02 2.000000000000000000e+00 0.000000000000000000e+00 1.217000000000000026e-01 2.500000000000000000e-01 1.000000000000000048e-04
3.714999999999999858e+01 7.506700000000000372e+00 1.540249000000000024e+02 1.800000000000000000e+02 1.482386999999999944e+02 2.000000000000000000e+00 0.000000000000000000e+00 1.219999999999999973e-01 2.500000000000000000e-01 1.000000000000000048e-04
3.720000000000000284e+01 7.503000000000000114e+00 1.541071000000000026e+02 1.800000000000000000e+02 1.483208999999999946e+02 2.000000000000000000e+00 0.000000000000000000e+00 1.222000000000000031e-01 2.500000000000000000e-01 1.000000000000000048e-04
3.725000000000000000e+01 7.499299999999999855e+00 1.541895000000000095e+02 1.800000000000000000e+02 1.484031999999999982e+02 2.000000000000000000e+00 0.000000000000000000e+00 1.224999999999999978e-01 2.500000000000000000e-01 1.000000000000000048e-04
3.729999999999999716e+01 7.495599999999999596e+00 1.542719999999999914e+02 1.800000000000000000e+02 1.484856000000000051e+02 2.000000000000000000e+00 0.000000000000000000e+00 1.227000000000000035e-01 2.500000000000000000e-01 1.000000000000000048e-04
3.735000000000000142e+01 7.491900000000000226e+00 1.543545000000000016e+02 1.800000000000000000e+02 1.485681999999999903e+02 2.000000000000000000e+00 0.000000000000000000e+00 1.229999999999999982e-01 2.500000000000000000e-01 1.000000000000000048e-04
3.739999999999999858e+01 7.488199999999999967e+00 1.544371999999999900e+02 1.800000000000000000e+02 1.486508000000000038e+02 2.000000000000000000e+00 0.000000000000000000e+00 1.232000000000000040e-01 2.500000000000000000e-01 1.000000000000000048e-04
3.745000000000000284e+01 7.484499999999999709e+00 1.545201000000000136e+02 1.800000000000000000e+02 1.487335999999999956e+02 2.000000000000000000e+00 0.000000000000000000e+00 1.234999999999999987e-01 2.500000000000000000e-01 1.000000000000000048e-04
3.750000000000000000e+01 7.480800000000000338e+00 1.546030000000000086e+02 1.800000000000000000e+02 1.488164999999999907e+02 2.000000000000000000e+00 0.000000000000000000e+00 1.237000000000000044e-01 2.500000000000000000e-01 1.000000000000000048e-04
3.754999999999999716e+01 7.477100000000000080e+00 1.546860000000000070e+02 1.800000000000000000e+02 1.488994999999999891e+02 2.000000000000000000e+00 0.000000000000000000e+00 1.238999999999999962e-01 2.500000000000000000e-01 1.000000000000000048e-04
3.760000000000000142e+01 7.473399999999999821e+00 1.547692000000000121e+02 1.800000000000000000e+02 1.489825999999999908e+02 2.000000000000000000e+00 0.000000000000000000e+00 1.242000000000000048e-01 2.500000000000000000e-01 1.000000000000000048e-04
3.764999999999999858e+01 7.469699999999999562e+00 1.548524999999999920e+02 1.800000000000000000e+02 1.490657999999999959e+02 2.000000000000000000e+00 0.000000000000000000e+00 1.243999999999999967e-01 2.500000000000000000e-01 1.000000000000000048e-04
3.770000000000000284e+01 7.466000000000000192e+00 1.549359000000000037e+02 1.800000000000000000e+02 1.491492000000000075e+02 2.000000000000000000e+00 0.000000000000000000e+00 1.247000000000000053e-01 2.500000000000000000e-01 1.000000000000000048e-04
3.775000000000000000e+01 7.462299999999999933e+00 1.550193999999999903e+02 1.800000000000000000e+02 1.492325999999999908e+02 2.000000000000000000e+00 0.000000000000000000e+00 1.248999999999999971e-01 2.500000000000000000e-01 1.000000000000000048e-04
3.779999999999999716e+01 7.458599999999999675e+00 1.551030000000000086e+02 1.800000000000000000e+02 1.493162000000000091e+02 2.000000000000000000e+00 0.000000000000000000e+00 1.252000000000000057e-01 2.500000000000000000e-01 1.000000000000000048e-04
3.785000000000000142e+01 7.454900000000000304e+00 1.551868000000000052e+02 1.800000000000000000e+02 1.493999000000000024e+02 2.000000000000000000e+00 0.000000000000000000e+00 1.254000000000000115e-01 2.500000000000000000e-01 1.000000000000000048e-04
3.789999999999999858e+01 7.451100000000000279e+00 1.552707000000000050e+02 1.800000000000000000e+02 1.494836999999999989e+02 2.000000000000000000e+00 0.000000000000000000e+00 1.257000000000000062e-01 2.500000000000000000e-01 1.000000000000000048e-04
3.795000000000000284e+01 7.447400000000000020e+00 1.553546000000000049e+02 1.800000000000000000e+02 1.495675999999999988e+02 2.000000000000000000e+00 0.000000000000000000e+00 1.259000000000000119e-01 2.500000000000000000e-01 1.000000000000000048e-04
3.800000000000000000e+01 7.443699999999999761e+00 1.554387000000000114e+02 1.800000000000000000e+02 1.496517000000000053e+02 2.000000000000000000e+00 0.000000000000000000e+00 1.262000000000000066e-01 2.500000000000000000e-01 1.000000000000000048e-04
3.804999999999999716e+01 7.440000000000000391e+00 1.555229999999999961e+02 1.800000000000000000e+02 1.497358000000000118e+02 2.000000000000000000e+00 0.000000000000000000e+00 1.264000000000000123e-01 2.500000000000000000e-01 1.000000000000000048e-04
3.810000000000000142e+01 7.436300000000000132e+00 1.556073000000000093e+02 1.800000000000000000e+02 1.498200999999999965e+02 2.000000000000000000e+00 0.000000000000000000e+00 1.267000000000000071e-01 2.500000000000000000e-01 1.000000000000000048e-04
3.814999999999999858e+01 7.432500000000000107e+00 1.556918000000000006e+02 1.800000000000000000e+02 1.499045000000000130e+02 2.000000000000000000e+00 0.000000000000000000e+00 1.269000000000000128e-01 2.500000000000000000e-01 1.000000000000000048e-04
3.820000000000000284e+01 7.428799999999999848e+00 1.557763999999999953e+02 1.800000000000000000e+02 1.499890000000000043e+02 2.000000000000000000e+00 0.000000000000000000e+00 1.272000000000000075e-01 2.500000000000000000e-01 1.000000000000000048e-04
3.825000000000000000e+01 7.425099999999999589e+00 1.558610999999999933e+02 1.800000000000000000e+02 1.500737000000000023e+02 2.000000000000000000e+00 0.000000000000000000e+00 1.274000000000000132e-01 2.500000000000000000e-01 1.000000000000000048e-04
3.829999999999999716e+01 7.421400000000000219e+00 1.559458999999999946e+02 1.800000000000000000e+02 1.501584000000000003e+02 2.000000000000000000e+00 0.000000000000000000e+00 1.277000000000000079e-01 2.500000000000000000e-01 1.000000000000000048e-04
3.835000000000000142e+01 7.417600000000000193e+00 1.560309000000000026e+02 1.800000000000000000e+02 1.502433000000000050e+02 2.000000000000000000e+00 0.000000000000000000e+00 1.279000000000000137e-01 2.500000000000000000e-01 1.000000000000000048e-04
3.839999999999999858e+01 7.413899999999999935e+00 1.561159000000000106e+02 1.800000000000000000e+02 1.503283000000000129e+02 2.000000000000000000e+00 0.000000000000000000e+00 1.282000000000000084e-01 2.500000000000000000e-01 1.000000000000000048e-04
3.845000000000000284e+01 7.410199999999999676e+00 1.562010999999999967e+02 1.800000000000000000e+02 1.504133999999999958e+02 2.000000000000000000e+00 0.000000000000000000e+00 1.283999999999999864e-01 2.500000000000000000e-01 1.000000000000000048e-04
3.850000000000000000e+01 7.406399999999999650e+00 1.562863999999999862e+02 1.800000000000000000e+02 1.504987000000000137e+02 2.000000000000000000e+00 0.000000000000000000e+00 1.287000000000000088e-01 2.500000000000000000e-01 1.000000000000000048e-04
3.854999999999999716e+01 7.402700000000000280e+00 1.563719000000000108e+02 1.800000000000000000e+02 1.505840000000000032e+02 2.000000000000000000e+00 0.000000000000000000e+00 1.288999999999999868e-01 2.500000000000000000e-01 1.000000000000000048e-04
3.860000000000000142e+01 7.399000000000000021e+00 1.564574000000000069e+02 1.800000000000000000e+02 1.506694999999999993e+02 2.000000000000000000e+00 0.000000000000000000e+00 1.292000000000000093e-01 2.500000000000000000e-01 1.000000000000000048e-04
3.864999999999999858e+01 7.395199999999999996e+00 1.565431000000000097e+02 1.800000000000000000e+02 1.507550999999999988e+02 2.000000000000000000e+00 0.000000000000000000e+00 1.295000000000000040e-01 2.500000000000000000e-01 1.000000000000000048e-04
3.870000000000000284e+01 7.391499999999999737e+00 1.566288999999999874e+02 1.800000000000000000e+02 1.508408000000000015e+02 2.000000000000000000e+00 0.000000000000000000e+00 1.297000000000000097e-01 2.500000000000000000e-01 1.000000000000000048e-04
3.875000000000000000e+01 7.387800000000000367e+00 1.567147999999999968e+02 1.800000000000000000e+02 1.509267000000000110e+02 2.000000000000000000e+00 0.000000000000000000e+00 1.300000000000000044e-01 2.500000000000000000e-01 1.000000000000000048e-04
3.879999999999999716e+01 7.384000000000000341e+00 1.568009000000000128e+02 1.800000000000000000e+02 1.510126999999999953e+02 2.000000000000000000e+00 0.000000000000000000e+00 1.302000000000000102e-01 2.500000000000000000e-01 1.000000000000000048e-04
3.885000000000000142e+01 7.380300000000000082e+00 1.568871000000000038e+02 1.800000000000000000e+02 1.510988000000000113e+02 2.000000000000000000e+00 0.000000000000000000e+00 1.305000000000000049e-01 2.500000000000000000e-01 1.000000000000000048e-04
3.889999999999999858e+01 7.376500000000000057e+00 1.569733999999999980e+02 1.800000000000000000e+02 1.511850000000000023e+02 2.000000000000000000e+00 0.000000000000000000e+00 1.307000000000000106e-01 2.500000000000000000e-01 1.000000000000000048e-04
3.895000000000000284e+01 7.372799999999999798e+00 1.570597999999999956e+02 1.800000000000000000e+02 1.512712999999999965e+02 2.000000000000000000e+00 0.000000000000000000e+00 1.310000000000000053e-01 2.500000000000000000e-01 1.000000000000000048e-04
3.900000000000000000e+01 7.368999999999999773e+00 1.571463999999999999e+02 1.800000000000000000e+02 1.513577999999999975e+02 2.000000000000000000e+00 0.000000000000000000e+00 1.312000000000000111e-01 2.500000000000000000e-01 1.000000000000000048e-04
3.904999999999999716e+01 7.365300000000000402e+00 1.572330000000000041e+02 1.800000000000000000e+02 1.514444000000000017e+02 2.000000000000000000e+00 0.000000000000000000e+00 1.315000000000000058e-01 2.500000000000000000e-01 1.000000000000000048e-04
3.910000000000000142e+01 7.363299999999999734e+00 1.569173999999999864e+02 1.800000000000000000e+02 1.493513000000000090e+02 2.000000000000000000e+00 0.000000000000000000e+00 1.305999999999999939e-01 2.500000000000000000e-01 1.000000000000000048e-04
3.914999999999999858e+01 7.359700000000000131e+00 1.569612999999999943e+02 1.800000000000000000e+02 1.493965000000000032e+02 2.000000000000000000e+00 0.000000000000000000e+00 1.307000000000000106e-01 2.500000000000000000e-01 1.000000000000000048e-04
3.920000000000000284e+01 7.355999999999999872e+00 1.570429000000000030e+02 1.800000000000000000e+02 1.494784999999999968e+02 2.000000000000000000e+00 0.000000000000000000e+00 1.308999999999999886e-01 2.500000000000000000e-01 1.000000000000000048e-04
3.925000000000000000e+01 7.352199999999999847e+00 1.571289999999999907e+02 1.800000000000000000e+02 1.495646000000000129e+02 2.000000000000000000e+00 0.000000000000000000e+00 1.312000000000000111e-01 2.500000000000000000e-01 1.000000000000000048e-04
3.929999999999999716e+01 7.348499999999999588e+00 1.572160000000000082e+02 1.800000000000000000e+02 1.496513999999999953e+02 2.000000000000000000e+00 0.000000000000000000e+00 1.313999999999999890e-01 2.500000000000000000e-01 1.000000000000000048e-04
3.935000000000000142e+01 7.344699999999999562e+00 1.573032000000000039e+02 1.800000000000000000e+02 1.497384999999999877e+02 2.000000000000000000e+00 0.000000000000000000e+00 1.317000000000000115e-01 2.500000000000000000e-01 1.000000000000000048e-04
3.939999999999999858e+01 7.341000000000000192e+00 1.573906000000000063e+02 1.800000000000000000e+02 1.498257000000000119e+02 2.000000000000000000e+00 0.000000000000000000e+00 1.320000000000000062e-01 2.500000000000000000e-01 1.000000000000000048e-04
3.945000000000000284e+01 7.337200000000000166e+00 1.574781000000000120e+02 1.800000000000000000e+02 1.499130000000000109e+02 2.000000000000000000e+00 0.000000000000000000e+00 1.322000000000000119e-01 2.500000000000000000e-01 1.000000000000000048e-04
3.950000000000000000e+01 7.333499999999999908e+00 1.575657999999999959e+02 1.800000000000000000e+02 1.500004999999999882e+02 2.000000000000000000e+00 0.000000000000000000e+00 1.325000000000000067e-01 2.500000000000000000e-01 1.000000000000000048e-04
3.954999999999999716e+01 7.329699999999999882e+00 1.576536999999999864e+02 1.800000000000000000e+02 1.500880999999999972e+02 2.000000000000000000e+00 0.000000000000000000e+00 1.327000000000000124e-01 2.500000000000000000e-01 1.000000000000000048e-04
3.960000000000000142e+01 7.325899999999999856e+00 1.577416000000000054e+02 1.800000000000000000e+02 1.501758000000000095e+02 2.000000000000000000e+00 0.000000000000000000e+00 1.330000000000000071e-01 2.500000000000000000e-01 1.000000000000000048e-04
3.964999999999999858e+01 7.322199999999999598e+00 1.578297000000000025e+02 1.800000000000000000e+02 1.502637000000000000e+02 2.000000000000000000e+00 0.000000000000000000e+00 1.333000000000000018e-01 2.500000000000000000e-01 1.000000000000000048e-04
3.970000000000000284e+01 7.318399999999999572e+00 1.579179000000000030e+02 1.800000000000000000e+02 1.503515999999999906e+02 2.000000000000000000e+00 0.000000000000000000e+00 1.335000000000000075e-01 2.500000000000000000e-01 1.000000000000000048e-04
3.975000000000000000e+01 7.314600000000000435e+00 1.580062000000000069e+02 1.800000000000000000e+02 1.504397999999999911e+02 2.000000000000000000e+00 0.000000000000000000e+00 1.338000000000000023e-01 2.500000000000000000e-01 1.000000000000000048e-04
3.979999999999999716e+01 7.310900000000000176e+00 1.580946999999999889e+02 1.800000000000000000e+02 1.505279999999999916e+02 2.000000000000000000e+00 0.000000000000000000e+00 1.340999999999999970e-01 2.500000000000000000e-01 1.000000000000000048e-04
3.985000000000000142e+01 7.307100000000000151e+00 1.581833000000000027e+02 1.800000000000000000e+02 1.506163999999999987e+02 2.000000000000000000e+00 0.000000000000000000e+00 1.343000000000000027e-01 2.500000000000000000e-01 1.000000000000000048e-04
3.989999999999999858e+01 7.303300000000000125e+00 1.582719999999999914e+02 1.800000000000000000e+02 1.507049000000000092e+02 2.000000000000000000e+00 0.000000000000000000e+00 1.345999999999999974e-01 2.500000000000000000e-01 1.000000000000000048e-04
3.995000000000000284e+01 7.299599999999999866e+00 1.583608999999999867e+02 1.800000000000000000e+02 1.507934999999999945e+02 2.000000000000000000e+00 0.000000000000000000e+00 1.348000000000000032e-01 2.500000000000000000e-01 1.000000000000000048e-04
4.000000000000000000e+01 7.295799999999999841e+00 1.584499000000000137e+02 1.800000000000000000e+02 1.508822000000000116e+02 2.000000000000000000e+00 0.000000000000000000e+00 1.350999999999999979e-01 2.500000000000000000e-01 1.000000000000000048e-04
4.004999999999999716e+01 7.291999999999999815e+00 1.585389999999999873e+02 1.800000000000000000e+02 1.509711000000000070e+02 2.000000000000000000e+00 0.000000000000000000e+00 1.353999999999999926e-01 2.500000000000000000e-01 1.000000000000000048e-04
4.010000000000000142e+01 7.288199999999999790e+00 1.586282999999999959e+02 1.800000000000000000e+02 1.510601000000000056e+02 2.000000000000000000e+00 0.000000000000000000e+00 1.355999999999999983e-01 2.500000000000000000e-01 1.000000000000000048e-04
4.014999999999999858e+01 7.284399999999999764e+00 1.587177000000000078e+02 1.800000000000000000e+02 1.511493000000000109e+02 2.000000000000000000e+00 0.000000000000000000e+00 1.358999999999999930e-01 2.500000000000000000e-01 1.000000000000000048e-04
4.020000000000000284e+01 7.280700000000000394e+00 1.588071999999999946e+02 1.800000000000000000e+02 1.512385999999999910e+02 2.000000000000000000e+00 0.000000000000000000e+00 1.361999999999999877e-01 2.500000000000000000e-01 1.000000000000000048e-04
4.025000000000000000e+01 7.276900000000000368e+00 1.588968999999999880e+02 1.800000000000000000e+02 1.513280000000000030e+02 2.000000000000000000e+00 0.000000000000000000e+00 1.363999999999999935e-01 2.500000000000000000e-01 1.000000000000000048e-04
4.029999999999999716e+01 7.273100000000000342e+00 1.589867000000000132e+02 1.800000000000000000e+02 1.514174999999999898e+02 2.000000000000000000e+00 0.000000000000000000e+00 1.366999999999999882e-01 2.500000000000000000e-01 1.000000000000000048e-04
4.035000000000000142e+01 7.269300000000000317e+00 1.590766000000000133e+02 1.800000000000000000e+02 1.515072000000000116e+02 2.000000000000000000e+00 0.000000000000000000e+00 1.370000000000000107e-01 2.500000000000000000e-01 1.000000000000000048e-04
4.039999999999999858e+01 7.265500000000000291e+00 1.591666999999999916e+02 1.800000000000000000e+02 1.515970000000000084e+02 2.000000000000000000e+00 0.000000000000000000e+00 1.371999999999999886e-01 2.500000000000000000e-01 1.000000000000000048e-04
4.045000000000000284e+01 7.261700000000000266e+00 1.592569000000000017e+02 1.800000000000000000e+02 1.516869000000000085e+02 2.000000000000000000e+00 0.000000000000000000e+00 1.375000000000000111e-01 2.500000000000000000e-01 1.000000000000000048e-04
4.050000000000000000e+01 7.257900000000000240e+00 1.593471999999999866e+02 1.800000000000000000e+02 1.517769999999999868e+02 2.000000000000000000e+00 0.000000000000000000e+00 1.378000000000000058e-01 2.500000000000000000e-01 1.000000000000000048e-04
4.054999999999999716e+01 7.254100000000000215e+00 1.594377000000000066e+02 1.800000000000000000e+02 1.518671999999999969e+02 2.000000000000000000e+00 0.000000000000000000e+00 1.380000000000000115e-01 2.500000000000000000e-01 1.000000000000000048e-04
4.060000000000000142e+01 7.250300000000000189e+00 1.595283000000000015e+02 1.800000000000000000e+02 1.519576000000000136e+02 2.000000000000000000e+00 0.000000000000000000e+00 1.383000000000000063e-01 2.500000000000000000e-01 1.000000000000000048e-04
4.064999999999999858e+01 7.246599999999999930e+00 1.596191000000000031e+02 1.800000000000000000e+02 1.520480000000000018e+02 2.000000000000000000e+00 0.000000000000000000e+00 1.386000000000000010e-01 2.500000000000000000e-01 1.000000000000000048e-04
4.070000000000000284e+01 7.242799999999999905e+00 1.597100000000000080e+02 1.800000000000000000e+02 1.521385999999999967e+02 2.000000000000000000e+00 0.000000000000000000e+00 1.388000000000000067e-01 2.500000000000000000e-01 1.000000000000000048e-04
4.075000000000000000e+01 7.238999999999999879e+00 1.598009999999999877e+02 1.800000000000000000e+02 1.522293999999999983e+02 2.000000000000000000e+00 0.000000000000000000e+00 1.391000000000000014e-01 2.500000000000000000e-01 1.000000000000000048e-04
4.079999999999999716e+01 7.235199999999999854e+00 1.598922000000000025e+02 1.800000000000000000e+02 1.523203000000000031e+02 2.000000000000000000e+00 0.000000000000000000e+00 1.393999999999999961e-01 2.500000000000000000e-01 1.000000000000000048e-04
4.085000000000000142e+01 7.231399999999999828e+00 1.599834999999999923e+02 1.800000000000000000e+02 1.524113000000000113e+02 2.000000000000000000e+00 0.000000000000000000e+00 1.396999999999999909e-01 2.500000000000000000e-01 1.000000000000000048e-04
4.089999999999999858e+01 7.227500000000000036e+00 1.600749000000000137e+02 1.800000000000000000e+02 1.525023999999999944e+02 2.000000000000000000e+00 0.000000000000000000e+00 1.398999999999999966e-01 2.500000000000000000e-01 1.000000000000000048e-04
4.095000000000000284e+01 7.223700000000000010e+00 1.601665000000000134e+02 1.800000000000000000e+02 1.525937000000000126e+02 2.000000000000000000e+00 0.000000000000000000e+00 1.401999999999999913e-01 2.500000000000000000e-01 1.000000000000000048e-04
4.100000000000000000e+01 7.219899999999999984e+00 1.602581999999999880e+02 1.800000000000000000e+02 1.526852000000000089e+02 2.000000000000000000e+00 0.000000000000000000e+00 1.405000000000000138e-01 2.500000000000000000e-01 1.000000000000000048e-04
4.104999999999999716e+01 7.216099999999999959e+00 1.603500999999999976e+02 1.800000000000000000e+02 1.527767000000000053e+02 2.000000000000000000e+00 0.000000000000000000e+00 1.406999999999999917e-01 2.500000000000000000e-01 1.000000000000000048e-04
4.110000000000000142e+01 7.212299999999999933e+00 1.604421000000000106e+02 1.800000000000000000e+02 1.528684000000000083e+02 2.000000000000000000e+00 0.000000000000000000e+00 1.409999999999999865e-01 2.500000000000000000e-01 1.000000000000000048e-04
4.114999999999999858e+01 7.208499999999999908e+00 1.605341999999999985e+02 1.800000000000000000e+02 1.529602999999999895e+02 2.000000000000000000e+00 0.000000000000000000e+00 1.413000000000000089e-01 2.500000000000000000e-01 1.000000000000000048e-04
4.120000000000000284e+01 7.204699999999999882e+00 1.606264999999999930e+02 1.800000000000000000e+02 1.530523000000000025e+02 2.000000000000000000e+00 0.000000000000000000e+00 1.416000000000000036e-01 2.500000000000000000e-01 1.000000000000000048e-04
4.125000000000000000e+01 7.200899999999999856e+00 1.607189999999999941e+02 1.800000000000000000e+02 1.531443999999999903e+02 2.000000000000000000e+00 0.000000000000000000e+00 1.418000000000000094e-01 2.500000000000000000e-01 1.000000000000000048e-04
4.129999999999999716e+01 7.197099999999999831e+00 1.608114999999999952e+02 1.800000000000000000e+02 1.532367000000000132e+02 2.000000000000000000e+00 0.000000000000000000e+00 1.421000000000000041e-01 2.500000000000000000e-01 1.000000000000000048e-04
4.135000000000000142e+01 7.193200000000000038e+00 1.609042000000000030e+02 1.800000000000000000e+02 1.533291000000000111e+02 2.000000000000000000e+00 0.000000000000000000e+00 1.423999999999999988e-01 2.500000000000000000e-01 1.000000000000000048e-04
4.139999999999999858e+01 7.189400000000000013e+00 1.609970999999999890e+02 1.800000000000000000e+02 1.534216000000000122e+02 2.000000000000000000e+00 0.000000000000000000e+00 1.426999999999999935e-01 2.500000000000000000e-01 1.000000000000000048e-04
4.145000000000000284e+01 7.185599999999999987e+00 1.610901000000000067e+02 1.800000000000000000e+02 1.535142999999999915e+02 2.000000000000000000e+00 0.000000000000000000e+00 1.428999999999999992e-01 2.500000000000000000e-01 1.000000000000000048e-04
4.150000000000000000e+01 7.181799999999999962e+00 1.611831999999999994e+02 1.800000000000000000e+02 1.536071000000000026e+02 2.000000000000000000e+00 0.000000000000000000e+00 1.431999999999999940e-01 2.500000000000000000e-01 1.000000000000000048e-04
4.154999999999999716e+01 7.177900000000000169e+00 1.612764999999999986e+02 1.800000000000000000e+02 1.537000999999999920e+02 2.000000000000000000e+00 0.000000000000000000e+00 1.434999999999999887e-01 2.500000000000000000e-01 1.000000000000000048e-04
4.160000000000000142e+01 7.174100000000000144e+00 1.613700000000000045e+02 1.800000000000000000e+02 1.537932000000000130e+02 2.000000000000000000e+00 0.000000000000000000e+00 1.438000000000000111e-01 2.500000000000000000e-01 1.000000000000000048e-04
4.164999999999999858e+01 7.170300000000000118e+00 1.614636000000000138e+02 1.800000000000000000e+02 1.538864000000000090e+02 2.000000000000000000e+00 0.000000000000000000e+00 1.439999999999999891e-01 2.500000000000000000e-01 1.000000000000000048e-04
4.170000000000000284e+01 7.166500000000000092e+00 1.615572999999999979e+02 1.800000000000000000e+02 1.539798000000000116e+02 2.000000000000000000e+00 0.000000000000000000e+00 1.443000000000000116e-01 2.500000000000000000e-01 1.000000000000000048e-04
4.175000000000000000e+01 7.162600000000000300e+00 1.616511999999999887e+02 1.800000000000000000e+02 1.540733999999999924e+02 2.000000000000000000e+00 0.000000000000000000e+00 1.446000000000000063e-01 2.500000000000000000e-01 1.000000000000000048e-04
4.179999999999999716e+01 7.158800000000000274e+00 1.617452000000000112e+02 1.800000000000000000e+02 1.541671000000000049e+02 2.000000000000000000e+00 0.000000000000000000e+00 1.449000000000000010e-01 2.500000000000000000e-01 1.000000000000000048e-04
4.185000000000000142e+01 7.154899999999999594e+00 1.618394000000000119e+02 1.800000000000000000e+02 1.542608999999999924e+02 2.000000000000000000e+00 0.000000000000000000e+00 1.451999999999999957e-01 2.500000000000000000e-01 1.000000000000000048e-04
4.189999999999999858e+01 7.151099999999999568e+00 1.619336999999999875e+02 1.800000000000000000e+02 1.543548000000000116e+02 2.000000000000000000e+00 0.000000000000000000e+00 1.454000000000000015e-01 2.500000000000000000e-01 1.000000000000000048e-04
4.195000000000000284e+01 7.147300000000000431e+00 1.620280999999999949e+02 1.800000000000000000e+02 1.544490000000000123e+02 2.000000000000000000e+00 0.000000000000000000e+00 1.456999999999999962e-01 2.500000000000000000e-01 1.000000000000000048e-04
4.200000000000000000e+01 7.143399999999999750e+00 1.621227000000000089e+02 1.800000000000000000e+02 1.545432000000000130e+02 2.000000000000000000e+00 0.000000000000000000e+00 1.459999999999999909e-01 2.500000000000000000e-01 1.000000000000000048e-04
4.204999999999999716e+01 7.139599999999999724e+00 1.622175000000000011e+02 1.800000000000000000e+02 1.546375999999999920e+02 2.000000000000000000e+00 0.000000000000000000e+00 1.463000000000000134e-01 2.500000000000000000e-01 1.000000000000000048e-04
4.210000000000000142e+01 7.135699999999999932e+00 1.623123999999999967e+02 1.800000000000000000e+02 1.547322000000000060e+02 2.000000000000000000e+00 0.000000000000000000e+00 1.466000000000000081e-01 2.500000000000000000e-01 1.000000000000000048e-04
4.214999999999999858e+01 7.131899999999999906e+00 1.624074999999999989e+02 1.800000000000000000e+02 1.548268999999999949e+02 2.000000000000000000e+00 0.000000000000000000e+00 1.468000000000000138e-01 2.500000000000000000e-01 1.000000000000000048e-04
4.220000000000000284e+01 7.128000000000000114e+00 1.625027000000000044e+02 1.800000000000000000e+02 1.549216999999999871e+02 2.000000000000000000e+00 0.000000000000000000e+00 1.471000000000000085e-01 2.500000000000000000e-01 1.000000000000000048e-04
4.225000000000000000e+01 7.124200000000000088e+00 1.625980999999999881e+02 1.800000000000000000e+02 1.550166999999999859e+02 2.000000000000000000e+00 0.000000000000000000e+00 1.474000000000000032e-01 2.500000000000000000e-01 1.000000000000000048e-04
4.229999999999999716e+01 7.120300000000000296e+00 1.626936000000000035e+02 1.800000000000000000e+02 1.551118999999999915e+02 2.000000000000000000e+00 0.000000000000000000e+00 1.476999999999999980e-01 2.500000000000000000e-01 1.000000000000000048e-04
4.235000000000000142e+01 7.116500000000000270e+00 1.627891999999999939e+02 1.800000000000000000e+02 1.552072000000000003e+02 2.000000000000000000e+00 0.000000000000000000e+00 1.479999999999999927e-01 2.500000000000000000e-01 1.000000000000000048e-04
4.239999999999999858e+01 7.112599999999999589e+00 1.628850999999999942e+02 1.800000000000000000e+02 1.553026000000000124e+02 2.000000000000000000e+00 0.000000000000000000e+00 1.482999999999999874e-01 2.500000000000000000e-01 1.000000000000000048e-04
4.245000000000000284e+01 7.108799999999999564e+00 1.629809999999999945e+02 1.800000000000000000e+02 1.553982000000000028e+02 2.000000000000000000e+00 0.000000000000000000e+00 1.486000000000000099e-01 2.500000000000000000e-01 1.000000000000000048e-04
4.250000000000000000e+01 7.104899999999999771e+00 1.630772000000000048e+02 1.800000000000000000e+02 1.554938999999999965e+02 2.000000000000000000e+00 0.000000000000000000e+00 1.487999999999999878e-01 2.500000000000000000e-01 1.000000000000000048e-04
4.254999999999999716e+01 7.101099999999999746e+00 1.631733999999999867e+02 1.800000000000000000e+02 1.555897999999999968e+02 2.000000000000000000e+00 0.000000000000000000e+00 1.491000000000000103e-01 2.500000000000000000e-01 1.000000000000000048e-04
4.260000000000000142e+01 7.097199999999999953e+00 1.632699000000000069e+02 1.800000000000000000e+02 1.556859000000000037e+02 2.000000000000000000e+00 0.000000000000000000e+00 1.494000000000000050e-01 2.500000000000000000e-01 1.000000000000000048e-04
4.264999999999999858e+01 7.093300000000000161e+00 1.633665000000000020e+02 1.800000000000000000e+02 1.557821000000000140e+02 2.000000000000000000e+00 0.000000000000000000e+00 1.496999999999999997e-01 2.500000000000000000e-01 1.000000000000000048e-04
4.270000000000000284e+01 7.089500000000000135e+00 1.634632000000000005e+02 1.800000000000000000e+02 1.558783999999999992e+02 2.000000000000000000e+00 0.000000000000000000e+00 1.499999999999999944e-01 2.500000000000000000e-01 1.000000000000000048e-04
4.275000000000000000e+01 7.085600000000000342e+00 1.635601000000000056e+02 1.800000000000000000e+02 1.559748999999999910e+02 2.000000000000000000e+00 0.000000000000000000e+00 1.502999999999999892e-01 2.500000000000000000e-01 1.000000000000000048e-04
4.279999999999999716e+01 7.081699999999999662e+00 1.636571999999999889e+02 1.800000000000000000e+02 1.560715999999999894e+02 2.000000000000000000e+00 0.000000000000000000e+00 1.506000000000000116e-01 2.500000000000000000e-01 1.000000000000000048e-04
4.285000000000000142e+01 7.077799999999999869e+00 1.637544000000000040e+02 1.800000000000000000e+02 1.561683999999999912e+02 2.000000000000000000e+00 0.000000000000000000e+00 1.507999999999999896e-01 2.500000000000000000e-01 1.000000000000000048e-04
4.289999999999999858e+01 7.073999999999999844e+00 1.638516999999999939e+02 1.800000000000000000e+02 1.562652999999999963e+02 2.000000000000000000e+00 0.000000000000000000e+00 1.511000000000000121e-01 2.500000000000000000e-01 1.000000000000000048e-04
4.295000000000000284e+01 7.070100000000000051e+00 1.639492999999999938e+02 1.800000000000000000e+02 1.563624000000000080e+02 2.000000000000000000e+00 0.000000000000000000e+00 1.514000000000000068e-01 2.500000000000000000e-01 1.000000000000000048e-04
4.300000000000000000e+01 7.066200000000000259e+00 1.640469999999999970e+02 1.800000000000000000e+02 1.564596999999999980e+02 2.000000000000000000e+00 0.000000000000000000e+00 1.517000000000000015e-01 2.500000000000000000e-01 1.000000000000000048e-04
4.304999999999999716e+01 7.062299999999999578e+00 1.641448000000000036e+02 1.800000000000000000e+02 1.565570999999999913e+02 2.000000000000000000e+00 0.000000000000000000e+00 1.519999999999999962e-01 2.500000000000000000e-01 1.000000000000000048e-04
4.310000000000000142e+01 7.058500000000000441e+00 1.642427999999999884e+02 1.800000000000000000e+02 1.566546999999999912e+02 2.000000000000000000e+00 0.000000000000000000e+00 1.522999999999999909e-01 2.500000000000000000e-01 1.000000000000000048e-04
4.314999999999999858e+01 7.054599999999999760e+00 1.643410000000000082e+02 1.800000000000000000e+02 1.567523999999999944e+02 2.000000000000000000e+00 0.000000000000000000e+00 1.526000000000000134e-01 2.500000000000000000e-01 1.000000000000000048e-04
4.320000000000000284e+01 7.050699999999999967e+00 1.644393000000000029e+02 1.800000000000000000e+02 1.568503000000000043e+02 2.000000000000000000e+00 0.000000000000000000e+00 1.529000000000000081e-01 2.500000000000000000e-01 1.000000000000000048e-04
4.325000000000000000e+01 7.046800000000000175e+00 1.645378000000000043e+02 1.800000000000000000e+02 1.569483999999999924e+02 2.000000000000000000e+00 0.000000000000000000e+00 1.532000000000000028e-01 2.500000000000000000e-01 1.000000000000000048e-04
4.329999999999999716e+01 7.042900000000000382e+00 1.646364000000000090e+02 1.800000000000000000e+02 1.570466000000000122e+02 2.000000000000000000e+00 0.000000000000000000e+00 1.534999999999999976e-01 2.500000000000000000e-01 1.000000000000000048e-04
4.335000000000000142e+01 7.038999999999999702e+00 1.647351999999999919e+02 1.800000000000000000e+02 1.571449000000000069e+02 2.000000000000000000e+00 0.000000000000000000e+00 1.537999999999999923e-01 2.500000000000000000e-01 1.000000000000000048e-04
4.339999999999999858e+01 7.035099999999999909e+00 1.648342000000000098e+02 1.800000000000000000e+02 1.572434000000000083e+02 2.000000000000000000e+00 0.000000000000000000e+00 1.539999999999999980e-01 2.500000000000000000e-01 1.000000000000000048e-04
4.345000000000000284e+01 7.031200000000000117e+00 1.649333000000000027e+02 1.800000000000000000e+02 1.573420999999999879e+02 2.000000000000000000e+00 0.000000000000000000e+00 1.542999999999999927e-01 2.500000000000000000e-01 1.000000000000000048e-04
4.350000000000000000e+01 7.027300000000000324e+00 1.650326000000000022e+02 1.800000000000000000e+02 1.574410000000000025e+02 2.000000000000000000e+00 0.000000000000000000e+00 1.545999999999999874e-01 2.500000000000000000e-01 1.000000000000000048e-04
4.354999999999999716e+01 7.023399999999999643e+00 1.651321000000000083e+02 1.800000000000000000e+02 1.575399999999999920e+02 2.000000000000000000e+00 0.000000000000000000e+00 1.549000000000000099e-01 2.500000000000000000e-01 1.000000000000000048e-04
4.360000000000000142e+01 7.019499999999999851e+00 1.652316999999999894e+02 1.800000000000000000e+02 1.576391000000000133e+02 2.000000000000000000e+00 0.000000000000000000e+00 1.552000000000000046e-01 2.500000000000000000e-01 1.000000000000000048e-04
4.364999999999999858e+01 7.015600000000000058e+00 1.653315000000000055e+02 1.800000000000000000e+02 1.577384000000000128e+02 2.000000000000000000e+00 0.000000000000000000e+00 1.554999999999999993e-01 2.500000000000000000e-01 1.000000000000000048e-04
4.370000000000000284e+01 7.011700000000000266e+00 1.654314999999999998e+02 1.800000000000000000e+02 1.578378999999999905e+02 2.000000000000000000e+00 0.000000000000000000e+00 1.557999999999999940e-01 2.500000000000000000e-01 1.000000000000000048e-04
4.375000000000000000e+01 7.007799999999999585e+00 1.655315999999999974e+02 1.800000000000000000e+02 1.579376000000000033e+02 2.000000000000000000e+00 0.000000000000000000e+00 1.560999999999999888e-01 2.500000000000000000e-01 1.000000000000000048e-04
4.379999999999999716e+01 7.003899999999999793e+00 1.656319000000000017e+02 1.800000000000000000e+02 1.580373999999999910e+02 2.000000000000000000e+00 0.000000000000000000e+00 1.564000000000000112e-01 2.500000000000000000e-01 1.000000000000000048e-04
4.385000000000000142e+01 7.000000000000000000e+00 1.657324000000000126e+02 1.800000000000000000e+02 1.581373000000000104e+02 2.000000000000000000e+00 0.000000000000000000e+00 1.567000000000000060e-01 2.500000000000000000e-01 1.000000000000000048e-04
4.389999999999999858e+01 6.996100000000000207e+00 1.658329999999999984e+02 1.800000000000000000e+02 1.582375000000000114e+02 2.000000000000000000e+00 0.000000000000000000e+00 1.570000000000000007e-01 2.500000000000000000e-01 1.000000000000000048e-04
4.395000000000000284e+01 6.992200000000000415e+00 1.659337999999999909e+02 1.800000000000000000e+02 1.583377999999999872e+02 2.000000000000000000e+00 0.000000000000000000e+00 1.572999999999999954e-01 2.500000000000000000e-01 1.000000000000000048e-04
4.400000000000000000e+01 6.988299999999999734e+00 1.660346999999999866e+02 1.800000000000000000e+02 1.584381999999999948e+02 2.000000000000000000e+00 0.000000000000000000e+00 1.575999999999999901e-01 2.500000000000000000e-01 1.000000000000000048e-04
4.404999999999999716e+01 6.984399999999999942e+00 1.661358999999999924e+02 1.800000000000000000e+02 1.585388000000000090e+02 2.000000000000000000e+00 0.000000000000000000e+00 1.579000000000000126e-01 2.500000000000000000e-01 1.000000000000000048e-04
4.410000000000000142e+01 6.980400000000000382e+00 1.662372000000000014e+02 1.800000000000000000e+02 1.586396000000000015e+02 2.000000000000000000e+00 0.000000000000000000e+00 1.582000000000000073e-01 2.500000000000000000e-01 1.000000000000000048e-04
4.414999999999999858e+01 6.976499999999999702e+00 1.663386000000000138e+02 1.800000000000000000e+02 1.587402999999999906e+02 2.000000000000000000e+00 0.000000000000000000e+00 1.585000000000000020e-01 2.500000000000000000e-01 1.000000000000000048e-04
4.420000000000000284e+01 6.972599999999999909e+00 1.664396999999999878e+02 1.800000000000000000e+02 1.588391000000000020e+02 2.000000000000000000e+00 0.000000000000000000e+00 1.587999999999999967e-01 2.500000000000000000e-01 1.000000000000000048e-04
4.425000000000000000e+01 6.968700000000000117e+00 1.665409999999999968e+02 1.800000000000000000e+02 1.589379999999999882e+02 2.000000000000000000e+00 0.000000000000000000e+00 1.590999999999999914e-01 2.500000000000000000e-01 1.000000000000000048e-04
4.429999999999999716e+01 6.964699999999999669e+00 1.666424000000000092e+02 1.800000000000000000e+02 1.590371000000000095e+02 2.000000000000000000e+00 0.000000000000000000e+00 1.593999999999999861e-01 2.500000000000000000e-01 1.000000000000000048e-04
4.435000000000000142e+01 6.960799999999999876e+00 1.667439999999999998e+02 1.800000000000000000e+02 1.591363000000000056e+02 2.000000000000000000e+00 0.000000000000000000e+00 1.597000000000000086e-01 2.500000000000000000e-01 1.000000000000000048e-04
4.439999999999999858e+01 6.956900000000000084e+00 1.668456999999999937e+02 1.800000000000000000e+02 1.592357000000000085e+02 2.000000000000000000e+00 0.000000000000000000e+00 1.600000000000000033e-01 2.500000000000000000e-01 1.000000000000000048e-04
4.445000000000000284e+01 6.953000000000000291e+00 1.669476999999999975e+02 1.800000000000000000e+02 1.593352999999999895e+02 2.000000000000000000e+00 0.000000000000000000e+00 1.602999999999999980e-01 2.500000000000000000e-01 1.000000000000000048e-04
4.450000000000000000e+01 6.948999999999999844e+00 1.670498000000000047e+02 1.800000000000000000e+02 1.594350000000000023e+02 2.000000000000000000e+00 0.000000000000000000e+00 1.605999999999999928e-01 2.500000000000000000e-01 1.000000000000000048e-04
4.454999999999999716e+01 6.945100000000000051e+00 1.671520999999999901e+02 1.800000000000000000e+02 1.595348999999999933e+02 2.000000000000000000e+00 0.000000000000000000e+00 1.608999999999999875e-01 2.500000000000000000e-01 1.000000000000000048e-04
4.460000000000000142e+01 6.941200000000000259e+00 1.672545000000000073e+02 1.800000000000000000e+02 1.596348999999999876e+02 2.000000000000000000e+00 0.000000000000000000e+00 1.612000000000000099e-01 2.500000000000000000e-01 1.000000000000000048e-04
4.464999999999999858e+01 6.937199999999999811e+00 1.673572000000000060e+02 1.800000000000000000e+02 1.597351999999999919e+02 2.000000000000000000e+00 0.000000000000000000e+00 1.615000000000000047e-01 2.500000000000000000e-01 1.000000000000000048e-04
4.470000000000000284e+01 6.933300000000000018e+00 1.674600000000000080e+02 1.800000000000000000e+02 1.598355999999999995e+02 2.000000000000000000e+00 0.000000000000000000e+00 1.617999999999999994e-01 2.500000000000000000e-01 1.000000000000000048e-04
4.475000000000000000e+01 6.929299999999999571e+00 1.675629999999999882e+02 1.800000000000000000e+02 1.599361000000000104e+02 2.000000000000000000e+00 0.000000000000000000e+00 1.620999999999999941e-01 2.500000000000000000e-01 1.000000000000000048e-04
4.479999999999999716e+01 6.925399999999999778e+00 1.676661000000000001e+02 1.800000000000000000e+02 1.600367999999999995e+02 2.000000000000000000e+00 0.000000000000000000e+00 1.623999999999999888e-01 2.500000000000000000e-01 1.000000000000000048e-04
4.485000000000000142e+01 6.921400000000000219e+00 1.677694999999999936e+02 1.800000000000000000e+02 1.601377999999999986e+02 2.000000000000000000e+00 0.000000000000000000e+00 1.628000000000000003e-01 2.500000000000000000e-01 1.000000000000000048e-04
4.489999999999999858e+01 6.917500000000000426e+00 1.678729999999999905e+02 1.800000000000000000e+02 1.602387999999999977e+02 2.000000000000000000e+00 0.000000000000000000e+00 1.630999999999999950e-01 2.500000000000000000e-01 1.000000000000000048e-04
4.495000000000000284e+01 6.913499999999999979e+00 1.679766999999999939e+02 1.800000000000000000e+02 1.603401000000000067e+02 2.000000000000000000e+00 0.000000000000000000e+00 1.633999999999999897e-01 2.500000000000000000e-01 1.000000000000000048e-04
4.500000000000000000e+01 6.909600000000000186e+00 1.680806000000000040e+02 1.800000000000000000e+02 1.604414999999999907e+02 2.000000000000000000e+00 0.000000000000000000e+00 1.637000000000000122e-01 2.500000000000000000e-01 1.000000000000000048e-04
4.504999999999999716e+01 6.905599999999999739e+00 1.681845999999999890e+02 1.800000000000000000e+02 1.605431000000000097e+02 2.000000000000000000e+00 0.000000000000000000e+00 1.640000000000000069e-01 2.500000000000000000e-01 1.000000000000000048e-04
4.510000000000000142e+01 6.901699999999999946e+00 1.682889000000000124e+02 1.800000000000000000e+02 1.606448000000000036e+02 2.000000000000000000e+00 0.000000000000000000e+00 1.643000000000000016e-01 2.500000000000000000e-01 1.000000000000000048e-04
4.514999999999999858e+01 6.897700000000000387e+00 1.683933000000000106e+02 1.800000000000000000e+02 1.607468000000000075e+02 2.000000000000000000e+00 0.000000000000000000e+00 1.645999999999999963e-01 2.500000000000000000e-01 1.000000000000000048e-04
4.520000000000000284e+01 6.893799999999999706e+00 1.684978999999999871e+02 1.800000000000000000e+02 1.608488999999999862e+02 2.000000000000000000e+00 0.000000000000000000e+00 1.648999999999999910e-01 2.500000000000000000e-01 1.000000000000000048e-04
4.525000000000000000e+01 6.889800000000000146e+00 1.686026999999999987e+02 1.800000000000000000e+02 1.609512000000000000e+02 2.000000000000000000e+00 0.000000000000000000e+00 1.652000000000000135e-01 2.500000000000000000e-01 1.000000000000000048e-04
4.529999999999999716e+01 6.885799999999999699e+00 1.687076999999999884e+02 1.800000000000000000e+02 1.610535999999999888e+02 2.000000000000000000e+00 0.000000000000000000e+00 1.655000000000000082e-01 2.500000000000000000e-01 1.000000000000000048e-04
4.535000000000000142e+01 6.881899999999999906e+00 1.688128000000000100e+02 1.800000000000000000e+02 1.611562000000000126e+02 2.000000000000000000e+00 0.000000000000000000e+00 1.658999999999999919e-01 2.500000000000000000e-01 1.000000000000000048e-04
4.539999999999999858e+01 6.877900000000000347e+00 1.689181000000000097e+02 1.800000000000000000e+02 1.612590999999999894e+02 2.000000000000000000e+00 0.000000000000000000e+00 1.661999999999999866e-01 2.500000000000000000e-01 1.000000000000000048e-04
4.545000000000000284e+01 6.873899999999999899e+00 1.690236999999999910e+02 1.800000000000000000e+02 1.613619999999999948e+02 2.000000000000000000e+00 0.000000000000000000e+00 1.665000000000000091e-01 2.500000000000000000e-01 1.000000000000000048e-04
4.550000000000000000e+01 6.870000000000000107e+00 1.691294000000000040e+02 1.800000000000000000e+02 1.614652000000000100e+02 2.000000000000000000e+00 0.000000000000000000e+00 1.668000000000000038e-01 2.500000000000000000e-01 1.000000000000000048e-04
4.554999999999999716e+01 6.865999999999999659e+00 1.692352999999999952e+02 1.800000000000000000e+02 1.615685000000000002e+02 2.000000000000000000e+00 0.000000000000000000e+00 1.670999999999999985e-01 2.500000000000000000e-01 1.000000000000000048e-04
4.560000000000000142e+01 6.862000000000000099e+00 1.693413999999999930e+02 1.800000000000000000e+02 1.616721000000000004e+02 2.000000000000000000e+00 0.000000000000000000e+00 1.673999999999999932e-01 2.500000000000000000e-01 1.000000000000000048e-04
4.564999999999999858e+01 6.857999999999999652e+00 1.694475999999999942e+02 1.800000000000000000e+02 1.617758000000000038e+02 2.000000000000000000e+00 0.000000000000000000e+00 1.676999999999999880e-01 2.500000000000000000e-01 1.000000000000000048e-04
4.570000000000000284e+01 6.854000000000000092e+00 1.695541000000000054e+02 1.800000000000000000e+02 1.618796000000000106e+02 2.000000000000000000e+00 0.000000000000000000e+00 1.680999999999999994e-01 2.500000000000000000e-01 1.000000000000000048e-04
4.575000000000000000e+01 6.850100000000000300e+00 1.696606999999999914e+02 1.800000000000000000e+02 1.619836999999999989e+02 2.000000000000000000e+00 0.000000000000000000e+00 1.683999999999999941e-01 2.500000000000000000e-01 1.000000000000000048e-04
4.579999999999999716e+01 6.846099999999999852e+00 1.697675999999999874e+02 1.800000000000000000e+02 1.620878999999999905e+02 2.000000000000000000e+00 0.000000000000000000e+00 1.686999999999999889e-01 2.500000000000000000e-01 1.000000000000000048e-04
4.585000000000000142e+01 6.842100000000000293e+00 1.698745999999999867e+02 1.800000000000000000e+02 1.621923999999999921e+02 2.000000000000000000e+00 0.000000000000000000e+00 1.690000000000000113e-01 2.500000000000000000e-01 1.000000000000000048e-04
4.589999999999999858e+01 6.838099999999999845e+00 1.699817999999999927e+02 1.800000000000000000e+02 1.622969999999999970e+02 2.000000000000000000e+00 0.000000000000000000e+00 1.693000000000000060e-01 2.500000000000000000e-01 1.000000000000000048e-04
4.595000000000000284e+01 6.834100000000000286e+00 1.700892000000000053e+02 1.800000000000000000e+02 1.624018000000000086e+02 2.000000000000000000e+00 0.000000000000000000e+00 1.696000000000000008e-01 2.500000000000000000e-01 1.000000000000000048e-04
4.600000000000000000e+01 6.830099999999999838e+00 1.701967999999999961e+02 1.800000000000000000e+02 1.625066999999999950e+02 2.000000000000000000e+00 0.000000000000000000e+00 1.700000000000000122e-01 2.500000000000000000e-01 1.000000000000000048e-04
4.604999999999999716e+01 6.826100000000000279e+00 1.703045999999999935e+02 1.800000000000000000e+02 1.626118999999999915e+02 2.000000000000000000e+00 0.000000000000000000e+00 1.703000000000000069e-01 2.500000000000000000e-01 1.000000000000000048e-04
4.610000000000000142e+01 6.822099999999999831e+00 1.704125999999999976e+02 1.800000000000000000e+02 1.627171999999999912e+02 2.000000000000000000e+00 0.000000000000000000e+00 1.706000000000000016e-01 2.500000000000000000e-01 1.000000000000000048e-04
4.614999999999999858e+01 6.818100000000000271e+00 1.705208000000000084e+02 1.800000000000000000e+02 1.628226999999999975e+02 2.000000000000000000e+00 0.000000000000000000e+00 1.708999999999999964e-01 2.500000000000000000e-01 1.000000000000000048e-04
4.620000000000000284e+01 6.814099999999999824e+00 1.706291999999999973e+02 1.800000000000000000e+02 1.629285000000000139e+02 2.000000000000000000e+00 0.000000000000000000e+00 1.711999999999999911e-01 2.500000000000000000e-01 1.000000000000000048e-04
4.625000000000000000e+01 6.810100000000000264e+00 1.707376999999999896e+02 1.800000000000000000e+02 1.630344000000000051e+02 2.000000000000000000e+00 0.000000000000000000e+00 1.716000000000000025e-01 2.500000000000000000e-01 1.000000000000000048e-04
4.629999999999999716e+01 6.806099999999999817e+00 1.708464999999999918e+02 1.800000000000000000e+02 1.631403999999999996e+02 2.000000000000000000e+00 0.000000000000000000e+00 1.718999999999999972e-01 2.500000000000000000e-01 1.000000000000000048e-04
4.635000000000000142e+01 6.802100000000000257e+00 1.709555000000000007e+02 1.800000000000000000e+02 1.632467000000000041e+02 2.000000000000000000e+00 0.000000000000000000e+00 1.721999999999999920e-01 2.500000000000000000e-01 1.000000000000000048e-04
4.639999999999999858e+01 6.798099999999999810e+00 1.710646999999999878e+02 1.800000000000000000e+02 1.633531999999999869e+02 2.000000000000000000e+00 0.000000000000000000e+00 1.724999999999999867e-01 2.500000000000000000e-01 1.000000000000000048e-04
4.645000000000000284e+01 6.794100000000000250e+00 1.711740000000000066e+02 1.800000000000000000e+02 1.634598000000000013e+02 2.000000000000000000e+00 0.000000000000000000e+00 1.728999999999999981e-01 2.500000000000000000e-01 1.000000000000000048e-04
4.650000000000000000e+01 6.790000000000000036e+00 1.712836000000000070e+02 1.800000000000000000e+02 1.635666999999999973e+02 2.000000000000000000e+00 0.000000000000000000e+00 1.731999999999999929e-01 2.500000000000000000e-01 1.000000000000000048e-04
4.654999999999999716e+01 6.785999999999999588e+00 1.713934000000000140e+02 1.800000000000000000e+02 1.636736999999999966e+02 2.000000000000000000e+00 0.000000000000000000e+00 1.734999999999999876e-01 2.500000000000000000e-01 1.000000000000000048e-04
4.660000000000000142e+01 6.782000000000000028e+00 1.715032999999999959e+02 1.800000000000000000e+02 1.637809000000000026e+02 2.000000000000000000e+00 0.000000000000000000e+00 1.738000000000000100e-01 2.500000000000000000e-01 1.000000000000000048e-04
4.664999999999999858e+01 6.777999999999999581e+00 1.716134999999999877e+02 1.800000000000000000e+02 1.638882999999999868e+02 2.000000000000000000e+00 0.000000000000000000e+00 1.741999999999999937e-01 2.500000000000000000e-01 1.000000000000000048e-04
4.670000000000000284e+01 6.773900000000000254e+00 1.717238999999999862e+02 1.800000000000000000e+02 1.639960000000000093e+02 2.000000000000000000e+00 0.000000000000000000e+00 1.744999999999999885e-01 2.500000000000000000e-01 1.000000000000000048e-04
4.675000000000000000e+01 6.769899999999999807e+00 1.718344999999999914e+02 1.800000000000000000e+02 1.641038000000000068e+02 2.000000000000000000e+00 0.000000000000000000e+00 1.748000000000000109e-01 2.500000000000000000e-01 1.000000000000000048e-04
4.679999999999999716e+01 6.765900000000000247e+00 1.719451999999999998e+02 1.800000000000000000e+02 1.642118000000000109e+02 2.000000000000000000e+00 0.000000000000000000e+00 1.751000000000000056e-01 2.500000000000000000e-01 1.000000000000000048e-04
4.685000000000000142e+01 6.761899999999999800e+00 1.720561999999999898e+02 1.800000000000000000e+02 1.643198999999999899e+02 2.000000000000000000e+00 0.000000000000000000e+00 1.754999999999999893e-01 2.500000000000000000e-01 1.000000000000000048e-04
4.689999999999999858e+01 6.757799999999999585e+00 1.721673999999999864e+02 1.800000000000000000e+02 1.644283000000000072e+02 2.000000000000000000e+00 0.000000000000000000e+00 1.758000000000000118e-01 2.500000000000000000e-01 1.000000000000000048e-04
4.695000000000000284e+01 6.753800000000000026e+00 1.722787999999999897e+02 1.800000000000000000e+02 1.645369000000000028e+02 2.000000000000000000e+00 0.000000000000000000e+00 1.761000000000000065e-01 2.500000000000000000e-01 1.000000000000000048e-04
4.700000000000000000e+01 6.749699999999999811e+00 1.723903999999999996e+02 1.800000000000000000e+02 1.646457000000000050e+02 2.000000000000000000e+00 0.000000000000000000e+00 1.764999999999999902e-01 2.500000000000000000e-01 1.000000000000000048e-04
4.704999999999999716e+01 6.745700000000000252e+00 1.725021999999999878e+02 1.800000000000000000e+02 1.647547000000000139e+02 2.000000000000000000e+00 0.000000000000000000e+00 1.768000000000000127e-01 2.500000000000000000e-01 1.000000000000000048e-04
4.710000000000000142e+01 6.741699999999999804e+00 1.726142999999999859e+02 1.800000000000000000e+02 1.648637999999999977e+02 2.000000000000000000e+00 0.000000000000000000e+00 1.771000000000000074e-01 2.500000000000000000e-01 1.000000000000000048e-04
4.714999999999999858e+01 6.737599999999999589e+00 1.727264999999999873e+02 1.800000000000000000e+02 1.649731999999999914e+02 2.000000000000000000e+00 0.000000000000000000e+00 1.774999999999999911e-01 2.500000000000000000e-01 1.000000000000000048e-04
4.720000000000000284e+01 6.733600000000000030e+00 1.728388999999999953e+02 1.800000000000000000e+02 1.650827999999999918e+02 2.000000000000000000e+00 0.000000000000000000e+00 1.778000000000000136e-01 2.500000000000000000e-01 1.000000000000000048e-04
4.725000000000000000e+01 6.729499999999999815e+00 1.729516000000000133e+02 1.800000000000000000e+02 1.651925999999999988e+02 2.000000000000000000e+00 0.000000000000000000e+00 1.781000000000000083e-01 2.500000000000000000e-01 1.000000000000000048e-04
4.729999999999999716e+01 6.725500000000000256e+00 1.730645000000000095e+02 1.800000000000000000e+02 1.653025000000000091e+02 2.000000000000000000e+00 0.000000000000000000e+00 1.784999999999999920e-01 2.500000000000000000e-01 1.000000000000000048e-04
4.735000000000000142e+01 6.721400000000000041e+00 1.731776000000000124e+02 1.800000000000000000e+02 1.654127000000000010e+02 2.000000000000000000e+00 0.000000000000000000e+00 1.787999999999999867e-01 2.500000000000000000e-01 1.000000000000000048e-04
4.739999999999999858e+01 6.717299999999999827e+00 1.732908999999999935e+02 1.800000000000000000e+02 1.655230999999999995e+02 2.000000000000000000e+00 0.000000000000000000e+00 1.791000000000000092e-01 2.500000000000000000e-01 1.000000000000000048e-04
4.745000000000000284e+01 6.713300000000000267e+00 1.734044000000000096e+02 1.800000000000000000e+02 1.656337000000000046e+02 2.000000000000000000e+00 0.000000000000000000e+00 1.794999999999999929e-01 2.500000000000000000e-01 1.000000000000000048e-04
4.750000000000000000e+01 6.709200000000000053e+00 1.735181000000000040e+02 1.800000000000000000e+02 1.657444999999999879e+02 2.000000000000000000e+00 0.000000000000000000e+00 1.797999999999999876e-01 2.500000000000000000e-01 1.000000000000000048e-04
4.754999999999999716e+01 6.705099999999999838e+00 1.736320000000000050e+02 1.800000000000000000e+02 1.658555000000000064e+02 2.000000000000000000e+00 0.000000000000000000e+00 1.801000000000000101e-01 2.500000000000000000e-01 1.000000000000000048e-04
4.760000000000000142e+01 6.701100000000000279e+00 1.737461999999999875e+02 1.800000000000000000e+02 1.659667000000000030e+02 2.000000000000000000e+00 0.000000000000000000e+00 1.804999999999999938e-01 2.500000000000000000e-01 1.000000000000000048e-04
4.764999999999999858e+01 6.697000000000000064e+00 1.738606000000000051e+02 1.800000000000000000e+02 1.660781000000000063e+02 2.000000000000000000e+00 0.000000000000000000e+00 1.807999999999999885e-01 2.500000000000000000e-01 1.000000000000000048e-04
4.770000000000000284e+01 6.692899999999999849e+00 1.739752000000000010e+02 1.800000000000000000e+02 1.661896999999999878e+02 2.000000000000000000e+00 0.000000000000000000e+00 1.812000000000000000e-01 2.500000000000000000e-01 1.000000000000000048e-04
4.775000000000000000e+01 6.688900000000000290e+00 1.740900000000000034e+02 1.800000000000000000e+02 1.663015000000000043e+02 2.000000000000000000e+00 0.000000000000000000e+00 1.814999999999999947e-01 2.500000000000000000e-01 1.000000000000000048e-04
4.779999999999999716e+01 6.684800000000000075e+00 1.742050999999999874e+02 1.800000000000000000e+02 1.664134999999999991e+02 2.000000000000000000e+00 0.000000000000000000e+00 1.817999999999999894e-01 2.500000000000000000e-01 1.000000000000000048e-04
4.785000000000000142e+01 6.680699999999999861e+00 1.743203000000000031e+02 1.800000000000000000e+02 1.665258000000000038e+02 2.000000000000000000e+00 0.000000000000000000e+00 1.822000000000000008e-01 2.500000000000000000e-01 1.000000000000000048e-04
4.789999999999999858e+01 6.676599999999999646e+00 1.744358000000000004e+02 1.800000000000000000e+02 1.666382000000000119e+02 2.000000000000000000e+00 0.000000000000000000e+00 1.824999999999999956e-01 2.500000000000000000e-01 1.000000000000000048e-04
4.795000000000000284e+01 6.672500000000000320e+00 1.745515000000000043e+02 1.800000000000000000e+02 1.667509000000000015e+02 2.000000000000000000e+00 0.000000000000000000e+00 1.829000000000000070e-01 2.500000000000000000e-01 1.000000000000000048e-04
4.800000000000000000e+01 6.668400000000000105e+00 1.746674999999999898e+02 1.800000000000000000e+02 1.668637999999999977e+02 2.000000000000000000e+00 0.000000000000000000e+00 1.832000000000000017e-01 2.500000000000000000e-01 1.000000000000000048e-04
4.804999999999999716e+01 6.664299999999999891e+00 1.747836000000000070e+02 1.800000000000000000e+02 1.669769000000000005e+02 2.000000000000000000e+00 0.000000000000000000e+00 1.836000000000000132e-01 2.500000000000000000e-01 1.000000000000000048e-04
4.810000000000000142e+01 6.660300000000000331e+00 1.749000000000000057e+02 1.800000000000000000e+02 1.670902000000000100e+02 2.000000000000000000e+00 0.000000000000000000e+00 1.839000000000000079e-01 2.500000000000000000e-01 1.000000000000000048e-04
4.814999999999999858e+01 6.656200000000000117e+00 1.750166000000000111e+02 1.800000000000000000e+02 1.672036999999999978e+02 2.000000000000000000e+00 0.000000000000000000e+00 1.842999999999999916e-01 2.500000000000000000e-01 1.000000000000000048e-04
4.820000000000000284e+01 6.652099999999999902e+00 1.751334999999999980e+02 1.800000000000000000e+02 1.673173999999999921e+02 2.000000000000000000e+00 0.000000000000000000e+00 1.845999999999999863e-01 2.500000000000000000e-01 1.000000000000000048e-04
4.825000000000000000e+01 6.647999999999999687e+00 1.752505999999999915e+02 1.800000000000000000e+02 1.674313999999999965e+02 2.000000000000000000e+00 0.000000000000000000e+00 1.849000000000000088e-01 2.500000000000000000e-01 1.000000000000000048e-04
4.829999999999999716e+01 6.643900000000000361e+00 1.753678999999999917e+02 1.800000000000000000e+02 1.675455000000000041e+02 2.000000000000000000e+00 0.000000000000000000e+00 1.852999999999999925e-01 2.500000000000000000e-01 1.000000000000000048e-04
4.835000000000000142e+01 6.639800000000000146e+00 1.754853999999999985e+02 1.800000000000000000e+02 1.676598999999999933e+02 2.000000000000000000e+00 0.000000000000000000e+00 1.855999999999999872e-01 2.500000000000000000e-01 1.000000000000000048e-04
4.839999999999999858e+01 6.635600000000000165e+00 1.756031999999999869e+02 1.800000000000000000e+02 1.677744999999999891e+02 2.000000000000000000e+00 0.000000000000000000e+00 1.859999999999999987e-01 2.500000000000000000e-01 1.000000000000000048e-04
4.845000000000000284e+01 6.631499999999999950e+00 1.757212000000000103e+02 1.800000000000000000e+02 1.678892999999999915e+02 2.000000000000000000e+00 0.000000000000000000e+00 1.862999999999999934e-01 2.500000000000000000e-01 1.000000000000000048e-04
4.850000000000000000e+01 6.627399999999999736e+00 1.758394000000000119e+02 1.800000000000000000e+02 1.680044000000000040e+02 2.000000000000000000e+00 0.000000000000000000e+00 1.867000000000000048e-01 2.500000000000000000e-01 1.000000000000000048e-04
4.854999999999999716e+01 6.623300000000000409e+00 1.759578999999999951e+02 1.800000000000000000e+02 1.681195999999999913e+02 2.000000000000000000e+00 0.000000000000000000e+00 1.869999999999999996e-01 2.500000000000000000e-01 1.000000000000000048e-04
4.860000000000000142e+01 6.619200000000000195e+00 1.760766000000000133e+02 1.800000000000000000e+02 1.682350999999999885e+02 2.000000000000000000e+00 0.000000000000000000e+00 1.874000000000000110e-01 2.500000000000000000e-01 1.000000000000000048e-04
4.864999999999999858e+01 6.615099999999999980e+00 1.761956000000000131e+02 1.800000000000000000e+02 1.683507999999999925e+02 2.000000000000000000e+00 0.000000000000000000e+00 1.877999999999999947e-01 2.500000000000000000e-01 1.000000000000000048e-04
4.870000000000000284e+01 6.610899999999999999e+00 1.763147999999999911e+02 1.800000000000000000e+02 1.684667000000000030e+02 2.000000000000000000e+00 0.000000000000000000e+00 1.880999999999999894e-01 2.500000000000000000e-01 1.000000000000000048e-04
4.875000000000000000e+01 6.606799999999999784e+00 1.764342000000000041e+02 1.800000000000000000e+02 1.685828999999999951e+02 2.000000000000000000e+00 0.000000000000000000e+00 1.885000000000000009e-01 2.500000000000000000e-01 1.000000000000000048e-04
4.879999999999999716e+01 6.602699999999999569e+00 1.765538999999999987e+02 1.800000000000000000e+02 1.686992999999999938e+02 2.000000000000000000e+00 0.000000000000000000e+00 1.887999999999999956e-01 2.500000000000000000e-01 1.000000000000000048e-04
4.885000000000000142e+01 6.598600000000000243e+00 1.766738000000000000e+02 1.800000000000000000e+02 1.688158999999999992e+02 2.000000000000000000e+00 0.000000000000000000e+00 1.892000000000000071e-01 2.500000000000000000e-01 1.000000000000000048e-04
4.889999999999999858e+01 6.594400000000000261e+00 1.767939000000000078e+02 1.800000000000000000e+02 1.689327000000000112e+02 2.000000000000000000e+00 0.000000000000000000e+00 1.895000000000000018e-01 2.500000000000000000e-01 1.000000000000000048e-04
4.895000000000000284e+01 6.590300000000000047e+00 1.769142999999999972e+02 1.800000000000000000e+02 1.690498000000000047e+02 2.000000000000000000e+00 0.000000000000000000e+00 1.899000000000000132e-01 2.500000000000000000e-01 1.000000000000000048e-04
4.900000000000000000e+01 6.586100000000000065e+00 1.770349999999999966e+02 1.800000000000000000e+02 1.691671000000000049e+02 2.000000000000000000e+00 0.000000000000000000e+00 1.902000000000000079e-01 2.500000000000000000e-01 1.000000000000000048e-04
4.904999999999999716e+01 6.581999999999999851e+00 1.771559000000000026e+02 1.800000000000000000e+02 1.692846000000000117e+02 2.000000000000000000e+00 0.000000000000000000e+00 1.905999999999999917e-01 2.500000000000000000e-01 1.000000000000000048e-04
4.910000000000000142e+01 6.577899999999999636e+00 1.772769999999999868e+02 1.800000000000000000e+02 1.694024000000000001e+02 2.000000000000000000e+00 0.000000000000000000e+00 1.910000000000000031e-01 2.500000000000000000e-01 1.000000000000000048e-04
4.914999999999999858e+01 6.573699999999999655e+00 1.773984000000000094e+02 1.800000000000000000e+02 1.695202999999999918e+02 2.000000000000000000e+00 0.000000000000000000e+00 1.912999999999999978e-01 2.500000000000000000e-01 1.000000000000000048e-04
4.920000000000000284e+01 6.569600000000000328e+00 1.775200000000000102e+02 1.800000000000000000e+02 1.696385999999999967e+02 2.000000000000000000e+00 0.000000000000000000e+00 1.917000000000000093e-01 2.500000000000000000e-01 1.000000000000000048e-04
4.925000000000000000e+01 6.565400000000000347e+00 1.776418999999999926e+02 1.800000000000000000e+02 1.697570000000000050e+02 2.000000000000000000e+00 0.000000000000000000e+00 1.920000000000000040e-01 2.500000000000000000e-01 1.000000000000000048e-04
4.929999999999999716e+01 6.561200000000000365e+00 1.777641000000000133e+02 1.800000000000000000e+02 1.698756999999999948e+02 2.000000000000000000e+00 0.000000000000000000e+00 1.923999999999999877e-01 2.500000000000000000e-01 1.000000000000000048e-04
4.935000000000000142e+01 6.557100000000000151e+00 1.778864000000000090e+02 1.800000000000000000e+02 1.699945999999999913e+02 2.000000000000000000e+00 0.000000000000000000e+00 1.927999999999999992e-01 2.500000000000000000e-01 1.000000000000000048e-04
4.939999999999999858e+01 6.552900000000000169e+00 1.780090999999999894e+02 1.800000000000000000e+02 1.701137999999999977e+02 2.000000000000000000e+00 0.000000000000000000e+00 1.930999999999999939e-01 2.500000000000000000e-01 1.000000000000000048e-04
4.945000000000000284e+01 6.548799999999999955e+00 1.781320000000000050e+02 1.800000000000000000e+02 1.702332000000000107e+02 2.000000000000000000e+00 0.000000000000000000e+00 1.935000000000000053e-01 2.500000000000000000e-01 1.000000000000000048e-04
4.950000000000000000e+01 6.544599999999999973e+00 1.782552000000000021e+02 1.800000000000000000e+02 1.703528000000000020e+02 2.000000000000000000e+00 0.000000000000000000e+00 1.938999999999999890e-01 2.500000000000000000e-01 1.000000000000000048e-04
4.954999999999999716e+01 6.540399999999999991e+00 1.783786000000000058e+02 1.800000000000000000e+02 1.704727000000000032e+02 2.000000000000000000e+00 0.000000000000000000e+00 1.942000000000000115e-01 2.500000000000000000e-01 1.000000000000000048e-04
4.960000000000000142e+01 6.536299999999999777e+00 1.785022999999999911e+02 1.800000000000000000e+02 1.705928000000000111e+02 2.000000000000000000e+00 0.000000000000000000e+00 1.945999999999999952e-01 2.500000000000000000e-01 1.000000000000000048e-04
4.964999999999999858e+01 6.532099999999999795e+00 1.786262000000000114e+02 1.800000000000000000e+02 1.707132000000000005e+02 2.000000000000000000e+00 0.000000000000000000e+00 1.950000000000000067e-01 2.500000000000000000e-01 1.000000000000000048e-04
4.970000000000000284e+01 6.527899999999999814e+00 1.787504000000000133e+02 1.800000000000000000e+02 1.708337999999999965e+02 2.000000000000000000e+00 0.000000000000000000e+00 1.953000000000000014e-01 2.500000000000000000e-01 1.000000000000000048e-04
4.975000000000000000e+01 6.523699999999999832e+00 1.788748999999999967e+02 1.800000000000000000e+02 1.709547000000000025e+02 2.000000000000000000e+00 0.000000000000000000e+00 1.957000000000000128e-01 2.500000000000000000e-01 1.000000000000000048e-04
4.979999999999999716e+01 6.519499999999999851e+00 1.789995999999999867e+02 1.800000000000000000e+02 1.710757000000000119e+02 2.000000000000000000e+00 0.000000000000000000e+00 1.960999999999999965e-01 2.500000000000000000e-01 1.000000000000000048e-04
4.985000000000000142e+01 6.515299999999999869e+00 1.791245999999999867e+02 1.800000000000000000e+02 1.711971000000000060e+02 2.000000000000000000e+00 0.000000000000000000e+00 1.963999999999999913e-01 2.500000000000000000e-01 1.000000000000000048e-04
4.989999999999999858e+01 6.511199999999999655e+00 1.792497999999999934e+02 1.800000000000000000e+02 1.713187000000000069e+02 2.000000000000000000e+00 0.000000000000000000e+00 1.968000000000000027e-01 2.500000000000000000e-01 1.000000000000000048e-04
4.995000000000000284e+01 6.506999999999999673e+00 1.793754000000000133e+02 1.800000000000000000e+02 1.714404999999999859e+02 2.000000000000000000e+00 0.000000000000000000e+00 1.971999999999999864e-01 2.500000000000000000e-01 1.000000000000000048e-04
5.000000000000000000e+01 6.502799999999999692e+00 1.795012000000000114e+02 1.800000000000000000e+02 1.715626000000000033e+02 2.000000000000000000e+00 0.000000000000000000e+00 1.975999999999999979e-01 2.500000000000000000e-01 1.000000000000000048e-04
