0.000000000000000000e+00 1.000000000000000000e+01 1.247480000000000047e+02 1.860000000000000000e+02 8.667600000000000193e+01 2.400000000000000000e+02 1.000000000000000000e+00 0.000000000000000000e+00 5.000000000000000000e-01 0.000000000000000000e+00
1.000000000000000056e-01 9.992000000000000881e+00 2.494950000000000045e+02 1.860000000000000000e+02 1.733520000000000039e+02 2.400000000000000000e+02 1.000000000000000000e+00 3.840000000000000080e-01 5.000000000000000000e-01 0.000000000000000000e+00
1.499999999999999944e-01 9.987999999999999545e+00 2.495869999999999891e+02 1.860000000000000000e+02 1.735469999999999970e+02 1.200000000000000000e+02 1.000000000000000000e+00 3.840000000000000080e-01 5.000000000000000000e-01 0.000000000000000000e+00
2.000000000000000111e-01 9.983999999999999986e+00 2.498199999999999932e+02 1.860000000000000000e+02 1.736560000000000059e+02 1.200000000000000000e+02 1.000000000000000000e+00 3.850000000000000089e-01 5.000000000000000000e-01 0.000000000000000000e+00
2.500000000000000000e-01 9.980999999999999872e+00 2.512589999999999861e+02 1.860000000000000000e+02 1.736239999999999952e+02 2.400000000000000000e+02 1.000000000000000000e+00 3.890000000000000124e-01 5.000000000000000000e-01 0.000000000000000000e+00
2.999999999999999889e-01 9.977000000000000313e+00 2.499350000000000023e+02 1.860000000000000000e+02 1.738129999999999882e+02 1.200000000000000000e+02 1.000000000000000000e+00 3.850000000000000089e-01 5.000000000000000000e-01 0.000000000000000000e+00
3.499999999999999778e-01 9.973000000000000753e+00 2.501589999999999918e+02 1.860000000000000000e+02 1.739230000000000018e+02 1.200000000000000000e+02 1.000000000000000000e+00 3.860000000000000098e-01 5.000000000000000000e-01 0.000000000000000000e+00
4.000000000000000222e-01 9.968999999999999417e+00 2.502090000000000032e+02 1.860000000000000000e+02 1.740120000000000005e+02 1.200000000000000000e+02 1.000000000000000000e+00 3.860000000000000098e-01 5.000000000000000000e-01 0.000000000000000000e+00
4.500000000000000111e-01 9.964999999999999858e+00 2.503230000000000075e+02 1.860000000000000000e+02 1.741009999999999991e+02 1.200000000000000000e+02 1.000000000000000000e+00 3.860000000000000098e-01 5.000000000000000000e-01 0.000000000000000000e+00
5.000000000000000000e-01 9.961000000000000298e+00 2.504370000000000118e+02 1.860000000000000000e+02 1.741899999999999977e+02 1.200000000000000000e+02 1.000000000000000000e+00 3.860000000000000098e-01 5.000000000000000000e-01 0.000000000000000000e+00
5.500000000000000444e-01 9.957000000000000739e+00 2.505509999999999877e+02 1.860000000000000000e+02 1.742789999999999964e+02 1.200000000000000000e+02 1.000000000000000000e+00 3.870000000000000107e-01 5.000000000000000000e-01 0.000000000000000000e+00
5.999999999999999778e-01 9.952999999999999403e+00 2.506649999999999920e+02 1.860000000000000000e+02 1.743689999999999998e+02 1.200000000000000000e+02 1.000000000000000000e+00 3.870000000000000107e-01 5.000000000000000000e-01 0.000000000000000000e+00
6.500000000000000222e-01 9.948999999999999844e+00 2.507789999999999964e+02 1.860000000000000000e+02 1.744579999999999984e+02 1.200000000000000000e+02 1.000000000000000000e+00 3.870000000000000107e-01 5.000000000000000000e-01 0.000000000000000000e+00
6.999999999999999556e-01 9.945000000000000284e+00 2.508930000000000007e+02 1.860000000000000000e+02 1.745469999999999970e+02 1.200000000000000000e+02 1.000000000000000000e+00 3.880000000000000115e-01 5.000000000000000000e-01 0.000000000000000000e+00
7.500000000000000000e-01 9.942000000000000171e+00 2.510080000000000098e+02 1.860000000000000000e+02 1.746370000000000005e+02 1.200000000000000000e+02 1.000000000000000000e+00 3.880000000000000115e-01 5.000000000000000000e-01 0.000000000000000000e+00
8.000000000000000444e-01 9.938000000000000611e+00 2.511220000000000141e+02 1.860000000000000000e+02 1.747270000000000039e+02 1.200000000000000000e+02 1.000000000000000000e+00 3.890000000000000124e-01 5.000000000000000000e-01 0.000000000000000000e+00
8.499999999999999778e-01 9.933999999999999275e+00 2.512369999999999948e+02 1.860000000000000000e+02 1.748170000000000073e+02 1.200000000000000000e+02 1.000000000000000000e+00 3.890000000000000124e-01 5.000000000000000000e-01 0.000000000000000000e+00
9.000000000000000222e-01 9.929999999999999716e+00 2.513520000000000039e+02 1.860000000000000000e+02 1.749060000000000059e+02 1.200000000000000000e+02 1.000000000000000000e+00 3.890000000000000124e-01 5.000000000000000000e-01 0.000000000000000000e+00
9.499999999999999556e-01 9.926000000000000156e+00 2.514670000000000130e+02 1.860000000000000000e+02 1.749960000000000093e+02 1.200000000000000000e+02 1.000000000000000000e+00 3.900000000000000133e-01 5.000000000000000000e-01 0.000000000000000000e+00
1.000000000000000000e+00 9.922000000000000597e+00 2.515819999999999936e+02 1.860000000000000000e+02 1.750860000000000127e+02 1.200000000000000000e+02 1.000000000000000000e+00 3.900000000000000133e-01 5.000000000000000000e-01 0.000000000000000000e+00
1.050000000000000044e+00 9.917999999999999261e+00 2.516959999999999980e+02 1.860000000000000000e+02 1.751759999999999877e+02 1.200000000000000000e+02 1.000000000000000000e+00 3.900000000000000133e-01 5.000000000000000000e-01 0.000000000000000000e+00
1.100000000000000089e+00 9.913999999999999702e+00 2.518100000000000023e+02 1.860000000000000000e+02 1.752659999999999911e+02 1.200000000000000000e+02 1.000000000000000000e+00 3.910000000000000142e-01 5.000000000000000000e-01 0.000000000000000000e+00
1.149999999999999911e+00 9.910000000000000142e+00 2.519259999999999877e+02 1.860000000000000000e+02 1.753569999999999993e+02 1.200000000000000000e+02 1.000000000000000000e+00 3.910000000000000142e-01 5.000000000000000000e-01 0.000000000000000000e+00
1.199999999999999956e+00 9.906000000000000583e+00 2.530869999999999891e+02 1.860000000000000000e+02 1.757849999999999966e+02 2.400000000000000000e+02 1.000000000000000000e+00 3.950000000000000178e-01 5.000000000000000000e-01 0.000000000000000000e+00
1.250000000000000000e+00 9.901999999999999247e+00 2.522100000000000080e+02 1.860000000000000000e+02 1.754420000000000073e+02 2.400000000000000000e+02 1.000000000000000000e+00 3.920000000000000151e-01 5.000000000000000000e-01 0.000000000000000000e+00
1.300000000000000044e+00 9.898999999999999133e+00 2.522829999999999870e+02 1.860000000000000000e+02 1.755550000000000068e+02 2.400000000000000000e+02 1.000000000000000000e+00 3.920000000000000151e-01 5.000000000000000000e-01 0.000000000000000000e+00
1.350000000000000089e+00 9.894999999999999574e+00 2.508950000000000102e+02 1.860000000000000000e+02 1.756959999999999980e+02 1.200000000000000000e+02 1.000000000000000000e+00 3.880000000000000115e-01 5.000000000000000000e-01 0.000000000000000000e+00
1.399999999999999911e+00 9.891000000000000014e+00 2.509989999999999952e+02 1.860000000000000000e+02 1.757820000000000107e+02 1.200000000000000000e+02 1.000000000000000000e+00 3.880000000000000115e-01 5.000000000000000000e-01 0.000000000000000000e+00
1.449999999999999956e+00 9.887000000000000455e+00 2.511129999999999995e+02 1.860000000000000000e+02 1.758729999999999905e+02 1.200000000000000000e+02 1.000000000000000000e+00 3.890000000000000124e-01 5.000000000000000000e-01 0.000000000000000000e+00
1.500000000000000000e+00 9.882999999999999119e+00 2.512280000000000086e+02 1.860000000000000000e+02 1.759639999999999986e+02 1.200000000000000000e+02 1.000000000000000000e+00 3.890000000000000124e-01 5.000000000000000000e-01 0.000000000000000000e+00
1.550000000000000044e+00 9.878999999999999559e+00 2.513389999999999986e+02 1.860000000000000000e+02 1.760540000000000020e+02 1.200000000000000000e+02 1.000000000000000000e+00 3.890000000000000124e-01 5.000000000000000000e-01 0.000000000000000000e+00
1.600000000000000089e+00 9.875000000000000000e+00 2.514540000000000077e+02 1.860000000000000000e+02 1.761450000000000102e+02 1.200000000000000000e+02 1.000000000000000000e+00 3.900000000000000133e-01 5.000000000000000000e-01 0.000000000000000000e+00
1.649999999999999911e+00 9.871000000000000441e+00 2.515689999999999884e+02 1.860000000000000000e+02 1.762359999999999900e+02 1.200000000000000000e+02 1.000000000000000000e+00 3.900000000000000133e-01 5.000000000000000000e-01 0.000000000000000000e+00
1.699999999999999956e+00 9.867000000000000881e+00 2.516839999999999975e+02 1.860000000000000000e+02 1.763269999999999982e+02 1.200000000000000000e+02 1.000000000000000000e+00 3.900000000000000133e-01 5.000000000000000000e-01 0.000000000000000000e+00
1.750000000000000000e+00 9.864000000000000767e+00 2.518000000000000114e+02 1.860000000000000000e+02 1.764180000000000064e+02 1.200000000000000000e+02 1.000000000000000000e+00 3.910000000000000142e-01 5.000000000000000000e-01 0.000000000000000000e+00
1.800000000000000044e+00 9.859999999999999432e+00 2.519149999999999920e+02 1.860000000000000000e+02 1.765089999999999861e+02 1.200000000000000000e+02 1.000000000000000000e+00 3.910000000000000142e-01 5.000000000000000000e-01 0.000000000000000000e+00
1.850000000000000089e+00 9.855999999999999872e+00 2.520310000000000059e+02 1.860000000000000000e+02 1.766009999999999991e+02 1.200000000000000000e+02 1.000000000000000000e+00 3.910000000000000142e-01 5.000000000000000000e-01 0.000000000000000000e+00
1.899999999999999911e+00 9.852000000000000313e+00 2.521469999999999914e+02 1.860000000000000000e+02 1.766920000000000073e+02 1.200000000000000000e+02 1.000000000000000000e+00 3.920000000000000151e-01 5.000000000000000000e-01 0.000000000000000000e+00
1.949999999999999956e+00 9.848000000000000753e+00 2.522630000000000052e+02 1.860000000000000000e+02 1.767829999999999870e+02 1.200000000000000000e+02 1.000000000000000000e+00 3.920000000000000151e-01 5.000000000000000000e-01 0.000000000000000000e+00
2.000000000000000000e+00 9.843999999999999417e+00 2.523789999999999907e+02 1.860000000000000000e+02 1.768750000000000000e+02 1.200000000000000000e+02 1.000000000000000000e+00 3.920000000000000151e-01 5.000000000000000000e-01 0.000000000000000000e+00
2.049999999999999822e+00 9.839999999999999858e+00 2.524950000000000045e+02 1.860000000000000000e+02 1.769670000000000130e+02 1.200000000000000000e+02 1.000000000000000000e+00 3.930000000000000160e-01 5.000000000000000000e-01 0.000000000000000000e+00
2.100000000000000089e+00 9.836000000000000298e+00 2.526109999999999900e+02 1.860000000000000000e+02 1.770579999999999927e+02 1.200000000000000000e+02 1.000000000000000000e+00 3.930000000000000160e-01 5.000000000000000000e-01 0.000000000000000000e+00
2.149999999999999911e+00 9.832000000000000739e+00 2.527280000000000086e+02 1.860000000000000000e+02 1.771500000000000057e+02 1.200000000000000000e+02 1.000000000000000000e+00 3.930000000000000160e-01 5.000000000000000000e-01 0.000000000000000000e+00
2.200000000000000178e+00 9.827999999999999403e+00 2.528439999999999941e+02 1.860000000000000000e+02 1.772419999999999902e+02 1.200000000000000000e+02 1.000000000000000000e+00 3.940000000000000169e-01 5.000000000000000000e-01 0.000000000000000000e+00
2.250000000000000000e+00 9.823999999999999844e+00 2.529610000000000127e+02 1.860000000000000000e+02 1.773340000000000032e+02 1.200000000000000000e+02 1.000000000000000000e+00 3.940000000000000169e-01 5.000000000000000000e-01 0.000000000000000000e+00
2.299999999999999822e+00 9.820000000000000284e+00 2.530780000000000030e+02 1.860000000000000000e+02 1.774259999999999877e+02 1.200000000000000000e+02 1.000000000000000000e+00 3.950000000000000178e-01 5.000000000000000000e-01 0.000000000000000000e+00
2.350000000000000089e+00 9.816000000000000725e+00 2.531949999999999932e+02 1.860000000000000000e+02 1.775180000000000007e+02 1.200000000000000000e+02 1.000000000000000000e+00 3.950000000000000178e-01 5.000000000000000000e-01 0.000000000000000000e+00
2.399999999999999911e+00 9.811999999999999389e+00 2.533120000000000118e+02 1.860000000000000000e+02 1.776109999999999900e+02 1.200000000000000000e+02 1.000000000000000000e+00 3.950000000000000178e-01 5.000000000000000000e-01 0.000000000000000000e+00
2.450000000000000178e+00 9.808999999999999275e+00 2.534290000000000020e+02 1.860000000000000000e+02 1.777030000000000030e+02 1.200000000000000000e+02 1.000000000000000000e+00 3.960000000000000187e-01 5.000000000000000000e-01 0.000000000000000000e+00
2.500000000000000000e+00 9.804999999999999716e+00 2.535469999999999970e+02 1.860000000000000000e+02 1.777949999999999875e+02 1.200000000000000000e+02 1.000000000000000000e+00 3.960000000000000187e-01 5.000000000000000000e-01 0.000000000000000000e+00
2.549999999999999822e+00 9.801000000000000156e+00 2.536639999999999873e+02 1.860000000000000000e+02 1.778880000000000052e+02 1.200000000000000000e+02 1.000000000000000000e+00 3.960000000000000187e-01 5.000000000000000000e-01 0.000000000000000000e+00
2.600000000000000089e+00 9.797000000000000597e+00 2.537810000000000059e+02 1.860000000000000000e+02 1.779809999999999945e+02 1.200000000000000000e+02 1.000000000000000000e+00 3.970000000000000195e-01 5.000000000000000000e-01 0.000000000000000000e+00
2.649999999999999911e+00 9.792999999999999261e+00 2.538990000000000009e+02 1.860000000000000000e+02 1.780730000000000075e+02 1.200000000000000000e+02 1.000000000000000000e+00 3.970000000000000195e-01 5.000000000000000000e-01 0.000000000000000000e+00
2.700000000000000178e+00 9.788999999999999702e+00 2.540169999999999959e+02 1.860000000000000000e+02 1.781659999999999968e+02 1.200000000000000000e+02 1.000000000000000000e+00 3.970000000000000195e-01 5.000000000000000000e-01 0.000000000000000000e+00
2.750000000000000000e+00 9.785000000000000142e+00 2.541349999999999909e+02 1.860000000000000000e+02 1.782589999999999861e+02 1.200000000000000000e+02 1.000000000000000000e+00 3.980000000000000204e-01 5.000000000000000000e-01 0.000000000000000000e+00
2.799999999999999822e+00 9.781000000000000583e+00 2.542529999999999859e+02 1.860000000000000000e+02 1.783520000000000039e+02 1.200000000000000000e+02 1.000000000000000000e+00 3.980000000000000204e-01 5.000000000000000000e-01 0.000000000000000000e+00
2.850000000000000089e+00 9.776999999999999247e+00 2.543710000000000093e+02 1.860000000000000000e+02 1.784449999999999932e+02 1.200000000000000000e+02 1.000000000000000000e+00 3.990000000000000213e-01 5.000000000000000000e-01 0.000000000000000000e+00
2.899999999999999911e+00 9.772999999999999687e+00 2.544900000000000091e+02 1.860000000000000000e+02 1.785389999999999873e+02 1.200000000000000000e+02 1.000000000000000000e+00 3.990000000000000213e-01 5.000000000000000000e-01 0.000000000000000000e+00
2.950000000000000178e+00 9.769000000000000128e+00 2.546080000000000041e+02 1.860000000000000000e+02 1.786320000000000050e+02 1.200000000000000000e+02 1.000000000000000000e+00 3.990000000000000213e-01 5.000000000000000000e-01 0.000000000000000000e+00
3.000000000000000000e+00 9.765000000000000568e+00 2.547270000000000039e+02 1.860000000000000000e+02 1.787249999999999943e+02 1.200000000000000000e+02 1.000000000000000000e+00 4.000000000000000222e-01 5.000000000000000000e-01 0.000000000000000000e+00
3.049999999999999822e+00 9.760999999999999233e+00 2.548449999999999989e+02 1.860000000000000000e+02 1.788189999999999884e+02 1.200000000000000000e+02 1.000000000000000000e+00 4.000000000000000222e-01 5.000000000000000000e-01 0.000000000000000000e+00
3.100000000000000089e+00 9.756999999999999673e+00 2.549639999999999986e+02 1.860000000000000000e+02 1.789120000000000061e+02 1.200000000000000000e+02 1.000000000000000000e+00 4.000000000000000222e-01 5.000000000000000000e-01 0.000000000000000000e+00
3.149999999999999911e+00 9.753000000000000114e+00 2.550829999999999984e+02 1.860000000000000000e+02 1.790060000000000002e+02 1.200000000000000000e+02 1.000000000000000000e+00 4.010000000000000231e-01 5.000000000000000000e-01 0.000000000000000000e+00
3.200000000000000178e+00 9.749000000000000554e+00 2.552019999999999982e+02 1.860000000000000000e+02 1.790999999999999943e+02 1.200000000000000000e+02 1.000000000000000000e+00 4.010000000000000231e-01 5.000000000000000000e-01 0.000000000000000000e+00
3.250000000000000000e+00 9.744999999999999218e+00 2.553209999999999980e+02 1.860000000000000000e+02 1.791939999999999884e+02 1.200000000000000000e+02 1.000000000000000000e+00 4.010000000000000231e-01 5.000000000000000000e-01 0.000000000000000000e+00
3.299999999999999822e+00 9.740999999999999659e+00 2.554410000000000025e+02 1.860000000000000000e+02 1.792880000000000109e+02 1.200000000000000000e+02 1.000000000000000000e+00 4.020000000000000240e-01 5.000000000000000000e-01 0.000000000000000000e+00
3.350000000000000089e+00 9.737000000000000099e+00 2.555600000000000023e+02 1.860000000000000000e+02 1.793820000000000050e+02 1.200000000000000000e+02 1.000000000000000000e+00 4.020000000000000240e-01 5.000000000000000000e-01 0.000000000000000000e+00
3.399999999999999911e+00 9.733000000000000540e+00 2.556800000000000068e+02 1.860000000000000000e+02 1.794759999999999991e+02 1.200000000000000000e+02 1.000000000000000000e+00 4.030000000000000249e-01 5.000000000000000000e-01 0.000000000000000000e+00
3.450000000000000178e+00 9.728999999999999204e+00 2.557990000000000066e+02 1.860000000000000000e+02 1.795699999999999932e+02 1.200000000000000000e+02 1.000000000000000000e+00 4.030000000000000249e-01 5.000000000000000000e-01 0.000000000000000000e+00
3.500000000000000000e+00 9.724999999999999645e+00 2.559190000000000111e+02 1.860000000000000000e+02 1.796639999999999873e+02 1.200000000000000000e+02 1.000000000000000000e+00 4.030000000000000249e-01 5.000000000000000000e-01 0.000000000000000000e+00
3.549999999999999822e+00 9.721999999999999531e+00 2.560389999999999873e+02 1.860000000000000000e+02 1.797589999999999861e+02 1.200000000000000000e+02 1.000000000000000000e+00 4.040000000000000258e-01 5.000000000000000000e-01 0.000000000000000000e+00
3.600000000000000089e+00 9.717999999999999972e+00 2.561600000000000250e+02 1.860000000000000000e+02 1.798530000000000086e+02 1.200000000000000000e+02 1.000000000000000000e+00 4.040000000000000258e-01 5.000000000000000000e-01 0.000000000000000000e+00
3.649999999999999911e+00 9.714000000000000412e+00 2.562799999999999727e+02 1.860000000000000000e+02 1.799480000000000075e+02 1.200000000000000000e+02 1.000000000000000000e+00 4.040000000000000258e-01 5.000000000000000000e-01 0.000000000000000000e+00
3.700000000000000178e+00 9.710000000000000853e+00 2.563999999999999773e+02 1.860000000000000000e+02 1.800430000000000064e+02 1.200000000000000000e+02 1.000000000000000000e+00 4.050000000000000266e-01 5.000000000000000000e-01 0.000000000000000000e+00
3.750000000000000000e+00 9.705999999999999517e+00 2.565210000000000150e+02 1.860000000000000000e+02 1.801380000000000052e+02 1.200000000000000000e+02 1.000000000000000000e+00 4.050000000000000266e-01 5.000000000000000000e-01 0.000000000000000000e+00
3.799999999999999822e+00 9.701999999999999957e+00 2.566419999999999959e+02 1.860000000000000000e+02 1.802330000000000041e+02 1.200000000000000000e+02 1.000000000000000000e+00 4.060000000000000275e-01 5.000000000000000000e-01 0.000000000000000000e+00
3.850000000000000089e+00 9.698000000000000398e+00 2.567620000000000005e+02 1.860000000000000000e+02 1.803280000000000030e+02 1.200000000000000000e+02 1.000000000000000000e+00 4.060000000000000275e-01 5.000000000000000000e-01 0.000000000000000000e+00
3.899999999999999911e+00 9.694000000000000838e+00 2.568829999999999814e+02 1.860000000000000000e+02 1.804230000000000018e+02 1.200000000000000000e+02 1.000000000000000000e+00 4.060000000000000275e-01 5.000000000000000000e-01 0.000000000000000000e+00
3.950000000000000178e+00 9.689999999999999503e+00 2.570040000000000191e+02 1.860000000000000000e+02 1.805180000000000007e+02 1.200000000000000000e+02 1.000000000000000000e+00 4.069999999999999729e-01 5.000000000000000000e-01 0.000000000000000000e+00
4.000000000000000000e+00 9.685999999999999943e+00 2.571259999999999764e+02 1.860000000000000000e+02 1.806140000000000043e+02 1.200000000000000000e+02 1.000000000000000000e+00 4.069999999999999729e-01 5.000000000000000000e-01 0.000000000000000000e+00
4.049999999999999822e+00 9.682000000000000384e+00 2.572470000000000141e+02 1.860000000000000000e+02 1.807090000000000032e+02 1.200000000000000000e+02 1.000000000000000000e+00 4.069999999999999729e-01 5.000000000000000000e-01 0.000000000000000000e+00
4.099999999999999645e+00 9.678000000000000824e+00 2.573679999999999950e+02 1.860000000000000000e+02 1.808029999999999973e+02 1.200000000000000000e+02 1.000000000000000000e+00 4.079999999999999738e-01 5.000000000000000000e-01 0.000000000000000000e+00
4.150000000000000355e+00 9.673999999999999488e+00 2.574900000000000091e+02 1.860000000000000000e+02 1.808990000000000009e+02 1.200000000000000000e+02 1.000000000000000000e+00 4.079999999999999738e-01 5.000000000000000000e-01 0.000000000000000000e+00
4.200000000000000178e+00 9.669999999999999929e+00 2.576120000000000232e+02 1.860000000000000000e+02 1.809950000000000045e+02 1.200000000000000000e+02 1.000000000000000000e+00 4.079999999999999738e-01 5.000000000000000000e-01 0.000000000000000000e+00
4.250000000000000000e+00 9.666000000000000369e+00 2.577500000000000000e+02 1.860000000000000000e+02 1.808580000000000041e+02 2.400000000000000000e+02 1.000000000000000000e+00 4.089999999999999747e-01 5.000000000000000000e-01 0.000000000000000000e+00
4.299999999999999822e+00 9.662000000000000810e+00 2.578700000000000045e+02 1.860000000000000000e+02 1.809550000000000125e+02 2.400000000000000000e+02 1.000000000000000000e+00 4.089999999999999747e-01 5.000000000000000000e-01 0.000000000000000000e+00
4.349999999999999645e+00 9.657999999999999474e+00 2.579920000000000186e+02 1.860000000000000000e+02 1.810490000000000066e+02 2.400000000000000000e+02 1.000000000000000000e+00 4.099999999999999756e-01 5.000000000000000000e-01 0.000000000000000000e+00
4.400000000000000355e+00 9.653999999999999915e+00 2.581139999999999759e+02 1.860000000000000000e+02 1.811440000000000055e+02 2.400000000000000000e+02 1.000000000000000000e+00 4.099999999999999756e-01 5.000000000000000000e-01 0.000000000000000000e+00
4.450000000000000178e+00 9.650000000000000355e+00 2.582359999999999900e+02 1.860000000000000000e+02 1.812400000000000091e+02 2.400000000000000000e+02 1.000000000000000000e+00 4.099999999999999756e-01 5.000000000000000000e-01 0.000000000000000000e+00
4.500000000000000000e+00 9.646000000000000796e+00 2.583589999999999804e+02 1.860000000000000000e+02 1.813350000000000080e+02 2.400000000000000000e+02 1.000000000000000000e+00 4.109999999999999765e-01 5.000000000000000000e-01 0.000000000000000000e+00
4.549999999999999822e+00 9.641999999999999460e+00 2.584820000000000277e+02 1.860000000000000000e+02 1.814300000000000068e+02 2.400000000000000000e+02 1.000000000000000000e+00 4.109999999999999765e-01 5.000000000000000000e-01 0.000000000000000000e+00
4.599999999999999645e+00 9.637999999999999901e+00 2.586050000000000182e+02 1.860000000000000000e+02 1.815250000000000057e+02 2.400000000000000000e+02 1.000000000000000000e+00 4.119999999999999774e-01 5.000000000000000000e-01 0.000000000000000000e+00
4.650000000000000355e+00 9.634000000000000341e+00 2.587280000000000086e+02 1.860000000000000000e+02 1.816210000000000093e+02 2.400000000000000000e+02 1.000000000000000000e+00 4.119999999999999774e-01 5.000000000000000000e-01 0.000000000000000000e+00
4.700000000000000178e+00 9.630000000000000782e+00 2.588509999999999991e+02 1.860000000000000000e+02 1.817170000000000130e+02 2.400000000000000000e+02 1.000000000000000000e+00 4.119999999999999774e-01 5.000000000000000000e-01 0.000000000000000000e+00
4.750000000000000000e+00 9.625999999999999446e+00 2.589739999999999895e+02 1.860000000000000000e+02 1.818120000000000118e+02 2.400000000000000000e+02 1.000000000000000000e+00 4.129999999999999782e-01 5.000000000000000000e-01 0.000000000000000000e+00
4.799999999999999822e+00 9.621999999999999886e+00 2.590980000000000132e+02 1.860000000000000000e+02 1.819079999999999870e+02 2.400000000000000000e+02 1.000000000000000000e+00 4.129999999999999782e-01 5.000000000000000000e-01 0.000000000000000000e+00
4.849999999999999645e+00 9.618000000000000327e+00 2.592210000000000036e+02 1.860000000000000000e+02 1.820039999999999907e+02 2.400000000000000000e+02 1.000000000000000000e+00 4.129999999999999782e-01 5.000000000000000000e-01 0.000000000000000000e+00
4.900000000000000355e+00 9.614000000000000767e+00 2.593450000000000273e+02 1.860000000000000000e+02 1.820999999999999943e+02 2.400000000000000000e+02 1.000000000000000000e+00 4.139999999999999791e-01 5.000000000000000000e-01 0.000000000000000000e+00
4.950000000000000178e+00 9.609999999999999432e+00 2.594689999999999941e+02 1.860000000000000000e+02 1.821959999999999980e+02 2.400000000000000000e+02 1.000000000000000000e+00 4.139999999999999791e-01 5.000000000000000000e-01 0.000000000000000000e+00
5.000000000000000000e+00 9.605999999999999872e+00 2.595930000000000177e+02 1.860000000000000000e+02 1.822920000000000016e+02 2.400000000000000000e+02 1.000000000000000000e+00 4.149999999999999800e-01 5.000000000000000000e-01 0.000000000000000000e+00
5.049999999999999822e+00 9.602000000000000313e+00 2.597169999999999845e+02 1.860000000000000000e+02 1.823880000000000052e+02 2.400000000000000000e+02 1.000000000000000000e+00 4.149999999999999800e-01 5.000000000000000000e-01 0.000000000000000000e+00
5.099999999999999645e+00 9.598000000000000753e+00 2.598410000000000082e+02 1.860000000000000000e+02 1.824850000000000136e+02 2.400000000000000000e+02 1.000000000000000000e+00 4.149999999999999800e-01 5.000000000000000000e-01 0.000000000000000000e+00
5.150000000000000355e+00 9.593999999999999417e+00 2.599660000000000082e+02 1.860000000000000000e+02 1.825809999999999889e+02 2.400000000000000000e+02 1.000000000000000000e+00 4.159999999999999809e-01 5.000000000000000000e-01 0.000000000000000000e+00
5.200000000000000178e+00 9.589999999999999858e+00 2.600899999999999750e+02 1.860000000000000000e+02 1.826779999999999973e+02 2.400000000000000000e+02 1.000000000000000000e+00 4.159999999999999809e-01 5.000000000000000000e-01 0.000000000000000000e+00
5.250000000000000000e+00 9.586000000000000298e+00 2.602149999999999750e+02 1.860000000000000000e+02 1.827750000000000057e+02 2.400000000000000000e+02 1.000000000000000000e+00 4.159999999999999809e-01 5.000000000000000000e-01 0.000000000000000000e+00
5.299999999999999822e+00 9.582000000000000739e+00 2.603399999999999750e+02 1.860000000000000000e+02 1.828710000000000093e+02 2.400000000000000000e+02 1.000000000000000000e+00 4.169999999999999818e-01 5.000000000000000000e-01 0.000000000000000000e+00
5.349999999999999645e+00 9.577999999999999403e+00 2.604649999999999750e+02 1.860000000000000000e+02 1.829679999999999893e+02 2.400000000000000000e+02 1.000000000000000000e+00 4.169999999999999818e-01 5.000000000000000000e-01 0.000000000000000000e+00
5.400000000000000355e+00 9.573999999999999844e+00 2.605899999999999750e+02 1.860000000000000000e+02 1.830649999999999977e+02 2.400000000000000000e+02 1.000000000000000000e+00 4.179999999999999827e-01 5.000000000000000000e-01 0.000000000000000000e+00
5.450000000000000178e+00 9.570000000000000284e+00 2.607149999999999750e+02 1.860000000000000000e+02 1.831620000000000061e+02 2.400000000000000000e+02 1.000000000000000000e+00 4.179999999999999827e-01 5.000000000000000000e-01 0.000000000000000000e+00
5.500000000000000000e+00 9.566000000000000725e+00 2.608410000000000082e+02 1.860000000000000000e+02 1.832599999999999909e+02 2.400000000000000000e+02 1.000000000000000000e+00 4.179999999999999827e-01 5.000000000000000000e-01 0.000000000000000000e+00
5.549999999999999822e+00 9.561999999999999389e+00 2.609660000000000082e+02 1.860000000000000000e+02 1.833569999999999993e+02 2.400000000000000000e+02 1.000000000000000000e+00 4.189999999999999836e-01 5.000000000000000000e-01 0.000000000000000000e+00
5.599999999999999645e+00 9.557999999999999829e+00 2.610919999999999845e+02 1.860000000000000000e+02 1.834540000000000077e+02 2.400000000000000000e+02 1.000000000000000000e+00 4.189999999999999836e-01 5.000000000000000000e-01 0.000000000000000000e+00
5.650000000000000355e+00 9.554000000000000270e+00 2.612180000000000177e+02 1.860000000000000000e+02 1.835519999999999925e+02 2.400000000000000000e+02 1.000000000000000000e+00 4.199999999999999845e-01 5.000000000000000000e-01 0.000000000000000000e+00
5.700000000000000178e+00 9.548999999999999488e+00 2.613439999999999941e+02 1.860000000000000000e+02 1.836500000000000057e+02 2.400000000000000000e+02 1.000000000000000000e+00 4.199999999999999845e-01 5.000000000000000000e-01 0.000000000000000000e+00
5.750000000000000000e+00 9.544999999999999929e+00 2.614700000000000273e+02 1.860000000000000000e+02 1.837470000000000141e+02 2.400000000000000000e+02 1.000000000000000000e+00 4.199999999999999845e-01 5.000000000000000000e-01 0.000000000000000000e+00
5.799999999999999822e+00 9.541000000000000369e+00 2.615960000000000036e+02 1.860000000000000000e+02 1.838449999999999989e+02 2.400000000000000000e+02 1.000000000000000000e+00 4.209999999999999853e-01 5.000000000000000000e-01 0.000000000000000000e+00
5.849999999999999645e+00 9.537000000000000810e+00 2.617230000000000132e+02 1.860000000000000000e+02 1.839430000000000121e+02 2.400000000000000000e+02 1.000000000000000000e+00 4.209999999999999853e-01 5.000000000000000000e-01 0.000000000000000000e+00
5.900000000000000355e+00 9.532999999999999474e+00 2.618489999999999895e+02 1.860000000000000000e+02 1.840409999999999968e+02 2.400000000000000000e+02 1.000000000000000000e+00 4.219999999999999862e-01 5.000000000000000000e-01 0.000000000000000000e+00
5.950000000000000178e+00 9.528999999999999915e+00 2.619759999999999991e+02 1.860000000000000000e+02 1.841390000000000100e+02 2.400000000000000000e+02 1.000000000000000000e+00 4.219999999999999862e-01 5.000000000000000000e-01 0.000000000000000000e+00
6.000000000000000000e+00 9.525000000000000355e+00 2.621030000000000086e+02 1.860000000000000000e+02 1.842369999999999948e+02 2.400000000000000000e+02 1.000000000000000000e+00 4.219999999999999862e-01 5.000000000000000000e-01 0.000000000000000000e+00
6.049999999999999822e+00 9.521000000000000796e+00 2.622300000000000182e+02 1.860000000000000000e+02 1.843360000000000127e+02 2.400000000000000000e+02 1.000000000000000000e+00 4.229999999999999871e-01 5.000000000000000000e-01 0.000000000000000000e+00
6.099999999999999645e+00 9.516999999999999460e+00 2.623570000000000277e+02 1.860000000000000000e+02 1.844339999999999975e+02 2.400000000000000000e+02 1.000000000000000000e+00 4.229999999999999871e-01 5.000000000000000000e-01 0.000000000000000000e+00
6.150000000000000355e+00 9.512999999999999901e+00 2.624839999999999804e+02 1.860000000000000000e+02 1.845329999999999870e+02 2.400000000000000000e+02 1.000000000000000000e+00 4.229999999999999871e-01 5.000000000000000000e-01 0.000000000000000000e+00
6.200000000000000178e+00 9.509000000000000341e+00 2.626120000000000232e+02 1.860000000000000000e+02 1.846310000000000002e+02 2.400000000000000000e+02 1.000000000000000000e+00 4.239999999999999880e-01 5.000000000000000000e-01 0.000000000000000000e+00
6.250000000000000000e+00 9.505000000000000782e+00 2.627389999999999759e+02 1.860000000000000000e+02 1.847299999999999898e+02 2.400000000000000000e+02 1.000000000000000000e+00 4.239999999999999880e-01 5.000000000000000000e-01 0.000000000000000000e+00
6.299999999999999822e+00 9.500999999999999446e+00 2.628670000000000186e+02 1.860000000000000000e+02 1.848290000000000077e+02 2.400000000000000000e+02 1.000000000000000000e+00 4.249999999999999889e-01 5.000000000000000000e-01 0.000000000000000000e+00
6.349999999999999645e+00 9.496999999999999886e+00 2.629950000000000045e+02 1.860000000000000000e+02 1.849279999999999973e+02 2.400000000000000000e+02 1.000000000000000000e+00 4.249999999999999889e-01 5.000000000000000000e-01 0.000000000000000000e+00
6.400000000000000355e+00 9.493000000000000327e+00 2.631229999999999905e+02 1.860000000000000000e+02 1.850269999999999868e+02 2.400000000000000000e+02 1.000000000000000000e+00 4.249999999999999889e-01 5.000000000000000000e-01 0.000000000000000000e+00
6.450000000000000178e+00 9.489000000000000767e+00 2.632509999999999764e+02 1.860000000000000000e+02 1.851260000000000048e+02 2.400000000000000000e+02 1.000000000000000000e+00 4.259999999999999898e-01 5.000000000000000000e-01 0.000000000000000000e+00
6.500000000000000000e+00 9.484999999999999432e+00 2.633790000000000191e+02 1.860000000000000000e+02 1.852259999999999991e+02 2.400000000000000000e+02 1.000000000000000000e+00 4.259999999999999898e-01 5.000000000000000000e-01 0.000000000000000000e+00
6.549999999999999822e+00 9.480999999999999872e+00 2.635079999999999814e+02 1.860000000000000000e+02 1.853249999999999886e+02 2.400000000000000000e+02 1.000000000000000000e+00 4.269999999999999907e-01 5.000000000000000000e-01 0.000000000000000000e+00
6.599999999999999645e+00 9.477000000000000313e+00 2.636370000000000005e+02 1.860000000000000000e+02 1.854250000000000114e+02 2.400000000000000000e+02 1.000000000000000000e+00 4.269999999999999907e-01 5.000000000000000000e-01 0.000000000000000000e+00
6.650000000000000355e+00 9.473000000000000753e+00 2.637640000000000100e+02 1.860000000000000000e+02 1.855240000000000009e+02 2.400000000000000000e+02 1.000000000000000000e+00 4.269999999999999907e-01 5.000000000000000000e-01 0.000000000000000000e+00
6.700000000000000178e+00 9.468999999999999417e+00 2.638929999999999723e+02 1.860000000000000000e+02 1.856239999999999952e+02 2.400000000000000000e+02 1.000000000000000000e+00 4.279999999999999916e-01 5.000000000000000000e-01 0.000000000000000000e+00
6.750000000000000000e+00 9.464000000000000412e+00 2.640219999999999914e+02 1.860000000000000000e+02 1.857239999999999895e+02 2.400000000000000000e+02 1.000000000000000000e+00 4.279999999999999916e-01 5.000000000000000000e-01 0.000000000000000000e+00
6.799999999999999822e+00 9.460000000000000853e+00 2.641510000000000105e+02 1.860000000000000000e+02 1.858240000000000123e+02 2.400000000000000000e+02 1.000000000000000000e+00 4.289999999999999925e-01 5.000000000000000000e-01 0.000000000000000000e+00
6.849999999999999645e+00 9.455999999999999517e+00 2.642810000000000059e+02 1.860000000000000000e+02 1.859240000000000066e+02 2.400000000000000000e+02 1.000000000000000000e+00 4.289999999999999925e-01 5.000000000000000000e-01 0.000000000000000000e+00
6.900000000000000355e+00 9.451999999999999957e+00 2.644089999999999918e+02 1.860000000000000000e+02 1.860240000000000009e+02 2.400000000000000000e+02 1.000000000000000000e+00 4.289999999999999925e-01 5.000000000000000000e-01 0.000000000000000000e+00
6.950000000000000178e+00 9.448000000000000398e+00 2.645380000000000109e+02 1.860000000000000000e+02 1.861239999999999952e+02 2.400000000000000000e+02 1.000000000000000000e+00 4.299999999999999933e-01 5.000000000000000000e-01 0.000000000000000000e+00
7.000000000000000000e+00 9.444000000000000838e+00 2.646680000000000064e+02 1.860000000000000000e+02 1.862249999999999943e+02 2.400000000000000000e+02 1.000000000000000000e+00 4.299999999999999933e-01 5.000000000000000000e-01 0.000000000000000000e+00
7.049999999999999822e+00 9.439999999999999503e+00 2.647980000000000018e+02 1.860000000000000000e+02 1.863249999999999886e+02 2.400000000000000000e+02 1.000000000000000000e+00 4.309999999999999942e-01 5.000000000000000000e-01 0.000000000000000000e+00
7.099999999999999645e+00 9.435999999999999943e+00 2.649279999999999973e+02 1.860000000000000000e+02 1.864259999999999877e+02 2.400000000000000000e+02 1.000000000000000000e+00 4.309999999999999942e-01 5.000000000000000000e-01 0.000000000000000000e+00
7.150000000000000355e+00 9.432000000000000384e+00 2.650579999999999927e+02 1.860000000000000000e+02 1.865269999999999868e+02 2.400000000000000000e+02 1.000000000000000000e+00 4.309999999999999942e-01 5.000000000000000000e-01 0.000000000000000000e+00
7.200000000000000178e+00 9.428000000000000824e+00 2.651890000000000214e+02 1.860000000000000000e+02 1.866279999999999859e+02 2.400000000000000000e+02 1.000000000000000000e+00 4.319999999999999951e-01 5.000000000000000000e-01 0.000000000000000000e+00
7.250000000000000000e+00 9.423999999999999488e+00 2.653190000000000168e+02 1.860000000000000000e+02 1.867290000000000134e+02 2.400000000000000000e+02 1.000000000000000000e+00 4.319999999999999951e-01 5.000000000000000000e-01 0.000000000000000000e+00
7.299999999999999822e+00 9.419999999999999929e+00 2.654499999999999886e+02 1.860000000000000000e+02 1.868300000000000125e+02 2.400000000000000000e+02 1.000000000000000000e+00 4.329999999999999960e-01 5.000000000000000000e-01 0.000000000000000000e+00
7.349999999999999645e+00 9.416000000000000369e+00 2.655810000000000173e+02 1.860000000000000000e+02 1.869310000000000116e+02 2.400000000000000000e+02 1.000000000000000000e+00 4.329999999999999960e-01 5.000000000000000000e-01 0.000000000000000000e+00
7.400000000000000355e+00 9.412000000000000810e+00 2.657119999999999891e+02 1.860000000000000000e+02 1.870329999999999870e+02 2.400000000000000000e+02 1.000000000000000000e+00 4.329999999999999960e-01 5.000000000000000000e-01 0.000000000000000000e+00
7.450000000000000178e+00 9.407000000000000028e+00 2.658439999999999941e+02 1.860000000000000000e+02 1.871339999999999861e+02 2.400000000000000000e+02 1.000000000000000000e+00 4.339999999999999969e-01 5.000000000000000000e-01 0.000000000000000000e+00
7.500000000000000000e+00 9.403000000000000469e+00 2.659750000000000227e+02 1.860000000000000000e+02 1.872350000000000136e+02 2.400000000000000000e+02 1.000000000000000000e+00 4.339999999999999969e-01 5.000000000000000000e-01 0.000000000000000000e+00
7.549999999999999822e+00 9.398999999999999133e+00 2.661070000000000277e+02 1.860000000000000000e+02 1.873369999999999891e+02 2.400000000000000000e+02 1.000000000000000000e+00 4.349999999999999978e-01 5.000000000000000000e-01 0.000000000000000000e+00
7.599999999999999645e+00 9.394999999999999574e+00 2.662389999999999759e+02 1.860000000000000000e+02 1.874389999999999930e+02 2.400000000000000000e+02 1.000000000000000000e+00 4.349999999999999978e-01 5.000000000000000000e-01 0.000000000000000000e+00
7.650000000000000355e+00 9.391000000000000014e+00 2.663709999999999809e+02 1.860000000000000000e+02 1.875399999999999920e+02 2.400000000000000000e+02 1.000000000000000000e+00 4.349999999999999978e-01 5.000000000000000000e-01 0.000000000000000000e+00
7.700000000000000178e+00 9.387000000000000455e+00 2.665029999999999859e+02 1.860000000000000000e+02 1.876419999999999959e+02 2.400000000000000000e+02 1.000000000000000000e+00 4.359999999999999987e-01 5.000000000000000000e-01 0.000000000000000000e+00
7.750000000000000000e+00 9.382999999999999119e+00 2.666349999999999909e+02 1.860000000000000000e+02 1.877439999999999998e+02 2.400000000000000000e+02 1.000000000000000000e+00 4.359999999999999987e-01 5.000000000000000000e-01 0.000000000000000000e+00
7.799999999999999822e+00 9.378999999999999559e+00 2.667690000000000055e+02 1.860000000000000000e+02 1.878470000000000084e+02 2.400000000000000000e+02 1.000000000000000000e+00 4.369999999999999996e-01 5.000000000000000000e-01 0.000000000000000000e+00
7.849999999999999645e+00 9.375000000000000000e+00 2.669019999999999868e+02 1.860000000000000000e+02 1.879490000000000123e+02 2.400000000000000000e+02 1.000000000000000000e+00 4.369999999999999996e-01 5.000000000000000000e-01 0.000000000000000000e+00
7.900000000000000355e+00 9.371000000000000441e+00 2.670339999999999918e+02 1.860000000000000000e+02 1.880509999999999877e+02 2.400000000000000000e+02 1.000000000000000000e+00 4.369999999999999996e-01 5.000000000000000000e-01 0.000000000000000000e+00
7.950000000000000178e+00 9.367000000000000881e+00 2.671669999999999732e+02 1.860000000000000000e+02 1.881539999999999964e+02 2.400000000000000000e+02 1.000000000000000000e+00 4.380000000000000004e-01 5.000000000000000000e-01 0.000000000000000000e+00
8.000000000000000000e+00 9.362000000000000099e+00 2.673000000000000114e+02 1.860000000000000000e+02 1.882560000000000002e+02 2.400000000000000000e+02 1.000000000000000000e+00 4.380000000000000004e-01 5.000000000000000000e-01 0.000000000000000000e+00
8.050000000000000711e+00 9.358000000000000540e+00 2.674329999999999927e+02 1.860000000000000000e+02 1.883590000000000089e+02 2.400000000000000000e+02 1.000000000000000000e+00 4.390000000000000013e-01 5.000000000000000000e-01 0.000000000000000000e+00
8.099999999999999645e+00 9.353999999999999204e+00 2.675670000000000073e+02 1.860000000000000000e+02 1.884619999999999891e+02 2.400000000000000000e+02 1.000000000000000000e+00 4.390000000000000013e-01 5.000000000000000000e-01 0.000000000000000000e+00
8.150000000000000355e+00 9.349999999999999645e+00 2.676999999999999886e+02 1.860000000000000000e+02 1.885649999999999977e+02 2.400000000000000000e+02 1.000000000000000000e+00 4.400000000000000022e-01 5.000000000000000000e-01 0.000000000000000000e+00
8.199999999999999289e+00 9.346000000000000085e+00 2.678340000000000032e+02 1.860000000000000000e+02 1.886680000000000064e+02 2.400000000000000000e+02 1.000000000000000000e+00 4.400000000000000022e-01 5.000000000000000000e-01 0.000000000000000000e+00
8.250000000000000000e+00 9.342000000000000526e+00 2.679680000000000177e+02 1.860000000000000000e+02 1.887709999999999866e+02 2.400000000000000000e+02 1.000000000000000000e+00 4.400000000000000022e-01 5.000000000000000000e-01 0.000000000000000000e+00
8.300000000000000711e+00 9.337999999999999190e+00 2.681019999999999754e+02 1.860000000000000000e+02 1.888739999999999952e+02 2.400000000000000000e+02 1.000000000000000000e+00 4.410000000000000031e-01 5.000000000000000000e-01 0.000000000000000000e+00
8.349999999999999645e+00 9.333999999999999631e+00 2.682359999999999900e+02 1.860000000000000000e+02 1.889770000000000039e+02 2.400000000000000000e+02 1.000000000000000000e+00 4.410000000000000031e-01 5.000000000000000000e-01 0.000000000000000000e+00
8.400000000000000355e+00 9.330000000000000071e+00 2.683709999999999809e+02 1.860000000000000000e+02 1.890809999999999889e+02 2.400000000000000000e+02 1.000000000000000000e+00 4.420000000000000040e-01 5.000000000000000000e-01 0.000000000000000000e+00
8.449999999999999289e+00 9.324999999999999289e+00 2.685049999999999955e+02 1.860000000000000000e+02 1.891850000000000023e+02 2.400000000000000000e+02 1.000000000000000000e+00 4.420000000000000040e-01 5.000000000000000000e-01 0.000000000000000000e+00
8.500000000000000000e+00 9.320999999999999730e+00 2.686399999999999864e+02 1.860000000000000000e+02 1.892880000000000109e+02 2.400000000000000000e+02 1.000000000000000000e+00 4.420000000000000040e-01 5.000000000000000000e-01 0.000000000000000000e+00
8.550000000000000711e+00 9.317000000000000171e+00 2.687749999999999773e+02 1.860000000000000000e+02 1.893919999999999959e+02 2.400000000000000000e+02 1.000000000000000000e+00 4.430000000000000049e-01 5.000000000000000000e-01 0.000000000000000000e+00
8.599999999999999645e+00 9.313000000000000611e+00 2.689100000000000250e+02 1.860000000000000000e+02 1.894960000000000093e+02 2.400000000000000000e+02 1.000000000000000000e+00 4.430000000000000049e-01 5.000000000000000000e-01 0.000000000000000000e+00
8.650000000000000355e+00 9.308999999999999275e+00 2.690450000000000159e+02 1.860000000000000000e+02 1.895999999999999943e+02 2.400000000000000000e+02 1.000000000000000000e+00 4.440000000000000058e-01 5.000000000000000000e-01 0.000000000000000000e+00
8.699999999999999289e+00 9.304999999999999716e+00 2.691800000000000068e+02 1.860000000000000000e+02 1.897040000000000077e+02 2.400000000000000000e+02 1.000000000000000000e+00 4.440000000000000058e-01 5.000000000000000000e-01 0.000000000000000000e+00
8.750000000000000000e+00 9.301000000000000156e+00 2.693159999999999741e+02 1.860000000000000000e+02 1.898089999999999975e+02 2.400000000000000000e+02 1.000000000000000000e+00 4.440000000000000058e-01 5.000000000000000000e-01 0.000000000000000000e+00
8.800000000000000711e+00 9.297000000000000597e+00 2.694510000000000218e+02 1.860000000000000000e+02 1.899130000000000109e+02 2.400000000000000000e+02 1.000000000000000000e+00 4.450000000000000067e-01 5.000000000000000000e-01 0.000000000000000000e+00
8.849999999999999645e+00 9.291999999999999815e+00 2.695869999999999891e+02 1.860000000000000000e+02 1.900180000000000007e+02 2.400000000000000000e+02 1.000000000000000000e+00 4.450000000000000067e-01 5.000000000000000000e-01 0.000000000000000000e+00
8.900000000000000355e+00 9.288000000000000256e+00 2.697230000000000132e+02 1.860000000000000000e+02 1.901220000000000141e+02 2.400000000000000000e+02 1.000000000000000000e+00 4.460000000000000075e-01 5.000000000000000000e-01 0.000000000000000000e+00
8.949999999999999289e+00 9.284000000000000696e+00 2.698589999999999804e+02 1.860000000000000000e+02 1.902270000000000039e+02 2.400000000000000000e+02 1.000000000000000000e+00 4.460000000000000075e-01 5.000000000000000000e-01 0.000000000000000000e+00
9.000000000000000000e+00 9.279999999999999361e+00 2.699959999999999809e+02 1.860000000000000000e+02 1.903319999999999936e+02 2.400000000000000000e+02 1.000000000000000000e+00 4.470000000000000084e-01 5.000000000000000000e-01 0.000000000000000000e+00
9.050000000000000711e+00 9.275999999999999801e+00 2.701320000000000050e+02 1.860000000000000000e+02 1.904370000000000118e+02 2.400000000000000000e+02 1.000000000000000000e+00 4.470000000000000084e-01 5.000000000000000000e-01 0.000000000000000000e+00
9.099999999999999645e+00 9.272000000000000242e+00 2.702690000000000055e+02 1.860000000000000000e+02 1.905420000000000016e+02 2.400000000000000000e+02 1.000000000000000000e+00 4.470000000000000084e-01 5.000000000000000000e-01 0.000000000000000000e+00
9.150000000000000355e+00 9.268000000000000682e+00 2.704060000000000059e+02 1.860000000000000000e+02 1.906469999999999914e+02 2.400000000000000000e+02 1.000000000000000000e+00 4.480000000000000093e-01 5.000000000000000000e-01 0.000000000000000000e+00
9.199999999999999289e+00 9.262999999999999901e+00 2.705430000000000064e+02 1.860000000000000000e+02 1.907529999999999859e+02 2.400000000000000000e+02 1.000000000000000000e+00 4.480000000000000093e-01 5.000000000000000000e-01 0.000000000000000000e+00
9.250000000000000000e+00 9.259000000000000341e+00 2.706800000000000068e+02 1.860000000000000000e+02 1.908580000000000041e+02 2.400000000000000000e+02 1.000000000000000000e+00 4.490000000000000102e-01 5.000000000000000000e-01 0.000000000000000000e+00
9.300000000000000711e+00 9.255000000000000782e+00 2.708170000000000073e+02 1.860000000000000000e+02 1.909639999999999986e+02 2.400000000000000000e+02 1.000000000000000000e+00 4.490000000000000102e-01 5.000000000000000000e-01 0.000000000000000000e+00
9.349999999999999645e+00 9.250999999999999446e+00 2.709549999999999841e+02 1.860000000000000000e+02 1.910699999999999932e+02 2.400000000000000000e+02 1.000000000000000000e+00 4.500000000000000111e-01 5.000000000000000000e-01 0.000000000000000000e+00
9.400000000000000355e+00 9.246999999999999886e+00 2.710930000000000177e+02 1.860000000000000000e+02 1.911750000000000114e+02 2.400000000000000000e+02 1.000000000000000000e+00 4.500000000000000111e-01 5.000000000000000000e-01 0.000000000000000000e+00
9.449999999999999289e+00 9.243000000000000327e+00 2.712300000000000182e+02 1.860000000000000000e+02 1.912810000000000059e+02 2.400000000000000000e+02 1.000000000000000000e+00 4.500000000000000111e-01 5.000000000000000000e-01 0.000000000000000000e+00
9.500000000000000000e+00 9.239000000000000767e+00 2.713679999999999950e+02 1.860000000000000000e+02 1.913880000000000052e+02 2.400000000000000000e+02 1.000000000000000000e+00 4.510000000000000120e-01 5.000000000000000000e-01 0.000000000000000000e+00
9.550000000000000711e+00 9.233999999999999986e+00 2.715059999999999718e+02 1.860000000000000000e+02 1.914939999999999998e+02 2.400000000000000000e+02 1.000000000000000000e+00 4.510000000000000120e-01 5.000000000000000000e-01 0.000000000000000000e+00
9.599999999999999645e+00 9.230000000000000426e+00 2.716449999999999818e+02 1.860000000000000000e+02 1.915999999999999943e+02 2.400000000000000000e+02 1.000000000000000000e+00 4.520000000000000129e-01 5.000000000000000000e-01 0.000000000000000000e+00
9.650000000000000355e+00 9.226000000000000867e+00 2.717830000000000155e+02 1.860000000000000000e+02 1.917069999999999936e+02 2.400000000000000000e+02 1.000000000000000000e+00 4.520000000000000129e-01 5.000000000000000000e-01 0.000000000000000000e+00
9.699999999999999289e+00 9.221999999999999531e+00 2.719220000000000255e+02 1.860000000000000000e+02 1.918129999999999882e+02 2.400000000000000000e+02 1.000000000000000000e+00 4.520000000000000129e-01 5.000000000000000000e-01 0.000000000000000000e+00
9.750000000000000000e+00 9.217999999999999972e+00 2.720609999999999786e+02 1.860000000000000000e+02 1.919199999999999875e+02 2.400000000000000000e+02 1.000000000000000000e+00 4.530000000000000138e-01 5.000000000000000000e-01 0.000000000000000000e+00
9.800000000000000711e+00 9.214000000000000412e+00 2.721999999999999886e+02 1.860000000000000000e+02 1.920269999999999868e+02 2.400000000000000000e+02 1.000000000000000000e+00 4.530000000000000138e-01 5.000000000000000000e-01 0.000000000000000000e+00
9.849999999999999645e+00 9.208999999999999631e+00 2.723389999999999986e+02 1.860000000000000000e+02 1.921339999999999861e+02 2.400000000000000000e+02 1.000000000000000000e+00 4.540000000000000147e-01 5.000000000000000000e-01 0.000000000000000000e+00
9.900000000000000355e+00 9.205000000000000071e+00 2.724789999999999850e+02 1.860000000000000000e+02 1.922410000000000139e+02 2.400000000000000000e+02 1.000000000000000000e+00 4.540000000000000147e-01 5.000000000000000000e-01 0.000000000000000000e+00
9.949999999999999289e+00 9.201000000000000512e+00 2.726179999999999950e+02 1.860000000000000000e+02 1.923480000000000132e+02 2.400000000000000000e+02 1.000000000000000000e+00 4.550000000000000155e-01 5.000000000000000000e-01 0.000000000000000000e+00
1.000000000000000000e+01 9.196999999999999176e+00 2.727579999999999814e+02 1.860000000000000000e+02 1.924550000000000125e+02 2.400000000000000000e+02 1.000000000000000000e+00 4.550000000000000155e-01 5.000000000000000000e-01 0.000000000000000000e+00
1.005000000000000071e+01 9.192999999999999616e+00 2.728980000000000246e+02 1.860000000000000000e+02 1.925629999999999882e+02 2.400000000000000000e+02 1.000000000000000000e+00 4.550000000000000155e-01 5.000000000000000000e-01 0.000000000000000000e+00
1.009999999999999964e+01 9.189000000000000057e+00 2.730380000000000109e+02 1.860000000000000000e+02 1.926699999999999875e+02 2.400000000000000000e+02 1.000000000000000000e+00 4.560000000000000164e-01 5.000000000000000000e-01 0.000000000000000000e+00
1.015000000000000036e+01 9.183999999999999275e+00 2.731789999999999736e+02 1.860000000000000000e+02 1.927779999999999916e+02 2.400000000000000000e+02 1.000000000000000000e+00 4.560000000000000164e-01 5.000000000000000000e-01 0.000000000000000000e+00
1.019999999999999929e+01 9.179999999999999716e+00 2.733190000000000168e+02 1.860000000000000000e+02 1.928859999999999957e+02 2.400000000000000000e+02 1.000000000000000000e+00 4.570000000000000173e-01 5.000000000000000000e-01 0.000000000000000000e+00
1.025000000000000000e+01 9.176000000000000156e+00 2.734599999999999795e+02 1.860000000000000000e+02 1.929939999999999998e+02 2.400000000000000000e+02 1.000000000000000000e+00 4.570000000000000173e-01 5.000000000000000000e-01 0.000000000000000000e+00
1.030000000000000071e+01 9.172000000000000597e+00 2.736009999999999991e+02 1.860000000000000000e+02 1.931020000000000039e+02 2.400000000000000000e+02 1.000000000000000000e+00 4.580000000000000182e-01 5.000000000000000000e-01 0.000000000000000000e+00
1.034999999999999964e+01 9.167999999999999261e+00 2.737420000000000186e+02 1.860000000000000000e+02 1.932100000000000080e+02 2.400000000000000000e+02 1.000000000000000000e+00 4.580000000000000182e-01 5.000000000000000000e-01 0.000000000000000000e+00
1.040000000000000036e+01 9.163999999999999702e+00 2.738829999999999814e+02 1.860000000000000000e+02 1.933180000000000121e+02 2.400000000000000000e+02 1.000000000000000000e+00 4.590000000000000191e-01 5.000000000000000000e-01 0.000000000000000000e+00
1.044999999999999929e+01 9.159000000000000696e+00 2.740240000000000009e+02 1.860000000000000000e+02 1.934269999999999925e+02 2.400000000000000000e+02 1.000000000000000000e+00 4.590000000000000191e-01 5.000000000000000000e-01 0.000000000000000000e+00
1.050000000000000000e+01 9.154999999999999361e+00 2.741659999999999968e+02 1.860000000000000000e+02 1.935349999999999966e+02 2.400000000000000000e+02 1.000000000000000000e+00 4.590000000000000191e-01 5.000000000000000000e-01 0.000000000000000000e+00
1.055000000000000071e+01 9.150999999999999801e+00 2.743079999999999927e+02 1.860000000000000000e+02 1.936440000000000055e+02 2.400000000000000000e+02 1.000000000000000000e+00 4.600000000000000200e-01 5.000000000000000000e-01 0.000000000000000000e+00
1.059999999999999964e+01 9.147000000000000242e+00 2.744499999999999886e+02 1.860000000000000000e+02 1.937520000000000095e+02 2.400000000000000000e+02 1.000000000000000000e+00 4.600000000000000200e-01 5.000000000000000000e-01 0.000000000000000000e+00
1.065000000000000036e+01 9.143000000000000682e+00 2.745919999999999845e+02 1.860000000000000000e+02 1.938609999999999900e+02 2.400000000000000000e+02 1.000000000000000000e+00 4.610000000000000209e-01 5.000000000000000000e-01 0.000000000000000000e+00
1.069999999999999929e+01 9.137999999999999901e+00 2.747339999999999804e+02 1.860000000000000000e+02 1.939699999999999989e+02 2.400000000000000000e+02 1.000000000000000000e+00 4.610000000000000209e-01 5.000000000000000000e-01 0.000000000000000000e+00
1.075000000000000000e+01 9.134000000000000341e+00 2.748759999999999764e+02 1.860000000000000000e+02 1.940800000000000125e+02 2.400000000000000000e+02 1.000000000000000000e+00 4.620000000000000218e-01 5.000000000000000000e-01 0.000000000000000000e+00
1.080000000000000071e+01 9.130000000000000782e+00 2.750190000000000055e+02 1.860000000000000000e+02 1.941889999999999930e+02 2.400000000000000000e+02 1.000000000000000000e+00 4.620000000000000218e-01 5.000000000000000000e-01 0.000000000000000000e+00
1.084999999999999964e+01 9.125999999999999446e+00 2.751619999999999777e+02 1.860000000000000000e+02 1.942980000000000018e+02 2.400000000000000000e+02 1.000000000000000000e+00 4.620000000000000218e-01 5.000000000000000000e-01 0.000000000000000000e+00
1.090000000000000036e+01 9.121999999999999886e+00 2.753050000000000068e+02 1.860000000000000000e+02 1.944079999999999870e+02 2.400000000000000000e+02 1.000000000000000000e+00 4.630000000000000226e-01 5.000000000000000000e-01 0.000000000000000000e+00
1.094999999999999929e+01 9.117000000000000881e+00 2.754479999999999791e+02 1.860000000000000000e+02 1.945180000000000007e+02 2.400000000000000000e+02 1.000000000000000000e+00 4.630000000000000226e-01 5.000000000000000000e-01 0.000000000000000000e+00
1.100000000000000000e+01 9.112999999999999545e+00 2.755910000000000082e+02 1.860000000000000000e+02 1.946270000000000095e+02 2.400000000000000000e+02 1.000000000000000000e+00 4.640000000000000235e-01 5.000000000000000000e-01 0.000000000000000000e+00
1.105000000000000071e+01 9.108999999999999986e+00 2.757350000000000136e+02 1.860000000000000000e+02 1.947359999999999900e+02 2.400000000000000000e+02 1.000000000000000000e+00 4.640000000000000235e-01 5.000000000000000000e-01 0.000000000000000000e+00
1.109999999999999964e+01 9.105000000000000426e+00 2.758790000000000191e+02 1.860000000000000000e+02 1.948470000000000084e+02 2.400000000000000000e+02 1.000000000000000000e+00 4.650000000000000244e-01 5.000000000000000000e-01 0.000000000000000000e+00
1.115000000000000036e+01 9.101000000000000867e+00 2.760230000000000246e+02 1.860000000000000000e+02 1.949579999999999984e+02 2.400000000000000000e+02 1.000000000000000000e+00 4.650000000000000244e-01 5.000000000000000000e-01 0.000000000000000000e+00
1.119999999999999929e+01 9.096000000000000085e+00 2.761669999999999732e+02 1.860000000000000000e+02 1.950680000000000121e+02 2.400000000000000000e+02 1.000000000000000000e+00 4.660000000000000253e-01 5.000000000000000000e-01 0.000000000000000000e+00
1.125000000000000000e+01 9.092000000000000526e+00 2.763109999999999786e+02 1.860000000000000000e+02 1.951779999999999973e+02 2.400000000000000000e+02 1.000000000000000000e+00 4.660000000000000253e-01 5.000000000000000000e-01 0.000000000000000000e+00
1.130000000000000071e+01 9.087999999999999190e+00 2.764560000000000173e+02 1.860000000000000000e+02 1.952889999999999873e+02 2.400000000000000000e+02 1.000000000000000000e+00 4.660000000000000253e-01 5.000000000000000000e-01 0.000000000000000000e+00
1.134999999999999964e+01 9.083999999999999631e+00 2.766000000000000227e+02 1.860000000000000000e+02 1.954000000000000057e+02 2.400000000000000000e+02 1.000000000000000000e+00 4.670000000000000262e-01 5.000000000000000000e-01 0.000000000000000000e+00
1.140000000000000036e+01 9.079000000000000625e+00 2.767450000000000045e+02 1.860000000000000000e+02 1.955099999999999909e+02 2.400000000000000000e+02 1.000000000000000000e+00 4.670000000000000262e-01 5.000000000000000000e-01 0.000000000000000000e+00
1.144999999999999929e+01 9.074999999999999289e+00 2.768899999999999864e+02 1.860000000000000000e+02 1.956210000000000093e+02 2.400000000000000000e+02 1.000000000000000000e+00 4.680000000000000271e-01 5.000000000000000000e-01 0.000000000000000000e+00
1.150000000000000000e+01 9.070999999999999730e+00 2.770360000000000014e+02 1.860000000000000000e+02 1.957319999999999993e+02 2.400000000000000000e+02 1.000000000000000000e+00 4.680000000000000271e-01 5.000000000000000000e-01 0.000000000000000000e+00
1.155000000000000071e+01 9.067000000000000171e+00 2.771820000000000164e+02 1.860000000000000000e+02 1.958429999999999893e+02 2.400000000000000000e+02 1.000000000000000000e+00 4.689999999999999725e-01 5.000000000000000000e-01 0.000000000000000000e+00
1.159999999999999964e+01 9.063000000000000611e+00 2.773279999999999745e+02 1.860000000000000000e+02 1.959540000000000077e+02 2.400000000000000000e+02 1.000000000000000000e+00 4.689999999999999725e-01 5.000000000000000000e-01 0.000000000000000000e+00
1.165000000000000036e+01 9.057999999999999829e+00 2.774730000000000132e+02 1.860000000000000000e+02 1.960660000000000025e+02 2.400000000000000000e+02 1.000000000000000000e+00 4.699999999999999734e-01 5.000000000000000000e-01 0.000000000000000000e+00
1.169999999999999929e+01 9.054000000000000270e+00 2.776200000000000045e+02 1.860000000000000000e+02 1.961779999999999973e+02 2.400000000000000000e+02 1.000000000000000000e+00 4.699999999999999734e-01 5.000000000000000000e-01 0.000000000000000000e+00
1.175000000000000000e+01 9.050000000000000711e+00 2.777660000000000196e+02 1.860000000000000000e+02 1.962889999999999873e+02 2.400000000000000000e+02 1.000000000000000000e+00 4.699999999999999734e-01 5.000000000000000000e-01 0.000000000000000000e+00
1.180000000000000071e+01 9.045999999999999375e+00 2.779130000000000109e+02 1.860000000000000000e+02 1.964010000000000105e+02 2.400000000000000000e+02 1.000000000000000000e+00 4.709999999999999742e-01 5.000000000000000000e-01 0.000000000000000000e+00
1.184999999999999964e+01 9.041000000000000369e+00 2.780590000000000259e+02 1.860000000000000000e+02 1.965130000000000052e+02 2.400000000000000000e+02 1.000000000000000000e+00 4.709999999999999742e-01 5.000000000000000000e-01 0.000000000000000000e+00
1.190000000000000036e+01 9.037000000000000810e+00 2.782060000000000173e+02 1.860000000000000000e+02 1.966250000000000000e+02 2.400000000000000000e+02 1.000000000000000000e+00 4.719999999999999751e-01 5.000000000000000000e-01 0.000000000000000000e+00
1.194999999999999929e+01 9.032999999999999474e+00 2.783519999999999754e+02 1.860000000000000000e+02 1.967379999999999995e+02 2.400000000000000000e+02 1.000000000000000000e+00 4.719999999999999751e-01 5.000000000000000000e-01 0.000000000000000000e+00
1.200000000000000000e+01 9.028999999999999915e+00 2.784990000000000236e+02 1.860000000000000000e+02 1.968499999999999943e+02 2.400000000000000000e+02 1.000000000000000000e+00 4.729999999999999760e-01 5.000000000000000000e-01 0.000000000000000000e+00
1.205000000000000071e+01 9.023999999999999133e+00 2.786460000000000150e+02 1.860000000000000000e+02 1.969629999999999939e+02 2.400000000000000000e+02 1.000000000000000000e+00 4.729999999999999760e-01 5.000000000000000000e-01 0.000000000000000000e+00
1.209999999999999964e+01 9.019999999999999574e+00 2.787950000000000159e+02 1.860000000000000000e+02 1.970749999999999886e+02 2.400000000000000000e+02 1.000000000000000000e+00 4.739999999999999769e-01 5.000000000000000000e-01 0.000000000000000000e+00
1.215000000000000036e+01 9.016000000000000014e+00 2.789420000000000073e+02 1.860000000000000000e+02 1.971879999999999882e+02 2.400000000000000000e+02 1.000000000000000000e+00 4.739999999999999769e-01 5.000000000000000000e-01 0.000000000000000000e+00
1.219999999999999929e+01 9.012000000000000455e+00 2.790899999999999750e+02 1.860000000000000000e+02 1.973009999999999877e+02 2.400000000000000000e+02 1.000000000000000000e+00 4.749999999999999778e-01 5.000000000000000000e-01 0.000000000000000000e+00
1.225000000000000000e+01 9.006999999999999673e+00 2.792389999999999759e+02 1.860000000000000000e+02 1.974139999999999873e+02 2.400000000000000000e+02 1.000000000000000000e+00 4.749999999999999778e-01 5.000000000000000000e-01 0.000000000000000000e+00
1.230000000000000071e+01 9.003000000000000114e+00 2.793870000000000005e+02 1.860000000000000000e+02 1.975269999999999868e+02 2.400000000000000000e+02 1.000000000000000000e+00 4.749999999999999778e-01 5.000000000000000000e-01 0.000000000000000000e+00
1.234999999999999964e+01 8.999000000000000554e+00 2.795360000000000014e+02 1.860000000000000000e+02 1.976409999999999911e+02 2.400000000000000000e+02 1.000000000000000000e+00 4.759999999999999787e-01 5.000000000000000000e-01 0.000000000000000000e+00
1.240000000000000036e+01 8.994999999999999218e+00 2.796840000000000259e+02 1.860000000000000000e+02 1.977539999999999907e+02 2.400000000000000000e+02 1.000000000000000000e+00 4.759999999999999787e-01 5.000000000000000000e-01 0.000000000000000000e+00
1.244999999999999929e+01 8.990000000000000213e+00 2.798330000000000268e+02 1.860000000000000000e+02 1.978679999999999950e+02 2.400000000000000000e+02 1.000000000000000000e+00 4.769999999999999796e-01 5.000000000000000000e-01 0.000000000000000000e+00
1.250000000000000000e+01 8.986000000000000654e+00 2.799820000000000277e+02 1.860000000000000000e+02 1.979819999999999993e+02 2.400000000000000000e+02 1.000000000000000000e+00 4.769999999999999796e-01 5.000000000000000000e-01 0.000000000000000000e+00
1.255000000000000071e+01 8.981999999999999318e+00 2.801320000000000050e+02 1.860000000000000000e+02 1.980960000000000036e+02 2.400000000000000000e+02 1.000000000000000000e+00 4.779999999999999805e-01 5.000000000000000000e-01 0.000000000000000000e+00
1.259999999999999964e+01 8.977999999999999758e+00 2.802810000000000059e+02 1.860000000000000000e+02 1.982100000000000080e+02 2.400000000000000000e+02 1.000000000000000000e+00 4.779999999999999805e-01 5.000000000000000000e-01 0.000000000000000000e+00
1.265000000000000036e+01 8.973000000000000753e+00 2.804309999999999832e+02 1.860000000000000000e+02 1.983240000000000123e+02 2.400000000000000000e+02 1.000000000000000000e+00 4.789999999999999813e-01 5.000000000000000000e-01 0.000000000000000000e+00
1.269999999999999929e+01 8.968999999999999417e+00 2.805810000000000173e+02 1.860000000000000000e+02 1.984360000000000070e+02 2.400000000000000000e+02 1.000000000000000000e+00 4.789999999999999813e-01 5.000000000000000000e-01 0.000000000000000000e+00
1.275000000000000000e+01 8.964999999999999858e+00 2.807309999999999945e+02 1.860000000000000000e+02 1.985509999999999877e+02 2.400000000000000000e+02 1.000000000000000000e+00 4.799999999999999822e-01 5.000000000000000000e-01 0.000000000000000000e+00
1.280000000000000071e+01 8.961000000000000298e+00 2.808820000000000050e+02 1.860000000000000000e+02 1.986649999999999920e+02 2.400000000000000000e+02 1.000000000000000000e+00 4.799999999999999822e-01 5.000000000000000000e-01 0.000000000000000000e+00
1.284999999999999964e+01 8.955999999999999517e+00 2.810319999999999823e+02 1.860000000000000000e+02 1.987800000000000011e+02 2.400000000000000000e+02 1.000000000000000000e+00 4.809999999999999831e-01 5.000000000000000000e-01 0.000000000000000000e+00
1.290000000000000036e+01 8.951999999999999957e+00 2.811829999999999927e+02 1.860000000000000000e+02 1.988950000000000102e+02 2.400000000000000000e+02 1.000000000000000000e+00 4.809999999999999831e-01 5.000000000000000000e-01 0.000000000000000000e+00
1.294999999999999929e+01 8.948000000000000398e+00 2.813340000000000032e+02 1.860000000000000000e+02 1.990099999999999909e+02 2.400000000000000000e+02 1.000000000000000000e+00 4.809999999999999831e-01 5.000000000000000000e-01 0.000000000000000000e+00
1.300000000000000000e+01 8.942999999999999616e+00 2.814850000000000136e+02 1.860000000000000000e+02 1.991250000000000000e+02 2.400000000000000000e+02 1.000000000000000000e+00 4.819999999999999840e-01 5.000000000000000000e-01 0.000000000000000000e+00
1.305000000000000071e+01 8.939000000000000057e+00 2.816360000000000241e+02 1.860000000000000000e+02 1.992400000000000091e+02 2.400000000000000000e+02 1.000000000000000000e+00 4.819999999999999840e-01 5.000000000000000000e-01 0.000000000000000000e+00
1.309999999999999964e+01 8.935000000000000497e+00 2.817880000000000109e+02 1.860000000000000000e+02 1.993559999999999945e+02 2.400000000000000000e+02 1.000000000000000000e+00 4.829999999999999849e-01 5.000000000000000000e-01 0.000000000000000000e+00
1.315000000000000036e+01 8.930999999999999162e+00 2.819399999999999977e+02 1.860000000000000000e+02 1.994710000000000036e+02 2.400000000000000000e+02 1.000000000000000000e+00 4.829999999999999849e-01 5.000000000000000000e-01 0.000000000000000000e+00
1.319999999999999929e+01 8.926000000000000156e+00 2.820919999999999845e+02 1.860000000000000000e+02 1.995869999999999891e+02 2.400000000000000000e+02 1.000000000000000000e+00 4.839999999999999858e-01 5.000000000000000000e-01 0.000000000000000000e+00
1.325000000000000000e+01 8.922000000000000597e+00 2.822440000000000282e+02 1.860000000000000000e+02 1.997030000000000030e+02 2.400000000000000000e+02 1.000000000000000000e+00 4.839999999999999858e-01 5.000000000000000000e-01 0.000000000000000000e+00
1.330000000000000071e+01 8.917999999999999261e+00 2.823849999999999909e+02 1.860000000000000000e+02 1.998189999999999884e+02 2.400000000000000000e+02 1.000000000000000000e+00 4.849999999999999867e-01 5.000000000000000000e-01 0.000000000000000000e+00
1.334999999999999964e+01 8.913000000000000256e+00 2.825369999999999777e+02 1.860000000000000000e+02 1.999350000000000023e+02 2.400000000000000000e+02 1.000000000000000000e+00 4.849999999999999867e-01 5.000000000000000000e-01 0.000000000000000000e+00
1.340000000000000036e+01 8.909000000000000696e+00 2.826890000000000214e+02 1.860000000000000000e+02 2.000509999999999877e+02 2.400000000000000000e+02 1.000000000000000000e+00 4.859999999999999876e-01 5.000000000000000000e-01 0.000000000000000000e+00
1.344999999999999929e+01 8.904999999999999361e+00 2.828419999999999845e+02 1.860000000000000000e+02 2.001680000000000064e+02 2.400000000000000000e+02 1.000000000000000000e+00 4.859999999999999876e-01 5.000000000000000000e-01 0.000000000000000000e+00
1.350000000000000000e+01 8.900999999999999801e+00 2.829950000000000045e+02 1.860000000000000000e+02 2.002839999999999918e+02 2.400000000000000000e+02 1.000000000000000000e+00 4.869999999999999885e-01 5.000000000000000000e-01 0.000000000000000000e+00
1.355000000000000071e+01 8.896000000000000796e+00 2.831490000000000009e+02 1.860000000000000000e+02 2.004010000000000105e+02 2.400000000000000000e+02 1.000000000000000000e+00 4.869999999999999885e-01 5.000000000000000000e-01 0.000000000000000000e+00
1.359999999999999964e+01 8.891999999999999460e+00 2.833020000000000209e+02 1.860000000000000000e+02 2.005180000000000007e+02 2.400000000000000000e+02 1.000000000000000000e+00 4.869999999999999885e-01 5.000000000000000000e-01 0.000000000000000000e+00
1.365000000000000036e+01 8.887999999999999901e+00 2.834560000000000173e+02 1.860000000000000000e+02 2.006349999999999909e+02 2.400000000000000000e+02 1.000000000000000000e+00 4.879999999999999893e-01 5.000000000000000000e-01 0.000000000000000000e+00
1.369999999999999929e+01 8.882999999999999119e+00 2.836100000000000136e+02 1.860000000000000000e+02 2.007520000000000095e+02 2.400000000000000000e+02 1.000000000000000000e+00 4.879999999999999893e-01 5.000000000000000000e-01 0.000000000000000000e+00
1.375000000000000000e+01 8.878999999999999559e+00 2.837649999999999864e+02 1.860000000000000000e+02 2.008689999999999998e+02 2.400000000000000000e+02 1.000000000000000000e+00 4.889999999999999902e-01 5.000000000000000000e-01 0.000000000000000000e+00
1.380000000000000071e+01 8.875000000000000000e+00 2.839189999999999827e+02 1.860000000000000000e+02 2.009869999999999948e+02 2.400000000000000000e+02 1.000000000000000000e+00 4.889999999999999902e-01 5.000000000000000000e-01 0.000000000000000000e+00
1.384999999999999964e+01 8.869999999999999218e+00 2.840740000000000123e+02 1.860000000000000000e+02 2.011040000000000134e+02 2.400000000000000000e+02 1.000000000000000000e+00 4.899999999999999911e-01 5.000000000000000000e-01 0.000000000000000000e+00
1.390000000000000036e+01 8.865999999999999659e+00 2.842289999999999850e+02 1.860000000000000000e+02 2.012220000000000084e+02 2.400000000000000000e+02 1.000000000000000000e+00 4.899999999999999911e-01 5.000000000000000000e-01 0.000000000000000000e+00
1.394999999999999929e+01 8.862000000000000099e+00 2.843840000000000146e+02 1.860000000000000000e+02 2.013400000000000034e+02 2.400000000000000000e+02 1.000000000000000000e+00 4.909999999999999920e-01 5.000000000000000000e-01 0.000000000000000000e+00
1.400000000000000000e+01 8.856999999999999318e+00 2.845389999999999873e+02 1.860000000000000000e+02 2.014579999999999984e+02 2.400000000000000000e+02 1.000000000000000000e+00 4.909999999999999920e-01 5.000000000000000000e-01 0.000000000000000000e+00
1.405000000000000071e+01 8.852999999999999758e+00 2.846949999999999932e+02 1.860000000000000000e+02 2.015759999999999934e+02 2.400000000000000000e+02 1.000000000000000000e+00 4.919999999999999929e-01 5.000000000000000000e-01 0.000000000000000000e+00
1.409999999999999964e+01 8.849000000000000199e+00 2.848500000000000227e+02 1.860000000000000000e+02 2.016939999999999884e+02 2.400000000000000000e+02 1.000000000000000000e+00 4.919999999999999929e-01 5.000000000000000000e-01 0.000000000000000000e+00
1.415000000000000036e+01 8.843999999999999417e+00 2.850059999999999718e+02 1.860000000000000000e+02 2.018129999999999882e+02 2.400000000000000000e+02 1.000000000000000000e+00 4.929999999999999938e-01 5.000000000000000000e-01 0.000000000000000000e+00
1.419999999999999929e+01 8.839999999999999858e+00 2.851630000000000109e+02 1.860000000000000000e+02 2.019310000000000116e+02 2.400000000000000000e+02 1.000000000000000000e+00 4.929999999999999938e-01 5.000000000000000000e-01 0.000000000000000000e+00
1.425000000000000000e+01 8.836000000000000298e+00 2.853190000000000168e+02 1.860000000000000000e+02 2.020500000000000114e+02 2.400000000000000000e+02 1.000000000000000000e+00 4.939999999999999947e-01 5.000000000000000000e-01 0.000000000000000000e+00
1.430000000000000071e+01 8.830999999999999517e+00 2.854759999999999991e+02 1.860000000000000000e+02 2.021690000000000111e+02 2.400000000000000000e+02 1.000000000000000000e+00 4.939999999999999947e-01 5.000000000000000000e-01 0.000000000000000000e+00
1.434999999999999964e+01 8.826999999999999957e+00 2.856320000000000050e+02 1.860000000000000000e+02 2.022880000000000109e+02 2.400000000000000000e+02 1.000000000000000000e+00 4.949999999999999956e-01 5.000000000000000000e-01 0.000000000000000000e+00
1.440000000000000036e+01 8.823000000000000398e+00 2.857889999999999873e+02 1.860000000000000000e+02 2.024079999999999870e+02 1.200000000000000000e+02 1.000000000000000000e+00 4.949999999999999956e-01 5.000000000000000000e-01 0.000000000000000000e+00
1.444999999999999929e+01 8.817999999999999616e+00 2.859470000000000027e+02 1.860000000000000000e+02 2.025279999999999916e+02 1.200000000000000000e+02 1.000000000000000000e+00 4.959999999999999964e-01 5.000000000000000000e-01 0.000000000000000000e+00
1.450000000000000000e+01 8.814000000000000057e+00 2.861039999999999850e+02 1.860000000000000000e+02 2.026479999999999961e+02 1.200000000000000000e+02 1.000000000000000000e+00 4.959999999999999964e-01 5.000000000000000000e-01 0.000000000000000000e+00
1.455000000000000071e+01 8.810000000000000497e+00 2.862620000000000005e+02 1.860000000000000000e+02 2.027659999999999911e+02 2.400000000000000000e+02 1.000000000000000000e+00 4.969999999999999973e-01 5.000000000000000000e-01 0.000000000000000000e+00
1.459999999999999964e+01 8.804999999999999716e+00 2.864200000000000159e+02 1.860000000000000000e+02 2.028859999999999957e+02 2.400000000000000000e+02 1.000000000000000000e+00 4.969999999999999973e-01 5.000000000000000000e-01 0.000000000000000000e+00
1.465000000000000036e+01 8.801000000000000156e+00 2.865779999999999745e+02 1.860000000000000000e+02 2.030060000000000002e+02 2.400000000000000000e+02 1.000000000000000000e+00 4.979999999999999982e-01 5.000000000000000000e-01 0.000000000000000000e+00
1.469999999999999929e+01 8.797000000000000597e+00 2.867370000000000232e+02 1.860000000000000000e+02 2.031260000000000048e+02 2.400000000000000000e+02 1.000000000000000000e+00 4.979999999999999982e-01 5.000000000000000000e-01 0.000000000000000000e+00
1.475000000000000000e+01 8.791999999999999815e+00 2.868949999999999818e+02 1.860000000000000000e+02 2.032460000000000093e+02 2.400000000000000000e+02 1.000000000000000000e+00 4.989999999999999991e-01 5.000000000000000000e-01 0.000000000000000000e+00
1.480000000000000071e+01 8.788000000000000256e+00 2.870550000000000068e+02 1.860000000000000000e+02 2.033660000000000139e+02 2.400000000000000000e+02 1.000000000000000000e+00 4.989999999999999991e-01 5.000000000000000000e-01 0.000000000000000000e+00
1.484999999999999964e+01 8.784000000000000696e+00 2.872139999999999986e+02 1.860000000000000000e+02 2.034869999999999948e+02 2.400000000000000000e+02 1.000000000000000000e+00 5.000000000000000000e-01 5.000000000000000000e-01 0.000000000000000000e+00
1.490000000000000036e+01 8.778999999999999915e+00 2.873729999999999905e+02 1.860000000000000000e+02 2.036080000000000041e+02 2.400000000000000000e+02 1.000000000000000000e+00 5.000000000000000000e-01 5.000000000000000000e-01 0.000000000000000000e+00
1.494999999999999929e+01 8.775000000000000355e+00 2.875319999999999823e+02 1.860000000000000000e+02 2.037290000000000134e+02 2.400000000000000000e+02 1.000000000000000000e+00 5.000000000000000000e-01 5.000000000000000000e-01 0.000000000000000000e+00
1.500000000000000000e+01 8.771000000000000796e+00 2.876920000000000073e+02 1.860000000000000000e+02 2.038499999999999943e+02 2.400000000000000000e+02 1.000000000000000000e+00 5.010000000000000009e-01 5.000000000000000000e-01 0.000000000000000000e+00
1.505000000000000071e+01 8.766000000000000014e+00 2.878519999999999754e+02 1.860000000000000000e+02 2.039710000000000036e+02 2.400000000000000000e+02 1.000000000000000000e+00 5.010000000000000009e-01 5.000000000000000000e-01 0.000000000000000000e+00
1.509999999999999964e+01 8.762000000000000455e+00 2.880120000000000005e+02 1.860000000000000000e+02 2.040920000000000130e+02 2.400000000000000000e+02 1.000000000000000000e+00 5.020000000000000018e-01 5.000000000000000000e-01 0.000000000000000000e+00
1.515000000000000036e+01 8.756999999999999673e+00 2.881720000000000255e+02 1.860000000000000000e+02 2.042160000000000082e+02 1.200000000000000000e+02 1.000000000000000000e+00 5.020000000000000018e-01 5.000000000000000000e-01 0.000000000000000000e+00
1.519999999999999929e+01 8.753000000000000114e+00 2.883330000000000268e+02 1.860000000000000000e+02 2.043379999999999939e+02 1.200000000000000000e+02 1.000000000000000000e+00 5.030000000000000027e-01 5.000000000000000000e-01 0.000000000000000000e+00
1.525000000000000000e+01 8.749000000000000554e+00 2.884940000000000282e+02 1.860000000000000000e+02 2.044610000000000127e+02 1.200000000000000000e+02 1.000000000000000000e+00 5.030000000000000027e-01 5.000000000000000000e-01 0.000000000000000000e+00
1.530000000000000071e+01 8.743999999999999773e+00 2.886549999999999727e+02 1.860000000000000000e+02 2.045840000000000032e+02 1.200000000000000000e+02 1.000000000000000000e+00 5.040000000000000036e-01 5.000000000000000000e-01 0.000000000000000000e+00
1.534999999999999964e+01 8.740000000000000213e+00 2.888170000000000073e+02 1.860000000000000000e+02 2.047069999999999936e+02 1.200000000000000000e+02 1.000000000000000000e+00 5.040000000000000036e-01 5.000000000000000000e-01 0.000000000000000000e+00
1.540000000000000036e+01 8.736000000000000654e+00 2.889780000000000086e+02 1.860000000000000000e+02 2.048300000000000125e+02 1.200000000000000000e+02 1.000000000000000000e+00 5.050000000000000044e-01 5.000000000000000000e-01 0.000000000000000000e+00
1.544999999999999929e+01 8.730999999999999872e+00 2.891370000000000005e+02 1.860000000000000000e+02 2.050149999999999864e+02 1.200000000000000000e+02 1.000000000000000000e+00 5.050000000000000044e-01 5.000000000000000000e-01 0.000000000000000000e+00
1.550000000000000000e+01 8.727000000000000313e+00 2.893000000000000114e+02 1.860000000000000000e+02 2.051380000000000052e+02 1.200000000000000000e+02 1.000000000000000000e+00 5.060000000000000053e-01 5.000000000000000000e-01 0.000000000000000000e+00
1.555000000000000071e+01 8.721999999999999531e+00 2.894649999999999750e+02 1.860000000000000000e+02 2.052069999999999936e+02 1.200000000000000000e+02 1.000000000000000000e+00 5.060000000000000053e-01 5.000000000000000000e-01 0.000000000000000000e+00
1.559999999999999964e+01 8.717999999999999972e+00 2.896259999999999764e+02 1.860000000000000000e+02 2.053309999999999889e+02 1.200000000000000000e+02 1.000000000000000000e+00 5.070000000000000062e-01 5.000000000000000000e-01 0.000000000000000000e+00
1.565000000000000036e+01 8.714000000000000412e+00 2.897860000000000014e+02 1.860000000000000000e+02 2.055099999999999909e+02 1.200000000000000000e+02 1.000000000000000000e+00 5.070000000000000062e-01 5.000000000000000000e-01 0.000000000000000000e+00
1.569999999999999929e+01 8.708999999999999631e+00 2.899499999999999886e+02 1.860000000000000000e+02 2.056339999999999861e+02 1.200000000000000000e+02 1.000000000000000000e+00 5.080000000000000071e-01 5.000000000000000000e-01 0.000000000000000000e+00
1.575000000000000000e+01 8.705000000000000071e+00 2.901159999999999854e+02 1.860000000000000000e+02 2.057030000000000030e+02 1.200000000000000000e+02 1.000000000000000000e+00 5.080000000000000071e-01 5.000000000000000000e-01 0.000000000000000000e+00
1.580000000000000071e+01 8.699999999999999289e+00 2.902780000000000200e+02 1.860000000000000000e+02 2.058280000000000030e+02 1.200000000000000000e+02 1.000000000000000000e+00 5.090000000000000080e-01 5.000000000000000000e-01 0.000000000000000000e+00
1.584999999999999964e+01 8.695999999999999730e+00 2.904390000000000214e+02 1.860000000000000000e+02 2.060080000000000098e+02 1.200000000000000000e+02 1.000000000000000000e+00 5.090000000000000080e-01 5.000000000000000000e-01 0.000000000000000000e+00
1.590000000000000036e+01 8.692000000000000171e+00 2.906039999999999850e+02 1.860000000000000000e+02 2.061320000000000050e+02 1.200000000000000000e+02 1.000000000000000000e+00 5.100000000000000089e-01 5.000000000000000000e-01 0.000000000000000000e+00
1.594999999999999929e+01 8.686999999999999389e+00 2.907710000000000150e+02 1.860000000000000000e+02 2.062019999999999982e+02 1.200000000000000000e+02 1.000000000000000000e+00 5.100000000000000089e-01 5.000000000000000000e-01 0.000000000000000000e+00
1.600000000000000000e+01 8.682999999999999829e+00 2.909340000000000259e+02 1.860000000000000000e+02 2.063269999999999982e+02 1.200000000000000000e+02 1.000000000000000000e+00 5.110000000000000098e-01 5.000000000000000000e-01 0.000000000000000000e+00
1.605000000000000071e+01 8.678000000000000824e+00 2.910960000000000036e+02 1.860000000000000000e+02 2.065080000000000098e+02 1.200000000000000000e+02 1.000000000000000000e+00 5.110000000000000098e-01 5.000000000000000000e-01 0.000000000000000000e+00
1.610000000000000142e+01 8.673999999999999488e+00 2.912620000000000005e+02 1.860000000000000000e+02 2.066320000000000050e+02 1.200000000000000000e+02 1.000000000000000000e+00 5.120000000000000107e-01 5.000000000000000000e-01 0.000000000000000000e+00
1.614999999999999858e+01 8.669999999999999929e+00 2.914289999999999736e+02 1.860000000000000000e+02 2.067030000000000030e+02 1.200000000000000000e+02 1.000000000000000000e+00 5.120000000000000107e-01 5.000000000000000000e-01 0.000000000000000000e+00
1.619999999999999929e+01 8.664999999999999147e+00 2.915939999999999941e+02 1.860000000000000000e+02 2.068290000000000077e+02 1.200000000000000000e+02 1.000000000000000000e+00 5.130000000000000115e-01 5.000000000000000000e-01 0.000000000000000000e+00
1.625000000000000000e+01 8.660999999999999588e+00 2.917570000000000050e+02 1.860000000000000000e+02 2.070099999999999909e+02 1.200000000000000000e+02 1.000000000000000000e+00 5.130000000000000115e-01 5.000000000000000000e-01 0.000000000000000000e+00
1.630000000000000071e+01 8.656000000000000583e+00 2.919230000000000018e+02 1.860000000000000000e+02 2.071359999999999957e+02 1.200000000000000000e+02 1.000000000000000000e+00 5.140000000000000124e-01 5.000000000000000000e-01 0.000000000000000000e+00
1.635000000000000142e+01 8.651999999999999247e+00 2.920919999999999845e+02 1.860000000000000000e+02 2.072059999999999889e+02 1.200000000000000000e+02 1.000000000000000000e+00 5.150000000000000133e-01 5.000000000000000000e-01 0.000000000000000000e+00
1.639999999999999858e+01 8.647000000000000242e+00 2.922570000000000050e+02 1.860000000000000000e+02 2.073329999999999984e+02 1.200000000000000000e+02 1.000000000000000000e+00 5.150000000000000133e-01 5.000000000000000000e-01 0.000000000000000000e+00
1.644999999999999929e+01 8.643000000000000682e+00 2.924209999999999923e+02 1.860000000000000000e+02 2.075149999999999864e+02 1.200000000000000000e+02 1.000000000000000000e+00 5.160000000000000142e-01 5.000000000000000000e-01 0.000000000000000000e+00
1.650000000000000000e+01 8.634999999999999787e+00 2.946179999999999950e+02 1.860000000000000000e+02 2.081409999999999911e+02 1.200000000000000000e+02 1.000000000000000000e+00 5.220000000000000195e-01 5.000000000000000000e-01 0.000000000000000000e+00
1.655000000000000071e+01 8.630000000000000782e+00 2.949879999999999995e+02 1.860000000000000000e+02 2.083410000000000082e+02 1.200000000000000000e+02 1.000000000000000000e+00 5.230000000000000204e-01 5.000000000000000000e-01 0.000000000000000000e+00
1.660000000000000142e+01 8.625999999999999446e+00 2.951820000000000164e+02 1.860000000000000000e+02 2.084739999999999895e+02 1.200000000000000000e+02 1.000000000000000000e+00 5.240000000000000213e-01 5.000000000000000000e-01 0.000000000000000000e+00
1.664999999999999858e+01 8.621000000000000441e+00 2.953539999999999850e+02 1.860000000000000000e+02 2.086040000000000134e+02 1.200000000000000000e+02 1.000000000000000000e+00 5.250000000000000222e-01 5.000000000000000000e-01 0.000000000000000000e+00
1.669999999999999929e+01 8.617000000000000881e+00 2.955249999999999773e+02 1.860000000000000000e+02 2.087330000000000041e+02 1.200000000000000000e+02 1.000000000000000000e+00 5.250000000000000222e-01 5.000000000000000000e-01 0.000000000000000000e+00
1.675000000000000000e+01 8.612000000000000099e+00 2.956960000000000264e+02 1.860000000000000000e+02 2.088619999999999948e+02 1.200000000000000000e+02 1.000000000000000000e+00 5.260000000000000231e-01 5.000000000000000000e-01 0.000000000000000000e+00
1.680000000000000071e+01 8.608000000000000540e+00 2.958670000000000186e+02 1.860000000000000000e+02 2.089900000000000091e+02 1.200000000000000000e+02 1.000000000000000000e+00 5.260000000000000231e-01 5.000000000000000000e-01 0.000000000000000000e+00
1.685000000000000142e+01 8.602999999999999758e+00 2.960380000000000109e+02 1.860000000000000000e+02 2.091189999999999998e+02 1.200000000000000000e+02 1.000000000000000000e+00 5.270000000000000240e-01 5.000000000000000000e-01 0.000000000000000000e+00
1.689999999999999858e+01 8.599000000000000199e+00 2.962099999999999795e+02 1.860000000000000000e+02 2.092479999999999905e+02 1.200000000000000000e+02 1.000000000000000000e+00 5.270000000000000240e-01 5.000000000000000000e-01 0.000000000000000000e+00
1.694999999999999929e+01 8.593999999999999417e+00 2.963809999999999718e+02 1.860000000000000000e+02 2.093779999999999859e+02 1.200000000000000000e+02 1.000000000000000000e+00 5.280000000000000249e-01 5.000000000000000000e-01 0.000000000000000000e+00
1.700000000000000000e+01 8.589999999999999858e+00 2.965529999999999973e+02 1.860000000000000000e+02 2.095070000000000050e+02 1.200000000000000000e+02 1.000000000000000000e+00 5.280000000000000249e-01 5.000000000000000000e-01 0.000000000000000000e+00
1.705000000000000071e+01 8.585000000000000853e+00 2.967259999999999991e+02 1.860000000000000000e+02 2.096370000000000005e+02 1.200000000000000000e+02 1.000000000000000000e+00 5.290000000000000258e-01 5.000000000000000000e-01 0.000000000000000000e+00
1.710000000000000142e+01 8.580999999999999517e+00 2.968980000000000246e+02 1.860000000000000000e+02 2.097669999999999959e+02 1.200000000000000000e+02 1.000000000000000000e+00 5.290000000000000258e-01 5.000000000000000000e-01 0.000000000000000000e+00
1.714999999999999858e+01 8.576000000000000512e+00 2.970710000000000264e+02 1.860000000000000000e+02 2.098969999999999914e+02 1.200000000000000000e+02 1.000000000000000000e+00 5.300000000000000266e-01 5.000000000000000000e-01 0.000000000000000000e+00
1.719999999999999929e+01 8.571999999999999176e+00 2.972440000000000282e+02 1.860000000000000000e+02 2.100279999999999916e+02 1.200000000000000000e+02 1.000000000000000000e+00 5.300000000000000266e-01 5.000000000000000000e-01 0.000000000000000000e+00
1.725000000000000000e+01 8.567000000000000171e+00 2.974180000000000064e+02 1.860000000000000000e+02 2.101450000000000102e+02 1.200000000000000000e+02 1.000000000000000000e+00 5.310000000000000275e-01 5.000000000000000000e-01 0.000000000000000000e+00
1.730000000000000071e+01 8.563000000000000611e+00 2.975910000000000082e+02 1.860000000000000000e+02 2.102750000000000057e+02 1.200000000000000000e+02 1.000000000000000000e+00 5.310000000000000275e-01 5.000000000000000000e-01 0.000000000000000000e+00
1.735000000000000142e+01 8.557999999999999829e+00 2.977649999999999864e+02 1.860000000000000000e+02 2.104060000000000059e+02 1.200000000000000000e+02 1.000000000000000000e+00 5.320000000000000284e-01 5.000000000000000000e-01 0.000000000000000000e+00
1.739999999999999858e+01 8.554000000000000270e+00 2.979390000000000214e+02 1.860000000000000000e+02 2.105370000000000061e+02 1.200000000000000000e+02 1.000000000000000000e+00 5.320000000000000284e-01 5.000000000000000000e-01 0.000000000000000000e+00
1.744999999999999929e+01 8.548999999999999488e+00 2.981139999999999759e+02 1.860000000000000000e+02 2.106680000000000064e+02 1.200000000000000000e+02 1.000000000000000000e+00 5.330000000000000293e-01 5.000000000000000000e-01 0.000000000000000000e+00
1.750000000000000000e+01 8.544999999999999929e+00 2.982880000000000109e+02 1.860000000000000000e+02 2.108000000000000114e+02 1.200000000000000000e+02 1.000000000000000000e+00 5.340000000000000302e-01 5.000000000000000000e-01 0.000000000000000000e+00
1.755000000000000071e+01 8.539999999999999147e+00 2.984630000000000223e+02 1.860000000000000000e+02 2.109310000000000116e+02 1.200000000000000000e+02 1.000000000000000000e+00 5.340000000000000302e-01 5.000000000000000000e-01 0.000000000000000000e+00
1.760000000000000142e+01 8.535999999999999588e+00 2.986379999999999768e+02 1.860000000000000000e+02 2.110629999999999882e+02 1.200000000000000000e+02 1.000000000000000000e+00 5.350000000000000311e-01 5.000000000000000000e-01 0.000000000000000000e+00
1.764999999999999858e+01 8.531000000000000583e+00 2.988140000000000214e+02 1.860000000000000000e+02 2.111949999999999932e+02 1.200000000000000000e+02 1.000000000000000000e+00 5.350000000000000311e-01 5.000000000000000000e-01 0.000000000000000000e+00
1.769999999999999929e+01 8.526999999999999247e+00 2.989900000000000091e+02 1.860000000000000000e+02 2.113269999999999982e+02 1.200000000000000000e+02 1.000000000000000000e+00 5.360000000000000320e-01 5.000000000000000000e-01 0.000000000000000000e+00
1.775000000000000000e+01 8.522000000000000242e+00 2.991659999999999968e+02 1.860000000000000000e+02 2.114590000000000032e+02 1.200000000000000000e+02 1.000000000000000000e+00 5.360000000000000320e-01 5.000000000000000000e-01 0.000000000000000000e+00
1.780000000000000071e+01 8.518000000000000682e+00 2.993419999999999845e+02 1.860000000000000000e+02 2.115920000000000130e+02 1.200000000000000000e+02 1.000000000000000000e+00 5.370000000000000329e-01 5.000000000000000000e-01 0.000000000000000000e+00
1.785000000000000142e+01 8.512999999999999901e+00 2.995179999999999723e+02 1.860000000000000000e+02 2.117239999999999895e+02 1.200000000000000000e+02 1.000000000000000000e+00 5.370000000000000329e-01 5.000000000000000000e-01 0.000000000000000000e+00
1.789999999999999858e+01 8.509000000000000341e+00 2.996949999999999932e+02 1.860000000000000000e+02 2.118569999999999993e+02 1.200000000000000000e+02 1.000000000000000000e+00 5.380000000000000338e-01 5.000000000000000000e-01 0.000000000000000000e+00
1.794999999999999929e+01 8.503999999999999559e+00 2.998720000000000141e+02 1.860000000000000000e+02 2.119900000000000091e+02 1.200000000000000000e+02 1.000000000000000000e+00 5.380000000000000338e-01 5.000000000000000000e-01 0.000000000000000000e+00
1.800000000000000000e+01 8.500000000000000000e+00 3.000480000000000018e+02 1.860000000000000000e+02 2.121229999999999905e+02 1.200000000000000000e+02 1.000000000000000000e+00 5.390000000000000346e-01 5.000000000000000000e-01 0.000000000000000000e+00
1.805000000000000071e+01 8.494999999999999218e+00 3.002259999999999991e+02 1.860000000000000000e+02 2.122779999999999916e+02 1.200000000000000000e+02 1.000000000000000000e+00 5.400000000000000355e-01 5.000000000000000000e-01 0.000000000000000000e+00
1.810000000000000142e+01 8.490999999999999659e+00 3.004030000000000200e+02 1.860000000000000000e+02 2.124120000000000061e+02 1.200000000000000000e+02 1.000000000000000000e+00 5.400000000000000355e-01 5.000000000000000000e-01 0.000000000000000000e+00
1.814999999999999858e+01 8.486000000000000654e+00 3.005819999999999936e+02 1.860000000000000000e+02 2.125459999999999923e+02 1.200000000000000000e+02 1.000000000000000000e+00 5.410000000000000364e-01 5.000000000000000000e-01 0.000000000000000000e+00
1.819999999999999929e+01 8.481999999999999318e+00 3.007599999999999909e+02 1.860000000000000000e+02 2.126800000000000068e+02 1.200000000000000000e+02 1.000000000000000000e+00 5.410000000000000364e-01 5.000000000000000000e-01 0.000000000000000000e+00
1.825000000000000000e+01 8.477000000000000313e+00 3.009390000000000214e+02 1.860000000000000000e+02 2.128139999999999930e+02 1.200000000000000000e+02 1.000000000000000000e+00 5.420000000000000373e-01 5.000000000000000000e-01 0.000000000000000000e+00
1.830000000000000071e+01 8.473000000000000753e+00 3.011179999999999950e+02 1.860000000000000000e+02 2.129480000000000075e+02 1.200000000000000000e+02 1.000000000000000000e+00 5.420000000000000373e-01 5.000000000000000000e-01 0.000000000000000000e+00
1.835000000000000142e+01 8.467999999999999972e+00 3.012970000000000255e+02 1.860000000000000000e+02 2.130829999999999984e+02 1.200000000000000000e+02 1.000000000000000000e+00 5.430000000000000382e-01 5.000000000000000000e-01 0.000000000000000000e+00
1.839999999999999858e+01 8.464000000000000412e+00 3.014759999999999991e+02 1.860000000000000000e+02 2.132170000000000130e+02 1.200000000000000000e+02 1.000000000000000000e+00 5.430000000000000382e-01 5.000000000000000000e-01 0.000000000000000000e+00
1.844999999999999929e+01 8.458999999999999631e+00 3.016560000000000059e+02 1.860000000000000000e+02 2.133520000000000039e+02 1.200000000000000000e+02 1.000000000000000000e+00 5.440000000000000391e-01 5.000000000000000000e-01 0.000000000000000000e+00
1.850000000000000000e+01 8.455000000000000071e+00 3.018360000000000127e+02 1.860000000000000000e+02 2.134869999999999948e+02 1.200000000000000000e+02 1.000000000000000000e+00 5.440000000000000391e-01 5.000000000000000000e-01 0.000000000000000000e+00
1.855000000000000071e+01 8.449999999999999289e+00 3.020169999999999959e+02 1.860000000000000000e+02 2.136229999999999905e+02 1.200000000000000000e+02 1.000000000000000000e+00 5.450000000000000400e-01 5.000000000000000000e-01 0.000000000000000000e+00
1.860000000000000142e+01 8.445000000000000284e+00 3.021970000000000027e+02 1.860000000000000000e+02 2.137580000000000098e+02 1.200000000000000000e+02 1.000000000000000000e+00 5.460000000000000409e-01 5.000000000000000000e-01 0.000000000000000000e+00
1.864999999999999858e+01 8.441000000000000725e+00 3.023779999999999859e+02 1.860000000000000000e+02 2.138940000000000055e+02 1.200000000000000000e+02 1.000000000000000000e+00 5.460000000000000409e-01 5.000000000000000000e-01 0.000000000000000000e+00
1.869999999999999929e+01 8.435999999999999943e+00 3.025590000000000259e+02 1.860000000000000000e+02 2.140300000000000011e+02 1.200000000000000000e+02 1.000000000000000000e+00 5.470000000000000417e-01 5.000000000000000000e-01 0.000000000000000000e+00
1.875000000000000000e+01 8.432000000000000384e+00 3.027409999999999854e+02 1.860000000000000000e+02 2.141659999999999968e+02 1.200000000000000000e+02 1.000000000000000000e+00 5.470000000000000417e-01 5.000000000000000000e-01 0.000000000000000000e+00
1.880000000000000071e+01 8.426999999999999602e+00 3.029230000000000018e+02 1.860000000000000000e+02 2.143019999999999925e+02 1.200000000000000000e+02 1.000000000000000000e+00 5.480000000000000426e-01 5.000000000000000000e-01 0.000000000000000000e+00
1.885000000000000142e+01 8.423000000000000043e+00 3.031050000000000182e+02 1.860000000000000000e+02 2.144379999999999882e+02 1.200000000000000000e+02 1.000000000000000000e+00 5.480000000000000426e-01 5.000000000000000000e-01 0.000000000000000000e+00
1.889999999999999858e+01 8.417999999999999261e+00 3.032869999999999777e+02 1.860000000000000000e+02 2.145749999999999886e+02 1.200000000000000000e+02 1.000000000000000000e+00 5.490000000000000435e-01 5.000000000000000000e-01 0.000000000000000000e+00
1.894999999999999929e+01 8.413999999999999702e+00 3.034689999999999941e+02 1.860000000000000000e+02 2.147119999999999891e+02 1.200000000000000000e+02 1.000000000000000000e+00 5.490000000000000435e-01 5.000000000000000000e-01 0.000000000000000000e+00
1.900000000000000000e+01 8.409000000000000696e+00 3.036519999999999868e+02 1.860000000000000000e+02 2.148489999999999895e+02 1.200000000000000000e+02 1.000000000000000000e+00 5.500000000000000444e-01 5.000000000000000000e-01 0.000000000000000000e+00
1.905000000000000071e+01 8.403999999999999915e+00 3.038349999999999795e+02 1.860000000000000000e+02 2.149859999999999900e+02 1.200000000000000000e+02 1.000000000000000000e+00 5.510000000000000453e-01 5.000000000000000000e-01 0.000000000000000000e+00
1.910000000000000142e+01 8.400000000000000355e+00 3.040190000000000055e+02 1.860000000000000000e+02 2.151200000000000045e+02 1.200000000000000000e+02 1.000000000000000000e+00 5.510000000000000453e-01 5.000000000000000000e-01 0.000000000000000000e+00
1.914999999999999858e+01 8.394999999999999574e+00 3.042029999999999745e+02 1.860000000000000000e+02 2.152609999999999957e+02 1.200000000000000000e+02 1.000000000000000000e+00 5.520000000000000462e-01 5.000000000000000000e-01 0.000000000000000000e+00
1.919999999999999929e+01 8.391000000000000014e+00 3.043870000000000005e+02 1.860000000000000000e+02 2.153979999999999961e+02 1.200000000000000000e+02 1.000000000000000000e+00 5.520000000000000462e-01 5.000000000000000000e-01 0.000000000000000000e+00
1.925000000000000000e+01 8.385999999999999233e+00 3.045710000000000264e+02 1.860000000000000000e+02 2.155360000000000014e+02 1.200000000000000000e+02 1.000000000000000000e+00 5.530000000000000471e-01 5.000000000000000000e-01 0.000000000000000000e+00
1.930000000000000071e+01 8.381000000000000227e+00 3.047559999999999718e+02 1.860000000000000000e+02 2.156750000000000114e+02 1.200000000000000000e+02 1.000000000000000000e+00 5.530000000000000471e-01 5.000000000000000000e-01 0.000000000000000000e+00
1.935000000000000142e+01 8.377000000000000668e+00 3.049409999999999741e+02 1.860000000000000000e+02 2.158129999999999882e+02 1.200000000000000000e+02 1.000000000000000000e+00 5.540000000000000480e-01 5.000000000000000000e-01 0.000000000000000000e+00
1.939999999999999858e+01 8.371999999999999886e+00 3.051259999999999764e+02 1.860000000000000000e+02 2.159509999999999934e+02 1.200000000000000000e+02 1.000000000000000000e+00 5.550000000000000488e-01 5.000000000000000000e-01 0.000000000000000000e+00
1.944999999999999929e+01 8.368000000000000327e+00 3.053120000000000118e+02 1.860000000000000000e+02 2.160900000000000034e+02 1.200000000000000000e+02 1.000000000000000000e+00 5.550000000000000488e-01 5.000000000000000000e-01 0.000000000000000000e+00
1.950000000000000000e+01 8.362999999999999545e+00 3.054979999999999905e+02 1.860000000000000000e+02 2.162290000000000134e+02 1.200000000000000000e+02 1.000000000000000000e+00 5.560000000000000497e-01 5.000000000000000000e-01 0.000000000000000000e+00
1.955000000000000071e+01 8.358000000000000540e+00 3.056840000000000259e+02 1.860000000000000000e+02 2.163679999999999950e+02 1.200000000000000000e+02 1.000000000000000000e+00 5.560000000000000497e-01 5.000000000000000000e-01 0.000000000000000000e+00
1.960000000000000142e+01 8.353999999999999204e+00 3.058700000000000045e+02 1.860000000000000000e+02 2.165070000000000050e+02 1.200000000000000000e+02 1.000000000000000000e+00 5.570000000000000506e-01 5.000000000000000000e-01 0.000000000000000000e+00
1.964999999999999858e+01 8.349000000000000199e+00 3.060570000000000164e+02 1.860000000000000000e+02 2.166469999999999914e+02 1.200000000000000000e+02 1.000000000000000000e+00 5.570000000000000506e-01 5.000000000000000000e-01 0.000000000000000000e+00
1.969999999999999929e+01 8.345000000000000639e+00 3.062420000000000186e+02 1.860000000000000000e+02 2.167870000000000061e+02 1.200000000000000000e+02 1.000000000000000000e+00 5.580000000000000515e-01 5.000000000000000000e-01 0.000000000000000000e+00
1.975000000000000000e+01 8.339999999999999858e+00 3.064279999999999973e+02 1.860000000000000000e+02 2.169269999999999925e+02 1.200000000000000000e+02 1.000000000000000000e+00 5.590000000000000524e-01 5.000000000000000000e-01 0.000000000000000000e+00
1.980000000000000071e+01 8.335000000000000853e+00 3.066159999999999854e+02 1.860000000000000000e+02 2.170670000000000073e+02 1.200000000000000000e+02 1.000000000000000000e+00 5.590000000000000524e-01 5.000000000000000000e-01 0.000000000000000000e+00
1.985000000000000142e+01 8.330999999999999517e+00 3.068039999999999736e+02 1.860000000000000000e+02 2.172069999999999936e+02 1.200000000000000000e+02 1.000000000000000000e+00 5.600000000000000533e-01 5.000000000000000000e-01 0.000000000000000000e+00
1.989999999999999858e+01 8.326000000000000512e+00 3.069920000000000186e+02 1.860000000000000000e+02 2.173480000000000132e+02 1.200000000000000000e+02 1.000000000000000000e+00 5.600000000000000533e-01 5.000000000000000000e-01 0.000000000000000000e+00
1.994999999999999929e+01 8.321999999999999176e+00 3.071800000000000068e+02 1.860000000000000000e+02 2.174879999999999995e+02 1.200000000000000000e+02 1.000000000000000000e+00 5.610000000000000542e-01 5.000000000000000000e-01 0.000000000000000000e+00
2.000000000000000000e+01 8.317000000000000171e+00 3.073690000000000282e+02 1.860000000000000000e+02 2.176289999999999907e+02 1.200000000000000000e+02 1.000000000000000000e+00 5.610000000000000542e-01 5.000000000000000000e-01 0.000000000000000000e+00
2.005000000000000071e+01 8.311999999999999389e+00 3.075579999999999927e+02 1.860000000000000000e+02 2.177700000000000102e+02 1.200000000000000000e+02 1.000000000000000000e+00 5.620000000000000551e-01 5.000000000000000000e-01 0.000000000000000000e+00
2.010000000000000142e+01 8.307999999999999829e+00 3.077479999999999905e+02 1.860000000000000000e+02 2.179120000000000061e+02 1.200000000000000000e+02 1.000000000000000000e+00 5.629999999999999449e-01 5.000000000000000000e-01 0.000000000000000000e+00
2.014999999999999858e+01 8.303000000000000824e+00 3.079370000000000118e+02 1.860000000000000000e+02 2.180529999999999973e+02 1.200000000000000000e+02 1.000000000000000000e+00 5.629999999999999449e-01 5.000000000000000000e-01 0.000000000000000000e+00
2.019999999999999929e+01 8.298000000000000043e+00 3.081270000000000095e+02 1.860000000000000000e+02 2.181949999999999932e+02 1.200000000000000000e+02 1.000000000000000000e+00 5.639999999999999458e-01 5.000000000000000000e-01 0.000000000000000000e+00
2.025000000000000000e+01 8.294000000000000483e+00 3.083179999999999836e+02 1.860000000000000000e+02 2.183369999999999891e+02 1.200000000000000000e+02 1.000000000000000000e+00 5.639999999999999458e-01 5.000000000000000000e-01 0.000000000000000000e+00
2.030000000000000071e+01 8.294000000000000483e+00 3.062730000000000246e+02 1.860000000000000000e+02 2.182199999999999989e+02 1.230000000000000000e+02 1.000000000000000000e+00 5.580000000000000515e-01 5.000000000000000000e-01 0.000000000000000000e+00
2.035000000000000142e+01 8.289999999999999147e+00 3.061109999999999900e+02 1.860000000000000000e+02 2.182659999999999911e+02 1.230000000000000000e+02 1.000000000000000000e+00 5.580000000000000515e-01 5.000000000000000000e-01 0.000000000000000000e+00
2.039999999999999858e+01 8.285999999999999588e+00 3.062570000000000050e+02 1.860000000000000000e+02 2.184000000000000057e+02 1.230000000000000000e+02 1.000000000000000000e+00 5.580000000000000515e-01 5.000000000000000000e-01 0.000000000000000000e+00
2.044999999999999929e+01 8.281000000000000583e+00 3.064359999999999786e+02 1.860000000000000000e+02 2.185399999999999920e+02 1.230000000000000000e+02 1.000000000000000000e+00 5.590000000000000524e-01 5.000000000000000000e-01 0.000000000000000000e+00
2.050000000000000000e+01 8.276999999999999247e+00 3.066240000000000236e+02 1.860000000000000000e+02 2.186819999999999879e+02 1.230000000000000000e+02 1.000000000000000000e+00 5.590000000000000524e-01 5.000000000000000000e-01 0.000000000000000000e+00
2.055000000000000071e+01 8.272000000000000242e+00 3.068120000000000118e+02 1.860000000000000000e+02 2.188230000000000075e+02 1.230000000000000000e+02 1.000000000000000000e+00 5.600000000000000533e-01 5.000000000000000000e-01 0.000000000000000000e+00
2.060000000000000142e+01 8.266999999999999460e+00 3.070009999999999764e+02 1.860000000000000000e+02 2.189660000000000082e+02 1.230000000000000000e+02 1.000000000000000000e+00 5.600000000000000533e-01 5.000000000000000000e-01 0.000000000000000000e+00
2.064999999999999858e+01 8.262999999999999901e+00 3.071909999999999741e+02 1.860000000000000000e+02 2.191100000000000136e+02 1.230000000000000000e+02 1.000000000000000000e+00 5.610000000000000542e-01 5.000000000000000000e-01 0.000000000000000000e+00
2.069999999999999929e+01 8.257999999999999119e+00 3.073809999999999718e+02 1.860000000000000000e+02 2.192529999999999859e+02 1.230000000000000000e+02 1.000000000000000000e+00 5.620000000000000551e-01 5.000000000000000000e-01 0.000000000000000000e+00
2.075000000000000000e+01 8.253000000000000114e+00 3.075710000000000264e+02 1.860000000000000000e+02 2.193969999999999914e+02 1.230000000000000000e+02 1.000000000000000000e+00 5.620000000000000551e-01 5.000000000000000000e-01 0.000000000000000000e+00
2.080000000000000071e+01 8.249000000000000554e+00 3.077610000000000241e+02 1.860000000000000000e+02 2.195409999999999968e+02 1.230000000000000000e+02 1.000000000000000000e+00 5.629999999999999449e-01 5.000000000000000000e-01 0.000000000000000000e+00
2.085000000000000142e+01 8.243999999999999773e+00 3.079519999999999982e+02 1.860000000000000000e+02 2.196850000000000023e+02 1.230000000000000000e+02 1.000000000000000000e+00 5.629999999999999449e-01 5.000000000000000000e-01 0.000000000000000000e+00
2.089999999999999858e+01 8.239000000000000767e+00 3.081429999999999723e+02 1.860000000000000000e+02 2.198300000000000125e+02 1.230000000000000000e+02 1.000000000000000000e+00 5.639999999999999458e-01 5.000000000000000000e-01 0.000000000000000000e+00
2.094999999999999929e+01 8.234999999999999432e+00 3.083349999999999795e+02 1.860000000000000000e+02 2.199749999999999943e+02 1.230000000000000000e+02 1.000000000000000000e+00 5.639999999999999458e-01 5.000000000000000000e-01 0.000000000000000000e+00
2.100000000000000000e+01 8.230000000000000426e+00 3.085260000000000105e+02 1.860000000000000000e+02 2.201189999999999998e+02 1.230000000000000000e+02 1.000000000000000000e+00 5.649999999999999467e-01 5.000000000000000000e-01 0.000000000000000000e+00
2.105000000000000071e+01 8.224999999999999645e+00 3.087180000000000177e+02 1.860000000000000000e+02 2.202649999999999864e+02 1.230000000000000000e+02 1.000000000000000000e+00 5.659999999999999476e-01 5.000000000000000000e-01 0.000000000000000000e+00
2.110000000000000142e+01 8.221000000000000085e+00 3.089119999999999777e+02 1.860000000000000000e+02 2.204099999999999966e+02 1.230000000000000000e+02 1.000000000000000000e+00 5.659999999999999476e-01 5.000000000000000000e-01 0.000000000000000000e+00
2.114999999999999858e+01 8.215999999999999304e+00 3.091039999999999850e+02 1.860000000000000000e+02 2.205550000000000068e+02 1.230000000000000000e+02 1.000000000000000000e+00 5.669999999999999485e-01 5.000000000000000000e-01 0.000000000000000000e+00
2.119999999999999929e+01 8.211000000000000298e+00 3.092959999999999923e+02 1.860000000000000000e+02 2.207009999999999934e+02 1.230000000000000000e+02 1.000000000000000000e+00 5.669999999999999485e-01 5.000000000000000000e-01 0.000000000000000000e+00
2.125000000000000000e+01 8.207000000000000739e+00 3.094909999999999854e+02 1.860000000000000000e+02 2.208470000000000084e+02 1.230000000000000000e+02 1.000000000000000000e+00 5.679999999999999494e-01 5.000000000000000000e-01 0.000000000000000000e+00
2.130000000000000071e+01 8.201999999999999957e+00 3.096840000000000259e+02 1.860000000000000000e+02 2.209929999999999950e+02 1.230000000000000000e+02 1.000000000000000000e+00 5.689999999999999503e-01 5.000000000000000000e-01 0.000000000000000000e+00
2.135000000000000142e+01 8.196999999999999176e+00 3.098770000000000095e+02 1.860000000000000000e+02 2.211399999999999864e+02 1.230000000000000000e+02 1.000000000000000000e+00 5.689999999999999503e-01 5.000000000000000000e-01 0.000000000000000000e+00
2.139999999999999858e+01 8.192999999999999616e+00 3.100729999999999791e+02 1.860000000000000000e+02 2.212860000000000014e+02 1.230000000000000000e+02 1.000000000000000000e+00 5.699999999999999512e-01 5.000000000000000000e-01 0.000000000000000000e+00
2.144999999999999929e+01 8.188000000000000611e+00 3.102669999999999959e+02 1.860000000000000000e+02 2.214329999999999927e+02 1.230000000000000000e+02 1.000000000000000000e+00 5.699999999999999512e-01 5.000000000000000000e-01 0.000000000000000000e+00
2.150000000000000000e+01 8.182999999999999829e+00 3.104619999999999891e+02 1.860000000000000000e+02 2.215800000000000125e+02 1.230000000000000000e+02 1.000000000000000000e+00 5.709999999999999520e-01 5.000000000000000000e-01 0.000000000000000000e+00
2.155000000000000071e+01 8.179000000000000270e+00 3.106580000000000155e+02 1.860000000000000000e+02 2.217280000000000086e+02 1.230000000000000000e+02 1.000000000000000000e+00 5.719999999999999529e-01 5.000000000000000000e-01 0.000000000000000000e+00
2.160000000000000142e+01 8.173999999999999488e+00 3.108530000000000086e+02 1.860000000000000000e+02 2.218750000000000000e+02 1.230000000000000000e+02 1.000000000000000000e+00 5.719999999999999529e-01 5.000000000000000000e-01 0.000000000000000000e+00
2.164999999999999858e+01 8.169000000000000483e+00 3.110489999999999782e+02 1.860000000000000000e+02 2.220229999999999961e+02 1.230000000000000000e+02 1.000000000000000000e+00 5.729999999999999538e-01 5.000000000000000000e-01 0.000000000000000000e+00
2.169999999999999929e+01 8.164999999999999147e+00 3.112450000000000045e+02 1.860000000000000000e+02 2.221709999999999923e+02 1.230000000000000000e+02 1.000000000000000000e+00 5.729999999999999538e-01 5.000000000000000000e-01 0.000000000000000000e+00
2.175000000000000000e+01 8.160000000000000142e+00 3.114420000000000073e+02 1.860000000000000000e+02 2.223189999999999884e+02 1.230000000000000000e+02 1.000000000000000000e+00 5.739999999999999547e-01 5.000000000000000000e-01 0.000000000000000000e+00
2.180000000000000071e+01 8.154999999999999361e+00 3.116390000000000100e+02 1.860000000000000000e+02 2.224679999999999893e+02 1.230000000000000000e+02 1.000000000000000000e+00 5.749999999999999556e-01 5.000000000000000000e-01 0.000000000000000000e+00
2.185000000000000142e+01 8.150000000000000355e+00 3.118360000000000127e+02 1.860000000000000000e+02 2.226160000000000139e+02 1.230000000000000000e+02 1.000000000000000000e+00 5.749999999999999556e-01 5.000000000000000000e-01 0.000000000000000000e+00
2.189999999999999858e+01 8.146000000000000796e+00 3.120339999999999918e+02 1.860000000000000000e+02 2.227649999999999864e+02 1.230000000000000000e+02 1.000000000000000000e+00 5.759999999999999565e-01 5.000000000000000000e-01 0.000000000000000000e+00
2.194999999999999929e+01 8.141000000000000014e+00 3.122320000000000277e+02 1.860000000000000000e+02 2.229139999999999873e+02 1.230000000000000000e+02 1.000000000000000000e+00 5.759999999999999565e-01 5.000000000000000000e-01 0.000000000000000000e+00
2.200000000000000000e+01 8.135999999999999233e+00 3.124300000000000068e+02 1.860000000000000000e+02 2.230639999999999930e+02 1.230000000000000000e+02 1.000000000000000000e+00 5.769999999999999574e-01 5.000000000000000000e-01 0.000000000000000000e+00
2.205000000000000071e+01 8.131999999999999673e+00 3.126279999999999859e+02 1.860000000000000000e+02 2.232129999999999939e+02 1.230000000000000000e+02 1.000000000000000000e+00 5.779999999999999583e-01 5.000000000000000000e-01 0.000000000000000000e+00
2.210000000000000142e+01 8.127000000000000668e+00 3.128269999999999982e+02 1.860000000000000000e+02 2.233629999999999995e+02 1.230000000000000000e+02 1.000000000000000000e+00 5.779999999999999583e-01 5.000000000000000000e-01 0.000000000000000000e+00
2.214999999999999858e+01 8.121999999999999886e+00 3.130269999999999868e+02 1.860000000000000000e+02 2.235130000000000052e+02 1.230000000000000000e+02 1.000000000000000000e+00 5.789999999999999591e-01 5.000000000000000000e-01 0.000000000000000000e+00
2.219999999999999929e+01 8.117000000000000881e+00 3.132259999999999991e+02 1.860000000000000000e+02 2.236630000000000109e+02 1.230000000000000000e+02 1.000000000000000000e+00 5.789999999999999591e-01 5.000000000000000000e-01 0.000000000000000000e+00
2.225000000000000000e+01 8.112999999999999545e+00 3.134259999999999877e+02 1.860000000000000000e+02 2.238139999999999930e+02 1.230000000000000000e+02 1.000000000000000000e+00 5.799999999999999600e-01 5.000000000000000000e-01 0.000000000000000000e+00
2.230000000000000071e+01 8.108000000000000540e+00 3.136259999999999764e+02 1.860000000000000000e+02 2.239650000000000034e+02 1.230000000000000000e+02 1.000000000000000000e+00 5.809999999999999609e-01 5.000000000000000000e-01 0.000000000000000000e+00
2.235000000000000142e+01 8.102999999999999758e+00 3.138269999999999982e+02 1.860000000000000000e+02 2.241160000000000139e+02 1.230000000000000000e+02 1.000000000000000000e+00 5.809999999999999609e-01 5.000000000000000000e-01 0.000000000000000000e+00
2.239999999999999858e+01 8.098000000000000753e+00 3.140280000000000200e+02 1.860000000000000000e+02 2.242669999999999959e+02 1.230000000000000000e+02 1.000000000000000000e+00 5.819999999999999618e-01 5.000000000000000000e-01 0.000000000000000000e+00
2.244999999999999929e+01 8.093999999999999417e+00 3.142289999999999850e+02 1.860000000000000000e+02 2.244180000000000064e+02 1.230000000000000000e+02 1.000000000000000000e+00 5.829999999999999627e-01 5.000000000000000000e-01 0.000000000000000000e+00
2.250000000000000000e+01 8.089000000000000412e+00 3.144309999999999832e+02 1.860000000000000000e+02 2.245699999999999932e+02 1.230000000000000000e+02 1.000000000000000000e+00 5.829999999999999627e-01 5.000000000000000000e-01 0.000000000000000000e+00
2.255000000000000071e+01 8.083999999999999631e+00 3.146329999999999814e+02 1.860000000000000000e+02 2.247220000000000084e+02 1.230000000000000000e+02 1.000000000000000000e+00 5.839999999999999636e-01 5.000000000000000000e-01 0.000000000000000000e+00
2.260000000000000142e+01 8.079000000000000625e+00 3.148349999999999795e+02 1.860000000000000000e+02 2.248739999999999952e+02 1.230000000000000000e+02 1.000000000000000000e+00 5.839999999999999636e-01 5.000000000000000000e-01 0.000000000000000000e+00
2.264999999999999858e+01 8.074999999999999289e+00 3.150380000000000109e+02 1.860000000000000000e+02 2.250260000000000105e+02 1.230000000000000000e+02 1.000000000000000000e+00 5.849999999999999645e-01 5.000000000000000000e-01 0.000000000000000000e+00
2.269999999999999929e+01 8.070000000000000284e+00 3.152409999999999854e+02 1.860000000000000000e+02 2.251790000000000020e+02 1.230000000000000000e+02 1.000000000000000000e+00 5.859999999999999654e-01 5.000000000000000000e-01 0.000000000000000000e+00
2.275000000000000000e+01 8.064999999999999503e+00 3.154440000000000168e+02 1.860000000000000000e+02 2.253319999999999936e+02 1.230000000000000000e+02 1.000000000000000000e+00 5.859999999999999654e-01 5.000000000000000000e-01 0.000000000000000000e+00
2.280000000000000071e+01 8.060000000000000497e+00 3.156480000000000246e+02 1.860000000000000000e+02 2.254850000000000136e+02 1.230000000000000000e+02 1.000000000000000000e+00 5.869999999999999662e-01 5.000000000000000000e-01 0.000000000000000000e+00
2.285000000000000142e+01 8.055999999999999162e+00 3.158519999999999754e+02 1.860000000000000000e+02 2.256390000000000100e+02 1.230000000000000000e+02 1.000000000000000000e+00 5.879999999999999671e-01 5.000000000000000000e-01 0.000000000000000000e+00
2.289999999999999858e+01 8.051000000000000156e+00 3.160570000000000164e+02 1.860000000000000000e+02 2.257990000000000066e+02 1.230000000000000000e+02 1.000000000000000000e+00 5.879999999999999671e-01 5.000000000000000000e-01 0.000000000000000000e+00
2.294999999999999929e+01 8.045999999999999375e+00 3.162620000000000005e+02 1.860000000000000000e+02 2.259470000000000027e+02 1.230000000000000000e+02 1.000000000000000000e+00 5.889999999999999680e-01 5.000000000000000000e-01 0.000000000000000000e+00
2.300000000000000000e+01 8.041000000000000369e+00 3.164669999999999845e+02 1.860000000000000000e+02 2.261009999999999991e+02 1.230000000000000000e+02 1.000000000000000000e+00 5.889999999999999680e-01 5.000000000000000000e-01 0.000000000000000000e+00
2.305000000000000071e+01 8.035999999999999588e+00 3.166730000000000018e+02 1.860000000000000000e+02 2.262560000000000002e+02 1.230000000000000000e+02 1.000000000000000000e+00 5.899999999999999689e-01 5.000000000000000000e-01 0.000000000000000000e+00
2.310000000000000142e+01 8.032000000000000028e+00 3.168790000000000191e+02 1.860000000000000000e+02 2.264099999999999966e+02 1.230000000000000000e+02 1.000000000000000000e+00 5.909999999999999698e-01 5.000000000000000000e-01 0.000000000000000000e+00
2.314999999999999858e+01 8.026999999999999247e+00 3.170849999999999795e+02 1.860000000000000000e+02 2.265649999999999977e+02 1.230000000000000000e+02 1.000000000000000000e+00 5.909999999999999698e-01 5.000000000000000000e-01 0.000000000000000000e+00
2.319999999999999929e+01 8.022000000000000242e+00 3.172909999999999968e+02 1.860000000000000000e+02 2.267199999999999989e+02 1.230000000000000000e+02 1.000000000000000000e+00 5.919999999999999707e-01 5.000000000000000000e-01 0.000000000000000000e+00
2.325000000000000000e+01 8.016999999999999460e+00 3.174979999999999905e+02 1.860000000000000000e+02 2.268760000000000048e+02 1.230000000000000000e+02 1.000000000000000000e+00 5.929999999999999716e-01 5.000000000000000000e-01 0.000000000000000000e+00
2.330000000000000071e+01 8.012000000000000455e+00 3.177049999999999841e+02 1.860000000000000000e+02 2.270310000000000059e+02 1.230000000000000000e+02 1.000000000000000000e+00 5.929999999999999716e-01 5.000000000000000000e-01 0.000000000000000000e+00
2.335000000000000142e+01 8.007999999999999119e+00 3.179130000000000109e+02 1.860000000000000000e+02 2.271870000000000118e+02 1.230000000000000000e+02 1.000000000000000000e+00 5.939999999999999725e-01 5.000000000000000000e-01 0.000000000000000000e+00
2.339999999999999858e+01 8.003000000000000114e+00 3.181209999999999809e+02 1.860000000000000000e+02 2.273429999999999893e+02 1.230000000000000000e+02 1.000000000000000000e+00 5.949999999999999734e-01 5.000000000000000000e-01 0.000000000000000000e+00
2.344999999999999929e+01 7.998000000000000220e+00 3.183299999999999841e+02 1.860000000000000000e+02 2.275000000000000000e+02 1.230000000000000000e+02 1.000000000000000000e+00 5.949999999999999734e-01 5.000000000000000000e-01 0.000000000000000000e+00
2.350000000000000000e+01 7.993000000000000327e+00 3.185380000000000109e+02 1.860000000000000000e+02 2.276560000000000059e+02 1.230000000000000000e+02 1.000000000000000000e+00 5.959999999999999742e-01 5.000000000000000000e-01 0.000000000000000000e+00
2.355000000000000071e+01 7.988000000000000433e+00 3.187470000000000141e+02 1.860000000000000000e+02 2.278129999999999882e+02 1.230000000000000000e+02 1.000000000000000000e+00 5.959999999999999742e-01 5.000000000000000000e-01 0.000000000000000000e+00
2.360000000000000142e+01 7.983999999999999986e+00 3.189569999999999936e+02 1.860000000000000000e+02 2.279699999999999989e+02 1.230000000000000000e+02 1.000000000000000000e+00 5.969999999999999751e-01 5.000000000000000000e-01 0.000000000000000000e+00
2.364999999999999858e+01 7.979000000000000092e+00 3.191669999999999732e+02 1.860000000000000000e+02 2.281270000000000095e+02 1.230000000000000000e+02 1.000000000000000000e+00 5.979999999999999760e-01 5.000000000000000000e-01 0.000000000000000000e+00
2.369999999999999929e+01 7.974000000000000199e+00 3.193770000000000095e+02 1.860000000000000000e+02 2.282849999999999966e+02 1.230000000000000000e+02 1.000000000000000000e+00 5.979999999999999760e-01 5.000000000000000000e-01 0.000000000000000000e+00
2.375000000000000000e+01 7.969000000000000306e+00 3.195880000000000223e+02 1.860000000000000000e+02 2.284430000000000121e+02 1.230000000000000000e+02 1.000000000000000000e+00 5.989999999999999769e-01 5.000000000000000000e-01 0.000000000000000000e+00
2.380000000000000071e+01 7.964000000000000412e+00 3.197989999999999782e+02 1.860000000000000000e+02 2.286009999999999991e+02 1.230000000000000000e+02 1.000000000000000000e+00 5.999999999999999778e-01 5.000000000000000000e-01 0.000000000000000000e+00
2.385000000000000142e+01 7.958999999999999631e+00 3.200099999999999909e+02 1.860000000000000000e+02 2.287589999999999861e+02 1.230000000000000000e+02 1.000000000000000000e+00 5.999999999999999778e-01 5.000000000000000000e-01 0.000000000000000000e+00
2.389999999999999858e+01 7.955000000000000071e+00 3.202230000000000132e+02 1.860000000000000000e+02 2.289180000000000064e+02 1.230000000000000000e+02 1.000000000000000000e+00 6.009999999999999787e-01 5.000000000000000000e-01 0.000000000000000000e+00
2.394999999999999929e+01 7.950000000000000178e+00 3.204350000000000023e+02 1.860000000000000000e+02 2.290759999999999934e+02 1.230000000000000000e+02 1.000000000000000000e+00 6.019999999999999796e-01 5.000000000000000000e-01 0.000000000000000000e+00
2.400000000000000000e+01 7.945000000000000284e+00 3.206480000000000246e+02 1.860000000000000000e+02 2.292359999999999900e+02 1.230000000000000000e+02 1.000000000000000000e+00 6.019999999999999796e-01 5.000000000000000000e-01 0.000000000000000000e+00
2.405000000000000071e+01 7.940000000000000391e+00 3.209580000000000268e+02 1.860000000000000000e+02 2.294559999999999889e+02 1.230000000000000000e+02 1.000000000000000000e+00 6.029999999999999805e-01 5.000000000000000000e-01 0.000000000000000000e+00
2.410000000000000142e+01 7.934999999999999609e+00 3.211870000000000118e+02 1.860000000000000000e+02 2.296150000000000091e+02 1.230000000000000000e+02 1.000000000000000000e+00 6.039999999999999813e-01 5.000000000000000000e-01 0.000000000000000000e+00
2.414999999999999858e+01 7.929999999999999716e+00 3.213949999999999818e+02 1.860000000000000000e+02 2.297740000000000009e+02 1.230000000000000000e+02 1.000000000000000000e+00 6.049999999999999822e-01 5.000000000000000000e-01 0.000000000000000000e+00
2.419999999999999929e+01 7.924999999999999822e+00 3.215790000000000077e+02 1.860000000000000000e+02 2.299339999999999975e+02 1.230000000000000000e+02 1.000000000000000000e+00 6.049999999999999822e-01 5.000000000000000000e-01 0.000000000000000000e+00
2.425000000000000000e+01 7.919999999999999929e+00 3.218159999999999741e+02 1.860000000000000000e+02 2.300939999999999941e+02 1.230000000000000000e+02 1.000000000000000000e+00 6.059999999999999831e-01 5.000000000000000000e-01 0.000000000000000000e+00
2.430000000000000071e+01 7.915000000000000036e+00 3.220570000000000164e+02 1.860000000000000000e+02 2.302549999999999955e+02 1.230000000000000000e+02 1.000000000000000000e+00 6.069999999999999840e-01 5.000000000000000000e-01 0.000000000000000000e+00
2.435000000000000142e+01 7.910999999999999588e+00 3.222520000000000095e+02 1.860000000000000000e+02 2.304170000000000016e+02 1.230000000000000000e+02 1.000000000000000000e+00 6.069999999999999840e-01 5.000000000000000000e-01 0.000000000000000000e+00
2.439999999999999858e+01 7.905999999999999694e+00 3.224590000000000032e+02 1.860000000000000000e+02 2.305759999999999934e+02 1.230000000000000000e+02 1.000000000000000000e+00 6.079999999999999849e-01 5.000000000000000000e-01 0.000000000000000000e+00
2.444999999999999929e+01 7.900999999999999801e+00 3.227069999999999936e+02 1.860000000000000000e+02 2.307390000000000043e+02 1.230000000000000000e+02 1.000000000000000000e+00 6.089999999999999858e-01 5.000000000000000000e-01 0.000000000000000000e+00
2.450000000000000000e+01 7.895999999999999908e+00 3.228990000000000009e+02 1.860000000000000000e+02 2.309039999999999964e+02 1.230000000000000000e+02 1.000000000000000000e+00 6.089999999999999858e-01 5.000000000000000000e-01 0.000000000000000000e+00
2.455000000000000071e+01 7.891000000000000014e+00 3.230889999999999986e+02 1.860000000000000000e+02 2.310649999999999977e+02 1.230000000000000000e+02 1.000000000000000000e+00 6.099999999999999867e-01 5.000000000000000000e-01 0.000000000000000000e+00
2.460000000000000142e+01 7.886000000000000121e+00 3.233050000000000068e+02 1.860000000000000000e+02 2.312280000000000086e+02 1.230000000000000000e+02 1.000000000000000000e+00 6.099999999999999867e-01 5.000000000000000000e-01 0.000000000000000000e+00
2.464999999999999858e+01 7.881000000000000227e+00 3.235179999999999723e+02 1.860000000000000000e+02 2.313899999999999864e+02 1.230000000000000000e+02 1.000000000000000000e+00 6.109999999999999876e-01 5.000000000000000000e-01 0.000000000000000000e+00
2.469999999999999929e+01 7.876000000000000334e+00 3.239680000000000177e+02 1.860000000000000000e+02 2.315010000000000048e+02 1.230000000000000000e+02 1.000000000000000000e+00 6.129999999999999893e-01 5.000000000000000000e-01 0.000000000000000000e+00
2.475000000000000000e+01 7.871000000000000441e+00 3.242509999999999764e+02 1.860000000000000000e+02 2.316670000000000016e+02 1.230000000000000000e+02 1.000000000000000000e+00 6.129999999999999893e-01 5.000000000000000000e-01 0.000000000000000000e+00
2.480000000000000071e+01 7.865999999999999659e+00 3.244940000000000282e+02 1.860000000000000000e+02 2.318329999999999984e+02 1.230000000000000000e+02 1.000000000000000000e+00 6.139999999999999902e-01 5.000000000000000000e-01 0.000000000000000000e+00
2.485000000000000142e+01 7.860999999999999766e+00 3.245779999999999745e+02 1.830000000000000000e+02 2.321370000000000005e+02 1.230000000000000000e+02 1.000000000000000000e+00 6.139999999999999902e-01 5.000000000000000000e-01 0.000000000000000000e+00
2.489999999999999858e+01 7.857000000000000206e+00 3.244329999999999927e+02 1.860000000000000000e+02 2.323609999999999900e+02 2.400000000000000000e+02 1.000000000000000000e+00 6.139999999999999902e-01 5.000000000000000000e-01 0.000000000000000000e+00
2.494999999999999929e+01 7.852000000000000313e+00 3.247959999999999923e+02 1.860000000000000000e+02 2.324190000000000111e+02 1.230000000000000000e+02 1.000000000000000000e+00 6.149999999999999911e-01 5.000000000000000000e-01 0.000000000000000000e+00
2.500000000000000000e+01 7.847999999999999865e+00 3.247959999999999923e+02 1.860000000000000000e+02 2.324799999999999898e+02 1.230000000000000000e+02 1.000000000000000000e+00 6.149999999999999911e-01 5.000000000000000000e-01 0.000000000000000000e+00
2.505000000000000071e+01 7.842999999999999972e+00 3.249610000000000127e+02 1.860000000000000000e+02 2.326189999999999998e+02 1.230000000000000000e+02 1.000000000000000000e+00 6.159999999999999920e-01 5.000000000000000000e-01 0.000000000000000000e+00
2.510000000000000142e+01 7.838000000000000078e+00 3.251920000000000073e+02 1.860000000000000000e+02 2.328089999999999975e+02 1.230000000000000000e+02 1.000000000000000000e+00 6.159999999999999920e-01 5.000000000000000000e-01 0.000000000000000000e+00
2.514999999999999858e+01 7.833000000000000185e+00 3.254270000000000209e+02 1.860000000000000000e+02 2.329670000000000130e+02 1.230000000000000000e+02 1.000000000000000000e+00 6.169999999999999929e-01 5.000000000000000000e-01 0.000000000000000000e+00
2.519999999999999929e+01 7.828000000000000291e+00 3.256549999999999727e+02 1.860000000000000000e+02 2.331349999999999909e+02 1.230000000000000000e+02 1.000000000000000000e+00 6.179999999999999938e-01 5.000000000000000000e-01 0.000000000000000000e+00
2.525000000000000000e+01 7.823000000000000398e+00 3.258779999999999859e+02 1.860000000000000000e+02 2.333000000000000114e+02 1.230000000000000000e+02 1.000000000000000000e+00 6.179999999999999938e-01 5.000000000000000000e-01 0.000000000000000000e+00
2.530000000000000071e+01 7.817999999999999616e+00 3.260989999999999895e+02 1.860000000000000000e+02 2.334660000000000082e+02 1.230000000000000000e+02 1.000000000000000000e+00 6.189999999999999947e-01 5.000000000000000000e-01 0.000000000000000000e+00
2.535000000000000142e+01 7.812999999999999723e+00 3.263129999999999882e+02 1.860000000000000000e+02 2.336320000000000050e+02 1.230000000000000000e+02 1.000000000000000000e+00 6.199999999999999956e-01 5.000000000000000000e-01 0.000000000000000000e+00
2.539999999999999858e+01 7.807999999999999829e+00 3.265400000000000205e+02 1.860000000000000000e+02 2.337980000000000018e+02 1.230000000000000000e+02 1.000000000000000000e+00 6.199999999999999956e-01 5.000000000000000000e-01 0.000000000000000000e+00
2.544999999999999929e+01 7.802999999999999936e+00 3.267649999999999864e+02 1.860000000000000000e+02 2.339639999999999986e+02 1.230000000000000000e+02 1.000000000000000000e+00 6.209999999999999964e-01 5.000000000000000000e-01 0.000000000000000000e+00
2.550000000000000000e+01 7.799000000000000377e+00 3.269889999999999759e+02 1.860000000000000000e+02 2.341320000000000050e+02 1.230000000000000000e+02 1.000000000000000000e+00 6.219999999999999973e-01 5.000000000000000000e-01 0.000000000000000000e+00
2.555000000000000071e+01 7.793999999999999595e+00 3.272130000000000223e+02 1.860000000000000000e+02 2.343000000000000114e+02 1.230000000000000000e+02 1.000000000000000000e+00 6.219999999999999973e-01 5.000000000000000000e-01 0.000000000000000000e+00
2.560000000000000142e+01 7.788999999999999702e+00 3.274390000000000214e+02 1.860000000000000000e+02 2.344670000000000130e+02 1.230000000000000000e+02 1.000000000000000000e+00 6.229999999999999982e-01 5.000000000000000000e-01 0.000000000000000000e+00
2.564999999999999858e+01 7.783999999999999808e+00 3.276639999999999873e+02 1.860000000000000000e+02 2.346349999999999909e+02 1.230000000000000000e+02 1.000000000000000000e+00 6.239999999999999991e-01 5.000000000000000000e-01 0.000000000000000000e+00
2.569999999999999929e+01 7.778999999999999915e+00 3.278899999999999864e+02 1.860000000000000000e+02 2.348029999999999973e+02 1.230000000000000000e+02 1.000000000000000000e+00 6.250000000000000000e-01 5.000000000000000000e-01 0.000000000000000000e+00
2.575000000000000000e+01 7.774000000000000021e+00 3.281170000000000186e+02 1.860000000000000000e+02 2.349720000000000084e+02 1.230000000000000000e+02 1.000000000000000000e+00 6.250000000000000000e-01 5.000000000000000000e-01 0.000000000000000000e+00
2.580000000000000071e+01 7.769000000000000128e+00 3.283450000000000273e+02 1.860000000000000000e+02 2.351370000000000005e+02 1.230000000000000000e+02 1.000000000000000000e+00 6.260000000000000009e-01 5.000000000000000000e-01 0.000000000000000000e+00
2.585000000000000142e+01 7.764000000000000234e+00 3.285740000000000123e+02 1.860000000000000000e+02 2.353069999999999879e+02 1.230000000000000000e+02 1.000000000000000000e+00 6.270000000000000018e-01 5.000000000000000000e-01 0.000000000000000000e+00
2.589999999999999858e+01 7.759000000000000341e+00 3.288020000000000209e+02 1.860000000000000000e+02 2.354759999999999991e+02 1.230000000000000000e+02 1.000000000000000000e+00 6.270000000000000018e-01 5.000000000000000000e-01 0.000000000000000000e+00
2.594999999999999929e+01 7.753999999999999559e+00 3.290299999999999727e+02 1.860000000000000000e+02 2.356459999999999866e+02 1.230000000000000000e+02 1.000000000000000000e+00 6.280000000000000027e-01 5.000000000000000000e-01 0.000000000000000000e+00
2.600000000000000000e+01 7.748999999999999666e+00 3.292409999999999854e+02 1.860000000000000000e+02 2.360740000000000123e+02 2.400000000000000000e+02 1.000000000000000000e+00 6.290000000000000036e-01 5.000000000000000000e-01 0.000000000000000000e+00
2.605000000000000071e+01 7.743999999999999773e+00 3.295090000000000146e+02 1.860000000000000000e+02 2.361879999999999882e+02 2.400000000000000000e+02 1.000000000000000000e+00 6.300000000000000044e-01 5.000000000000000000e-01 0.000000000000000000e+00
2.610000000000000142e+01 7.738999999999999879e+00 3.297470000000000141e+02 1.860000000000000000e+02 2.363499999999999943e+02 2.400000000000000000e+02 1.000000000000000000e+00 6.300000000000000044e-01 5.000000000000000000e-01 0.000000000000000000e+00
2.614999999999999858e+01 7.733999999999999986e+00 3.299820000000000277e+02 1.860000000000000000e+02 2.365159999999999911e+02 2.400000000000000000e+02 1.000000000000000000e+00 6.310000000000000053e-01 5.000000000000000000e-01 0.000000000000000000e+00
2.619999999999999929e+01 7.729000000000000092e+00 3.302119999999999891e+02 1.860000000000000000e+02 2.366980000000000075e+02 2.400000000000000000e+02 1.000000000000000000e+00 6.320000000000000062e-01 5.000000000000000000e-01 0.000000000000000000e+00
2.625000000000000000e+01 7.724000000000000199e+00 3.304409999999999741e+02 1.860000000000000000e+02 2.368700000000000045e+02 2.400000000000000000e+02 1.000000000000000000e+00 6.320000000000000062e-01 5.000000000000000000e-01 0.000000000000000000e+00
2.630000000000000071e+01 7.719000000000000306e+00 3.307010000000000218e+02 1.860000000000000000e+02 2.369890000000000043e+02 2.400000000000000000e+02 1.000000000000000000e+00 6.330000000000000071e-01 5.000000000000000000e-01 0.000000000000000000e+00
2.635000000000000142e+01 7.714000000000000412e+00 3.308960000000000150e+02 1.860000000000000000e+02 2.372110000000000127e+02 2.400000000000000000e+02 1.000000000000000000e+00 6.340000000000000080e-01 5.000000000000000000e-01 0.000000000000000000e+00
2.639999999999999858e+01 7.708999999999999631e+00 3.311259999999999764e+02 1.860000000000000000e+02 2.373839999999999861e+02 2.400000000000000000e+02 1.000000000000000000e+00 6.350000000000000089e-01 5.000000000000000000e-01 0.000000000000000000e+00
2.644999999999999929e+01 7.703999999999999737e+00 3.313600000000000136e+02 1.860000000000000000e+02 2.375620000000000118e+02 2.400000000000000000e+02 1.000000000000000000e+00 6.350000000000000089e-01 5.000000000000000000e-01 0.000000000000000000e+00
2.650000000000000000e+01 7.698999999999999844e+00 3.315919999999999845e+02 1.860000000000000000e+02 2.377350000000000136e+02 2.400000000000000000e+02 1.000000000000000000e+00 6.360000000000000098e-01 5.000000000000000000e-01 0.000000000000000000e+00
2.655000000000000071e+01 7.693999999999999950e+00 3.318260000000000218e+02 1.860000000000000000e+02 2.379010000000000105e+02 2.400000000000000000e+02 1.000000000000000000e+00 6.370000000000000107e-01 5.000000000000000000e-01 0.000000000000000000e+00
2.660000000000000142e+01 7.689000000000000057e+00 3.320620000000000118e+02 1.860000000000000000e+02 2.380730000000000075e+02 2.400000000000000000e+02 1.000000000000000000e+00 6.370000000000000107e-01 5.000000000000000000e-01 0.000000000000000000e+00
2.664999999999999858e+01 7.684000000000000163e+00 3.322959999999999923e+02 1.860000000000000000e+02 2.382400000000000091e+02 2.400000000000000000e+02 1.000000000000000000e+00 6.380000000000000115e-01 5.000000000000000000e-01 0.000000000000000000e+00
2.669999999999999929e+01 7.677999999999999936e+00 3.325319999999999823e+02 1.860000000000000000e+02 2.384190000000000111e+02 2.400000000000000000e+02 1.000000000000000000e+00 6.390000000000000124e-01 5.000000000000000000e-01 0.000000000000000000e+00
2.675000000000000000e+01 7.673000000000000043e+00 3.327640000000000100e+02 1.860000000000000000e+02 2.385020000000000095e+02 1.230000000000000000e+02 1.000000000000000000e+00 6.400000000000000133e-01 5.000000000000000000e-01 0.000000000000000000e+00
2.680000000000000071e+01 7.668000000000000149e+00 3.329909999999999854e+02 1.860000000000000000e+02 2.386339999999999861e+02 1.230000000000000000e+02 1.000000000000000000e+00 6.400000000000000133e-01 5.000000000000000000e-01 0.000000000000000000e+00
2.685000000000000142e+01 7.663000000000000256e+00 3.332180000000000177e+02 1.860000000000000000e+02 2.388609999999999900e+02 1.230000000000000000e+02 1.000000000000000000e+00 6.410000000000000142e-01 5.000000000000000000e-01 0.000000000000000000e+00
2.689999999999999858e+01 7.658000000000000362e+00 3.334569999999999936e+02 1.860000000000000000e+02 2.389629999999999939e+02 1.230000000000000000e+02 1.000000000000000000e+00 6.420000000000000151e-01 5.000000000000000000e-01 0.000000000000000000e+00
2.694999999999999929e+01 7.652999999999999581e+00 3.336850000000000023e+02 1.860000000000000000e+02 2.391299999999999955e+02 1.230000000000000000e+02 1.000000000000000000e+00 6.420000000000000151e-01 5.000000000000000000e-01 0.000000000000000000e+00
2.700000000000000000e+01 7.647999999999999687e+00 3.339289999999999736e+02 1.860000000000000000e+02 2.393720000000000141e+02 1.230000000000000000e+02 1.000000000000000000e+00 6.430000000000000160e-01 5.000000000000000000e-01 0.000000000000000000e+00
2.705000000000000071e+01 7.642999999999999794e+00 3.341680000000000064e+02 1.860000000000000000e+02 2.395469999999999970e+02 1.230000000000000000e+02 1.000000000000000000e+00 6.440000000000000169e-01 5.000000000000000000e-01 0.000000000000000000e+00
2.710000000000000142e+01 7.637999999999999901e+00 3.344069999999999823e+02 1.860000000000000000e+02 2.397369999999999948e+02 1.230000000000000000e+02 1.000000000000000000e+00 6.450000000000000178e-01 5.000000000000000000e-01 0.000000000000000000e+00
2.714999999999999858e+01 7.633000000000000007e+00 3.346530000000000200e+02 1.860000000000000000e+02 2.399000000000000057e+02 1.230000000000000000e+02 1.000000000000000000e+00 6.450000000000000178e-01 5.000000000000000000e-01 0.000000000000000000e+00
2.719999999999999929e+01 7.628000000000000114e+00 3.348829999999999814e+02 1.860000000000000000e+02 2.400579999999999927e+02 1.230000000000000000e+02 1.000000000000000000e+00 6.460000000000000187e-01 5.000000000000000000e-01 0.000000000000000000e+00
2.725000000000000000e+01 7.623000000000000220e+00 3.351200000000000045e+02 1.860000000000000000e+02 2.402369999999999948e+02 1.230000000000000000e+02 1.000000000000000000e+00 6.470000000000000195e-01 5.000000000000000000e-01 0.000000000000000000e+00
2.730000000000000071e+01 7.618000000000000327e+00 3.353620000000000232e+02 1.860000000000000000e+02 2.404050000000000011e+02 1.230000000000000000e+02 1.000000000000000000e+00 6.480000000000000204e-01 5.000000000000000000e-01 0.000000000000000000e+00
2.735000000000000142e+01 7.613000000000000433e+00 3.356030000000000086e+02 1.860000000000000000e+02 2.405840000000000032e+02 1.230000000000000000e+02 1.000000000000000000e+00 6.480000000000000204e-01 5.000000000000000000e-01 0.000000000000000000e+00
2.739999999999999858e+01 7.607999999999999652e+00 3.358460000000000036e+02 1.860000000000000000e+02 2.408100000000000023e+02 1.230000000000000000e+02 1.000000000000000000e+00 6.490000000000000213e-01 5.000000000000000000e-01 0.000000000000000000e+00
2.744999999999999929e+01 7.602000000000000313e+00 3.360880000000000223e+02 1.860000000000000000e+02 2.409360000000000070e+02 1.230000000000000000e+02 1.000000000000000000e+00 6.500000000000000222e-01 5.000000000000000000e-01 0.000000000000000000e+00
2.750000000000000000e+01 7.597000000000000419e+00 3.363349999999999795e+02 1.860000000000000000e+02 2.411289999999999907e+02 1.230000000000000000e+02 1.000000000000000000e+00 6.510000000000000231e-01 5.000000000000000000e-01 0.000000000000000000e+00
2.755000000000000071e+01 7.591999999999999638e+00 3.365969999999999800e+02 1.860000000000000000e+02 2.413110000000000070e+02 1.230000000000000000e+02 1.000000000000000000e+00 6.510000000000000231e-01 5.000000000000000000e-01 0.000000000000000000e+00
2.760000000000000142e+01 7.586999999999999744e+00 3.368430000000000177e+02 1.860000000000000000e+02 2.414910000000000139e+02 1.230000000000000000e+02 1.000000000000000000e+00 6.520000000000000240e-01 5.000000000000000000e-01 0.000000000000000000e+00
2.764999999999999858e+01 7.581999999999999851e+00 3.370930000000000177e+02 1.860000000000000000e+02 2.416730000000000018e+02 1.230000000000000000e+02 1.000000000000000000e+00 6.530000000000000249e-01 5.000000000000000000e-01 0.000000000000000000e+00
2.769999999999999929e+01 7.576999999999999957e+00 3.373299999999999841e+02 1.860000000000000000e+02 2.418559999999999945e+02 1.230000000000000000e+02 1.000000000000000000e+00 6.540000000000000258e-01 5.000000000000000000e-01 0.000000000000000000e+00
2.775000000000000000e+01 7.572000000000000064e+00 3.375670000000000073e+02 1.860000000000000000e+02 2.420219999999999914e+02 1.230000000000000000e+02 1.000000000000000000e+00 6.540000000000000258e-01 5.000000000000000000e-01 0.000000000000000000e+00
2.780000000000000071e+01 7.567000000000000171e+00 3.378120000000000118e+02 1.860000000000000000e+02 2.422050000000000125e+02 1.230000000000000000e+02 1.000000000000000000e+00 6.550000000000000266e-01 5.000000000000000000e-01 0.000000000000000000e+00
2.785000000000000142e+01 7.560999999999999943e+00 3.380500000000000114e+02 1.860000000000000000e+02 2.423959999999999866e+02 1.230000000000000000e+02 1.000000000000000000e+00 6.560000000000000275e-01 5.000000000000000000e-01 0.000000000000000000e+00
2.789999999999999858e+01 7.556000000000000050e+00 3.382660000000000196e+02 1.860000000000000000e+02 2.425790000000000077e+02 1.230000000000000000e+02 1.000000000000000000e+00 6.560000000000000275e-01 5.000000000000000000e-01 0.000000000000000000e+00
2.794999999999999929e+01 7.551000000000000156e+00 3.385049999999999955e+02 1.860000000000000000e+02 2.427529999999999859e+02 1.230000000000000000e+02 1.000000000000000000e+00 6.570000000000000284e-01 5.000000000000000000e-01 0.000000000000000000e+00
2.800000000000000000e+01 7.546000000000000263e+00 3.387690000000000055e+02 1.860000000000000000e+02 2.429509999999999934e+02 1.230000000000000000e+02 1.000000000000000000e+00 6.580000000000000293e-01 5.000000000000000000e-01 0.000000000000000000e+00
2.805000000000000071e+01 7.541000000000000369e+00 3.390169999999999959e+02 1.860000000000000000e+02 2.431330000000000098e+02 1.230000000000000000e+02 1.000000000000000000e+00 6.590000000000000302e-01 5.000000000000000000e-01 0.000000000000000000e+00
2.810000000000000142e+01 7.535999999999999588e+00 3.392799999999999727e+02 1.860000000000000000e+02 2.433230000000000075e+02 1.230000000000000000e+02 1.000000000000000000e+00 6.600000000000000311e-01 5.000000000000000000e-01 0.000000000000000000e+00
2.814999999999999858e+01 7.530999999999999694e+00 3.395319999999999823e+02 1.860000000000000000e+02 2.435049999999999955e+02 1.230000000000000000e+02 1.000000000000000000e+00 6.600000000000000311e-01 5.000000000000000000e-01 0.000000000000000000e+00
2.819999999999999929e+01 7.525000000000000355e+00 3.397470000000000141e+02 1.860000000000000000e+02 2.436939999999999884e+02 1.230000000000000000e+02 1.000000000000000000e+00 6.610000000000000320e-01 5.000000000000000000e-01 0.000000000000000000e+00
2.825000000000000000e+01 7.519999999999999574e+00 3.399970000000000141e+02 1.860000000000000000e+02 2.438660000000000139e+02 1.230000000000000000e+02 1.000000000000000000e+00 6.620000000000000329e-01 5.000000000000000000e-01 0.000000000000000000e+00
2.830000000000000071e+01 7.514999999999999680e+00 3.402459999999999809e+02 1.860000000000000000e+02 2.440509999999999877e+02 1.230000000000000000e+02 1.000000000000000000e+00 6.630000000000000338e-01 5.000000000000000000e-01 0.000000000000000000e+00
2.835000000000000142e+01 7.509999999999999787e+00 3.404979999999999905e+02 1.860000000000000000e+02 2.442340000000000089e+02 1.230000000000000000e+02 1.000000000000000000e+00 6.630000000000000338e-01 5.000000000000000000e-01 0.000000000000000000e+00
2.839999999999999858e+01 7.504999999999999893e+00 3.407500000000000000e+02 1.860000000000000000e+02 2.444199999999999875e+02 1.230000000000000000e+02 1.000000000000000000e+00 6.640000000000000346e-01 5.000000000000000000e-01 0.000000000000000000e+00
2.844999999999999929e+01 7.498999999999999666e+00 3.410199999999999818e+02 1.860000000000000000e+02 2.446059999999999945e+02 1.230000000000000000e+02 1.000000000000000000e+00 6.650000000000000355e-01 5.000000000000000000e-01 0.000000000000000000e+00
2.850000000000000000e+01 7.493999999999999773e+00 3.412699999999999818e+02 1.860000000000000000e+02 2.448079999999999927e+02 1.230000000000000000e+02 1.000000000000000000e+00 6.660000000000000364e-01 5.000000000000000000e-01 0.000000000000000000e+00
2.855000000000000071e+01 7.488999999999999879e+00 3.415029999999999859e+02 1.860000000000000000e+02 2.449950000000000045e+02 1.230000000000000000e+02 1.000000000000000000e+00 6.660000000000000364e-01 5.000000000000000000e-01 0.000000000000000000e+00
2.860000000000000142e+01 7.483999999999999986e+00 3.417620000000000005e+02 1.860000000000000000e+02 2.451719999999999970e+02 1.230000000000000000e+02 1.000000000000000000e+00 6.670000000000000373e-01 5.000000000000000000e-01 0.000000000000000000e+00
2.864999999999999858e+01 7.479000000000000092e+00 3.420149999999999864e+02 1.860000000000000000e+02 2.453640000000000043e+02 1.230000000000000000e+02 1.000000000000000000e+00 6.680000000000000382e-01 5.000000000000000000e-01 0.000000000000000000e+00
2.869999999999999929e+01 7.474000000000000199e+00 3.422699999999999818e+02 1.860000000000000000e+02 2.455500000000000114e+02 1.230000000000000000e+02 1.000000000000000000e+00 6.690000000000000391e-01 5.000000000000000000e-01 0.000000000000000000e+00
2.875000000000000000e+01 7.467999999999999972e+00 3.425240000000000009e+02 1.860000000000000000e+02 2.457379999999999995e+02 1.230000000000000000e+02 1.000000000000000000e+00 6.700000000000000400e-01 5.000000000000000000e-01 0.000000000000000000e+00
2.880000000000000071e+01 7.463000000000000078e+00 3.427830000000000155e+02 1.860000000000000000e+02 2.459250000000000114e+02 1.230000000000000000e+02 1.000000000000000000e+00 6.700000000000000400e-01 5.000000000000000000e-01 0.000000000000000000e+00
2.885000000000000142e+01 7.458000000000000185e+00 3.430389999999999873e+02 1.860000000000000000e+02 2.461140000000000043e+02 1.230000000000000000e+02 1.000000000000000000e+00 6.710000000000000409e-01 5.000000000000000000e-01 0.000000000000000000e+00
2.889999999999999858e+01 7.453000000000000291e+00 3.432970000000000255e+02 1.860000000000000000e+02 2.463300000000000125e+02 1.230000000000000000e+02 1.000000000000000000e+00 6.720000000000000417e-01 5.000000000000000000e-01 0.000000000000000000e+00
2.894999999999999929e+01 7.447000000000000064e+00 3.435550000000000068e+02 1.860000000000000000e+02 2.464989999999999952e+02 1.230000000000000000e+02 1.000000000000000000e+00 6.730000000000000426e-01 5.000000000000000000e-01 0.000000000000000000e+00
2.900000000000000000e+01 7.442000000000000171e+00 3.438109999999999786e+02 1.860000000000000000e+02 2.466889999999999930e+02 1.230000000000000000e+02 1.000000000000000000e+00 6.740000000000000435e-01 5.000000000000000000e-01 0.000000000000000000e+00
2.905000000000000071e+01 7.437000000000000277e+00 3.440699999999999932e+02 1.860000000000000000e+02 2.468810000000000002e+02 1.230000000000000000e+02 1.000000000000000000e+00 6.740000000000000435e-01 5.000000000000000000e-01 0.000000000000000000e+00
2.910000000000000142e+01 7.432000000000000384e+00 3.443290000000000077e+02 1.860000000000000000e+02 2.470709999999999980e+02 1.230000000000000000e+02 1.000000000000000000e+00 6.750000000000000444e-01 5.000000000000000000e-01 0.000000000000000000e+00
2.914999999999999858e+01 7.426000000000000156e+00 3.445720000000000027e+02 1.860000000000000000e+02 2.472640000000000100e+02 1.230000000000000000e+02 1.000000000000000000e+00 6.760000000000000453e-01 5.000000000000000000e-01 0.000000000000000000e+00
2.919999999999999929e+01 7.421000000000000263e+00 3.448229999999999791e+02 1.860000000000000000e+02 2.474569999999999936e+02 1.230000000000000000e+02 1.000000000000000000e+00 6.770000000000000462e-01 5.000000000000000000e-01 0.000000000000000000e+00
2.925000000000000000e+01 7.416000000000000369e+00 3.450760000000000218e+02 1.860000000000000000e+02 2.476510000000000105e+02 1.230000000000000000e+02 1.000000000000000000e+00 6.770000000000000462e-01 5.000000000000000000e-01 0.000000000000000000e+00
2.930000000000000071e+01 7.410999999999999588e+00 3.453489999999999895e+02 1.860000000000000000e+02 2.478460000000000036e+02 1.230000000000000000e+02 1.000000000000000000e+00 6.780000000000000471e-01 5.000000000000000000e-01 0.000000000000000000e+00
2.935000000000000142e+01 7.405000000000000249e+00 3.456129999999999995e+02 1.860000000000000000e+02 2.480399999999999920e+02 1.230000000000000000e+02 1.000000000000000000e+00 6.790000000000000480e-01 5.000000000000000000e-01 0.000000000000000000e+00
2.939999999999999858e+01 7.400000000000000355e+00 3.458790000000000191e+02 1.860000000000000000e+02 2.482330000000000041e+02 1.230000000000000000e+02 1.000000000000000000e+00 6.800000000000000488e-01 5.000000000000000000e-01 0.000000000000000000e+00
2.944999999999999929e+01 7.394999999999999574e+00 3.461120000000000232e+02 1.860000000000000000e+02 2.483950000000000102e+02 1.230000000000000000e+02 1.000000000000000000e+00 6.810000000000000497e-01 5.000000000000000000e-01 0.000000000000000000e+00
2.950000000000000000e+01 7.389999999999999680e+00 3.463460000000000036e+02 1.860000000000000000e+02 2.485860000000000127e+02 1.230000000000000000e+02 1.000000000000000000e+00 6.810000000000000497e-01 5.000000000000000000e-01 0.000000000000000000e+00
2.955000000000000071e+01 7.384000000000000341e+00 3.466089999999999804e+02 1.860000000000000000e+02 2.487789999999999964e+02 1.230000000000000000e+02 1.000000000000000000e+00 6.820000000000000506e-01 5.000000000000000000e-01 0.000000000000000000e+00
2.960000000000000142e+01 7.378999999999999559e+00 3.468629999999999995e+02 1.860000000000000000e+02 2.489730000000000132e+02 1.230000000000000000e+02 1.000000000000000000e+00 6.830000000000000515e-01 5.000000000000000000e-01 0.000000000000000000e+00
2.964999999999999858e+01 7.373999999999999666e+00 3.471279999999999859e+02 1.860000000000000000e+02 2.491670000000000016e+02 1.230000000000000000e+02 1.000000000000000000e+00 6.840000000000000524e-01 5.000000000000000000e-01 0.000000000000000000e+00
2.969999999999999929e+01 7.368999999999999773e+00 3.473879999999999768e+02 1.860000000000000000e+02 2.493629999999999995e+02 1.230000000000000000e+02 1.000000000000000000e+00 6.850000000000000533e-01 5.000000000000000000e-01 0.000000000000000000e+00
2.975000000000000000e+01 7.363000000000000433e+00 3.476530000000000200e+02 1.860000000000000000e+02 2.495579999999999927e+02 1.230000000000000000e+02 1.000000000000000000e+00 6.850000000000000533e-01 5.000000000000000000e-01 0.000000000000000000e+00
2.980000000000000071e+01 7.357999999999999652e+00 3.479169999999999732e+02 1.860000000000000000e+02 2.497570000000000050e+02 1.230000000000000000e+02 1.000000000000000000e+00 6.860000000000000542e-01 5.000000000000000000e-01 0.000000000000000000e+00
2.985000000000000142e+01 7.352999999999999758e+00 3.481829999999999927e+02 1.860000000000000000e+02 2.499550000000000125e+02 1.230000000000000000e+02 1.000000000000000000e+00 6.870000000000000551e-01 5.000000000000000000e-01 0.000000000000000000e+00
2.989999999999999858e+01 7.347000000000000419e+00 3.484499999999999886e+02 1.860000000000000000e+02 2.501519999999999868e+02 1.230000000000000000e+02 1.000000000000000000e+00 6.879999999999999449e-01 5.000000000000000000e-01 0.000000000000000000e+00
2.994999999999999929e+01 7.341999999999999638e+00 3.487169999999999845e+02 1.860000000000000000e+02 2.503489999999999895e+02 1.230000000000000000e+02 1.000000000000000000e+00 6.889999999999999458e-01 5.000000000000000000e-01 0.000000000000000000e+00
3.000000000000000000e+01 7.336999999999999744e+00 3.489839999999999804e+02 1.860000000000000000e+02 2.505469999999999970e+02 1.230000000000000000e+02 1.000000000000000000e+00 6.889999999999999458e-01 5.000000000000000000e-01 0.000000000000000000e+00
3.005000000000000071e+01 7.331000000000000405e+00 3.492520000000000095e+02 1.860000000000000000e+02 2.507460000000000093e+02 1.230000000000000000e+02 1.000000000000000000e+00 6.899999999999999467e-01 5.000000000000000000e-01 0.000000000000000000e+00
3.010000000000000142e+01 7.325999999999999623e+00 3.495210000000000150e+02 1.860000000000000000e+02 2.509420000000000073e+02 1.230000000000000000e+02 1.000000000000000000e+00 6.909999999999999476e-01 5.000000000000000000e-01 0.000000000000000000e+00
3.014999999999999858e+01 7.320999999999999730e+00 3.497810000000000059e+02 1.860000000000000000e+02 2.511419999999999959e+02 1.230000000000000000e+02 1.000000000000000000e+00 6.919999999999999485e-01 5.000000000000000000e-01 0.000000000000000000e+00
3.019999999999999929e+01 7.315000000000000391e+00 3.500310000000000059e+02 1.860000000000000000e+02 2.513410000000000082e+02 1.230000000000000000e+02 1.000000000000000000e+00 6.929999999999999494e-01 5.000000000000000000e-01 0.000000000000000000e+00
3.025000000000000000e+01 7.309999999999999609e+00 3.503009999999999877e+02 1.860000000000000000e+02 2.515420000000000016e+02 1.230000000000000000e+02 1.000000000000000000e+00 6.929999999999999494e-01 5.000000000000000000e-01 0.000000000000000000e+00
3.030000000000000071e+01 7.304999999999999716e+00 3.505649999999999977e+02 1.860000000000000000e+02 2.517429999999999950e+02 1.230000000000000000e+02 1.000000000000000000e+00 6.939999999999999503e-01 5.000000000000000000e-01 0.000000000000000000e+00
3.035000000000000142e+01 7.299000000000000377e+00 3.508360000000000127e+02 1.860000000000000000e+02 2.519439999999999884e+02 1.230000000000000000e+02 1.000000000000000000e+00 6.949999999999999512e-01 5.000000000000000000e-01 0.000000000000000000e+00
3.039999999999999858e+01 7.293999999999999595e+00 3.511050000000000182e+02 1.860000000000000000e+02 2.521889999999999930e+02 1.230000000000000000e+02 1.000000000000000000e+00 6.959999999999999520e-01 5.000000000000000000e-01 0.000000000000000000e+00
3.044999999999999929e+01 7.288999999999999702e+00 3.513770000000000095e+02 1.860000000000000000e+02 2.523880000000000052e+02 1.230000000000000000e+02 1.000000000000000000e+00 6.969999999999999529e-01 5.000000000000000000e-01 0.000000000000000000e+00
3.050000000000000000e+01 7.283000000000000362e+00 3.516490000000000009e+02 1.860000000000000000e+02 2.525889999999999986e+02 1.230000000000000000e+02 1.000000000000000000e+00 6.979999999999999538e-01 5.000000000000000000e-01 0.000000000000000000e+00
3.055000000000000071e+01 7.277999999999999581e+00 3.519230000000000018e+02 1.860000000000000000e+02 2.527920000000000016e+02 1.230000000000000000e+02 1.000000000000000000e+00 6.979999999999999538e-01 5.000000000000000000e-01 0.000000000000000000e+00
3.060000000000000142e+01 7.272999999999999687e+00 3.521970000000000027e+02 1.860000000000000000e+02 2.529939999999999998e+02 1.230000000000000000e+02 1.000000000000000000e+00 6.989999999999999547e-01 5.000000000000000000e-01 0.000000000000000000e+00
3.064999999999999858e+01 7.267000000000000348e+00 3.524719999999999800e+02 1.860000000000000000e+02 2.531980000000000075e+02 1.230000000000000000e+02 1.000000000000000000e+00 6.999999999999999556e-01 5.000000000000000000e-01 0.000000000000000000e+00
3.069999999999999929e+01 7.261999999999999567e+00 3.527459999999999809e+02 1.860000000000000000e+02 2.534010000000000105e+02 1.230000000000000000e+02 1.000000000000000000e+00 7.009999999999999565e-01 5.000000000000000000e-01 0.000000000000000000e+00
3.075000000000000000e+01 7.256000000000000227e+00 3.530219999999999914e+02 1.860000000000000000e+02 2.536059999999999945e+02 1.260000000000000000e+02 1.000000000000000000e+00 7.019999999999999574e-01 5.000000000000000000e-01 0.000000000000000000e+00
3.080000000000000071e+01 7.251000000000000334e+00 3.532980000000000018e+02 1.860000000000000000e+02 2.538129999999999882e+02 1.260000000000000000e+02 1.000000000000000000e+00 7.029999999999999583e-01 5.000000000000000000e-01 0.000000000000000000e+00
3.085000000000000142e+01 7.246000000000000441e+00 3.535740000000000123e+02 1.860000000000000000e+02 2.540190000000000055e+02 1.260000000000000000e+02 1.000000000000000000e+00 7.039999999999999591e-01 5.000000000000000000e-01 0.000000000000000000e+00
3.089999999999999858e+01 7.240000000000000213e+00 3.538509999999999991e+02 1.860000000000000000e+02 2.542270000000000039e+02 1.260000000000000000e+02 1.000000000000000000e+00 7.039999999999999591e-01 5.000000000000000000e-01 0.000000000000000000e+00
3.094999999999999929e+01 7.235000000000000320e+00 3.541290000000000191e+02 1.860000000000000000e+02 2.544350000000000023e+02 1.260000000000000000e+02 1.000000000000000000e+00 7.049999999999999600e-01 5.000000000000000000e-01 0.000000000000000000e+00
3.100000000000000000e+01 7.229000000000000092e+00 3.544069999999999823e+02 1.860000000000000000e+02 2.546430000000000007e+02 1.260000000000000000e+02 1.000000000000000000e+00 7.059999999999999609e-01 5.000000000000000000e-01 0.000000000000000000e+00
3.105000000000000071e+01 7.224000000000000199e+00 3.546859999999999786e+02 1.860000000000000000e+02 2.548509999999999991e+02 1.260000000000000000e+02 1.000000000000000000e+00 7.069999999999999618e-01 5.000000000000000000e-01 0.000000000000000000e+00
3.110000000000000142e+01 7.217999999999999972e+00 3.549660000000000082e+02 1.860000000000000000e+02 2.550600000000000023e+02 1.260000000000000000e+02 1.000000000000000000e+00 7.079999999999999627e-01 5.000000000000000000e-01 0.000000000000000000e+00
3.114999999999999858e+01 7.213000000000000078e+00 3.552450000000000045e+02 1.860000000000000000e+02 2.552700000000000102e+02 1.260000000000000000e+02 1.000000000000000000e+00 7.089999999999999636e-01 5.000000000000000000e-01 0.000000000000000000e+00
3.119999999999999929e+01 7.208000000000000185e+00 3.555249999999999773e+02 1.860000000000000000e+02 2.554799999999999898e+02 1.260000000000000000e+02 1.000000000000000000e+00 7.099999999999999645e-01 5.000000000000000000e-01 0.000000000000000000e+00
3.125000000000000000e+01 7.201999999999999957e+00 3.558059999999999832e+02 1.860000000000000000e+02 2.556910000000000025e+02 1.260000000000000000e+02 1.000000000000000000e+00 7.099999999999999645e-01 5.000000000000000000e-01 0.000000000000000000e+00
3.130000000000000071e+01 7.197000000000000064e+00 3.560860000000000127e+02 1.860000000000000000e+02 2.559019999999999868e+02 1.260000000000000000e+02 1.000000000000000000e+00 7.109999999999999654e-01 5.000000000000000000e-01 0.000000000000000000e+00
3.135000000000000142e+01 7.190999999999999837e+00 3.563670000000000186e+02 1.860000000000000000e+02 2.561139999999999759e+02 1.260000000000000000e+02 1.000000000000000000e+00 7.119999999999999662e-01 5.000000000000000000e-01 0.000000000000000000e+00
3.139999999999999858e+01 7.185999999999999943e+00 3.566490000000000009e+02 1.860000000000000000e+02 2.563260000000000218e+02 1.260000000000000000e+02 1.000000000000000000e+00 7.129999999999999671e-01 5.000000000000000000e-01 0.000000000000000000e+00
3.144999999999999929e+01 7.179999999999999716e+00 3.569359999999999786e+02 1.860000000000000000e+02 2.565400000000000205e+02 1.260000000000000000e+02 1.000000000000000000e+00 7.139999999999999680e-01 5.000000000000000000e-01 0.000000000000000000e+00
3.150000000000000000e+01 7.174999999999999822e+00 3.572189999999999941e+02 1.860000000000000000e+02 2.567529999999999859e+02 1.260000000000000000e+02 1.000000000000000000e+00 7.149999999999999689e-01 5.000000000000000000e-01 0.000000000000000000e+00
3.155000000000000071e+01 7.168999999999999595e+00 3.575049999999999955e+02 1.860000000000000000e+02 2.569660000000000082e+02 1.260000000000000000e+02 1.000000000000000000e+00 7.159999999999999698e-01 5.000000000000000000e-01 0.000000000000000000e+00
3.160000000000000142e+01 7.163999999999999702e+00 3.577889999999999873e+02 1.860000000000000000e+02 2.571800000000000068e+02 1.260000000000000000e+02 1.000000000000000000e+00 7.159999999999999698e-01 5.000000000000000000e-01 0.000000000000000000e+00
3.164999999999999858e+01 7.158000000000000362e+00 3.580749999999999886e+02 1.860000000000000000e+02 2.573940000000000055e+02 1.260000000000000000e+02 1.000000000000000000e+00 7.169999999999999707e-01 5.000000000000000000e-01 0.000000000000000000e+00
3.169999999999999929e+01 7.152999999999999581e+00 3.583609999999999900e+02 1.860000000000000000e+02 2.576089999999999804e+02 1.260000000000000000e+02 1.000000000000000000e+00 7.179999999999999716e-01 5.000000000000000000e-01 0.000000000000000000e+00
3.175000000000000000e+01 7.147000000000000242e+00 3.586480000000000246e+02 1.860000000000000000e+02 2.578240000000000123e+02 1.260000000000000000e+02 1.000000000000000000e+00 7.189999999999999725e-01 5.000000000000000000e-01 0.000000000000000000e+00
3.180000000000000071e+01 7.142000000000000348e+00 3.589350000000000023e+02 1.860000000000000000e+02 2.580400000000000205e+02 1.260000000000000000e+02 1.000000000000000000e+00 7.199999999999999734e-01 5.000000000000000000e-01 0.000000000000000000e+00
3.185000000000000142e+01 7.136000000000000121e+00 3.592219999999999800e+02 1.860000000000000000e+02 2.582570000000000050e+02 1.260000000000000000e+02 1.000000000000000000e+00 7.209999999999999742e-01 5.000000000000000000e-01 0.000000000000000000e+00
3.189999999999999858e+01 7.131000000000000227e+00 3.595070000000000050e+02 1.860000000000000000e+02 2.584739999999999895e+02 1.260000000000000000e+02 1.000000000000000000e+00 7.219999999999999751e-01 5.000000000000000000e-01 0.000000000000000000e+00
3.194999999999999929e+01 7.125000000000000000e+00 3.597970000000000255e+02 1.860000000000000000e+02 2.586909999999999741e+02 1.260000000000000000e+02 1.000000000000000000e+00 7.229999999999999760e-01 5.000000000000000000e-01 0.000000000000000000e+00
3.200000000000000000e+01 7.120000000000000107e+00 3.600880000000000223e+02 1.860000000000000000e+02 2.589089999999999918e+02 1.260000000000000000e+02 1.000000000000000000e+00 7.239999999999999769e-01 5.000000000000000000e-01 0.000000000000000000e+00
3.204999999999999716e+01 7.113999999999999879e+00 3.603750000000000000e+02 1.860000000000000000e+02 2.591270000000000095e+02 1.260000000000000000e+02 1.000000000000000000e+00 7.239999999999999769e-01 5.000000000000000000e-01 0.000000000000000000e+00
3.210000000000000142e+01 7.108999999999999986e+00 3.606669999999999732e+02 1.860000000000000000e+02 2.593460000000000036e+02 1.260000000000000000e+02 1.000000000000000000e+00 7.249999999999999778e-01 5.000000000000000000e-01 0.000000000000000000e+00
3.214999999999999858e+01 7.102999999999999758e+00 3.609560000000000173e+02 1.860000000000000000e+02 2.595649999999999977e+02 1.260000000000000000e+02 1.000000000000000000e+00 7.259999999999999787e-01 5.000000000000000000e-01 0.000000000000000000e+00
3.220000000000000284e+01 7.097999999999999865e+00 3.612490000000000236e+02 1.860000000000000000e+02 2.597850000000000250e+02 1.260000000000000000e+02 1.000000000000000000e+00 7.269999999999999796e-01 5.000000000000000000e-01 0.000000000000000000e+00
3.225000000000000000e+01 7.091999999999999638e+00 3.615439999999999827e+02 1.860000000000000000e+02 2.600059999999999718e+02 1.260000000000000000e+02 1.000000000000000000e+00 7.279999999999999805e-01 5.000000000000000000e-01 0.000000000000000000e+00
3.229999999999999716e+01 7.086000000000000298e+00 3.618589999999999804e+02 1.860000000000000000e+02 2.602269999999999754e+02 1.260000000000000000e+02 1.000000000000000000e+00 7.289999999999999813e-01 5.000000000000000000e-01 0.000000000000000000e+00
3.235000000000000142e+01 7.081000000000000405e+00 3.621499999999999773e+02 1.860000000000000000e+02 2.604490000000000123e+02 1.260000000000000000e+02 1.000000000000000000e+00 7.299999999999999822e-01 5.000000000000000000e-01 0.000000000000000000e+00
3.239999999999999858e+01 7.075000000000000178e+00 3.624529999999999745e+02 1.860000000000000000e+02 2.606700000000000159e+02 1.260000000000000000e+02 1.000000000000000000e+00 7.309999999999999831e-01 5.000000000000000000e-01 0.000000000000000000e+00
3.245000000000000284e+01 7.070000000000000284e+00 3.627459999999999809e+02 1.860000000000000000e+02 2.608929999999999723e+02 1.260000000000000000e+02 1.000000000000000000e+00 7.319999999999999840e-01 5.000000000000000000e-01 0.000000000000000000e+00
3.250000000000000000e+01 7.064000000000000057e+00 3.630430000000000064e+02 1.860000000000000000e+02 2.611159999999999854e+02 1.260000000000000000e+02 1.000000000000000000e+00 7.329999999999999849e-01 5.000000000000000000e-01 0.000000000000000000e+00
3.254999999999999716e+01 7.057999999999999829e+00 3.633399999999999750e+02 1.860000000000000000e+02 2.613389999999999986e+02 1.260000000000000000e+02 1.000000000000000000e+00 7.339999999999999858e-01 5.000000000000000000e-01 0.000000000000000000e+00
3.260000000000000142e+01 7.052999999999999936e+00 3.636399999999999864e+02 1.860000000000000000e+02 2.615629999999999882e+02 1.260000000000000000e+02 1.000000000000000000e+00 7.339999999999999858e-01 5.000000000000000000e-01 0.000000000000000000e+00
3.264999999999999858e+01 7.046999999999999709e+00 3.639370000000000118e+02 1.860000000000000000e+02 2.617880000000000109e+02 1.260000000000000000e+02 1.000000000000000000e+00 7.349999999999999867e-01 5.000000000000000000e-01 0.000000000000000000e+00
3.270000000000000284e+01 7.041999999999999815e+00 3.642370000000000232e+02 1.860000000000000000e+02 2.620129999999999768e+02 1.260000000000000000e+02 1.000000000000000000e+00 7.359999999999999876e-01 5.000000000000000000e-01 0.000000000000000000e+00
3.275000000000000000e+01 7.035999999999999588e+00 3.645330000000000155e+02 1.860000000000000000e+02 2.622389999999999759e+02 1.260000000000000000e+02 1.000000000000000000e+00 7.369999999999999885e-01 5.000000000000000000e-01 0.000000000000000000e+00
3.279999999999999716e+01 7.030000000000000249e+00 3.648319999999999936e+02 1.860000000000000000e+02 2.624649999999999750e+02 1.260000000000000000e+02 1.000000000000000000e+00 7.379999999999999893e-01 5.000000000000000000e-01 0.000000000000000000e+00
3.285000000000000142e+01 7.025000000000000355e+00 3.651299999999999955e+02 1.860000000000000000e+02 2.626920000000000073e+02 1.260000000000000000e+02 1.000000000000000000e+00 7.389999999999999902e-01 5.000000000000000000e-01 0.000000000000000000e+00
3.289999999999999858e+01 7.019000000000000128e+00 3.654289999999999736e+02 1.860000000000000000e+02 2.629200000000000159e+02 1.260000000000000000e+02 1.000000000000000000e+00 7.399999999999999911e-01 5.000000000000000000e-01 0.000000000000000000e+00
3.295000000000000284e+01 7.014000000000000234e+00 3.657280000000000086e+02 1.860000000000000000e+02 2.631480000000000246e+02 1.260000000000000000e+02 1.000000000000000000e+00 7.409999999999999920e-01 5.000000000000000000e-01 0.000000000000000000e+00
3.300000000000000000e+01 7.008000000000000007e+00 3.660269999999999868e+02 1.860000000000000000e+02 2.633759999999999764e+02 1.260000000000000000e+02 1.000000000000000000e+00 7.419999999999999929e-01 5.000000000000000000e-01 0.000000000000000000e+00
3.304999999999999716e+01 7.001999999999999780e+00 3.663279999999999745e+02 1.860000000000000000e+02 2.636059999999999945e+02 1.260000000000000000e+02 1.000000000000000000e+00 7.429999999999999938e-01 5.000000000000000000e-01 0.000000000000000000e+00
3.310000000000000142e+01 6.996999999999999886e+00 3.666279999999999859e+02 1.860000000000000000e+02 2.638349999999999795e+02 1.260000000000000000e+02 1.000000000000000000e+00 7.439999999999999947e-01 5.000000000000000000e-01 0.000000000000000000e+00
3.314999999999999858e+01 6.990999999999999659e+00 3.669300000000000068e+02 1.860000000000000000e+02 2.640649999999999977e+02 1.260000000000000000e+02 1.000000000000000000e+00 7.449999999999999956e-01 5.000000000000000000e-01 0.000000000000000000e+00
3.320000000000000284e+01 6.985000000000000320e+00 3.672269999999999754e+02 1.860000000000000000e+02 2.642959999999999923e+02 1.260000000000000000e+02 1.000000000000000000e+00 7.459999999999999964e-01 5.000000000000000000e-01 0.000000000000000000e+00
3.325000000000000000e+01 6.980000000000000426e+00 3.675299999999999727e+02 1.860000000000000000e+02 2.645269999999999868e+02 1.260000000000000000e+02 1.000000000000000000e+00 7.459999999999999964e-01 5.000000000000000000e-01 0.000000000000000000e+00
3.329999999999999716e+01 6.974000000000000199e+00 3.678330000000000268e+02 1.860000000000000000e+02 2.647590000000000146e+02 1.260000000000000000e+02 1.000000000000000000e+00 7.469999999999999973e-01 5.000000000000000000e-01 0.000000000000000000e+00
3.335000000000000142e+01 6.967999999999999972e+00 3.681370000000000005e+02 1.860000000000000000e+02 2.649920000000000186e+02 1.260000000000000000e+02 1.000000000000000000e+00 7.479999999999999982e-01 5.000000000000000000e-01 0.000000000000000000e+00
3.339999999999999858e+01 6.963000000000000078e+00 3.684399999999999977e+02 1.860000000000000000e+02 2.652250000000000227e+02 1.260000000000000000e+02 1.000000000000000000e+00 7.489999999999999991e-01 5.000000000000000000e-01 0.000000000000000000e+00
3.345000000000000284e+01 6.956999999999999851e+00 3.687450000000000045e+02 1.860000000000000000e+02 2.654590000000000032e+02 1.260000000000000000e+02 1.000000000000000000e+00 7.500000000000000000e-01 5.000000000000000000e-01 0.000000000000000000e+00
3.350000000000000000e+01 6.950999999999999623e+00 3.690500000000000114e+02 1.860000000000000000e+02 2.656929999999999836e+02 1.260000000000000000e+02 1.000000000000000000e+00 7.510000000000000009e-01 5.000000000000000000e-01 0.000000000000000000e+00
3.354999999999999716e+01 6.945999999999999730e+00 3.693639999999999759e+02 1.860000000000000000e+02 2.659300000000000068e+02 1.260000000000000000e+02 1.000000000000000000e+00 7.520000000000000018e-01 5.000000000000000000e-01 0.000000000000000000e+00
3.360000000000000142e+01 6.940000000000000391e+00 3.696600000000000250e+02 1.860000000000000000e+02 2.661650000000000205e+02 1.260000000000000000e+02 1.000000000000000000e+00 7.530000000000000027e-01 5.000000000000000000e-01 0.000000000000000000e+00
3.364999999999999858e+01 6.934000000000000163e+00 3.699689999999999941e+02 1.860000000000000000e+02 2.664049999999999727e+02 1.260000000000000000e+02 1.000000000000000000e+00 7.540000000000000036e-01 5.000000000000000000e-01 0.000000000000000000e+00
3.370000000000000284e+01 6.929000000000000270e+00 3.702679999999999723e+02 1.860000000000000000e+02 2.666399999999999864e+02 1.260000000000000000e+02 1.000000000000000000e+00 7.550000000000000044e-01 5.000000000000000000e-01 0.000000000000000000e+00
3.375000000000000000e+01 6.923000000000000043e+00 3.705749999999999886e+02 1.860000000000000000e+02 2.668770000000000095e+02 1.260000000000000000e+02 1.000000000000000000e+00 7.560000000000000053e-01 5.000000000000000000e-01 0.000000000000000000e+00
3.379999999999999716e+01 6.916999999999999815e+00 3.708770000000000095e+02 1.860000000000000000e+02 2.671139999999999759e+02 1.260000000000000000e+02 1.000000000000000000e+00 7.570000000000000062e-01 5.000000000000000000e-01 0.000000000000000000e+00
3.385000000000000142e+01 6.910999999999999588e+00 3.711840000000000259e+02 1.860000000000000000e+02 2.673519999999999754e+02 1.260000000000000000e+02 1.000000000000000000e+00 7.580000000000000071e-01 5.000000000000000000e-01 0.000000000000000000e+00
3.389999999999999858e+01 6.905999999999999694e+00 3.714879999999999995e+02 1.860000000000000000e+02 2.675919999999999845e+02 1.260000000000000000e+02 1.000000000000000000e+00 7.590000000000000080e-01 5.000000000000000000e-01 0.000000000000000000e+00
3.395000000000000284e+01 6.900000000000000355e+00 3.717959999999999923e+02 1.860000000000000000e+02 2.678310000000000173e+02 1.260000000000000000e+02 1.000000000000000000e+00 7.600000000000000089e-01 5.000000000000000000e-01 0.000000000000000000e+00
3.400000000000000000e+01 6.894000000000000128e+00 3.721009999999999991e+02 1.860000000000000000e+02 2.680729999999999791e+02 1.260000000000000000e+02 1.000000000000000000e+00 7.600000000000000089e-01 5.000000000000000000e-01 0.000000000000000000e+00
3.404999999999999716e+01 6.889000000000000234e+00 3.724089999999999918e+02 1.860000000000000000e+02 2.683140000000000214e+02 1.260000000000000000e+02 1.000000000000000000e+00 7.610000000000000098e-01 5.000000000000000000e-01 0.000000000000000000e+00
3.410000000000000142e+01 6.883000000000000007e+00 3.727149999999999750e+02 1.860000000000000000e+02 2.685559999999999832e+02 1.260000000000000000e+02 1.000000000000000000e+00 7.620000000000000107e-01 5.000000000000000000e-01 0.000000000000000000e+00
3.414999999999999858e+01 6.876999999999999780e+00 3.730240000000000009e+02 1.860000000000000000e+02 2.687980000000000018e+02 1.260000000000000000e+02 1.000000000000000000e+00 7.630000000000000115e-01 5.000000000000000000e-01 0.000000000000000000e+00
3.420000000000000284e+01 6.871000000000000441e+00 3.733210000000000264e+02 1.860000000000000000e+02 2.690439999999999827e+02 1.260000000000000000e+02 1.000000000000000000e+00 7.640000000000000124e-01 5.000000000000000000e-01 0.000000000000000000e+00
3.425000000000000000e+01 6.865999999999999659e+00 3.736279999999999859e+02 1.860000000000000000e+02 2.692889999999999873e+02 1.260000000000000000e+02 1.000000000000000000e+00 7.650000000000000133e-01 5.000000000000000000e-01 0.000000000000000000e+00
3.429999999999999716e+01 6.860000000000000320e+00 3.739300000000000068e+02 1.860000000000000000e+02 2.695339999999999918e+02 1.260000000000000000e+02 1.000000000000000000e+00 7.660000000000000142e-01 5.000000000000000000e-01 0.000000000000000000e+00
3.435000000000000142e+01 6.854000000000000092e+00 3.742420000000000186e+02 1.860000000000000000e+02 2.697789999999999964e+02 1.260000000000000000e+02 1.000000000000000000e+00 7.670000000000000151e-01 5.000000000000000000e-01 0.000000000000000000e+00
3.439999999999999858e+01 6.847999999999999865e+00 3.745470000000000255e+02 1.860000000000000000e+02 2.700249999999999773e+02 1.260000000000000000e+02 1.000000000000000000e+00 7.680000000000000160e-01 5.000000000000000000e-01 0.000000000000000000e+00
3.445000000000000284e+01 6.842999999999999972e+00 3.748580000000000041e+02 1.860000000000000000e+02 2.702719999999999914e+02 1.260000000000000000e+02 1.000000000000000000e+00 7.690000000000000169e-01 5.000000000000000000e-01 0.000000000000000000e+00
3.450000000000000000e+01 6.836999999999999744e+00 3.751650000000000205e+02 1.860000000000000000e+02 2.705190000000000055e+02 1.260000000000000000e+02 1.000000000000000000e+00 7.700000000000000178e-01 5.000000000000000000e-01 0.000000000000000000e+00
3.454999999999999716e+01 6.831000000000000405e+00 3.754750000000000227e+02 1.860000000000000000e+02 2.707679999999999723e+02 1.260000000000000000e+02 1.000000000000000000e+00 7.710000000000000187e-01 5.000000000000000000e-01 0.000000000000000000e+00
3.460000000000000142e+01 6.825000000000000178e+00 3.757830000000000155e+02 1.860000000000000000e+02 2.710169999999999959e+02 1.260000000000000000e+02 1.000000000000000000e+00 7.720000000000000195e-01 5.000000000000000000e-01 0.000000000000000000e+00
3.464999999999999858e+01 6.820000000000000284e+00 3.760930000000000177e+02 1.860000000000000000e+02 2.712649999999999864e+02 1.260000000000000000e+02 1.000000000000000000e+00 7.730000000000000204e-01 5.000000000000000000e-01 0.000000000000000000e+00
3.470000000000000284e+01 6.814000000000000057e+00 3.764019999999999868e+02 1.860000000000000000e+02 2.715160000000000196e+02 1.260000000000000000e+02 1.000000000000000000e+00 7.740000000000000213e-01 5.000000000000000000e-01 0.000000000000000000e+00
3.475000000000000000e+01 6.807999999999999829e+00 3.767119999999999891e+02 1.860000000000000000e+02 2.717660000000000196e+02 1.260000000000000000e+02 1.000000000000000000e+00 7.750000000000000222e-01 5.000000000000000000e-01 0.000000000000000000e+00
3.479999999999999716e+01 6.801999999999999602e+00 3.770199999999999818e+02 1.860000000000000000e+02 2.720179999999999723e+02 1.260000000000000000e+02 1.000000000000000000e+00 7.760000000000000231e-01 5.000000000000000000e-01 0.000000000000000000e+00
3.485000000000000142e+01 6.796000000000000263e+00 3.773290000000000077e+02 1.860000000000000000e+02 2.722699999999999818e+02 1.260000000000000000e+02 1.000000000000000000e+00 7.770000000000000240e-01 5.000000000000000000e-01 0.000000000000000000e+00
3.489999999999999858e+01 6.791000000000000369e+00 3.776370000000000005e+02 1.860000000000000000e+02 2.725240000000000009e+02 1.260000000000000000e+02 1.000000000000000000e+00 7.780000000000000249e-01 5.000000000000000000e-01 0.000000000000000000e+00
3.495000000000000284e+01 6.785000000000000142e+00 3.779449999999999932e+02 1.860000000000000000e+02 2.727780000000000200e+02 1.260000000000000000e+02 1.000000000000000000e+00 7.780000000000000249e-01 5.000000000000000000e-01 0.000000000000000000e+00
3.500000000000000000e+01 6.778999999999999915e+00 3.782529999999999859e+02 1.860000000000000000e+02 2.730330000000000155e+02 1.260000000000000000e+02 1.000000000000000000e+00 7.790000000000000258e-01 5.000000000000000000e-01 0.000000000000000000e+00
3.504999999999999716e+01 6.772999999999999687e+00 3.785609999999999786e+02 1.860000000000000000e+02 2.732880000000000109e+02 1.260000000000000000e+02 1.000000000000000000e+00 7.800000000000000266e-01 5.000000000000000000e-01 0.000000000000000000e+00
3.510000000000000142e+01 6.767000000000000348e+00 3.788480000000000132e+02 1.860000000000000000e+02 2.735579999999999927e+02 1.260000000000000000e+02 1.000000000000000000e+00 7.810000000000000275e-01 5.000000000000000000e-01 0.000000000000000000e+00
3.514999999999999858e+01 6.761999999999999567e+00 3.791549999999999727e+02 1.860000000000000000e+02 2.738890000000000100e+02 1.830000000000000000e+02 1.000000000000000000e+00 7.820000000000000284e-01 5.000000000000000000e-01 0.000000000000000000e+00
3.520000000000000284e+01 6.756000000000000227e+00 3.794379999999999882e+02 1.860000000000000000e+02 2.742309999999999945e+02 1.830000000000000000e+02 1.000000000000000000e+00 7.830000000000000293e-01 5.000000000000000000e-01 0.000000000000000000e+00
3.525000000000000000e+01 6.750000000000000000e+00 3.797450000000000045e+02 1.860000000000000000e+02 2.745729999999999791e+02 1.830000000000000000e+02 1.000000000000000000e+00 7.840000000000000302e-01 5.000000000000000000e-01 0.000000000000000000e+00
3.529999999999999716e+01 6.743999999999999773e+00 3.800280000000000200e+02 1.860000000000000000e+02 2.749189999999999827e+02 1.830000000000000000e+02 1.000000000000000000e+00 7.850000000000000311e-01 5.000000000000000000e-01 0.000000000000000000e+00
3.535000000000000142e+01 6.738999999999999879e+00 3.803330000000000268e+02 1.860000000000000000e+02 2.752649999999999864e+02 1.830000000000000000e+02 1.000000000000000000e+00 7.860000000000000320e-01 5.000000000000000000e-01 0.000000000000000000e+00
3.539999999999999858e+01 6.732999999999999652e+00 3.806190000000000282e+02 1.860000000000000000e+02 2.756129999999999995e+02 1.830000000000000000e+02 1.000000000000000000e+00 7.870000000000000329e-01 5.000000000000000000e-01 0.000000000000000000e+00
3.545000000000000284e+01 6.727000000000000313e+00 3.809250000000000114e+02 1.890000000000000000e+02 2.759590000000000032e+02 1.830000000000000000e+02 1.000000000000000000e+00 7.880000000000000338e-01 5.000000000000000000e-01 0.000000000000000000e+00
3.550000000000000000e+01 6.721000000000000085e+00 3.812309999999999945e+02 1.890000000000000000e+02 2.763070000000000164e+02 1.830000000000000000e+02 1.000000000000000000e+00 7.890000000000000346e-01 5.000000000000000000e-01 0.000000000000000000e+00
3.554999999999999716e+01 6.714999999999999858e+00 3.815489999999999782e+02 1.890000000000000000e+02 2.766569999999999823e+02 1.830000000000000000e+02 1.000000000000000000e+00 7.900000000000000355e-01 5.000000000000000000e-01 0.000000000000000000e+00
3.560000000000000142e+01 6.709999999999999964e+00 3.818559999999999945e+02 1.890000000000000000e+02 2.770090000000000146e+02 1.830000000000000000e+02 1.000000000000000000e+00 7.900000000000000355e-01 5.000000000000000000e-01 0.000000000000000000e+00
3.564999999999999858e+01 6.703999999999999737e+00 3.821750000000000114e+02 1.890000000000000000e+02 2.773519999999999754e+02 1.830000000000000000e+02 1.000000000000000000e+00 7.910000000000000364e-01 5.000000000000000000e-01 0.000000000000000000e+00
3.570000000000000284e+01 6.698000000000000398e+00 3.824909999999999854e+02 1.890000000000000000e+02 2.776929999999999836e+02 1.830000000000000000e+02 1.000000000000000000e+00 7.920000000000000373e-01 5.000000000000000000e-01 0.000000000000000000e+00
3.575000000000000000e+01 6.692000000000000171e+00 3.828220000000000027e+02 1.890000000000000000e+02 2.780409999999999968e+02 1.830000000000000000e+02 1.000000000000000000e+00 7.930000000000000382e-01 5.000000000000000000e-01 0.000000000000000000e+00
3.579999999999999716e+01 6.685999999999999943e+00 3.831490000000000009e+02 1.890000000000000000e+02 2.783929999999999723e+02 1.830000000000000000e+02 1.000000000000000000e+00 7.940000000000000391e-01 5.000000000000000000e-01 0.000000000000000000e+00
3.585000000000000142e+01 6.679999999999999716e+00 3.834739999999999895e+02 1.890000000000000000e+02 2.787490000000000236e+02 1.830000000000000000e+02 1.000000000000000000e+00 7.950000000000000400e-01 5.000000000000000000e-01 0.000000000000000000e+00
3.589999999999999858e+01 6.674000000000000377e+00 3.838000000000000114e+02 1.890000000000000000e+02 2.791080000000000041e+02 1.830000000000000000e+02 1.000000000000000000e+00 7.960000000000000409e-01 5.000000000000000000e-01 0.000000000000000000e+00
3.595000000000000284e+01 6.668000000000000149e+00 3.841129999999999995e+02 1.890000000000000000e+02 2.794920000000000186e+02 1.830000000000000000e+02 1.000000000000000000e+00 7.970000000000000417e-01 5.000000000000000000e-01 0.000000000000000000e+00
3.600000000000000000e+01 6.661999999999999922e+00 3.844150000000000205e+02 1.890000000000000000e+02 2.798650000000000091e+02 1.830000000000000000e+02 1.000000000000000000e+00 7.980000000000000426e-01 5.000000000000000000e-01 0.000000000000000000e+00
3.604999999999999716e+01 6.655999999999999694e+00 3.847200000000000273e+02 1.890000000000000000e+02 2.802370000000000232e+02 1.830000000000000000e+02 1.000000000000000000e+00 7.990000000000000435e-01 5.000000000000000000e-01 0.000000000000000000e+00
3.610000000000000142e+01 6.650999999999999801e+00 3.850140000000000100e+02 1.890000000000000000e+02 2.806100000000000136e+02 1.830000000000000000e+02 1.000000000000000000e+00 8.000000000000000444e-01 5.000000000000000000e-01 0.000000000000000000e+00
3.614999999999999858e+01 6.644999999999999574e+00 3.853179999999999836e+02 1.890000000000000000e+02 2.809850000000000136e+02 1.830000000000000000e+02 1.000000000000000000e+00 8.010000000000000453e-01 5.000000000000000000e-01 0.000000000000000000e+00
3.620000000000000284e+01 6.639000000000000234e+00 3.856139999999999759e+02 1.920000000000000000e+02 2.813620000000000232e+02 1.830000000000000000e+02 1.000000000000000000e+00 8.020000000000000462e-01 5.000000000000000000e-01 0.000000000000000000e+00
3.625000000000000000e+01 6.633000000000000007e+00 3.859569999999999936e+02 1.920000000000000000e+02 2.817420000000000186e+02 1.830000000000000000e+02 1.000000000000000000e+00 8.030000000000000471e-01 5.000000000000000000e-01 0.000000000000000000e+00
3.629999999999999716e+01 6.626999999999999780e+00 3.862669999999999959e+02 1.920000000000000000e+02 2.821240000000000236e+02 1.830000000000000000e+02 1.000000000000000000e+00 8.040000000000000480e-01 5.000000000000000000e-01 0.000000000000000000e+00
3.635000000000000142e+01 6.621000000000000441e+00 3.866419999999999959e+02 1.920000000000000000e+02 2.825049999999999955e+02 1.830000000000000000e+02 1.000000000000000000e+00 8.050000000000000488e-01 5.000000000000000000e-01 0.000000000000000000e+00
3.639999999999999858e+01 6.615000000000000213e+00 3.869719999999999800e+02 1.920000000000000000e+02 2.828779999999999859e+02 1.830000000000000000e+02 1.000000000000000000e+00 8.060000000000000497e-01 5.000000000000000000e-01 0.000000000000000000e+00
3.645000000000000284e+01 6.608999999999999986e+00 3.873480000000000132e+02 1.920000000000000000e+02 2.832599999999999909e+02 1.830000000000000000e+02 1.000000000000000000e+00 8.070000000000000506e-01 5.000000000000000000e-01 0.000000000000000000e+00
3.650000000000000000e+01 6.602999999999999758e+00 3.876929999999999836e+02 1.920000000000000000e+02 2.836460000000000150e+02 1.830000000000000000e+02 1.000000000000000000e+00 8.080000000000000515e-01 5.000000000000000000e-01 0.000000000000000000e+00
3.654999999999999716e+01 6.597000000000000419e+00 3.880280000000000200e+02 1.920000000000000000e+02 2.840509999999999877e+02 1.830000000000000000e+02 1.000000000000000000e+00 8.090000000000000524e-01 5.000000000000000000e-01 0.000000000000000000e+00
3.660000000000000142e+01 6.591000000000000192e+00 3.883489999999999895e+02 1.920000000000000000e+02 2.844540000000000077e+02 1.830000000000000000e+02 1.000000000000000000e+00 8.100000000000000533e-01 5.000000000000000000e-01 0.000000000000000000e+00
3.664999999999999858e+01 6.584999999999999964e+00 3.886809999999999832e+02 1.920000000000000000e+02 2.848580000000000041e+02 1.830000000000000000e+02 1.000000000000000000e+00 8.110000000000000542e-01 5.000000000000000000e-01 0.000000000000000000e+00
3.670000000000000284e+01 6.578999999999999737e+00 3.890260000000000105e+02 1.950000000000000000e+02 2.852640000000000100e+02 1.830000000000000000e+02 1.000000000000000000e+00 8.129999999999999449e-01 5.000000000000000000e-01 0.000000000000000000e+00
3.675000000000000000e+01 6.572000000000000064e+00 3.894329999999999927e+02 1.950000000000000000e+02 2.856669999999999732e+02 1.830000000000000000e+02 1.000000000000000000e+00 8.139999999999999458e-01 5.000000000000000000e-01 0.000000000000000000e+00
3.679999999999999716e+01 6.565999999999999837e+00 3.898070000000000164e+02 1.950000000000000000e+02 2.860749999999999886e+02 1.830000000000000000e+02 1.000000000000000000e+00 8.149999999999999467e-01 5.000000000000000000e-01 0.000000000000000000e+00
3.685000000000000142e+01 6.559999999999999609e+00 3.902309999999999945e+02 1.950000000000000000e+02 2.865049999999999955e+02 1.830000000000000000e+02 1.000000000000000000e+00 8.159999999999999476e-01 5.000000000000000000e-01 0.000000000000000000e+00
3.689999999999999858e+01 6.554000000000000270e+00 3.906039999999999850e+02 1.950000000000000000e+02 2.869119999999999777e+02 1.830000000000000000e+02 1.000000000000000000e+00 8.169999999999999485e-01 5.000000000000000000e-01 0.000000000000000000e+00
3.695000000000000284e+01 6.546999999999999709e+00 3.909940000000000282e+02 1.950000000000000000e+02 2.873240000000000123e+02 1.830000000000000000e+02 1.000000000000000000e+00 8.189999999999999503e-01 5.000000000000000000e-01 0.000000000000000000e+00
3.700000000000000000e+01 6.541000000000000369e+00 3.914929999999999950e+02 1.950000000000000000e+02 2.877579999999999814e+02 1.830000000000000000e+02 1.000000000000000000e+00 8.199999999999999512e-01 5.000000000000000000e-01 0.000000000000000000e+00
3.704999999999999716e+01 6.530999999999999694e+00 3.926569999999999823e+02 1.980000000000000000e+02 2.900489999999999782e+02 1.830000000000000000e+02 1.000000000000000000e+00 8.239999999999999547e-01 5.000000000000000000e-01 0.000000000000000000e+00
3.710000000000000142e+01 6.533000000000000362e+00 3.911610000000000014e+02 1.680000000000000000e+02 2.885210000000000150e+02 1.830000000000000000e+02 1.000000000000000000e+00 8.189999999999999503e-01 5.000000000000000000e-01 0.000000000000000000e+00
3.714999999999999858e+01 6.514999999999999680e+00 3.942500000000000000e+02 1.980000000000000000e+02 2.892559999999999718e+02 1.830000000000000000e+02 1.000000000000000000e+00 8.289999999999999591e-01 5.000000000000000000e-01 0.000000000000000000e+00
3.720000000000000284e+01 6.514000000000000234e+00 3.934449999999999932e+02 1.980000000000000000e+02 2.915219999999999914e+02 1.830000000000000000e+02 1.000000000000000000e+00 8.259999999999999565e-01 5.000000000000000000e-01 0.000000000000000000e+00
3.725000000000000000e+01 6.509999999999999787e+00 3.932930000000000064e+02 1.980000000000000000e+02 2.928120000000000118e+02 1.830000000000000000e+02 1.000000000000000000e+00 8.259999999999999565e-01 5.000000000000000000e-01 0.000000000000000000e+00
3.729999999999999716e+01 6.493999999999999773e+00 3.959540000000000077e+02 1.980000000000000000e+02 2.939649999999999750e+02 1.830000000000000000e+02 1.000000000000000000e+00 8.339999999999999636e-01 5.000000000000000000e-01 0.000000000000000000e+00
3.735000000000000142e+01 6.503999999999999559e+00 3.924180000000000064e+02 1.980000000000000000e+02 2.942379999999999995e+02 1.830000000000000000e+02 1.000000000000000000e+00 8.229999999999999538e-01 5.000000000000000000e-01 0.000000000000000000e+00
3.739999999999999858e+01 6.490999999999999659e+00 3.944510000000000218e+02 2.010000000000000000e+02 2.923179999999999836e+02 1.800000000000000000e+02 1.000000000000000000e+00 8.289999999999999591e-01 5.000000000000000000e-01 0.000000000000000000e+00
3.745000000000000284e+01 6.480000000000000426e+00 3.958600000000000136e+02 1.980000000000000000e+02 2.966360000000000241e+02 1.860000000000000000e+02 1.000000000000000000e+00 8.339999999999999636e-01 5.000000000000000000e-01 0.000000000000000000e+00
3.750000000000000000e+01 6.469999999999999751e+00 3.971890000000000214e+02 2.010000000000000000e+02 2.964499999999999886e+02 1.800000000000000000e+02 1.000000000000000000e+00 8.379999999999999671e-01 5.000000000000000000e-01 0.000000000000000000e+00
3.754999999999999716e+01 6.463000000000000078e+00 3.978489999999999895e+02 1.980000000000000000e+02 2.964789999999999850e+02 1.860000000000000000e+02 1.000000000000000000e+00 8.399999999999999689e-01 5.000000000000000000e-01 0.000000000000000000e+00
3.760000000000000142e+01 6.464000000000000412e+00 3.964370000000000118e+02 1.680000000000000000e+02 2.949970000000000141e+02 1.800000000000000000e+02 1.000000000000000000e+00 8.349999999999999645e-01 5.000000000000000000e-01 0.000000000000000000e+00
3.764999999999999858e+01 6.443999999999999950e+00 4.001299999999999955e+02 1.980000000000000000e+02 2.967830000000000155e+02 1.860000000000000000e+02 1.000000000000000000e+00 8.469999999999999751e-01 5.000000000000000000e-01 0.000000000000000000e+00
3.770000000000000284e+01 6.445000000000000284e+00 3.986170000000000186e+02 1.680000000000000000e+02 2.989769999999999754e+02 1.770000000000000000e+02 1.000000000000000000e+00 8.419999999999999707e-01 5.000000000000000000e-01 0.000000000000000000e+00
3.775000000000000000e+01 6.426000000000000156e+00 4.020629999999999882e+02 1.980000000000000000e+02 2.963039999999999736e+02 1.860000000000000000e+02 1.000000000000000000e+00 8.529999999999999805e-01 5.000000000000000000e-01 0.000000000000000000e+00
3.779999999999999716e+01 6.429999999999999716e+00 3.999049999999999727e+02 1.680000000000000000e+02 2.969440000000000168e+02 1.800000000000000000e+02 1.000000000000000000e+00 8.459999999999999742e-01 5.000000000000000000e-01 0.000000000000000000e+00
3.785000000000000142e+01 6.413000000000000256e+00 4.030210000000000150e+02 1.980000000000000000e+02 2.971039999999999850e+02 1.860000000000000000e+02 1.000000000000000000e+00 8.559999999999999831e-01 5.000000000000000000e-01 0.000000000000000000e+00
3.789999999999999858e+01 6.416999999999999815e+00 4.007970000000000255e+02 1.680000000000000000e+02 2.977529999999999859e+02 1.800000000000000000e+02 1.000000000000000000e+00 8.489999999999999769e-01 5.000000000000000000e-01 0.000000000000000000e+00
3.795000000000000284e+01 6.399000000000000021e+00 4.039440000000000168e+02 1.980000000000000000e+02 2.979110000000000014e+02 1.860000000000000000e+02 1.000000000000000000e+00 8.579999999999999849e-01 5.000000000000000000e-01 0.000000000000000000e+00
3.800000000000000000e+01 6.402000000000000135e+00 4.022049999999999841e+02 2.010000000000000000e+02 2.986229999999999905e+02 1.800000000000000000e+02 1.000000000000000000e+00 8.529999999999999805e-01 5.000000000000000000e-01 0.000000000000000000e+00
3.804999999999999716e+01 6.383000000000000007e+00 4.054710000000000036e+02 1.980000000000000000e+02 3.016630000000000109e+02 1.860000000000000000e+02 1.000000000000000000e+00 8.629999999999999893e-01 5.000000000000000000e-01 0.000000000000000000e+00
3.810000000000000142e+01 6.397000000000000242e+00 4.010989999999999895e+02 2.010000000000000000e+02 3.025149999999999864e+02 1.800000000000000000e+02 1.000000000000000000e+00 8.499999999999999778e-01 5.000000000000000000e-01 0.000000000000000000e+00
3.814999999999999858e+01 6.376000000000000334e+00 4.049320000000000164e+02 2.010000000000000000e+02 3.028319999999999936e+02 1.860000000000000000e+02 1.000000000000000000e+00 8.609999999999999876e-01 5.000000000000000000e-01 0.000000000000000000e+00
3.820000000000000284e+01 6.376000000000000334e+00 4.037110000000000127e+02 1.650000000000000000e+02 3.014839999999999804e+02 1.800000000000000000e+02 1.000000000000000000e+00 8.579999999999999849e-01 5.000000000000000000e-01 0.000000000000000000e+00
3.825000000000000000e+01 6.352000000000000313e+00 4.084019999999999868e+02 2.010000000000000000e+02 3.044519999999999982e+02 1.860000000000000000e+02 1.000000000000000000e+00 8.719999999999999973e-01 5.000000000000000000e-01 0.000000000000000000e+00
3.829999999999999716e+01 6.354000000000000092e+00 4.066680000000000064e+02 1.650000000000000000e+02 3.029649999999999750e+02 1.800000000000000000e+02 1.000000000000000000e+00 8.669999999999999929e-01 5.000000000000000000e-01 0.000000000000000000e+00
3.835000000000000142e+01 6.331000000000000405e+00 4.111039999999999850e+02 2.010000000000000000e+02 3.070439999999999827e+02 1.860000000000000000e+02 1.000000000000000000e+00 8.800000000000000044e-01 5.000000000000000000e-01 0.000000000000000000e+00
3.839999999999999858e+01 6.336000000000000298e+00 4.087710000000000150e+02 1.650000000000000000e+02 3.051510000000000105e+02 1.800000000000000000e+02 1.000000000000000000e+00 8.729999999999999982e-01 5.000000000000000000e-01 0.000000000000000000e+00
3.845000000000000284e+01 6.312000000000000277e+00 4.131630000000000109e+02 2.010000000000000000e+02 3.088260000000000218e+02 1.860000000000000000e+02 1.000000000000000000e+00 8.870000000000000107e-01 5.000000000000000000e-01 0.000000000000000000e+00
3.850000000000000000e+01 6.317000000000000171e+00 4.108799999999999955e+02 1.650000000000000000e+02 3.070819999999999936e+02 1.800000000000000000e+02 1.000000000000000000e+00 8.800000000000000044e-01 5.000000000000000000e-01 0.000000000000000000e+00
3.854999999999999716e+01 6.293000000000000149e+00 4.153960000000000150e+02 2.010000000000000000e+02 3.106139999999999759e+02 1.860000000000000000e+02 1.000000000000000000e+00 8.940000000000000169e-01 5.000000000000000000e-01 0.000000000000000000e+00
3.860000000000000142e+01 6.293000000000000149e+00 4.142699999999999818e+02 2.040000000000000000e+02 3.091139999999999759e+02 1.800000000000000000e+02 1.000000000000000000e+00 8.900000000000000133e-01 5.000000000000000000e-01 0.000000000000000000e+00
3.864999999999999858e+01 6.272999999999999687e+00 4.178439999999999941e+02 2.010000000000000000e+02 3.124689999999999941e+02 1.860000000000000000e+02 1.000000000000000000e+00 9.010000000000000231e-01 5.000000000000000000e-01 0.000000000000000000e+00
3.870000000000000284e+01 6.264999999999999680e+00 4.185539999999999736e+02 2.040000000000000000e+02 3.112080000000000268e+02 1.800000000000000000e+02 1.000000000000000000e+00 9.030000000000000249e-01 5.000000000000000000e-01 0.000000000000000000e+00
3.875000000000000000e+01 6.251999999999999780e+00 4.205729999999999791e+02 2.010000000000000000e+02 3.143910000000000196e+02 1.860000000000000000e+02 1.000000000000000000e+00 9.100000000000000311e-01 5.000000000000000000e-01 0.000000000000000000e+00
3.879999999999999716e+01 6.235000000000000320e+00 4.233670000000000186e+02 2.040000000000000000e+02 3.133799999999999955e+02 1.800000000000000000e+02 1.000000000000000000e+00 9.180000000000000382e-01 5.000000000000000000e-01 0.000000000000000000e+00
3.885000000000000142e+01 6.227999999999999758e+00 4.237459999999999809e+02 2.010000000000000000e+02 3.163580000000000041e+02 1.860000000000000000e+02 1.000000000000000000e+00 9.190000000000000391e-01 5.000000000000000000e-01 0.000000000000000000e+00
3.889999999999999858e+01 6.200999999999999623e+00 4.290480000000000018e+02 2.040000000000000000e+02 3.155339999999999918e+02 1.800000000000000000e+02 1.000000000000000000e+00 9.360000000000000542e-01 5.000000000000000000e-01 0.000000000000000000e+00
3.895000000000000284e+01 6.198999999999999844e+00 4.282919999999999732e+02 1.620000000000000000e+02 3.161870000000000118e+02 1.860000000000000000e+02 1.000000000000000000e+00 9.330000000000000515e-01 5.000000000000000000e-01 0.000000000000000000e+00
3.900000000000000000e+01 6.163999999999999702e+00 4.352559999999999718e+02 2.040000000000000000e+02 3.181499999999999773e+02 1.800000000000000000e+02 1.000000000000000000e+00 9.549999999999999600e-01 5.000000000000000000e-01 0.000000000000000000e+00
3.904999999999999716e+01 6.155999999999999694e+00 4.359979999999999905e+02 1.620000000000000000e+02 3.168439999999999941e+02 1.860000000000000000e+02 1.000000000000000000e+00 9.569999999999999618e-01 5.000000000000000000e-01 0.000000000000000000e+00
3.910000000000000142e+01 6.115999999999999659e+00 4.439259999999999877e+02 2.040000000000000000e+02 3.194839999999999804e+02 1.800000000000000000e+02 1.000000000000000000e+00 9.809999999999999831e-01 5.000000000000000000e-01 0.000000000000000000e+00
3.914999999999999858e+01 6.105000000000000426e+00 4.453269999999999982e+02 1.620000000000000000e+02 3.185579999999999927e+02 1.860000000000000000e+02 1.000000000000000000e+00 9.859999999999999876e-01 5.000000000000000000e-01 0.000000000000000000e+00
3.920000000000000284e+01 6.059999999999999609e+00 4.545779999999999745e+02 2.040000000000000000e+02 3.216259999999999764e+02 1.800000000000000000e+02 1.000000000000000000e+00 1.014000000000000012e+00 5.000000000000000000e-01 0.000000000000000000e+00
