0.000000000000000000e+00 1.000000000000000000e+01 1.130777999999999963e+02 1.800000000000000000e+02 1.090391000000000048e+02 1.500000000000000000e+00 1.000000000000000000e+00 0.000000000000000000e+00 2.500000000000000000e-01 1.000000000000000048e-04
5.000000000000000278e-02 9.994400000000000617e+00 1.130777999999999963e+02 1.800000000000000000e+02 1.090391000000000048e+02 1.500000000000000000e+00 1.000000000000000000e+00 0.000000000000000000e+00 2.500000000000000000e-01 1.000000000000000048e-04
1.000000000000000056e-01 9.988699999999999690e+00 1.131414000000000044e+02 1.800000000000000000e+02 1.091029999999999944e+02 1.500000000000000000e+00 1.000000000000000000e+00 2.000000000000000096e-04 2.500000000000000000e-01 1.000000000000000048e-04
1.499999999999999944e-01 9.983100000000000307e+00 1.132051000000000016e+02 1.800000000000000000e+02 1.091670000000000016e+02 1.500000000000000000e+00 1.000000000000000000e+00 4.000000000000000192e-04 2.500000000000000000e-01 1.000000000000000048e-04
2.000000000000000111e-01 9.977499999999999147e+00 1.132689000000000021e+02 1.800000000000000000e+02 1.092310999999999979e+02 1.500000000000000000e+00 1.000000000000000000e+00 5.999999999999999474e-04 2.500000000000000000e-01 1.000000000000000048e-04
2.500000000000000000e-01 9.971899999999999764e+00 1.133328000000000060e+02 1.800000000000000000e+02 1.092952999999999975e+02 1.500000000000000000e+00 1.000000000000000000e+00 8.000000000000000383e-04 2.500000000000000000e-01 1.000000000000000048e-04
2.999999999999999889e-01 9.966200000000000614e+00 1.133966999999999956e+02 1.800000000000000000e+02 1.093594999999999970e+02 1.500000000000000000e+00 1.000000000000000000e+00 8.999999999999999754e-04 2.500000000000000000e-01 1.000000000000000048e-04
3.499999999999999778e-01 9.960599999999999454e+00 1.134608000000000061e+02 1.800000000000000000e+02 1.094238000000000000e+02 1.500000000000000000e+00 1.000000000000000000e+00 1.100000000000000066e-03 2.500000000000000000e-01 1.000000000000000048e-04
4.000000000000000222e-01 9.955000000000000071e+00 1.135249000000000024e+02 1.800000000000000000e+02 1.094882000000000062e+02 1.500000000000000000e+00 1.000000000000000000e+00 1.299999999999999940e-03 2.500000000000000000e-01 1.000000000000000048e-04
4.500000000000000111e-01 9.949299999999999145e+00 1.135891000000000020e+02 1.800000000000000000e+02 1.095527000000000015e+02 1.500000000000000000e+00 1.000000000000000000e+00 1.500000000000000031e-03 2.500000000000000000e-01 1.000000000000000048e-04
5.000000000000000000e-01 9.943699999999999761e+00 1.136534000000000049e+02 1.800000000000000000e+02 1.096173000000000002e+02 1.500000000000000000e+00 1.000000000000000000e+00 1.699999999999999905e-03 2.500000000000000000e-01 1.000000000000000048e-04
5.500000000000000444e-01 9.938100000000000378e+00 1.137176999999999936e+02 1.800000000000000000e+02 1.096820000000000022e+02 1.500000000000000000e+00 1.000000000000000000e+00 1.899999999999999996e-03 2.500000000000000000e-01 1.000000000000000048e-04
5.999999999999999778e-01 9.932399999999999451e+00 1.137822000000000031e+02 1.800000000000000000e+02 1.097467000000000041e+02 1.500000000000000000e+00 1.000000000000000000e+00 2.099999999999999870e-03 2.500000000000000000e-01 1.000000000000000048e-04
6.500000000000000222e-01 9.926800000000000068e+00 1.138466999999999985e+02 1.800000000000000000e+02 1.098114999999999952e+02 1.500000000000000000e+00 1.000000000000000000e+00 2.299999999999999961e-03 2.500000000000000000e-01 1.000000000000000048e-04
6.999999999999999556e-01 9.921099999999999142e+00 1.139112999999999971e+02 1.800000000000000000e+02 1.098764000000000038e+02 1.500000000000000000e+00 1.000000000000000000e+00 2.500000000000000052e-03 2.500000000000000000e-01 1.000000000000000048e-04
7.500000000000000000e-01 9.915499999999999758e+00 1.139759999999999991e+02 1.800000000000000000e+02 1.099414000000000016e+02 1.500000000000000000e+00 1.000000000000000000e+00 2.700000000000000143e-03 2.500000000000000000e-01 1.000000000000000048e-04
8.000000000000000444e-01 9.909900000000000375e+00 1.140408000000000044e+02 1.800000000000000000e+02 1.100065000000000026e+02 1.500000000000000000e+00 1.000000000000000000e+00 2.899999999999999800e-03 2.500000000000000000e-01 1.000000000000000048e-04
8.499999999999999778e-01 9.904199999999999449e+00 1.141056999999999988e+02 1.800000000000000000e+02 1.100716000000000037e+02 1.500000000000000000e+00 1.000000000000000000e+00 3.099999999999999891e-03 2.500000000000000000e-01 1.000000000000000048e-04
9.000000000000000222e-01 9.898600000000000065e+00 1.141705999999999932e+02 1.800000000000000000e+02 1.101368999999999971e+02 1.500000000000000000e+00 1.000000000000000000e+00 3.200000000000000153e-03 2.500000000000000000e-01 1.000000000000000048e-04
9.499999999999999556e-01 9.892899999999999139e+00 1.142356000000000051e+02 1.800000000000000000e+02 1.102022000000000048e+02 1.500000000000000000e+00 1.000000000000000000e+00 3.399999999999999811e-03 2.500000000000000000e-01 1.000000000000000048e-04
1.000000000000000000e+00 9.887299999999999756e+00 1.143007999999999953e+02 1.800000000000000000e+02 1.102676000000000016e+02 1.500000000000000000e+00 1.000000000000000000e+00 3.599999999999999901e-03 2.500000000000000000e-01 1.000000000000000048e-04
1.050000000000000044e+00 9.881700000000000372e+00 1.143659999999999997e+02 1.800000000000000000e+02 1.103331000000000017e+02 1.500000000000000000e+00 1.000000000000000000e+00 3.799999999999999992e-03 2.500000000000000000e-01 1.000000000000000048e-04
1.100000000000000089e+00 9.875999999999999446e+00 1.144312000000000040e+02 1.800000000000000000e+02 1.103987000000000052e+02 1.500000000000000000e+00 1.000000000000000000e+00 4.000000000000000083e-03 2.500000000000000000e-01 1.000000000000000048e-04
1.149999999999999911e+00 9.870400000000000063e+00 1.144966000000000008e+02 1.800000000000000000e+02 1.104642999999999944e+02 1.500000000000000000e+00 1.000000000000000000e+00 4.199999999999999740e-03 2.500000000000000000e-01 1.000000000000000048e-04
1.199999999999999956e+00 9.864699999999999136e+00 1.145621000000000009e+02 1.800000000000000000e+02 1.105301000000000045e+02 1.500000000000000000e+00 1.000000000000000000e+00 4.400000000000000265e-03 2.500000000000000000e-01 1.000000000000000048e-04
1.250000000000000000e+00 9.859099999999999753e+00 1.146276000000000010e+02 1.800000000000000000e+02 1.105959000000000003e+02 1.500000000000000000e+00 1.000000000000000000e+00 4.599999999999999922e-03 2.500000000000000000e-01 1.000000000000000048e-04
1.300000000000000044e+00 9.853400000000000603e+00 1.146932000000000045e+02 1.800000000000000000e+02 1.106617999999999995e+02 1.500000000000000000e+00 1.000000000000000000e+00 4.799999999999999580e-03 2.500000000000000000e-01 1.000000000000000048e-04
1.350000000000000089e+00 9.847799999999999443e+00 1.147590000000000003e+02 1.800000000000000000e+02 1.107278000000000020e+02 1.500000000000000000e+00 1.000000000000000000e+00 5.000000000000000104e-03 2.500000000000000000e-01 1.000000000000000048e-04
1.399999999999999911e+00 9.842100000000000293e+00 1.148247999999999962e+02 1.800000000000000000e+02 1.107938999999999936e+02 1.500000000000000000e+00 1.000000000000000000e+00 5.199999999999999761e-03 2.500000000000000000e-01 1.000000000000000048e-04
1.449999999999999956e+00 9.836499999999999133e+00 1.148906000000000063e+02 1.800000000000000000e+02 1.108601000000000028e+02 1.500000000000000000e+00 1.000000000000000000e+00 5.400000000000000286e-03 2.500000000000000000e-01 1.000000000000000048e-04
1.500000000000000000e+00 9.830799999999999983e+00 1.149565999999999946e+02 1.800000000000000000e+02 1.109262999999999977e+02 1.500000000000000000e+00 1.000000000000000000e+00 5.599999999999999943e-03 2.500000000000000000e-01 1.000000000000000048e-04
1.550000000000000044e+00 9.825200000000000600e+00 1.150227000000000004e+02 1.800000000000000000e+02 1.109926999999999992e+02 1.500000000000000000e+00 1.000000000000000000e+00 5.799999999999999600e-03 2.500000000000000000e-01 1.000000000000000048e-04
1.600000000000000089e+00 9.819499999999999673e+00 1.150888000000000062e+02 1.800000000000000000e+02 1.110591000000000008e+02 1.500000000000000000e+00 1.000000000000000000e+00 6.000000000000000125e-03 2.500000000000000000e-01 1.000000000000000048e-04
1.649999999999999911e+00 9.813900000000000290e+00 1.151550000000000011e+02 1.800000000000000000e+02 1.111256000000000057e+02 1.500000000000000000e+00 1.000000000000000000e+00 6.199999999999999782e-03 2.500000000000000000e-01 1.000000000000000048e-04
1.699999999999999956e+00 9.808199999999999363e+00 1.152214000000000027e+02 1.800000000000000000e+02 1.111921999999999997e+02 1.500000000000000000e+00 1.000000000000000000e+00 6.400000000000000307e-03 2.500000000000000000e-01 1.000000000000000048e-04
1.750000000000000000e+00 9.802599999999999980e+00 1.152878000000000043e+02 1.800000000000000000e+02 1.112588999999999970e+02 1.500000000000000000e+00 1.000000000000000000e+00 6.599999999999999964e-03 2.500000000000000000e-01 1.000000000000000048e-04
1.800000000000000044e+00 9.796900000000000830e+00 1.153542999999999950e+02 1.800000000000000000e+02 1.113256999999999977e+02 1.500000000000000000e+00 1.000000000000000000e+00 6.799999999999999621e-03 2.500000000000000000e-01 1.000000000000000048e-04
1.850000000000000089e+00 9.791299999999999670e+00 1.154207999999999998e+02 1.800000000000000000e+02 1.113926000000000016e+02 1.500000000000000000e+00 1.000000000000000000e+00 7.000000000000000146e-03 2.500000000000000000e-01 1.000000000000000048e-04
1.899999999999999911e+00 9.785600000000000520e+00 1.154874999999999972e+02 1.800000000000000000e+02 1.114595000000000056e+02 1.500000000000000000e+00 1.000000000000000000e+00 7.199999999999999803e-03 2.500000000000000000e-01 1.000000000000000048e-04
1.949999999999999956e+00 9.779999999999999361e+00 1.155542999999999978e+02 1.800000000000000000e+02 1.115266000000000020e+02 1.500000000000000000e+00 1.000000000000000000e+00 7.400000000000000328e-03 2.500000000000000000e-01 1.000000000000000048e-04
2.000000000000000000e+00 9.774300000000000210e+00 1.156210999999999984e+02 1.800000000000000000e+02 1.115936999999999983e+02 1.500000000000000000e+00 1.000000000000000000e+00 7.499999999999999722e-03 2.500000000000000000e-01 1.000000000000000048e-04
2.049999999999999822e+00 9.768599999999999284e+00 1.156880000000000024e+02 1.800000000000000000e+02 1.116608999999999980e+02 1.500000000000000000e+00 1.000000000000000000e+00 7.700000000000000247e-03 2.500000000000000000e-01 1.000000000000000048e-04
2.100000000000000089e+00 9.762999999999999901e+00 1.157550999999999988e+02 1.800000000000000000e+02 1.117282000000000011e+02 1.500000000000000000e+00 1.000000000000000000e+00 7.900000000000000772e-03 2.500000000000000000e-01 1.000000000000000048e-04
2.149999999999999911e+00 9.757300000000000750e+00 1.158221999999999952e+02 1.800000000000000000e+02 1.117955999999999932e+02 1.500000000000000000e+00 1.000000000000000000e+00 8.099999999999999561e-03 2.500000000000000000e-01 1.000000000000000048e-04
2.200000000000000178e+00 9.751699999999999591e+00 1.158893999999999949e+02 1.800000000000000000e+02 1.118631000000000029e+02 1.500000000000000000e+00 1.000000000000000000e+00 8.300000000000000086e-03 2.500000000000000000e-01 1.000000000000000048e-04
2.250000000000000000e+00 9.746000000000000441e+00 1.159565999999999946e+02 1.800000000000000000e+02 1.119307000000000016e+02 1.500000000000000000e+00 1.000000000000000000e+00 8.500000000000000611e-03 2.500000000000000000e-01 1.000000000000000048e-04
2.299999999999999822e+00 9.740299999999999514e+00 1.160240000000000009e+02 1.800000000000000000e+02 1.119983000000000004e+02 1.500000000000000000e+00 1.000000000000000000e+00 8.699999999999999400e-03 2.500000000000000000e-01 1.000000000000000048e-04
2.350000000000000089e+00 9.734700000000000131e+00 1.160914999999999964e+02 1.800000000000000000e+02 1.120661000000000058e+02 1.500000000000000000e+00 1.000000000000000000e+00 8.899999999999999925e-03 2.500000000000000000e-01 1.000000000000000048e-04
2.399999999999999911e+00 9.728999999999999204e+00 1.161590000000000060e+02 1.800000000000000000e+02 1.121338999999999970e+02 1.500000000000000000e+00 1.000000000000000000e+00 9.100000000000000450e-03 2.500000000000000000e-01 1.000000000000000048e-04
2.450000000000000178e+00 9.723399999999999821e+00 1.162266999999999939e+02 1.800000000000000000e+02 1.122018000000000058e+02 1.500000000000000000e+00 1.000000000000000000e+00 9.299999999999999239e-03 2.500000000000000000e-01 1.000000000000000048e-04
2.500000000000000000e+00 9.717700000000000671e+00 1.162943999999999960e+02 1.800000000000000000e+02 1.122699000000000069e+02 1.500000000000000000e+00 1.000000000000000000e+00 9.499999999999999764e-03 2.500000000000000000e-01 1.000000000000000048e-04
2.549999999999999822e+00 9.711999999999999744e+00 1.163622000000000014e+02 1.800000000000000000e+02 1.123379999999999939e+02 1.500000000000000000e+00 1.000000000000000000e+00 9.700000000000000289e-03 2.500000000000000000e-01 1.000000000000000048e-04
2.600000000000000089e+00 9.706400000000000361e+00 1.164301999999999992e+02 1.800000000000000000e+02 1.124061999999999983e+02 1.500000000000000000e+00 1.000000000000000000e+00 1.000000000000000021e-02 2.500000000000000000e-01 1.000000000000000048e-04
2.649999999999999911e+00 9.700699999999999434e+00 1.164981999999999971e+02 1.800000000000000000e+02 1.124745000000000061e+02 1.500000000000000000e+00 1.000000000000000000e+00 1.020000000000000073e-02 2.500000000000000000e-01 1.000000000000000048e-04
2.700000000000000178e+00 9.695000000000000284e+00 1.165662999999999982e+02 1.800000000000000000e+02 1.125427999999999997e+02 1.500000000000000000e+00 1.000000000000000000e+00 1.039999999999999952e-02 2.500000000000000000e-01 1.000000000000000048e-04
2.750000000000000000e+00 9.689399999999999125e+00 1.166343999999999994e+02 1.800000000000000000e+02 1.126113000000000000e+02 1.500000000000000000e+00 1.000000000000000000e+00 1.060000000000000005e-02 2.500000000000000000e-01 1.000000000000000048e-04
2.799999999999999822e+00 9.683699999999999974e+00 1.167026999999999930e+02 1.800000000000000000e+02 1.126799000000000035e+02 1.500000000000000000e+00 1.000000000000000000e+00 1.080000000000000057e-02 2.500000000000000000e-01 1.000000000000000048e-04
2.850000000000000089e+00 9.678000000000000824e+00 1.167711000000000041e+02 1.800000000000000000e+02 1.127485000000000070e+02 1.500000000000000000e+00 1.000000000000000000e+00 1.099999999999999936e-02 2.500000000000000000e-01 1.000000000000000048e-04
2.899999999999999911e+00 9.672399999999999665e+00 1.168396000000000043e+02 1.800000000000000000e+02 1.128173000000000030e+02 1.500000000000000000e+00 1.000000000000000000e+00 1.119999999999999989e-02 2.500000000000000000e-01 1.000000000000000048e-04
2.950000000000000178e+00 9.666700000000000514e+00 1.169081000000000046e+02 1.800000000000000000e+02 1.128860999999999990e+02 1.500000000000000000e+00 1.000000000000000000e+00 1.140000000000000041e-02 2.500000000000000000e-01 1.000000000000000048e-04
3.000000000000000000e+00 9.660999999999999588e+00 1.169766999999999939e+02 1.800000000000000000e+02 1.129549999999999983e+02 1.500000000000000000e+00 1.000000000000000000e+00 1.159999999999999920e-02 2.500000000000000000e-01 1.000000000000000048e-04
3.049999999999999822e+00 9.655300000000000438e+00 1.170455000000000041e+02 1.800000000000000000e+02 1.130241000000000042e+02 1.500000000000000000e+00 1.000000000000000000e+00 1.179999999999999973e-02 2.500000000000000000e-01 1.000000000000000048e-04
3.100000000000000089e+00 9.649699999999999278e+00 1.171143000000000001e+02 1.800000000000000000e+02 1.130931999999999960e+02 1.500000000000000000e+00 1.000000000000000000e+00 1.200000000000000025e-02 2.500000000000000000e-01 1.000000000000000048e-04
3.149999999999999911e+00 9.644000000000000128e+00 1.171831999999999994e+02 1.800000000000000000e+02 1.131624000000000052e+02 1.500000000000000000e+00 1.000000000000000000e+00 1.220000000000000077e-02 2.500000000000000000e-01 1.000000000000000048e-04
3.200000000000000178e+00 9.638299999999999201e+00 1.172522000000000020e+02 1.800000000000000000e+02 1.132317000000000036e+02 1.500000000000000000e+00 1.000000000000000000e+00 1.239999999999999956e-02 2.500000000000000000e-01 1.000000000000000048e-04
3.250000000000000000e+00 9.632600000000000051e+00 1.173213999999999970e+02 1.800000000000000000e+02 1.133011000000000053e+02 1.500000000000000000e+00 1.000000000000000000e+00 1.260000000000000009e-02 2.500000000000000000e-01 1.000000000000000048e-04
3.299999999999999822e+00 9.627000000000000668e+00 1.173906000000000063e+02 1.800000000000000000e+02 1.133705000000000069e+02 1.500000000000000000e+00 1.000000000000000000e+00 1.280000000000000061e-02 2.500000000000000000e-01 1.000000000000000048e-04
3.350000000000000089e+00 9.621299999999999741e+00 1.174598000000000013e+02 1.800000000000000000e+02 1.134401000000000010e+02 1.500000000000000000e+00 1.000000000000000000e+00 1.299999999999999940e-02 2.500000000000000000e-01 1.000000000000000048e-04
3.399999999999999911e+00 9.615600000000000591e+00 1.175292000000000030e+02 1.800000000000000000e+02 1.135097999999999985e+02 1.500000000000000000e+00 1.000000000000000000e+00 1.319999999999999993e-02 2.500000000000000000e-01 1.000000000000000048e-04
3.450000000000000178e+00 9.609899999999999665e+00 1.175986999999999938e+02 1.800000000000000000e+02 1.135795999999999992e+02 1.500000000000000000e+00 1.000000000000000000e+00 1.340000000000000045e-02 2.500000000000000000e-01 1.000000000000000048e-04
3.500000000000000000e+00 9.604200000000000514e+00 1.176683000000000021e+02 1.800000000000000000e+02 1.136494000000000000e+02 1.500000000000000000e+00 1.000000000000000000e+00 1.359999999999999924e-02 2.500000000000000000e-01 1.000000000000000048e-04
3.549999999999999822e+00 9.598599999999999355e+00 1.177379999999999995e+02 1.800000000000000000e+02 1.137193999999999932e+02 1.500000000000000000e+00 1.000000000000000000e+00 1.379999999999999977e-02 2.500000000000000000e-01 1.000000000000000048e-04
3.600000000000000089e+00 9.592900000000000205e+00 1.178076999999999970e+02 1.800000000000000000e+02 1.137894000000000005e+02 1.500000000000000000e+00 1.000000000000000000e+00 1.400000000000000029e-02 2.500000000000000000e-01 1.000000000000000048e-04
3.649999999999999911e+00 9.587199999999999278e+00 1.178776000000000010e+02 1.800000000000000000e+02 1.138594999999999970e+02 1.500000000000000000e+00 1.000000000000000000e+00 1.420000000000000082e-02 2.500000000000000000e-01 1.000000000000000048e-04
3.700000000000000178e+00 9.581500000000000128e+00 1.179475000000000051e+02 1.800000000000000000e+02 1.139298000000000002e+02 1.500000000000000000e+00 1.000000000000000000e+00 1.450000000000000074e-02 2.500000000000000000e-01 1.000000000000000048e-04
3.750000000000000000e+00 9.575799999999999201e+00 1.180176000000000016e+02 1.800000000000000000e+02 1.140001000000000033e+02 1.500000000000000000e+00 1.000000000000000000e+00 1.469999999999999953e-02 2.500000000000000000e-01 1.000000000000000048e-04
3.799999999999999822e+00 9.570100000000000051e+00 1.180876999999999981e+02 1.800000000000000000e+02 1.140704999999999956e+02 1.500000000000000000e+00 1.000000000000000000e+00 1.490000000000000005e-02 2.500000000000000000e-01 1.000000000000000048e-04
3.850000000000000089e+00 9.564500000000000668e+00 1.181580000000000013e+02 1.800000000000000000e+02 1.141410999999999945e+02 1.500000000000000000e+00 1.000000000000000000e+00 1.510000000000000057e-02 2.500000000000000000e-01 1.000000000000000048e-04
3.899999999999999911e+00 9.558799999999999741e+00 1.182283000000000044e+02 1.800000000000000000e+02 1.142116999999999933e+02 1.500000000000000000e+00 1.000000000000000000e+00 1.529999999999999936e-02 2.500000000000000000e-01 1.000000000000000048e-04
3.950000000000000178e+00 9.553100000000000591e+00 1.182986999999999966e+02 1.800000000000000000e+02 1.142823999999999955e+02 1.500000000000000000e+00 1.000000000000000000e+00 1.549999999999999989e-02 2.500000000000000000e-01 1.000000000000000048e-04
4.000000000000000000e+00 9.547399999999999665e+00 1.183692000000000064e+02 1.800000000000000000e+02 1.143532000000000011e+02 1.500000000000000000e+00 1.000000000000000000e+00 1.569999999999999868e-02 2.500000000000000000e-01 1.000000000000000048e-04
4.049999999999999822e+00 9.541700000000000514e+00 1.184398999999999944e+02 1.800000000000000000e+02 1.144240999999999957e+02 1.500000000000000000e+00 1.000000000000000000e+00 1.590000000000000094e-02 2.500000000000000000e-01 1.000000000000000048e-04
4.099999999999999645e+00 9.535999999999999588e+00 1.185105999999999966e+02 1.800000000000000000e+02 1.144950999999999937e+02 1.500000000000000000e+00 1.000000000000000000e+00 1.609999999999999973e-02 2.500000000000000000e-01 1.000000000000000048e-04
4.150000000000000355e+00 9.530300000000000438e+00 1.185814000000000021e+02 1.800000000000000000e+02 1.145661999999999949e+02 1.500000000000000000e+00 1.000000000000000000e+00 1.629999999999999852e-02 2.500000000000000000e-01 1.000000000000000048e-04
4.200000000000000178e+00 9.524599999999999511e+00 1.186522999999999968e+02 1.800000000000000000e+02 1.146373999999999995e+02 1.500000000000000000e+00 1.000000000000000000e+00 1.650000000000000078e-02 2.500000000000000000e-01 1.000000000000000048e-04
4.250000000000000000e+00 9.518900000000000361e+00 1.187232999999999947e+02 1.800000000000000000e+02 1.147086999999999932e+02 1.500000000000000000e+00 1.000000000000000000e+00 1.679999999999999896e-02 2.500000000000000000e-01 1.000000000000000048e-04
4.299999999999999822e+00 9.513199999999999434e+00 1.187943999999999960e+02 1.800000000000000000e+02 1.147801000000000045e+02 1.500000000000000000e+00 1.000000000000000000e+00 1.700000000000000122e-02 2.500000000000000000e-01 1.000000000000000048e-04
4.349999999999999645e+00 9.507500000000000284e+00 1.188656000000000006e+02 1.800000000000000000e+02 1.148516000000000048e+02 1.500000000000000000e+00 1.000000000000000000e+00 1.720000000000000001e-02 2.500000000000000000e-01 1.000000000000000048e-04
4.400000000000000355e+00 9.501899999999999125e+00 1.189368999999999943e+02 1.800000000000000000e+02 1.149231000000000051e+02 1.500000000000000000e+00 1.000000000000000000e+00 1.739999999999999880e-02 2.500000000000000000e-01 1.000000000000000048e-04
4.450000000000000178e+00 9.496199999999999974e+00 1.190083000000000055e+02 1.800000000000000000e+02 1.149947999999999979e+02 1.500000000000000000e+00 1.000000000000000000e+00 1.760000000000000106e-02 2.500000000000000000e-01 1.000000000000000048e-04
4.500000000000000000e+00 9.490500000000000824e+00 1.190798000000000059e+02 1.800000000000000000e+02 1.150665999999999940e+02 1.500000000000000000e+00 1.000000000000000000e+00 1.779999999999999985e-02 2.500000000000000000e-01 1.000000000000000048e-04
4.549999999999999822e+00 9.484799999999999898e+00 1.191513999999999953e+02 1.800000000000000000e+02 1.151384999999999934e+02 1.500000000000000000e+00 1.000000000000000000e+00 1.799999999999999864e-02 2.500000000000000000e-01 1.000000000000000048e-04
4.599999999999999645e+00 9.479100000000000747e+00 1.192231000000000023e+02 1.800000000000000000e+02 1.152104999999999961e+02 1.500000000000000000e+00 1.000000000000000000e+00 1.820000000000000090e-02 2.500000000000000000e-01 1.000000000000000048e-04
4.650000000000000355e+00 9.473399999999999821e+00 1.192948999999999984e+02 1.800000000000000000e+02 1.152824999999999989e+02 1.500000000000000000e+00 1.000000000000000000e+00 1.849999999999999908e-02 2.500000000000000000e-01 1.000000000000000048e-04
4.700000000000000178e+00 9.467700000000000671e+00 1.193667999999999978e+02 1.800000000000000000e+02 1.153546999999999940e+02 1.500000000000000000e+00 1.000000000000000000e+00 1.870000000000000134e-02 2.500000000000000000e-01 1.000000000000000048e-04
4.750000000000000000e+00 9.461999999999999744e+00 1.194388000000000005e+02 1.800000000000000000e+02 1.154270000000000067e+02 1.500000000000000000e+00 1.000000000000000000e+00 1.890000000000000013e-02 2.500000000000000000e-01 1.000000000000000048e-04
4.799999999999999822e+00 9.456300000000000594e+00 1.195109000000000066e+02 1.800000000000000000e+02 1.154993999999999943e+02 1.500000000000000000e+00 1.000000000000000000e+00 1.909999999999999892e-02 2.500000000000000000e-01 1.000000000000000048e-04
4.849999999999999645e+00 9.450599999999999667e+00 1.195831000000000017e+02 1.800000000000000000e+02 1.155717999999999961e+02 1.500000000000000000e+00 1.000000000000000000e+00 1.930000000000000118e-02 2.500000000000000000e-01 1.000000000000000048e-04
4.900000000000000355e+00 9.444900000000000517e+00 1.196554000000000002e+02 1.800000000000000000e+02 1.156444000000000045e+02 1.500000000000000000e+00 1.000000000000000000e+00 1.949999999999999997e-02 2.500000000000000000e-01 1.000000000000000048e-04
4.950000000000000178e+00 9.439099999999999824e+00 1.197278000000000020e+02 1.800000000000000000e+02 1.157171000000000021e+02 1.500000000000000000e+00 1.000000000000000000e+00 1.969999999999999876e-02 2.500000000000000000e-01 1.000000000000000048e-04
5.000000000000000000e+00 9.433400000000000674e+00 1.198002999999999929e+02 1.800000000000000000e+02 1.157897999999999996e+02 1.500000000000000000e+00 1.000000000000000000e+00 2.000000000000000042e-02 2.500000000000000000e-01 1.000000000000000048e-04
5.049999999999999822e+00 9.427699999999999747e+00 1.198727999999999980e+02 1.800000000000000000e+02 1.158627000000000038e+02 1.500000000000000000e+00 1.000000000000000000e+00 2.019999999999999921e-02 2.500000000000000000e-01 1.000000000000000048e-04
5.099999999999999645e+00 9.422000000000000597e+00 1.199454999999999956e+02 1.800000000000000000e+02 1.159356999999999971e+02 1.500000000000000000e+00 1.000000000000000000e+00 2.040000000000000147e-02 2.500000000000000000e-01 1.000000000000000048e-04
5.150000000000000355e+00 9.416299999999999670e+00 1.200182999999999964e+02 1.800000000000000000e+02 1.160087999999999937e+02 1.500000000000000000e+00 1.000000000000000000e+00 2.060000000000000026e-02 2.500000000000000000e-01 1.000000000000000048e-04
5.200000000000000178e+00 9.410600000000000520e+00 1.200912000000000006e+02 1.800000000000000000e+02 1.160819000000000045e+02 1.500000000000000000e+00 1.000000000000000000e+00 2.079999999999999905e-02 2.500000000000000000e-01 1.000000000000000048e-04
5.250000000000000000e+00 9.404899999999999594e+00 1.201641999999999939e+02 1.800000000000000000e+02 1.161551999999999936e+02 1.500000000000000000e+00 1.000000000000000000e+00 2.100000000000000130e-02 2.500000000000000000e-01 1.000000000000000048e-04
5.299999999999999822e+00 9.399200000000000443e+00 1.202373000000000047e+02 1.800000000000000000e+02 1.162286000000000001e+02 1.500000000000000000e+00 1.000000000000000000e+00 2.120000000000000009e-02 2.500000000000000000e-01 1.000000000000000048e-04
5.349999999999999645e+00 9.393499999999999517e+00 1.203105000000000047e+02 1.800000000000000000e+02 1.163020999999999958e+02 1.500000000000000000e+00 1.000000000000000000e+00 2.149999999999999828e-02 2.500000000000000000e-01 1.000000000000000048e-04
5.400000000000000355e+00 9.387800000000000367e+00 1.203837999999999937e+02 1.800000000000000000e+02 1.163756999999999948e+02 1.500000000000000000e+00 1.000000000000000000e+00 2.170000000000000054e-02 2.500000000000000000e-01 1.000000000000000048e-04
5.450000000000000178e+00 9.382099999999999440e+00 1.204572000000000003e+02 1.800000000000000000e+02 1.164493999999999971e+02 1.500000000000000000e+00 1.000000000000000000e+00 2.189999999999999933e-02 2.500000000000000000e-01 1.000000000000000048e-04
5.500000000000000000e+00 9.376300000000000523e+00 1.205307999999999993e+02 1.800000000000000000e+02 1.165230999999999995e+02 1.500000000000000000e+00 1.000000000000000000e+00 2.210000000000000159e-02 2.500000000000000000e-01 1.000000000000000048e-04
5.549999999999999822e+00 9.370599999999999596e+00 1.206043999999999983e+02 1.800000000000000000e+02 1.165969999999999942e+02 1.500000000000000000e+00 1.000000000000000000e+00 2.230000000000000038e-02 2.500000000000000000e-01 1.000000000000000048e-04
5.599999999999999645e+00 9.364900000000000446e+00 1.206781000000000006e+02 1.800000000000000000e+02 1.166710000000000065e+02 1.500000000000000000e+00 1.000000000000000000e+00 2.259999999999999856e-02 2.500000000000000000e-01 1.000000000000000048e-04
5.650000000000000355e+00 9.359199999999999520e+00 1.207519000000000062e+02 1.800000000000000000e+02 1.167450999999999937e+02 1.500000000000000000e+00 1.000000000000000000e+00 2.280000000000000082e-02 2.500000000000000000e-01 1.000000000000000048e-04
5.700000000000000178e+00 9.353500000000000369e+00 1.208258000000000010e+02 1.800000000000000000e+02 1.168192999999999984e+02 1.500000000000000000e+00 1.000000000000000000e+00 2.299999999999999961e-02 2.500000000000000000e-01 1.000000000000000048e-04
5.750000000000000000e+00 9.347799999999999443e+00 1.208999000000000024e+02 1.800000000000000000e+02 1.168936000000000064e+02 1.500000000000000000e+00 1.000000000000000000e+00 2.319999999999999840e-02 2.500000000000000000e-01 1.000000000000000048e-04
5.799999999999999822e+00 9.342000000000000526e+00 1.209740000000000038e+02 1.800000000000000000e+02 1.169680000000000035e+02 1.500000000000000000e+00 1.000000000000000000e+00 2.340000000000000066e-02 2.500000000000000000e-01 1.000000000000000048e-04
5.849999999999999645e+00 9.336299999999999599e+00 1.210481999999999942e+02 1.800000000000000000e+02 1.170425999999999931e+02 1.500000000000000000e+00 1.000000000000000000e+00 2.369999999999999885e-02 2.500000000000000000e-01 1.000000000000000048e-04
5.900000000000000355e+00 9.330600000000000449e+00 1.211226000000000056e+02 1.800000000000000000e+02 1.171171999999999969e+02 1.500000000000000000e+00 1.000000000000000000e+00 2.390000000000000110e-02 2.500000000000000000e-01 1.000000000000000048e-04
5.950000000000000178e+00 9.324899999999999523e+00 1.211970000000000027e+02 1.800000000000000000e+02 1.171919000000000040e+02 1.500000000000000000e+00 1.000000000000000000e+00 2.409999999999999989e-02 2.500000000000000000e-01 1.000000000000000048e-04
6.000000000000000000e+00 9.319200000000000372e+00 1.212716000000000065e+02 1.800000000000000000e+02 1.172667000000000002e+02 1.500000000000000000e+00 1.000000000000000000e+00 2.429999999999999868e-02 2.500000000000000000e-01 1.000000000000000048e-04
6.049999999999999822e+00 9.313399999999999679e+00 1.213461999999999961e+02 1.800000000000000000e+02 1.173417000000000030e+02 1.500000000000000000e+00 1.000000000000000000e+00 2.450000000000000094e-02 2.500000000000000000e-01 1.000000000000000048e-04
6.099999999999999645e+00 9.307700000000000529e+00 1.214210000000000065e+02 1.800000000000000000e+02 1.174167000000000058e+02 1.500000000000000000e+00 1.000000000000000000e+00 2.479999999999999913e-02 2.500000000000000000e-01 1.000000000000000048e-04
6.150000000000000355e+00 9.301999999999999602e+00 1.214958000000000027e+02 1.800000000000000000e+02 1.174919000000000011e+02 1.500000000000000000e+00 1.000000000000000000e+00 2.500000000000000139e-02 2.500000000000000000e-01 1.000000000000000048e-04
6.200000000000000178e+00 9.296300000000000452e+00 1.215708000000000055e+02 1.800000000000000000e+02 1.175670999999999964e+02 1.500000000000000000e+00 1.000000000000000000e+00 2.520000000000000018e-02 2.500000000000000000e-01 1.000000000000000048e-04
6.250000000000000000e+00 9.290499999999999758e+00 1.216458999999999975e+02 1.800000000000000000e+02 1.176424999999999983e+02 1.500000000000000000e+00 1.000000000000000000e+00 2.539999999999999897e-02 2.500000000000000000e-01 1.000000000000000048e-04
6.299999999999999822e+00 9.284800000000000608e+00 1.217211000000000070e+02 1.800000000000000000e+02 1.177179000000000002e+02 1.500000000000000000e+00 1.000000000000000000e+00 2.570000000000000062e-02 2.500000000000000000e-01 1.000000000000000048e-04
6.349999999999999645e+00 9.279099999999999682e+00 1.217964000000000055e+02 1.800000000000000000e+02 1.177934999999999945e+02 1.500000000000000000e+00 1.000000000000000000e+00 2.589999999999999941e-02 2.500000000000000000e-01 1.000000000000000048e-04
6.400000000000000355e+00 9.273300000000000765e+00 1.218717999999999932e+02 1.800000000000000000e+02 1.178692000000000064e+02 1.500000000000000000e+00 1.000000000000000000e+00 2.610000000000000167e-02 2.500000000000000000e-01 1.000000000000000048e-04
6.450000000000000178e+00 9.267599999999999838e+00 1.219472999999999985e+02 1.800000000000000000e+02 1.179449999999999932e+02 1.500000000000000000e+00 1.000000000000000000e+00 2.630000000000000046e-02 2.500000000000000000e-01 1.000000000000000048e-04
6.500000000000000000e+00 9.261900000000000688e+00 1.220229000000000070e+02 1.800000000000000000e+02 1.180208999999999975e+02 1.500000000000000000e+00 1.000000000000000000e+00 2.649999999999999925e-02 2.500000000000000000e-01 1.000000000000000048e-04
6.549999999999999822e+00 9.256099999999999994e+00 1.220986000000000047e+02 1.800000000000000000e+02 1.180969000000000051e+02 1.500000000000000000e+00 1.000000000000000000e+00 2.680000000000000090e-02 2.500000000000000000e-01 1.000000000000000048e-04
6.599999999999999645e+00 9.250400000000000844e+00 1.221744999999999948e+02 1.800000000000000000e+02 1.181730000000000018e+02 1.500000000000000000e+00 1.000000000000000000e+00 2.699999999999999969e-02 2.500000000000000000e-01 1.000000000000000048e-04
6.650000000000000355e+00 9.244699999999999918e+00 1.222503999999999991e+02 1.800000000000000000e+02 1.182492000000000019e+02 1.500000000000000000e+00 1.000000000000000000e+00 2.719999999999999848e-02 2.500000000000000000e-01 1.000000000000000048e-04
6.700000000000000178e+00 9.238899999999999224e+00 1.223264999999999958e+02 1.800000000000000000e+02 1.183255000000000052e+02 1.500000000000000000e+00 1.000000000000000000e+00 2.750000000000000014e-02 2.500000000000000000e-01 1.000000000000000048e-04
6.750000000000000000e+00 9.233200000000000074e+00 1.224026000000000067e+02 1.800000000000000000e+02 1.184020000000000010e+02 1.500000000000000000e+00 1.000000000000000000e+00 2.769999999999999893e-02 2.500000000000000000e-01 1.000000000000000048e-04
6.799999999999999822e+00 9.227499999999999147e+00 1.224788999999999959e+02 1.800000000000000000e+02 1.184784999999999968e+02 1.500000000000000000e+00 1.000000000000000000e+00 2.790000000000000119e-02 2.500000000000000000e-01 1.000000000000000048e-04
6.849999999999999645e+00 9.221700000000000230e+00 1.225553000000000026e+02 1.800000000000000000e+02 1.185550999999999959e+02 1.500000000000000000e+00 1.000000000000000000e+00 2.809999999999999998e-02 2.500000000000000000e-01 1.000000000000000048e-04
6.900000000000000355e+00 9.215999999999999304e+00 1.226316999999999950e+02 1.800000000000000000e+02 1.186319000000000017e+02 1.500000000000000000e+00 1.000000000000000000e+00 2.840000000000000163e-02 2.500000000000000000e-01 1.000000000000000048e-04
6.950000000000000178e+00 9.210200000000000387e+00 1.227082999999999942e+02 1.800000000000000000e+02 1.187087999999999965e+02 1.500000000000000000e+00 1.000000000000000000e+00 2.860000000000000042e-02 2.500000000000000000e-01 1.000000000000000048e-04
7.000000000000000000e+00 9.204499999999999460e+00 1.227850999999999999e+02 1.800000000000000000e+02 1.187857999999999947e+02 1.500000000000000000e+00 1.000000000000000000e+00 2.879999999999999921e-02 2.500000000000000000e-01 1.000000000000000048e-04
7.049999999999999822e+00 9.198800000000000310e+00 1.228619000000000057e+02 1.800000000000000000e+02 1.188628999999999962e+02 1.500000000000000000e+00 1.000000000000000000e+00 2.900000000000000147e-02 2.500000000000000000e-01 1.000000000000000048e-04
7.099999999999999645e+00 9.192999999999999616e+00 1.229388000000000005e+02 1.800000000000000000e+02 1.189401000000000010e+02 1.500000000000000000e+00 1.000000000000000000e+00 2.929999999999999966e-02 2.500000000000000000e-01 1.000000000000000048e-04
7.150000000000000355e+00 9.187300000000000466e+00 1.230157999999999987e+02 1.800000000000000000e+02 1.190173999999999950e+02 1.500000000000000000e+00 1.000000000000000000e+00 2.949999999999999845e-02 2.500000000000000000e-01 1.000000000000000048e-04
7.200000000000000178e+00 9.181499999999999773e+00 1.230930000000000035e+02 1.800000000000000000e+02 1.190948000000000064e+02 1.500000000000000000e+00 1.000000000000000000e+00 2.970000000000000070e-02 2.500000000000000000e-01 1.000000000000000048e-04
7.250000000000000000e+00 9.175800000000000622e+00 1.231701999999999941e+02 1.800000000000000000e+02 1.191723000000000070e+02 1.500000000000000000e+00 1.000000000000000000e+00 2.999999999999999889e-02 2.500000000000000000e-01 1.000000000000000048e-04
7.299999999999999822e+00 9.169999999999999929e+00 1.232476000000000056e+02 1.800000000000000000e+02 1.192500000000000000e+02 1.500000000000000000e+00 1.000000000000000000e+00 3.020000000000000115e-02 2.500000000000000000e-01 1.000000000000000048e-04
7.349999999999999645e+00 9.164300000000000779e+00 1.233251000000000062e+02 1.800000000000000000e+02 1.193277999999999963e+02 1.500000000000000000e+00 1.000000000000000000e+00 3.039999999999999994e-02 2.500000000000000000e-01 1.000000000000000048e-04
7.400000000000000355e+00 9.158500000000000085e+00 1.234026999999999958e+02 1.800000000000000000e+02 1.194056000000000068e+02 1.500000000000000000e+00 1.000000000000000000e+00 3.059999999999999873e-02 2.500000000000000000e-01 1.000000000000000048e-04
7.450000000000000178e+00 9.152799999999999159e+00 1.234804000000000030e+02 1.800000000000000000e+02 1.194835999999999956e+02 1.500000000000000000e+00 1.000000000000000000e+00 3.090000000000000038e-02 2.500000000000000000e-01 1.000000000000000048e-04
7.500000000000000000e+00 9.147000000000000242e+00 1.235581999999999994e+02 1.800000000000000000e+02 1.195617000000000019e+02 1.500000000000000000e+00 1.000000000000000000e+00 3.109999999999999917e-02 2.500000000000000000e-01 1.000000000000000048e-04
7.549999999999999822e+00 9.141299999999999315e+00 1.236362000000000023e+02 1.800000000000000000e+02 1.196398999999999972e+02 1.500000000000000000e+00 1.000000000000000000e+00 3.130000000000000143e-02 2.500000000000000000e-01 1.000000000000000048e-04
7.599999999999999645e+00 9.135500000000000398e+00 1.237142000000000053e+02 1.800000000000000000e+02 1.197181999999999960e+02 1.500000000000000000e+00 1.000000000000000000e+00 3.160000000000000309e-02 2.500000000000000000e-01 1.000000000000000048e-04
7.650000000000000355e+00 9.129799999999999471e+00 1.237924000000000007e+02 1.800000000000000000e+02 1.197967000000000013e+02 1.500000000000000000e+00 1.000000000000000000e+00 3.180000000000000188e-02 2.500000000000000000e-01 1.000000000000000048e-04
7.700000000000000178e+00 9.124000000000000554e+00 1.238706999999999994e+02 1.800000000000000000e+02 1.198752000000000066e+02 1.500000000000000000e+00 1.000000000000000000e+00 3.200000000000000067e-02 2.500000000000000000e-01 1.000000000000000048e-04
7.750000000000000000e+00 9.118299999999999628e+00 1.239491000000000014e+02 1.800000000000000000e+02 1.199539000000000044e+02 1.500000000000000000e+00 1.000000000000000000e+00 3.230000000000000232e-02 2.500000000000000000e-01 1.000000000000000048e-04
7.799999999999999822e+00 9.112500000000000711e+00 1.240276000000000067e+02 1.800000000000000000e+02 1.200327000000000055e+02 1.500000000000000000e+00 1.000000000000000000e+00 3.250000000000000111e-02 2.500000000000000000e-01 1.000000000000000048e-04
7.849999999999999645e+00 9.106799999999999784e+00 1.241062000000000012e+02 1.800000000000000000e+02 1.201115999999999957e+02 1.500000000000000000e+00 1.000000000000000000e+00 3.269999999999999990e-02 2.500000000000000000e-01 1.000000000000000048e-04
7.900000000000000355e+00 9.101000000000000867e+00 1.241848999999999990e+02 1.800000000000000000e+02 1.201906000000000034e+02 1.500000000000000000e+00 1.000000000000000000e+00 3.300000000000000155e-02 2.500000000000000000e-01 1.000000000000000048e-04
7.950000000000000178e+00 9.095200000000000173e+00 1.242638000000000034e+02 1.800000000000000000e+02 1.202697000000000003e+02 1.500000000000000000e+00 1.000000000000000000e+00 3.320000000000000034e-02 2.500000000000000000e-01 1.000000000000000048e-04
8.000000000000000000e+00 9.089499999999999247e+00 1.243426999999999936e+02 1.800000000000000000e+02 1.203490000000000038e+02 1.500000000000000000e+00 1.000000000000000000e+00 3.339999999999999913e-02 2.500000000000000000e-01 1.000000000000000048e-04
8.050000000000000711e+00 9.083700000000000330e+00 1.244218000000000046e+02 1.800000000000000000e+02 1.204282999999999930e+02 1.500000000000000000e+00 1.000000000000000000e+00 3.370000000000000079e-02 2.500000000000000000e-01 1.000000000000000048e-04
8.099999999999999645e+00 9.077899999999999636e+00 1.245010000000000048e+02 1.800000000000000000e+02 1.205078000000000031e+02 1.500000000000000000e+00 1.000000000000000000e+00 3.389999999999999958e-02 2.500000000000000000e-01 1.000000000000000048e-04
8.150000000000000355e+00 9.072200000000000486e+00 1.245802999999999940e+02 1.800000000000000000e+02 1.205874000000000024e+02 1.500000000000000000e+00 1.000000000000000000e+00 3.409999999999999837e-02 2.500000000000000000e-01 1.000000000000000048e-04
8.199999999999999289e+00 9.066399999999999793e+00 1.246598000000000042e+02 1.800000000000000000e+02 1.206671000000000049e+02 1.500000000000000000e+00 1.000000000000000000e+00 3.440000000000000002e-02 2.500000000000000000e-01 1.000000000000000048e-04
8.250000000000000000e+00 9.060700000000000642e+00 1.247393000000000001e+02 1.800000000000000000e+02 1.207468999999999966e+02 1.500000000000000000e+00 1.000000000000000000e+00 3.459999999999999881e-02 2.500000000000000000e-01 1.000000000000000048e-04
8.300000000000000711e+00 9.054899999999999949e+00 1.248190000000000026e+02 1.800000000000000000e+02 1.208268000000000058e+02 1.500000000000000000e+00 1.000000000000000000e+00 3.479999999999999760e-02 2.500000000000000000e-01 1.000000000000000048e-04
8.349999999999999645e+00 9.049099999999999255e+00 1.248987999999999943e+02 1.800000000000000000e+02 1.209068999999999932e+02 1.500000000000000000e+00 1.000000000000000000e+00 3.509999999999999926e-02 2.500000000000000000e-01 1.000000000000000048e-04
8.400000000000000355e+00 9.043400000000000105e+00 1.249787000000000035e+02 1.800000000000000000e+02 1.209870999999999981e+02 1.500000000000000000e+00 1.000000000000000000e+00 3.529999999999999805e-02 2.500000000000000000e-01 1.000000000000000048e-04
8.449999999999999289e+00 9.037599999999999412e+00 1.250587000000000018e+02 1.800000000000000000e+02 1.210674000000000063e+02 1.500000000000000000e+00 1.000000000000000000e+00 3.559999999999999970e-02 2.500000000000000000e-01 1.000000000000000048e-04
8.500000000000000000e+00 9.031800000000000495e+00 1.251388000000000034e+02 1.800000000000000000e+02 1.211478000000000037e+02 1.500000000000000000e+00 1.000000000000000000e+00 3.579999999999999849e-02 2.500000000000000000e-01 1.000000000000000048e-04
8.550000000000000711e+00 9.025999999999999801e+00 1.252190999999999974e+02 1.800000000000000000e+02 1.212283000000000044e+02 1.500000000000000000e+00 1.000000000000000000e+00 3.599999999999999728e-02 2.500000000000000000e-01 1.000000000000000048e-04
8.599999999999999645e+00 9.020300000000000651e+00 1.252994999999999948e+02 1.800000000000000000e+02 1.213088999999999942e+02 1.500000000000000000e+00 1.000000000000000000e+00 3.629999999999999893e-02 2.500000000000000000e-01 1.000000000000000048e-04
8.650000000000000355e+00 9.014499999999999957e+00 1.253799999999999955e+02 1.800000000000000000e+02 1.213897000000000048e+02 1.500000000000000000e+00 1.000000000000000000e+00 3.649999999999999772e-02 2.500000000000000000e-01 1.000000000000000048e-04
8.699999999999999289e+00 9.008699999999999264e+00 1.254605999999999995e+02 1.800000000000000000e+02 1.214706000000000046e+02 1.500000000000000000e+00 1.000000000000000000e+00 3.679999999999999938e-02 2.500000000000000000e-01 1.000000000000000048e-04
8.750000000000000000e+00 9.002900000000000347e+00 1.255413000000000068e+02 1.800000000000000000e+02 1.215515999999999934e+02 1.500000000000000000e+00 1.000000000000000000e+00 3.699999999999999817e-02 2.500000000000000000e-01 1.000000000000000048e-04
8.800000000000000711e+00 8.997199999999999420e+00 1.256222000000000065e+02 1.800000000000000000e+02 1.216326999999999998e+02 1.500000000000000000e+00 1.000000000000000000e+00 3.719999999999999696e-02 2.500000000000000000e-01 1.000000000000000048e-04
8.849999999999999645e+00 8.991400000000000503e+00 1.257031999999999954e+02 1.800000000000000000e+02 1.217139999999999986e+02 1.500000000000000000e+00 1.000000000000000000e+00 3.749999999999999861e-02 2.500000000000000000e-01 1.000000000000000048e-04
8.900000000000000355e+00 8.985599999999999810e+00 1.257843000000000018e+02 1.800000000000000000e+02 1.217954000000000008e+02 1.500000000000000000e+00 1.000000000000000000e+00 3.769999999999999740e-02 2.500000000000000000e-01 1.000000000000000048e-04
8.949999999999999289e+00 8.979799999999999116e+00 1.258654999999999973e+02 1.800000000000000000e+02 1.218768000000000029e+02 1.500000000000000000e+00 1.000000000000000000e+00 3.799999999999999906e-02 2.500000000000000000e-01 1.000000000000000048e-04
9.000000000000000000e+00 8.974099999999999966e+00 1.259467999999999961e+02 1.800000000000000000e+02 1.219585000000000008e+02 1.500000000000000000e+00 1.000000000000000000e+00 3.819999999999999785e-02 2.500000000000000000e-01 1.000000000000000048e-04
9.050000000000000711e+00 8.968299999999999272e+00 1.260283000000000015e+02 1.800000000000000000e+02 1.220401999999999987e+02 1.500000000000000000e+00 1.000000000000000000e+00 3.839999999999999664e-02 2.500000000000000000e-01 1.000000000000000048e-04
9.099999999999999645e+00 8.962500000000000355e+00 1.261098999999999961e+02 1.800000000000000000e+02 1.221219999999999999e+02 1.500000000000000000e+00 1.000000000000000000e+00 3.869999999999999829e-02 2.500000000000000000e-01 1.000000000000000048e-04
9.150000000000000355e+00 8.956699999999999662e+00 1.261915999999999940e+02 1.800000000000000000e+02 1.222039999999999935e+02 1.500000000000000000e+00 1.000000000000000000e+00 3.889999999999999708e-02 2.500000000000000000e-01 1.000000000000000048e-04
9.199999999999999289e+00 8.950900000000000745e+00 1.262733999999999952e+02 1.800000000000000000e+02 1.222861000000000047e+02 1.500000000000000000e+00 1.000000000000000000e+00 3.919999999999999873e-02 2.500000000000000000e-01 1.000000000000000048e-04
9.250000000000000000e+00 8.945100000000000051e+00 1.263552999999999997e+02 1.800000000000000000e+02 1.223683000000000050e+02 1.500000000000000000e+00 1.000000000000000000e+00 3.939999999999999752e-02 2.500000000000000000e-01 1.000000000000000048e-04
9.300000000000000711e+00 8.939299999999999358e+00 1.264373999999999967e+02 1.800000000000000000e+02 1.224506999999999977e+02 1.500000000000000000e+00 1.000000000000000000e+00 3.969999999999999918e-02 2.500000000000000000e-01 1.000000000000000048e-04
9.349999999999999645e+00 8.933600000000000207e+00 1.265195999999999970e+02 1.800000000000000000e+02 1.225331000000000046e+02 1.500000000000000000e+00 1.000000000000000000e+00 3.989999999999999797e-02 2.500000000000000000e-01 1.000000000000000048e-04
9.400000000000000355e+00 8.927799999999999514e+00 1.266019000000000005e+02 1.800000000000000000e+02 1.226157000000000039e+02 1.500000000000000000e+00 1.000000000000000000e+00 4.009999999999999676e-02 2.500000000000000000e-01 1.000000000000000048e-04
9.449999999999999289e+00 8.922000000000000597e+00 1.266843999999999966e+02 1.800000000000000000e+02 1.226984000000000066e+02 1.500000000000000000e+00 1.000000000000000000e+00 4.039999999999999841e-02 2.500000000000000000e-01 1.000000000000000048e-04
9.500000000000000000e+00 8.916199999999999903e+00 1.267669999999999959e+02 1.800000000000000000e+02 1.227813000000000017e+02 1.500000000000000000e+00 1.000000000000000000e+00 4.059999999999999720e-02 2.500000000000000000e-01 1.000000000000000048e-04
9.550000000000000711e+00 8.910399999999999210e+00 1.268496999999999986e+02 1.800000000000000000e+02 1.228643000000000001e+02 1.500000000000000000e+00 1.000000000000000000e+00 4.089999999999999886e-02 2.500000000000000000e-01 1.000000000000000048e-04
9.599999999999999645e+00 8.904600000000000293e+00 1.269325000000000045e+02 1.800000000000000000e+02 1.229472999999999985e+02 1.500000000000000000e+00 1.000000000000000000e+00 4.109999999999999765e-02 2.500000000000000000e-01 1.000000000000000048e-04
9.650000000000000355e+00 8.898799999999999599e+00 1.270153999999999996e+02 1.800000000000000000e+02 1.230306000000000068e+02 1.500000000000000000e+00 1.000000000000000000e+00 4.139999999999999930e-02 2.500000000000000000e-01 1.000000000000000048e-04
9.699999999999999289e+00 8.893000000000000682e+00 1.270985000000000014e+02 1.800000000000000000e+02 1.231139000000000010e+02 1.500000000000000000e+00 1.000000000000000000e+00 4.159999999999999809e-02 2.500000000000000000e-01 1.000000000000000048e-04
9.750000000000000000e+00 8.887199999999999989e+00 1.271817000000000064e+02 1.800000000000000000e+02 1.231974000000000018e+02 1.500000000000000000e+00 1.000000000000000000e+00 4.189999999999999974e-02 2.500000000000000000e-01 1.000000000000000048e-04
9.800000000000000711e+00 8.881399999999999295e+00 1.272650000000000006e+02 1.800000000000000000e+02 1.232810000000000059e+02 1.500000000000000000e+00 1.000000000000000000e+00 4.209999999999999853e-02 2.500000000000000000e-01 1.000000000000000048e-04
9.849999999999999645e+00 8.875600000000000378e+00 1.273485000000000014e+02 1.800000000000000000e+02 1.233646999999999991e+02 1.500000000000000000e+00 1.000000000000000000e+00 4.240000000000000019e-02 2.500000000000000000e-01 1.000000000000000048e-04
9.900000000000000355e+00 8.869799999999999685e+00 1.274320000000000022e+02 1.800000000000000000e+02 1.234484999999999957e+02 1.500000000000000000e+00 1.000000000000000000e+00 4.259999999999999898e-02 2.500000000000000000e-01 1.000000000000000048e-04
9.949999999999999289e+00 8.864000000000000767e+00 1.275157999999999987e+02 1.800000000000000000e+02 1.235324999999999989e+02 1.500000000000000000e+00 1.000000000000000000e+00 4.290000000000000063e-02 2.500000000000000000e-01 1.000000000000000048e-04
1.000000000000000000e+01 8.858200000000000074e+00 1.275995999999999952e+02 1.800000000000000000e+02 1.236166000000000054e+02 1.500000000000000000e+00 1.000000000000000000e+00 4.309999999999999942e-02 2.500000000000000000e-01 1.000000000000000048e-04
1.005000000000000071e+01 8.852399999999999380e+00 1.276834999999999951e+02 1.800000000000000000e+02 1.237008000000000010e+02 1.500000000000000000e+00 1.000000000000000000e+00 4.340000000000000108e-02 2.500000000000000000e-01 1.000000000000000048e-04
1.009999999999999964e+01 8.846600000000000463e+00 1.277676000000000016e+02 1.800000000000000000e+02 1.237852000000000032e+02 1.500000000000000000e+00 1.000000000000000000e+00 4.359999999999999987e-02 2.500000000000000000e-01 1.000000000000000048e-04
1.015000000000000036e+01 8.840799999999999770e+00 1.278517999999999972e+02 1.800000000000000000e+02 1.238696999999999946e+02 1.500000000000000000e+00 1.000000000000000000e+00 4.390000000000000152e-02 2.500000000000000000e-01 1.000000000000000048e-04
1.019999999999999929e+01 8.835000000000000853e+00 1.279361999999999995e+02 1.800000000000000000e+02 1.239543000000000035e+02 1.500000000000000000e+00 1.000000000000000000e+00 4.410000000000000031e-02 2.500000000000000000e-01 1.000000000000000048e-04
1.025000000000000000e+01 8.829200000000000159e+00 1.280207000000000050e+02 1.800000000000000000e+02 1.240390000000000015e+02 1.500000000000000000e+00 1.000000000000000000e+00 4.440000000000000197e-02 2.500000000000000000e-01 1.000000000000000048e-04
1.030000000000000071e+01 8.823399999999999466e+00 1.281052999999999997e+02 1.800000000000000000e+02 1.241239000000000061e+02 1.500000000000000000e+00 1.000000000000000000e+00 4.460000000000000075e-02 2.500000000000000000e-01 1.000000000000000048e-04
1.034999999999999964e+01 8.817600000000000549e+00 1.281899999999999977e+02 1.800000000000000000e+02 1.242088999999999999e+02 1.500000000000000000e+00 1.000000000000000000e+00 4.490000000000000241e-02 2.500000000000000000e-01 1.000000000000000048e-04
1.040000000000000036e+01 8.811799999999999855e+00 1.282749000000000024e+02 1.800000000000000000e+02 1.242939999999999969e+02 1.500000000000000000e+00 1.000000000000000000e+00 4.510000000000000120e-02 2.500000000000000000e-01 1.000000000000000048e-04
1.044999999999999929e+01 8.805999999999999162e+00 1.283599000000000103e+02 1.800000000000000000e+02 1.243793000000000006e+02 1.500000000000000000e+00 1.000000000000000000e+00 4.540000000000000285e-02 2.500000000000000000e-01 1.000000000000000048e-04
1.050000000000000000e+01 8.800100000000000477e+00 1.284449999999999932e+02 1.800000000000000000e+02 1.244646999999999935e+02 1.500000000000000000e+00 1.000000000000000000e+00 4.560000000000000164e-02 2.500000000000000000e-01 1.000000000000000048e-04
1.055000000000000071e+01 8.794299999999999784e+00 1.285303000000000111e+02 1.800000000000000000e+02 1.245502000000000038e+02 1.500000000000000000e+00 1.000000000000000000e+00 4.590000000000000330e-02 2.500000000000000000e-01 1.000000000000000048e-04
1.059999999999999964e+01 8.788500000000000867e+00 1.286156000000000006e+02 1.800000000000000000e+02 1.246358000000000033e+02 1.500000000000000000e+00 1.000000000000000000e+00 4.610000000000000209e-02 2.500000000000000000e-01 1.000000000000000048e-04
1.065000000000000036e+01 8.782700000000000173e+00 1.287012000000000000e+02 1.800000000000000000e+02 1.247215999999999951e+02 1.500000000000000000e+00 1.000000000000000000e+00 4.639999999999999680e-02 2.500000000000000000e-01 1.000000000000000048e-04
1.069999999999999929e+01 8.776899999999999480e+00 1.287867999999999995e+02 1.800000000000000000e+02 1.248075000000000045e+02 1.500000000000000000e+00 1.000000000000000000e+00 4.660000000000000253e-02 2.500000000000000000e-01 1.000000000000000048e-04
1.075000000000000000e+01 8.771100000000000563e+00 1.288726000000000056e+02 1.800000000000000000e+02 1.248936000000000064e+02 1.500000000000000000e+00 1.000000000000000000e+00 4.689999999999999725e-02 2.500000000000000000e-01 1.000000000000000048e-04
1.080000000000000071e+01 8.765200000000000102e+00 1.289584999999999866e+02 1.800000000000000000e+02 1.249797999999999973e+02 1.500000000000000000e+00 1.000000000000000000e+00 4.710000000000000298e-02 2.500000000000000000e-01 1.000000000000000048e-04
1.084999999999999964e+01 8.759399999999999409e+00 1.290446000000000026e+02 1.800000000000000000e+02 1.250661000000000058e+02 1.500000000000000000e+00 1.000000000000000000e+00 4.739999999999999769e-02 2.500000000000000000e-01 1.000000000000000048e-04
1.090000000000000036e+01 8.753600000000000492e+00 1.291307999999999936e+02 1.800000000000000000e+02 1.251525000000000034e+02 1.500000000000000000e+00 1.000000000000000000e+00 4.760000000000000342e-02 2.500000000000000000e-01 1.000000000000000048e-04
1.094999999999999929e+01 8.747799999999999798e+00 1.292170999999999879e+02 1.800000000000000000e+02 1.252390999999999934e+02 1.500000000000000000e+00 1.000000000000000000e+00 4.789999999999999813e-02 2.500000000000000000e-01 1.000000000000000048e-04
1.100000000000000000e+01 8.742000000000000881e+00 1.293035000000000139e+02 1.800000000000000000e+02 1.253258000000000010e+02 1.500000000000000000e+00 1.000000000000000000e+00 4.819999999999999979e-02 2.500000000000000000e-01 1.000000000000000048e-04
1.105000000000000071e+01 8.736100000000000421e+00 1.293900999999999897e+02 1.800000000000000000e+02 1.254127000000000010e+02 1.500000000000000000e+00 1.000000000000000000e+00 4.839999999999999858e-02 2.500000000000000000e-01 1.000000000000000048e-04
1.109999999999999964e+01 8.730299999999999727e+00 1.294767999999999972e+02 1.800000000000000000e+02 1.254997000000000043e+02 1.500000000000000000e+00 1.000000000000000000e+00 4.870000000000000023e-02 2.500000000000000000e-01 1.000000000000000048e-04
1.115000000000000036e+01 8.724500000000000810e+00 1.295637000000000114e+02 1.800000000000000000e+02 1.255867999999999967e+02 1.500000000000000000e+00 1.000000000000000000e+00 4.889999999999999902e-02 2.500000000000000000e-01 1.000000000000000048e-04
1.119999999999999929e+01 8.718700000000000117e+00 1.296507000000000005e+02 1.800000000000000000e+02 1.256740999999999957e+02 1.500000000000000000e+00 1.000000000000000000e+00 4.920000000000000068e-02 2.500000000000000000e-01 1.000000000000000048e-04
1.125000000000000000e+01 8.712799999999999656e+00 1.297377999999999929e+02 1.800000000000000000e+02 1.257613999999999947e+02 1.500000000000000000e+00 1.000000000000000000e+00 4.939999999999999947e-02 2.500000000000000000e-01 1.000000000000000048e-04
1.130000000000000071e+01 8.707000000000000739e+00 1.298250999999999920e+02 1.800000000000000000e+02 1.258490000000000038e+02 1.500000000000000000e+00 1.000000000000000000e+00 4.970000000000000112e-02 2.500000000000000000e-01 1.000000000000000048e-04
1.134999999999999964e+01 8.701200000000000045e+00 1.299124999999999943e+02 1.800000000000000000e+02 1.259365999999999985e+02 1.500000000000000000e+00 1.000000000000000000e+00 5.000000000000000278e-02 2.500000000000000000e-01 1.000000000000000048e-04
1.140000000000000036e+01 8.695299999999999585e+00 1.300000000000000000e+02 1.800000000000000000e+02 1.260244000000000000e+02 1.500000000000000000e+00 1.000000000000000000e+00 5.020000000000000157e-02 2.500000000000000000e-01 1.000000000000000048e-04
1.144999999999999929e+01 8.689500000000000668e+00 1.300877000000000123e+02 1.800000000000000000e+02 1.261123999999999938e+02 1.500000000000000000e+00 1.000000000000000000e+00 5.050000000000000322e-02 2.500000000000000000e-01 1.000000000000000048e-04
1.150000000000000000e+01 8.683699999999999974e+00 1.301754999999999995e+02 1.800000000000000000e+02 1.262005000000000052e+02 1.500000000000000000e+00 1.000000000000000000e+00 5.070000000000000201e-02 2.500000000000000000e-01 1.000000000000000048e-04
1.155000000000000071e+01 8.677799999999999514e+00 1.302634999999999934e+02 1.800000000000000000e+02 1.262887000000000057e+02 1.500000000000000000e+00 1.000000000000000000e+00 5.099999999999999672e-02 2.500000000000000000e-01 1.000000000000000048e-04
1.159999999999999964e+01 8.672000000000000597e+00 1.303515999999999906e+02 1.800000000000000000e+02 1.263769999999999953e+02 1.500000000000000000e+00 1.000000000000000000e+00 5.129999999999999838e-02 2.500000000000000000e-01 1.000000000000000048e-04
1.165000000000000036e+01 8.666199999999999903e+00 1.304397999999999911e+02 1.800000000000000000e+02 1.264655000000000058e+02 1.500000000000000000e+00 1.000000000000000000e+00 5.149999999999999717e-02 2.500000000000000000e-01 1.000000000000000048e-04
1.169999999999999929e+01 8.660299999999999443e+00 1.305281999999999982e+02 1.800000000000000000e+02 1.265541999999999945e+02 1.500000000000000000e+00 1.000000000000000000e+00 5.179999999999999882e-02 2.500000000000000000e-01 1.000000000000000048e-04
1.175000000000000000e+01 8.654500000000000526e+00 1.306167000000000087e+02 1.800000000000000000e+02 1.266428999999999974e+02 1.500000000000000000e+00 1.000000000000000000e+00 5.210000000000000048e-02 2.500000000000000000e-01 1.000000000000000048e-04
1.180000000000000071e+01 8.648600000000000065e+00 1.307053999999999974e+02 1.800000000000000000e+02 1.267318000000000069e+02 1.500000000000000000e+00 1.000000000000000000e+00 5.229999999999999927e-02 2.500000000000000000e-01 1.000000000000000048e-04
1.184999999999999964e+01 8.642799999999999372e+00 1.307940999999999860e+02 1.800000000000000000e+02 1.268208999999999946e+02 1.500000000000000000e+00 1.000000000000000000e+00 5.260000000000000092e-02 2.500000000000000000e-01 1.000000000000000048e-04
1.190000000000000036e+01 8.636900000000000688e+00 1.308831000000000131e+02 1.800000000000000000e+02 1.269100999999999999e+02 1.500000000000000000e+00 1.000000000000000000e+00 5.279999999999999971e-02 2.500000000000000000e-01 1.000000000000000048e-04
1.194999999999999929e+01 8.631099999999999994e+00 1.309721000000000117e+02 1.800000000000000000e+02 1.269993999999999943e+02 1.500000000000000000e+00 1.000000000000000000e+00 5.310000000000000137e-02 2.500000000000000000e-01 1.000000000000000048e-04
1.200000000000000000e+01 8.625299999999999301e+00 1.310613999999999919e+02 1.800000000000000000e+02 1.270888999999999953e+02 1.500000000000000000e+00 1.000000000000000000e+00 5.340000000000000302e-02 2.500000000000000000e-01 1.000000000000000048e-04
1.205000000000000071e+01 8.619400000000000617e+00 1.311507000000000005e+02 1.800000000000000000e+02 1.271784999999999997e+02 1.500000000000000000e+00 1.000000000000000000e+00 5.360000000000000181e-02 2.500000000000000000e-01 1.000000000000000048e-04
1.209999999999999964e+01 8.613599999999999923e+00 1.312401999999999873e+02 1.800000000000000000e+02 1.272682999999999964e+02 1.500000000000000000e+00 1.000000000000000000e+00 5.390000000000000346e-02 2.500000000000000000e-01 1.000000000000000048e-04
1.215000000000000036e+01 8.607699999999999463e+00 1.313299000000000092e+02 1.800000000000000000e+02 1.273581999999999965e+02 1.500000000000000000e+00 1.000000000000000000e+00 5.419999999999999818e-02 2.500000000000000000e-01 1.000000000000000048e-04
1.219999999999999929e+01 8.601900000000000546e+00 1.314196000000000026e+02 1.800000000000000000e+02 1.274481999999999999e+02 1.500000000000000000e+00 1.000000000000000000e+00 5.439999999999999697e-02 2.500000000000000000e-01 1.000000000000000048e-04
1.225000000000000000e+01 8.596000000000000085e+00 1.315096000000000060e+02 1.800000000000000000e+02 1.275383999999999958e+02 1.500000000000000000e+00 1.000000000000000000e+00 5.469999999999999862e-02 2.500000000000000000e-01 1.000000000000000048e-04
1.230000000000000071e+01 8.590099999999999625e+00 1.315996000000000095e+02 1.800000000000000000e+02 1.276286999999999949e+02 1.500000000000000000e+00 1.000000000000000000e+00 5.500000000000000028e-02 2.500000000000000000e-01 1.000000000000000048e-04
1.234999999999999964e+01 8.584300000000000708e+00 1.316898999999999944e+02 1.800000000000000000e+02 1.277192000000000007e+02 1.500000000000000000e+00 1.000000000000000000e+00 5.519999999999999907e-02 2.500000000000000000e-01 1.000000000000000048e-04
1.240000000000000036e+01 8.578400000000000247e+00 1.317802000000000078e+02 1.800000000000000000e+02 1.278097999999999956e+02 1.500000000000000000e+00 1.000000000000000000e+00 5.550000000000000072e-02 2.500000000000000000e-01 1.000000000000000048e-04
1.244999999999999929e+01 8.572599999999999554e+00 1.318706999999999994e+02 1.800000000000000000e+02 1.279005999999999972e+02 1.500000000000000000e+00 1.000000000000000000e+00 5.580000000000000238e-02 2.500000000000000000e-01 1.000000000000000048e-04
1.250000000000000000e+01 8.566700000000000870e+00 1.319613999999999976e+02 1.800000000000000000e+02 1.279915000000000020e+02 1.500000000000000000e+00 1.000000000000000000e+00 5.600000000000000117e-02 2.500000000000000000e-01 1.000000000000000048e-04
1.255000000000000071e+01 8.560900000000000176e+00 1.320521999999999991e+02 1.800000000000000000e+02 1.280825000000000102e+02 1.500000000000000000e+00 1.000000000000000000e+00 5.630000000000000282e-02 2.500000000000000000e-01 1.000000000000000048e-04
1.259999999999999964e+01 8.555199999999999250e+00 1.319784999999999968e+02 1.800000000000000000e+02 1.272634999999999934e+02 1.500000000000000000e+00 1.000000000000000000e+00 5.609999999999999709e-02 2.500000000000000000e-01 1.000000000000000048e-04
1.265000000000000036e+01 8.549400000000000333e+00 1.320654999999999859e+02 1.800000000000000000e+02 1.273508000000000067e+02 1.500000000000000000e+00 1.000000000000000000e+00 5.639999999999999875e-02 2.500000000000000000e-01 1.000000000000000048e-04
1.269999999999999929e+01 8.543499999999999872e+00 1.321565999999999974e+02 1.800000000000000000e+02 1.274421999999999997e+02 1.500000000000000000e+00 1.000000000000000000e+00 5.659999999999999754e-02 2.500000000000000000e-01 1.000000000000000048e-04
1.275000000000000000e+01 8.537599999999999412e+00 1.322479999999999905e+02 1.800000000000000000e+02 1.275339000000000027e+02 1.500000000000000000e+00 1.000000000000000000e+00 5.689999999999999919e-02 2.500000000000000000e-01 1.000000000000000048e-04
1.280000000000000071e+01 8.531800000000000495e+00 1.323394999999999868e+02 1.800000000000000000e+02 1.276256999999999948e+02 1.500000000000000000e+00 1.000000000000000000e+00 5.720000000000000084e-02 2.500000000000000000e-01 1.000000000000000048e-04
1.284999999999999964e+01 8.525900000000000034e+00 1.324311999999999898e+02 1.800000000000000000e+02 1.277176000000000045e+02 1.500000000000000000e+00 1.000000000000000000e+00 5.739999999999999963e-02 2.500000000000000000e-01 1.000000000000000048e-04
1.290000000000000036e+01 8.520099999999999341e+00 1.325229999999999961e+02 1.800000000000000000e+02 1.278097000000000065e+02 1.500000000000000000e+00 1.000000000000000000e+00 5.770000000000000129e-02 2.500000000000000000e-01 1.000000000000000048e-04
1.294999999999999929e+01 8.514200000000000657e+00 1.326150000000000091e+02 1.800000000000000000e+02 1.279018999999999977e+02 1.500000000000000000e+00 1.000000000000000000e+00 5.800000000000000294e-02 2.500000000000000000e-01 1.000000000000000048e-04
1.300000000000000000e+01 8.508300000000000196e+00 1.327070999999999970e+02 1.800000000000000000e+02 1.279942999999999955e+02 1.500000000000000000e+00 1.000000000000000000e+00 5.829999999999999766e-02 2.500000000000000000e-01 1.000000000000000048e-04
1.305000000000000071e+01 8.502399999999999736e+00 1.327993999999999915e+02 1.800000000000000000e+02 1.280869000000000142e+02 1.500000000000000000e+00 1.000000000000000000e+00 5.850000000000000339e-02 2.500000000000000000e-01 1.000000000000000048e-04
1.309999999999999964e+01 8.496600000000000819e+00 1.328917999999999893e+02 1.800000000000000000e+02 1.281794999999999902e+02 1.500000000000000000e+00 1.000000000000000000e+00 5.879999999999999810e-02 2.500000000000000000e-01 1.000000000000000048e-04
1.315000000000000036e+01 8.490700000000000358e+00 1.329843999999999937e+02 1.800000000000000000e+02 1.282724000000000046e+02 1.500000000000000000e+00 1.000000000000000000e+00 5.909999999999999976e-02 2.500000000000000000e-01 1.000000000000000048e-04
1.319999999999999929e+01 8.484799999999999898e+00 1.330771000000000015e+02 1.800000000000000000e+02 1.283653999999999940e+02 1.500000000000000000e+00 1.000000000000000000e+00 5.940000000000000141e-02 2.500000000000000000e-01 1.000000000000000048e-04
1.325000000000000000e+01 8.478899999999999437e+00 1.331699000000000126e+02 1.800000000000000000e+02 1.284584999999999866e+02 1.500000000000000000e+00 1.000000000000000000e+00 5.960000000000000020e-02 2.500000000000000000e-01 1.000000000000000048e-04
1.330000000000000071e+01 8.473100000000000520e+00 1.332630000000000052e+02 1.800000000000000000e+02 1.285517999999999859e+02 1.500000000000000000e+00 1.000000000000000000e+00 5.990000000000000185e-02 2.500000000000000000e-01 1.000000000000000048e-04
1.334999999999999964e+01 8.467200000000000060e+00 1.333560999999999979e+02 1.800000000000000000e+02 1.286451999999999884e+02 1.500000000000000000e+00 1.000000000000000000e+00 6.019999999999999657e-02 2.500000000000000000e-01 1.000000000000000048e-04
1.340000000000000036e+01 8.461299999999999599e+00 1.334495000000000005e+02 1.800000000000000000e+02 1.287387999999999977e+02 1.500000000000000000e+00 1.000000000000000000e+00 6.049999999999999822e-02 2.500000000000000000e-01 1.000000000000000048e-04
1.344999999999999929e+01 8.455399999999999139e+00 1.335429000000000030e+02 1.800000000000000000e+02 1.288326000000000136e+02 1.500000000000000000e+00 1.000000000000000000e+00 6.069999999999999701e-02 2.500000000000000000e-01 1.000000000000000048e-04
1.350000000000000000e+01 8.449500000000000455e+00 1.336365999999999872e+02 1.800000000000000000e+02 1.289265000000000043e+02 1.500000000000000000e+00 1.000000000000000000e+00 6.099999999999999867e-02 2.500000000000000000e-01 1.000000000000000048e-04
1.355000000000000071e+01 8.443699999999999761e+00 1.337304000000000030e+02 1.800000000000000000e+02 1.290204999999999984e+02 1.500000000000000000e+00 1.000000000000000000e+00 6.130000000000000032e-02 2.500000000000000000e-01 1.000000000000000048e-04
1.359999999999999964e+01 8.437799999999999301e+00 1.338242999999999938e+02 1.800000000000000000e+02 1.291146999999999991e+02 1.500000000000000000e+00 1.000000000000000000e+00 6.160000000000000198e-02 2.500000000000000000e-01 1.000000000000000048e-04
1.365000000000000036e+01 8.431900000000000617e+00 1.339183999999999912e+02 1.800000000000000000e+02 1.292091000000000065e+02 1.500000000000000000e+00 1.000000000000000000e+00 6.189999999999999669e-02 2.500000000000000000e-01 1.000000000000000048e-04
1.369999999999999929e+01 8.426000000000000156e+00 1.340125999999999920e+02 1.800000000000000000e+02 1.293035999999999888e+02 1.500000000000000000e+00 1.000000000000000000e+00 6.210000000000000242e-02 2.500000000000000000e-01 1.000000000000000048e-04
1.375000000000000000e+01 8.420099999999999696e+00 1.341069999999999993e+02 1.800000000000000000e+02 1.293983000000000061e+02 1.500000000000000000e+00 1.000000000000000000e+00 6.239999999999999714e-02 2.500000000000000000e-01 1.000000000000000048e-04
1.380000000000000071e+01 8.414199999999999235e+00 1.342016000000000133e+02 1.800000000000000000e+02 1.294930999999999983e+02 1.500000000000000000e+00 1.000000000000000000e+00 6.270000000000000573e-02 2.500000000000000000e-01 1.000000000000000048e-04
1.384999999999999964e+01 8.408300000000000551e+00 1.342963000000000022e+02 1.800000000000000000e+02 1.295880999999999972e+02 1.500000000000000000e+00 1.000000000000000000e+00 6.300000000000000044e-02 2.500000000000000000e-01 1.000000000000000048e-04
1.390000000000000036e+01 8.402400000000000091e+00 1.343911999999999978e+02 1.800000000000000000e+02 1.296831999999999994e+02 1.500000000000000000e+00 1.000000000000000000e+00 6.329999999999999516e-02 2.500000000000000000e-01 1.000000000000000048e-04
1.394999999999999929e+01 8.396499999999999631e+00 1.344861999999999966e+02 1.800000000000000000e+02 1.297785000000000082e+02 1.500000000000000000e+00 1.000000000000000000e+00 6.350000000000000089e-02 2.500000000000000000e-01 1.000000000000000048e-04
1.400000000000000000e+01 8.390700000000000713e+00 1.345814000000000021e+02 1.800000000000000000e+02 1.298738999999999919e+02 1.500000000000000000e+00 1.000000000000000000e+00 6.379999999999999560e-02 2.500000000000000000e-01 1.000000000000000048e-04
1.405000000000000071e+01 8.384800000000000253e+00 1.346767999999999859e+02 1.800000000000000000e+02 1.299696000000000140e+02 1.500000000000000000e+00 1.000000000000000000e+00 6.410000000000000420e-02 2.500000000000000000e-01 1.000000000000000048e-04
1.409999999999999964e+01 8.378899999999999793e+00 1.347723000000000013e+02 1.800000000000000000e+02 1.300653000000000077e+02 1.500000000000000000e+00 1.000000000000000000e+00 6.439999999999999891e-02 2.500000000000000000e-01 1.000000000000000048e-04
1.415000000000000036e+01 8.372999999999999332e+00 1.348678999999999917e+02 1.800000000000000000e+02 1.301612000000000080e+02 1.500000000000000000e+00 1.000000000000000000e+00 6.469999999999999363e-02 2.500000000000000000e-01 1.000000000000000048e-04
1.419999999999999929e+01 8.367100000000000648e+00 1.349637999999999920e+02 1.800000000000000000e+02 1.302572999999999865e+02 1.500000000000000000e+00 1.000000000000000000e+00 6.500000000000000222e-02 2.500000000000000000e-01 1.000000000000000048e-04
1.425000000000000000e+01 8.361200000000000188e+00 1.350596999999999923e+02 1.800000000000000000e+02 1.303536000000000001e+02 1.500000000000000000e+00 1.000000000000000000e+00 6.519999999999999407e-02 2.500000000000000000e-01 1.000000000000000048e-04
1.430000000000000071e+01 8.355299999999999727e+00 1.351559000000000026e+02 1.800000000000000000e+02 1.304499999999999886e+02 1.500000000000000000e+00 1.000000000000000000e+00 6.550000000000000266e-02 2.500000000000000000e-01 1.000000000000000048e-04
1.434999999999999964e+01 8.349299999999999500e+00 1.352521999999999878e+02 1.800000000000000000e+02 1.305465000000000089e+02 1.500000000000000000e+00 1.000000000000000000e+00 6.579999999999999738e-02 2.500000000000000000e-01 1.000000000000000048e-04
1.440000000000000036e+01 8.343400000000000816e+00 1.353486000000000047e+02 1.800000000000000000e+02 1.306433000000000106e+02 1.500000000000000000e+00 1.000000000000000000e+00 6.610000000000000597e-02 2.500000000000000000e-01 1.000000000000000048e-04
1.444999999999999929e+01 8.337500000000000355e+00 1.354453000000000031e+02 1.800000000000000000e+02 1.307401999999999873e+02 1.500000000000000000e+00 1.000000000000000000e+00 6.640000000000000069e-02 2.500000000000000000e-01 1.000000000000000048e-04
1.450000000000000000e+01 8.331599999999999895e+00 1.355421000000000049e+02 1.800000000000000000e+02 1.308371999999999957e+02 1.500000000000000000e+00 1.000000000000000000e+00 6.669999999999999540e-02 2.500000000000000000e-01 1.000000000000000048e-04
1.455000000000000071e+01 8.325699999999999434e+00 1.356390000000000100e+02 1.800000000000000000e+02 1.309344000000000108e+02 1.500000000000000000e+00 1.000000000000000000e+00 6.700000000000000400e-02 2.500000000000000000e-01 1.000000000000000048e-04
1.459999999999999964e+01 8.319800000000000750e+00 1.357360999999999933e+02 1.800000000000000000e+02 1.310318000000000040e+02 1.500000000000000000e+00 1.000000000000000000e+00 6.729999999999999871e-02 2.500000000000000000e-01 1.000000000000000048e-04
1.465000000000000036e+01 8.313900000000000290e+00 1.358334000000000117e+02 1.800000000000000000e+02 1.311293000000000006e+02 1.500000000000000000e+00 1.000000000000000000e+00 6.750000000000000444e-02 2.500000000000000000e-01 1.000000000000000048e-04
1.469999999999999929e+01 8.307999999999999829e+00 1.359308000000000050e+02 1.800000000000000000e+02 1.312270000000000039e+02 1.500000000000000000e+00 1.000000000000000000e+00 6.779999999999999916e-02 2.500000000000000000e-01 1.000000000000000048e-04
1.475000000000000000e+01 8.302099999999999369e+00 1.360284000000000049e+02 1.800000000000000000e+02 1.313249000000000137e+02 1.500000000000000000e+00 1.000000000000000000e+00 6.809999999999999387e-02 2.500000000000000000e-01 1.000000000000000048e-04
1.480000000000000071e+01 8.296099999999999142e+00 1.361262000000000114e+02 1.800000000000000000e+02 1.314228999999999985e+02 1.500000000000000000e+00 1.000000000000000000e+00 6.840000000000000246e-02 2.500000000000000000e-01 1.000000000000000048e-04
1.484999999999999964e+01 8.290200000000000458e+00 1.362241999999999962e+02 1.800000000000000000e+02 1.315210999999999899e+02 1.500000000000000000e+00 1.000000000000000000e+00 6.869999999999999718e-02 2.500000000000000000e-01 1.000000000000000048e-04
1.490000000000000036e+01 8.284299999999999997e+00 1.363223000000000127e+02 1.800000000000000000e+02 1.316194999999999879e+02 1.500000000000000000e+00 1.000000000000000000e+00 6.900000000000000577e-02 2.500000000000000000e-01 1.000000000000000048e-04
1.494999999999999929e+01 8.278399999999999537e+00 1.364205000000000041e+02 1.800000000000000000e+02 1.317179999999999893e+02 1.500000000000000000e+00 1.000000000000000000e+00 6.930000000000000049e-02 2.500000000000000000e-01 1.000000000000000048e-04
1.500000000000000000e+01 8.272500000000000853e+00 1.365190000000000055e+02 1.800000000000000000e+02 1.318166999999999973e+02 1.500000000000000000e+00 1.000000000000000000e+00 6.959999999999999520e-02 2.500000000000000000e-01 1.000000000000000048e-04
1.505000000000000071e+01 8.266500000000000625e+00 1.366176000000000101e+02 1.800000000000000000e+02 1.319155000000000086e+02 1.500000000000000000e+00 1.000000000000000000e+00 6.990000000000000380e-02 2.500000000000000000e-01 1.000000000000000048e-04
1.509999999999999964e+01 8.260600000000000165e+00 1.367162999999999897e+02 1.800000000000000000e+02 1.320144999999999982e+02 1.500000000000000000e+00 1.000000000000000000e+00 7.019999999999999851e-02 2.500000000000000000e-01 1.000000000000000048e-04
1.515000000000000036e+01 8.254699999999999704e+00 1.368153000000000077e+02 1.800000000000000000e+02 1.321136999999999944e+02 1.500000000000000000e+00 1.000000000000000000e+00 7.049999999999999323e-02 2.500000000000000000e-01 1.000000000000000048e-04
1.519999999999999929e+01 8.248799999999999244e+00 1.369144000000000005e+02 1.800000000000000000e+02 1.322130999999999972e+02 1.500000000000000000e+00 1.000000000000000000e+00 7.069999999999999896e-02 2.500000000000000000e-01 1.000000000000000048e-04
1.525000000000000000e+01 8.242800000000000793e+00 1.370135999999999967e+02 1.800000000000000000e+02 1.323126000000000033e+02 1.500000000000000000e+00 1.000000000000000000e+00 7.099999999999999367e-02 2.500000000000000000e-01 1.000000000000000048e-04
1.530000000000000071e+01 8.236900000000000333e+00 1.371131000000000029e+02 1.800000000000000000e+02 1.324122999999999877e+02 1.500000000000000000e+00 1.000000000000000000e+00 7.130000000000000226e-02 2.500000000000000000e-01 1.000000000000000048e-04
1.534999999999999964e+01 8.230999999999999872e+00 1.372127000000000123e+02 1.800000000000000000e+02 1.325122000000000071e+02 1.500000000000000000e+00 1.000000000000000000e+00 7.159999999999999698e-02 2.500000000000000000e-01 1.000000000000000048e-04
1.540000000000000036e+01 8.224999999999999645e+00 1.373125000000000000e+02 1.800000000000000000e+02 1.326122000000000014e+02 1.500000000000000000e+00 1.000000000000000000e+00 7.190000000000000557e-02 2.500000000000000000e-01 1.000000000000000048e-04
1.544999999999999929e+01 8.219099999999999184e+00 1.374123999999999910e+02 1.800000000000000000e+02 1.327124000000000024e+02 1.500000000000000000e+00 1.000000000000000000e+00 7.220000000000000029e-02 2.500000000000000000e-01 1.000000000000000048e-04
1.550000000000000000e+01 8.213200000000000500e+00 1.375125999999999920e+02 1.800000000000000000e+02 1.328128000000000100e+02 1.500000000000000000e+00 1.000000000000000000e+00 7.249999999999999500e-02 2.500000000000000000e-01 1.000000000000000048e-04
1.555000000000000071e+01 8.207200000000000273e+00 1.376128999999999962e+02 1.800000000000000000e+02 1.329133999999999958e+02 1.500000000000000000e+00 1.000000000000000000e+00 7.280000000000000360e-02 2.500000000000000000e-01 1.000000000000000048e-04
1.559999999999999964e+01 8.201299999999999812e+00 1.377133000000000038e+02 1.800000000000000000e+02 1.330141000000000133e+02 1.500000000000000000e+00 1.000000000000000000e+00 7.309999999999999831e-02 2.500000000000000000e-01 1.000000000000000048e-04
1.565000000000000036e+01 8.195399999999999352e+00 1.378139999999999930e+02 1.800000000000000000e+02 1.331150000000000091e+02 1.500000000000000000e+00 1.000000000000000000e+00 7.340000000000000691e-02 2.500000000000000000e-01 1.000000000000000048e-04
1.569999999999999929e+01 8.189399999999999125e+00 1.379148000000000138e+02 1.800000000000000000e+02 1.332161000000000115e+02 1.500000000000000000e+00 1.000000000000000000e+00 7.370000000000000162e-02 2.500000000000000000e-01 1.000000000000000048e-04
1.575000000000000000e+01 8.183500000000000441e+00 1.380158000000000129e+02 1.800000000000000000e+02 1.333172999999999888e+02 1.500000000000000000e+00 1.000000000000000000e+00 7.399999999999999634e-02 2.500000000000000000e-01 1.000000000000000048e-04
1.580000000000000071e+01 8.177500000000000213e+00 1.381169999999999902e+02 1.800000000000000000e+02 1.334187000000000012e+02 1.500000000000000000e+00 1.000000000000000000e+00 7.430000000000000493e-02 2.500000000000000000e-01 1.000000000000000048e-04
1.584999999999999964e+01 8.171599999999999753e+00 1.382182999999999993e+02 1.800000000000000000e+02 1.335202999999999918e+02 1.500000000000000000e+00 1.000000000000000000e+00 7.459999999999999964e-02 2.500000000000000000e-01 1.000000000000000048e-04
1.590000000000000036e+01 8.165599999999999525e+00 1.383197999999999865e+02 1.800000000000000000e+02 1.336220999999999890e+02 1.500000000000000000e+00 1.000000000000000000e+00 7.489999999999999436e-02 2.500000000000000000e-01 1.000000000000000048e-04
1.594999999999999929e+01 8.159700000000000841e+00 1.384215000000000089e+02 1.800000000000000000e+02 1.337239999999999895e+02 1.500000000000000000e+00 1.000000000000000000e+00 7.520000000000000295e-02 2.500000000000000000e-01 1.000000000000000048e-04
1.600000000000000000e+01 8.153700000000000614e+00 1.385234000000000094e+02 1.800000000000000000e+02 1.338260999999999967e+02 1.500000000000000000e+00 1.000000000000000000e+00 7.549999999999999767e-02 2.500000000000000000e-01 1.000000000000000048e-04
1.605000000000000071e+01 8.147800000000000153e+00 1.386254000000000133e+02 1.800000000000000000e+02 1.339284000000000106e+02 1.500000000000000000e+00 1.000000000000000000e+00 7.580000000000000626e-02 2.500000000000000000e-01 1.000000000000000048e-04
1.610000000000000142e+01 8.141799999999999926e+00 1.387275999999999954e+02 1.800000000000000000e+02 1.340309000000000026e+02 1.500000000000000000e+00 1.000000000000000000e+00 7.610000000000000098e-02 2.500000000000000000e-01 1.000000000000000048e-04
1.614999999999999858e+01 8.135899999999999466e+00 1.388300000000000125e+02 1.800000000000000000e+02 1.341334999999999980e+02 1.500000000000000000e+00 1.000000000000000000e+00 7.639999999999999569e-02 2.500000000000000000e-01 1.000000000000000048e-04
1.619999999999999929e+01 8.129899999999999238e+00 1.389326000000000079e+02 1.800000000000000000e+02 1.342364000000000033e+02 1.500000000000000000e+00 1.000000000000000000e+00 7.670000000000000429e-02 2.500000000000000000e-01 1.000000000000000048e-04
1.625000000000000000e+01 8.124000000000000554e+00 1.390354000000000099e+02 1.800000000000000000e+02 1.343394000000000119e+02 1.500000000000000000e+00 1.000000000000000000e+00 7.699999999999999900e-02 2.500000000000000000e-01 1.000000000000000048e-04
1.630000000000000071e+01 8.118000000000000327e+00 1.391382999999999868e+02 1.800000000000000000e+02 1.344425999999999988e+02 1.500000000000000000e+00 1.000000000000000000e+00 7.729999999999999372e-02 2.500000000000000000e-01 1.000000000000000048e-04
1.635000000000000142e+01 8.112000000000000099e+00 1.392413999999999987e+02 1.800000000000000000e+02 1.345458999999999889e+02 1.500000000000000000e+00 1.000000000000000000e+00 7.770000000000000517e-02 2.500000000000000000e-01 1.000000000000000048e-04
1.639999999999999858e+01 8.106099999999999639e+00 1.393446999999999889e+02 1.800000000000000000e+02 1.346494999999999891e+02 1.500000000000000000e+00 1.000000000000000000e+00 7.799999999999999989e-02 2.500000000000000000e-01 1.000000000000000048e-04
1.644999999999999929e+01 8.100099999999999412e+00 1.394482000000000141e+02 1.800000000000000000e+02 1.347531999999999925e+02 1.500000000000000000e+00 1.000000000000000000e+00 7.829999999999999460e-02 2.500000000000000000e-01 1.000000000000000048e-04
1.650000000000000000e+01 8.094200000000000728e+00 1.395518999999999892e+02 1.800000000000000000e+02 1.348571000000000026e+02 1.500000000000000000e+00 1.000000000000000000e+00 7.860000000000000320e-02 2.500000000000000000e-01 1.000000000000000048e-04
1.655000000000000071e+01 8.088200000000000500e+00 1.396556999999999960e+02 1.800000000000000000e+02 1.349611999999999910e+02 1.500000000000000000e+00 1.000000000000000000e+00 7.889999999999999791e-02 2.500000000000000000e-01 1.000000000000000048e-04
1.660000000000000142e+01 8.082200000000000273e+00 1.397598000000000127e+02 1.800000000000000000e+02 1.350654999999999859e+02 1.500000000000000000e+00 1.000000000000000000e+00 7.920000000000000651e-02 2.500000000000000000e-01 1.000000000000000048e-04
1.664999999999999858e+01 8.076299999999999812e+00 1.398640000000000043e+02 1.800000000000000000e+02 1.351699000000000126e+02 1.500000000000000000e+00 1.000000000000000000e+00 7.950000000000000122e-02 2.500000000000000000e-01 1.000000000000000048e-04
1.669999999999999929e+01 8.070299999999999585e+00 1.399684000000000026e+02 1.800000000000000000e+02 1.352745999999999924e+02 1.500000000000000000e+00 1.000000000000000000e+00 7.979999999999999594e-02 2.500000000000000000e-01 1.000000000000000048e-04
1.675000000000000000e+01 8.064299999999999358e+00 1.400730000000000075e+02 1.800000000000000000e+02 1.353794000000000040e+02 1.500000000000000000e+00 1.000000000000000000e+00 8.010000000000000453e-02 2.500000000000000000e-01 1.000000000000000048e-04
1.680000000000000071e+01 8.058299999999999130e+00 1.401776999999999873e+02 1.800000000000000000e+02 1.354843999999999937e+02 1.500000000000000000e+00 1.000000000000000000e+00 8.039999999999999925e-02 2.500000000000000000e-01 1.000000000000000048e-04
1.685000000000000142e+01 8.052400000000000446e+00 1.402827000000000055e+02 1.800000000000000000e+02 1.355895999999999901e+02 1.500000000000000000e+00 1.000000000000000000e+00 8.069999999999999396e-02 2.500000000000000000e-01 1.000000000000000048e-04
1.689999999999999858e+01 8.046400000000000219e+00 1.403877999999999986e+02 1.800000000000000000e+02 1.356949999999999932e+02 1.500000000000000000e+00 1.000000000000000000e+00 8.110000000000000542e-02 2.500000000000000000e-01 1.000000000000000048e-04
1.694999999999999929e+01 8.040399999999999991e+00 1.404930999999999983e+02 1.800000000000000000e+02 1.358004999999999995e+02 1.500000000000000000e+00 1.000000000000000000e+00 8.140000000000000013e-02 2.500000000000000000e-01 1.000000000000000048e-04
1.700000000000000000e+01 8.034399999999999764e+00 1.405986000000000047e+02 1.800000000000000000e+02 1.359062999999999874e+02 1.500000000000000000e+00 1.000000000000000000e+00 8.169999999999999485e-02 2.500000000000000000e-01 1.000000000000000048e-04
1.705000000000000071e+01 8.028399999999999537e+00 1.407042999999999893e+02 1.800000000000000000e+02 1.360122000000000071e+02 1.500000000000000000e+00 1.000000000000000000e+00 8.200000000000000344e-02 2.500000000000000000e-01 1.000000000000000048e-04
1.710000000000000142e+01 8.022500000000000853e+00 1.408102000000000089e+02 1.800000000000000000e+02 1.361183000000000050e+02 1.500000000000000000e+00 1.000000000000000000e+00 8.229999999999999816e-02 2.500000000000000000e-01 1.000000000000000048e-04
1.714999999999999858e+01 8.016500000000000625e+00 1.409163000000000068e+02 1.800000000000000000e+02 1.362247000000000128e+02 1.500000000000000000e+00 1.000000000000000000e+00 8.260000000000000675e-02 2.500000000000000000e-01 1.000000000000000048e-04
1.719999999999999929e+01 8.010500000000000398e+00 1.410226000000000113e+02 1.800000000000000000e+02 1.363311999999999955e+02 1.500000000000000000e+00 1.000000000000000000e+00 8.290000000000000147e-02 2.500000000000000000e-01 1.000000000000000048e-04
1.725000000000000000e+01 8.004500000000000171e+00 1.411289999999999907e+02 1.800000000000000000e+02 1.364379000000000133e+02 1.500000000000000000e+00 1.000000000000000000e+00 8.329999999999999905e-02 2.500000000000000000e-01 1.000000000000000048e-04
1.730000000000000071e+01 7.998499999999999943e+00 1.412357000000000085e+02 1.800000000000000000e+02 1.365447000000000060e+02 1.500000000000000000e+00 1.000000000000000000e+00 8.359999999999999376e-02 2.500000000000000000e-01 1.000000000000000048e-04
1.735000000000000142e+01 7.992499999999999716e+00 1.413425000000000011e+02 1.800000000000000000e+02 1.366518000000000086e+02 1.500000000000000000e+00 1.000000000000000000e+00 8.390000000000000235e-02 2.500000000000000000e-01 1.000000000000000048e-04
1.739999999999999858e+01 7.986500000000000377e+00 1.414496000000000038e+02 1.800000000000000000e+02 1.367590999999999894e+02 1.500000000000000000e+00 1.000000000000000000e+00 8.419999999999999707e-02 2.500000000000000000e-01 1.000000000000000048e-04
1.744999999999999929e+01 7.980500000000000149e+00 1.415568000000000097e+02 1.800000000000000000e+02 1.368665000000000020e+02 1.500000000000000000e+00 1.000000000000000000e+00 8.450000000000000566e-02 2.500000000000000000e-01 1.000000000000000048e-04
1.750000000000000000e+01 7.974499999999999922e+00 1.416641999999999939e+02 1.800000000000000000e+02 1.369741999999999962e+02 1.500000000000000000e+00 1.000000000000000000e+00 8.480000000000000038e-02 2.500000000000000000e-01 1.000000000000000048e-04
1.755000000000000071e+01 7.968499999999999694e+00 1.417718000000000131e+02 1.800000000000000000e+02 1.370819999999999936e+02 1.500000000000000000e+00 1.000000000000000000e+00 8.519999999999999796e-02 2.500000000000000000e-01 1.000000000000000048e-04
1.760000000000000142e+01 7.962500000000000355e+00 1.418796000000000106e+02 1.800000000000000000e+02 1.371901000000000010e+02 1.500000000000000000e+00 1.000000000000000000e+00 8.550000000000000655e-02 2.500000000000000000e-01 1.000000000000000048e-04
1.764999999999999858e+01 7.956500000000000128e+00 1.419875999999999863e+02 1.800000000000000000e+02 1.372983000000000118e+02 1.500000000000000000e+00 1.000000000000000000e+00 8.580000000000000127e-02 2.500000000000000000e-01 1.000000000000000048e-04
1.769999999999999929e+01 7.950499999999999901e+00 1.420957999999999970e+02 1.800000000000000000e+02 1.374067000000000007e+02 1.500000000000000000e+00 1.000000000000000000e+00 8.609999999999999598e-02 2.500000000000000000e-01 1.000000000000000048e-04
1.775000000000000000e+01 7.944499999999999673e+00 1.422041999999999859e+02 1.800000000000000000e+02 1.375153999999999996e+02 1.500000000000000000e+00 1.000000000000000000e+00 8.640000000000000457e-02 2.500000000000000000e-01 1.000000000000000048e-04
1.780000000000000071e+01 7.938500000000000334e+00 1.423128000000000100e+02 1.800000000000000000e+02 1.376242000000000019e+02 1.500000000000000000e+00 1.000000000000000000e+00 8.680000000000000215e-02 2.500000000000000000e-01 1.000000000000000048e-04
1.785000000000000142e+01 7.932500000000000107e+00 1.424216000000000122e+02 1.800000000000000000e+02 1.377332000000000107e+02 1.500000000000000000e+00 1.000000000000000000e+00 8.709999999999999687e-02 2.500000000000000000e-01 1.000000000000000048e-04
1.789999999999999858e+01 7.926499999999999879e+00 1.425304999999999893e+02 1.800000000000000000e+02 1.378423999999999978e+02 1.500000000000000000e+00 1.000000000000000000e+00 8.740000000000000546e-02 2.500000000000000000e-01 1.000000000000000048e-04
1.794999999999999929e+01 7.920499999999999652e+00 1.426397000000000048e+02 1.800000000000000000e+02 1.379517999999999915e+02 1.500000000000000000e+00 1.000000000000000000e+00 8.770000000000000018e-02 2.500000000000000000e-01 1.000000000000000048e-04
1.800000000000000000e+01 7.914500000000000313e+00 1.427490999999999985e+02 1.800000000000000000e+02 1.380613999999999919e+02 1.500000000000000000e+00 1.000000000000000000e+00 8.809999999999999776e-02 2.500000000000000000e-01 1.000000000000000048e-04
1.805000000000000071e+01 7.908500000000000085e+00 1.428586999999999989e+02 1.800000000000000000e+02 1.381711999999999989e+02 1.500000000000000000e+00 1.000000000000000000e+00 8.840000000000000635e-02 2.500000000000000000e-01 1.000000000000000048e-04
1.810000000000000142e+01 7.902499999999999858e+00 1.429685000000000059e+02 1.800000000000000000e+02 1.382812999999999874e+02 1.500000000000000000e+00 1.000000000000000000e+00 8.870000000000000107e-02 2.500000000000000000e-01 1.000000000000000048e-04
1.814999999999999858e+01 7.896499999999999631e+00 1.430783999999999878e+02 1.800000000000000000e+02 1.383915000000000077e+02 1.500000000000000000e+00 1.000000000000000000e+00 8.899999999999999578e-02 2.500000000000000000e-01 1.000000000000000048e-04
1.819999999999999929e+01 7.890399999999999636e+00 1.431886000000000081e+02 1.800000000000000000e+02 1.385019000000000062e+02 1.500000000000000000e+00 1.000000000000000000e+00 8.939999999999999336e-02 2.500000000000000000e-01 1.000000000000000048e-04
1.825000000000000000e+01 7.884400000000000297e+00 1.432990000000000066e+02 1.800000000000000000e+02 1.386125000000000114e+02 1.500000000000000000e+00 1.000000000000000000e+00 8.970000000000000195e-02 2.500000000000000000e-01 1.000000000000000048e-04
1.830000000000000071e+01 7.878400000000000070e+00 1.434096000000000117e+02 1.800000000000000000e+02 1.387232999999999947e+02 1.500000000000000000e+00 1.000000000000000000e+00 8.999999999999999667e-02 2.500000000000000000e-01 1.000000000000000048e-04
1.835000000000000142e+01 7.872399999999999842e+00 1.435203999999999951e+02 1.800000000000000000e+02 1.388343000000000131e+02 1.500000000000000000e+00 1.000000000000000000e+00 9.039999999999999425e-02 2.500000000000000000e-01 1.000000000000000048e-04
1.839999999999999858e+01 7.866399999999999615e+00 1.436314000000000135e+02 1.800000000000000000e+02 1.389455000000000098e+02 1.500000000000000000e+00 1.000000000000000000e+00 9.070000000000000284e-02 2.500000000000000000e-01 1.000000000000000048e-04
1.844999999999999929e+01 7.860299999999999621e+00 1.437426000000000101e+02 1.800000000000000000e+02 1.390569999999999879e+02 1.500000000000000000e+00 1.000000000000000000e+00 9.099999999999999756e-02 2.500000000000000000e-01 1.000000000000000048e-04
1.850000000000000000e+01 7.854300000000000281e+00 1.438540000000000134e+02 1.800000000000000000e+02 1.391685999999999979e+02 1.500000000000000000e+00 1.000000000000000000e+00 9.130000000000000615e-02 2.500000000000000000e-01 1.000000000000000048e-04
1.855000000000000071e+01 7.848300000000000054e+00 1.439655999999999949e+02 1.800000000000000000e+02 1.392803999999999860e+02 1.500000000000000000e+00 1.000000000000000000e+00 9.170000000000000373e-02 2.500000000000000000e-01 1.000000000000000048e-04
1.860000000000000142e+01 7.842200000000000060e+00 1.440774000000000115e+02 1.800000000000000000e+02 1.393925000000000125e+02 1.500000000000000000e+00 1.000000000000000000e+00 9.199999999999999845e-02 2.500000000000000000e-01 1.000000000000000048e-04
1.864999999999999858e+01 7.836199999999999832e+00 1.441894000000000062e+02 1.800000000000000000e+02 1.395047000000000139e+02 1.500000000000000000e+00 1.000000000000000000e+00 9.229999999999999316e-02 2.500000000000000000e-01 1.000000000000000048e-04
1.869999999999999929e+01 7.830199999999999605e+00 1.443017000000000110e+02 1.800000000000000000e+02 1.396171999999999969e+02 1.500000000000000000e+00 1.000000000000000000e+00 9.270000000000000462e-02 2.500000000000000000e-01 1.000000000000000048e-04
1.875000000000000000e+01 7.824099999999999611e+00 1.444140999999999906e+02 1.800000000000000000e+02 1.397298000000000116e+02 1.500000000000000000e+00 1.000000000000000000e+00 9.299999999999999933e-02 2.500000000000000000e-01 1.000000000000000048e-04
1.880000000000000071e+01 7.818100000000000271e+00 1.445268000000000086e+02 1.800000000000000000e+02 1.398427000000000078e+02 1.500000000000000000e+00 1.000000000000000000e+00 9.329999999999999405e-02 2.500000000000000000e-01 1.000000000000000048e-04
1.885000000000000142e+01 7.812100000000000044e+00 1.446396000000000015e+02 1.800000000000000000e+02 1.399558000000000106e+02 1.500000000000000000e+00 1.000000000000000000e+00 9.370000000000000551e-02 2.500000000000000000e-01 1.000000000000000048e-04
1.889999999999999858e+01 7.806000000000000050e+00 1.447527000000000044e+02 1.800000000000000000e+02 1.400690999999999917e+02 1.500000000000000000e+00 1.000000000000000000e+00 9.400000000000000022e-02 2.500000000000000000e-01 1.000000000000000048e-04
1.894999999999999929e+01 7.799999999999999822e+00 1.448660000000000139e+02 1.800000000000000000e+02 1.401826000000000079e+02 1.500000000000000000e+00 1.000000000000000000e+00 9.429999999999999494e-02 2.500000000000000000e-01 1.000000000000000048e-04
1.900000000000000000e+01 7.793899999999999828e+00 1.449795000000000016e+02 1.800000000000000000e+02 1.402963000000000022e+02 1.500000000000000000e+00 1.000000000000000000e+00 9.470000000000000639e-02 2.500000000000000000e-01 1.000000000000000048e-04
1.905000000000000071e+01 7.787899999999999601e+00 1.450931999999999960e+02 1.800000000000000000e+02 1.404102000000000032e+02 1.500000000000000000e+00 1.000000000000000000e+00 9.500000000000000111e-02 2.500000000000000000e-01 1.000000000000000048e-04
1.910000000000000142e+01 7.781799999999999606e+00 1.452070999999999970e+02 1.800000000000000000e+02 1.405244000000000142e+02 1.500000000000000000e+00 1.000000000000000000e+00 9.539999999999999869e-02 2.500000000000000000e-01 1.000000000000000048e-04
1.914999999999999858e+01 7.775800000000000267e+00 1.453212000000000046e+02 1.800000000000000000e+02 1.406387000000000000e+02 1.500000000000000000e+00 1.000000000000000000e+00 9.569999999999999341e-02 2.500000000000000000e-01 1.000000000000000048e-04
1.919999999999999929e+01 7.769700000000000273e+00 1.454355999999999938e+02 1.800000000000000000e+02 1.407532999999999959e+02 1.500000000000000000e+00 1.000000000000000000e+00 9.600000000000000200e-02 2.500000000000000000e-01 1.000000000000000048e-04
1.925000000000000000e+01 7.763700000000000045e+00 1.455500999999999863e+02 1.800000000000000000e+02 1.408680999999999983e+02 1.500000000000000000e+00 1.000000000000000000e+00 9.639999999999999958e-02 2.500000000000000000e-01 1.000000000000000048e-04
1.930000000000000071e+01 7.757600000000000051e+00 1.456648999999999887e+02 1.800000000000000000e+02 1.409830000000000041e+02 1.500000000000000000e+00 1.000000000000000000e+00 9.669999999999999429e-02 2.500000000000000000e-01 1.000000000000000048e-04
1.935000000000000142e+01 7.751599999999999824e+00 1.457798999999999978e+02 1.800000000000000000e+02 1.410982999999999947e+02 1.500000000000000000e+00 1.000000000000000000e+00 9.710000000000000575e-02 2.500000000000000000e-01 1.000000000000000048e-04
1.939999999999999858e+01 7.745499999999999829e+00 1.458951000000000136e+02 1.800000000000000000e+02 1.412136999999999887e+02 1.500000000000000000e+00 1.000000000000000000e+00 9.740000000000000047e-02 2.500000000000000000e-01 1.000000000000000048e-04
1.944999999999999929e+01 7.739499999999999602e+00 1.460106000000000108e+02 1.800000000000000000e+02 1.413292999999999893e+02 1.500000000000000000e+00 1.000000000000000000e+00 9.769999999999999518e-02 2.500000000000000000e-01 1.000000000000000048e-04
1.950000000000000000e+01 7.733399999999999608e+00 1.461262000000000114e+02 1.800000000000000000e+02 1.414451999999999998e+02 1.500000000000000000e+00 1.000000000000000000e+00 9.810000000000000664e-02 2.500000000000000000e-01 1.000000000000000048e-04
1.955000000000000071e+01 7.727299999999999613e+00 1.462420999999999935e+02 1.800000000000000000e+02 1.415612999999999886e+02 1.500000000000000000e+00 1.000000000000000000e+00 9.840000000000000135e-02 2.500000000000000000e-01 1.000000000000000048e-04
1.960000000000000142e+01 7.721300000000000274e+00 1.463582000000000107e+02 1.800000000000000000e+02 1.416776000000000124e+02 1.500000000000000000e+00 1.000000000000000000e+00 9.879999999999999893e-02 2.500000000000000000e-01 1.000000000000000048e-04
1.964999999999999858e+01 7.715200000000000280e+00 1.464745000000000061e+02 1.800000000000000000e+02 1.417940999999999860e+02 1.500000000000000000e+00 1.000000000000000000e+00 9.909999999999999365e-02 2.500000000000000000e-01 1.000000000000000048e-04
1.969999999999999929e+01 7.709100000000000286e+00 1.465910000000000082e+02 1.800000000000000000e+02 1.419107999999999947e+02 1.500000000000000000e+00 1.000000000000000000e+00 9.950000000000000511e-02 2.500000000000000000e-01 1.000000000000000048e-04
1.975000000000000000e+01 7.703100000000000058e+00 1.467077999999999918e+02 1.800000000000000000e+02 1.420278000000000134e+02 1.500000000000000000e+00 1.000000000000000000e+00 9.979999999999999982e-02 2.500000000000000000e-01 1.000000000000000048e-04
1.980000000000000071e+01 7.697000000000000064e+00 1.468248000000000104e+02 1.800000000000000000e+02 1.421450000000000102e+02 1.500000000000000000e+00 1.000000000000000000e+00 1.001999999999999974e-01 2.500000000000000000e-01 1.000000000000000048e-04
1.985000000000000142e+01 7.690900000000000070e+00 1.469420000000000073e+02 1.800000000000000000e+02 1.422624000000000137e+02 1.500000000000000000e+00 1.000000000000000000e+00 1.005000000000000060e-01 2.500000000000000000e-01 1.000000000000000048e-04
1.989999999999999858e+01 7.684800000000000075e+00 1.470594000000000108e+02 1.800000000000000000e+02 1.423799999999999955e+02 1.500000000000000000e+00 1.000000000000000000e+00 1.009000000000000036e-01 2.500000000000000000e-01 1.000000000000000048e-04
1.994999999999999929e+01 7.678799999999999848e+00 1.471770999999999958e+02 1.800000000000000000e+02 1.424978999999999871e+02 1.500000000000000000e+00 1.000000000000000000e+00 1.011999999999999983e-01 2.500000000000000000e-01 1.000000000000000048e-04
2.000000000000000000e+01 7.672699999999999854e+00 1.472949000000000126e+02 1.800000000000000000e+02 1.426160000000000139e+02 1.500000000000000000e+00 1.000000000000000000e+00 1.015999999999999959e-01 2.500000000000000000e-01 1.000000000000000048e-04
2.005000000000000071e+01 7.666599999999999859e+00 1.474130000000000109e+02 1.800000000000000000e+02 1.427342999999999904e+02 1.500000000000000000e+00 1.000000000000000000e+00 1.019000000000000045e-01 2.500000000000000000e-01 1.000000000000000048e-04
2.010000000000000142e+01 7.660499999999999865e+00 1.475313999999999908e+02 1.800000000000000000e+02 1.428528000000000020e+02 1.500000000000000000e+00 1.000000000000000000e+00 1.023000000000000020e-01 2.500000000000000000e-01 1.000000000000000048e-04
2.014999999999999858e+01 7.654399999999999871e+00 1.476499000000000024e+02 1.800000000000000000e+02 1.429715999999999951e+02 1.500000000000000000e+00 1.000000000000000000e+00 1.025999999999999968e-01 2.500000000000000000e-01 1.000000000000000048e-04
2.019999999999999929e+01 7.648299999999999876e+00 1.477686999999999955e+02 1.800000000000000000e+02 1.430905999999999949e+02 1.500000000000000000e+00 1.000000000000000000e+00 1.029999999999999943e-01 2.500000000000000000e-01 1.000000000000000048e-04
2.025000000000000000e+01 7.642299999999999649e+00 1.478876999999999953e+02 1.800000000000000000e+02 1.432098000000000013e+02 1.500000000000000000e+00 1.000000000000000000e+00 1.033000000000000029e-01 2.500000000000000000e-01 1.000000000000000048e-04
2.030000000000000071e+01 7.636199999999999655e+00 1.480070000000000050e+02 1.800000000000000000e+02 1.433292999999999893e+02 1.500000000000000000e+00 1.000000000000000000e+00 1.037000000000000005e-01 2.500000000000000000e-01 1.000000000000000048e-04
2.035000000000000142e+01 7.630099999999999660e+00 1.481264999999999930e+02 1.800000000000000000e+02 1.434490000000000123e+02 1.500000000000000000e+00 1.000000000000000000e+00 1.039999999999999952e-01 2.500000000000000000e-01 1.000000000000000048e-04
2.039999999999999858e+01 7.623999999999999666e+00 1.482461999999999875e+02 1.800000000000000000e+02 1.435689000000000135e+02 1.500000000000000000e+00 1.000000000000000000e+00 1.044000000000000067e-01 2.500000000000000000e-01 1.000000000000000048e-04
2.044999999999999929e+01 7.617899999999999672e+00 1.483660999999999888e+02 1.800000000000000000e+02 1.436889999999999930e+02 1.500000000000000000e+00 1.000000000000000000e+00 1.047000000000000014e-01 2.500000000000000000e-01 1.000000000000000048e-04
2.050000000000000000e+01 7.611799999999999677e+00 1.484863000000000000e+02 1.800000000000000000e+02 1.438094000000000108e+02 1.500000000000000000e+00 1.000000000000000000e+00 1.050999999999999990e-01 2.500000000000000000e-01 1.000000000000000048e-04
2.055000000000000071e+01 7.605699999999999683e+00 1.486066999999999894e+02 1.800000000000000000e+02 1.439300000000000068e+02 1.500000000000000000e+00 1.000000000000000000e+00 1.054999999999999966e-01 2.500000000000000000e-01 1.000000000000000048e-04
2.060000000000000142e+01 7.599599999999999689e+00 1.487273999999999887e+02 1.800000000000000000e+02 1.440509000000000128e+02 1.500000000000000000e+00 1.000000000000000000e+00 1.058000000000000052e-01 2.500000000000000000e-01 1.000000000000000048e-04
2.064999999999999858e+01 7.593499999999999694e+00 1.488482999999999947e+02 1.800000000000000000e+02 1.441719999999999970e+02 1.500000000000000000e+00 1.000000000000000000e+00 1.062000000000000027e-01 2.500000000000000000e-01 1.000000000000000048e-04
2.069999999999999929e+01 7.587399999999999700e+00 1.489694000000000074e+02 1.800000000000000000e+02 1.442932999999999879e+02 1.500000000000000000e+00 1.000000000000000000e+00 1.064999999999999974e-01 2.500000000000000000e-01 1.000000000000000048e-04
2.075000000000000000e+01 7.581299999999999706e+00 1.490908000000000015e+02 1.800000000000000000e+02 1.444148000000000138e+02 1.500000000000000000e+00 1.000000000000000000e+00 1.068999999999999950e-01 2.500000000000000000e-01 1.000000000000000048e-04
2.080000000000000071e+01 7.575199999999999712e+00 1.492124000000000024e+02 1.800000000000000000e+02 1.445365999999999929e+02 1.500000000000000000e+00 1.000000000000000000e+00 1.072000000000000036e-01 2.500000000000000000e-01 1.000000000000000048e-04
2.085000000000000142e+01 7.568999999999999950e+00 1.493342000000000098e+02 1.800000000000000000e+02 1.446587000000000103e+02 1.500000000000000000e+00 1.000000000000000000e+00 1.076000000000000012e-01 2.500000000000000000e-01 1.000000000000000048e-04
2.089999999999999858e+01 7.562899999999999956e+00 1.494562999999999988e+02 1.800000000000000000e+02 1.447809000000000026e+02 1.500000000000000000e+00 1.000000000000000000e+00 1.079999999999999988e-01 2.500000000000000000e-01 1.000000000000000048e-04
2.094999999999999929e+01 7.556799999999999962e+00 1.495785999999999945e+02 1.800000000000000000e+02 1.449034000000000049e+02 1.500000000000000000e+00 1.000000000000000000e+00 1.082999999999999935e-01 2.500000000000000000e-01 1.000000000000000048e-04
2.100000000000000000e+01 7.550699999999999967e+00 1.497012000000000000e+02 1.800000000000000000e+02 1.450261999999999887e+02 1.500000000000000000e+00 1.000000000000000000e+00 1.087000000000000050e-01 2.500000000000000000e-01 1.000000000000000048e-04
2.105000000000000071e+01 7.544599999999999973e+00 1.498240000000000123e+02 1.800000000000000000e+02 1.451492000000000075e+02 1.500000000000000000e+00 1.000000000000000000e+00 1.091000000000000025e-01 2.500000000000000000e-01 1.000000000000000048e-04
2.110000000000000142e+01 7.538499999999999979e+00 1.499470000000000027e+02 1.800000000000000000e+02 1.452724000000000046e+02 1.500000000000000000e+00 1.000000000000000000e+00 1.093999999999999972e-01 2.500000000000000000e-01 1.000000000000000048e-04
2.114999999999999858e+01 7.532300000000000217e+00 1.500703000000000031e+02 1.800000000000000000e+02 1.453959000000000117e+02 1.500000000000000000e+00 1.000000000000000000e+00 1.097999999999999948e-01 2.500000000000000000e-01 1.000000000000000048e-04
2.119999999999999929e+01 7.526200000000000223e+00 1.501938000000000102e+02 1.800000000000000000e+02 1.455195999999999970e+02 1.500000000000000000e+00 1.000000000000000000e+00 1.102000000000000063e-01 2.500000000000000000e-01 1.000000000000000048e-04
2.125000000000000000e+01 7.520100000000000229e+00 1.503175999999999988e+02 1.800000000000000000e+02 1.456435999999999922e+02 1.500000000000000000e+00 1.000000000000000000e+00 1.105000000000000010e-01 2.500000000000000000e-01 1.000000000000000048e-04
2.130000000000000071e+01 7.514000000000000234e+00 1.504415999999999940e+02 1.800000000000000000e+02 1.457677999999999940e+02 1.500000000000000000e+00 1.000000000000000000e+00 1.108999999999999986e-01 2.500000000000000000e-01 1.000000000000000048e-04
2.135000000000000142e+01 7.507799999999999585e+00 1.505658999999999992e+02 1.800000000000000000e+02 1.458923000000000059e+02 1.500000000000000000e+00 1.000000000000000000e+00 1.112999999999999962e-01 2.500000000000000000e-01 1.000000000000000048e-04
2.139999999999999858e+01 7.501699999999999591e+00 1.506904000000000110e+02 1.800000000000000000e+02 1.460169999999999959e+02 1.500000000000000000e+00 1.000000000000000000e+00 1.116000000000000048e-01 2.500000000000000000e-01 1.000000000000000048e-04
2.144999999999999929e+01 7.495599999999999596e+00 1.508152000000000044e+02 1.800000000000000000e+02 1.461418999999999926e+02 1.500000000000000000e+00 1.000000000000000000e+00 1.120000000000000023e-01 2.500000000000000000e-01 1.000000000000000048e-04
2.150000000000000000e+01 7.489399999999999835e+00 1.509402000000000044e+02 1.800000000000000000e+02 1.462672000000000025e+02 1.500000000000000000e+00 1.000000000000000000e+00 1.123999999999999999e-01 2.500000000000000000e-01 1.000000000000000048e-04
2.155000000000000071e+01 7.483299999999999841e+00 1.510654999999999859e+02 1.800000000000000000e+02 1.463925999999999874e+02 1.500000000000000000e+00 1.000000000000000000e+00 1.126999999999999946e-01 2.500000000000000000e-01 1.000000000000000048e-04
2.160000000000000142e+01 7.477100000000000080e+00 1.511910000000000025e+02 1.800000000000000000e+02 1.465183000000000106e+02 1.500000000000000000e+00 1.000000000000000000e+00 1.131000000000000061e-01 2.500000000000000000e-01 1.000000000000000048e-04
2.164999999999999858e+01 7.471000000000000085e+00 1.513168000000000006e+02 1.800000000000000000e+02 1.466442999999999870e+02 1.500000000000000000e+00 1.000000000000000000e+00 1.135000000000000037e-01 2.500000000000000000e-01 1.000000000000000048e-04
2.169999999999999929e+01 7.464900000000000091e+00 1.514429000000000087e+02 1.800000000000000000e+02 1.467704999999999984e+02 1.500000000000000000e+00 1.000000000000000000e+00 1.139000000000000012e-01 2.500000000000000000e-01 1.000000000000000048e-04
2.175000000000000000e+01 7.458700000000000330e+00 1.515690999999999917e+02 1.800000000000000000e+02 1.468969999999999914e+02 1.500000000000000000e+00 1.000000000000000000e+00 1.141999999999999960e-01 2.500000000000000000e-01 1.000000000000000048e-04
2.180000000000000071e+01 7.452600000000000335e+00 1.516956999999999880e+02 1.800000000000000000e+02 1.470236999999999910e+02 1.500000000000000000e+00 1.000000000000000000e+00 1.145999999999999935e-01 2.500000000000000000e-01 1.000000000000000048e-04
2.185000000000000142e+01 7.446399999999999686e+00 1.518224999999999909e+02 1.800000000000000000e+02 1.471505999999999972e+02 1.500000000000000000e+00 1.000000000000000000e+00 1.150000000000000050e-01 2.500000000000000000e-01 1.000000000000000048e-04
2.189999999999999858e+01 7.440299999999999692e+00 1.519495000000000005e+02 1.800000000000000000e+02 1.472778999999999883e+02 1.500000000000000000e+00 1.000000000000000000e+00 1.154000000000000026e-01 2.500000000000000000e-01 1.000000000000000048e-04
2.194999999999999929e+01 7.434099999999999930e+00 1.520767999999999915e+02 1.800000000000000000e+02 1.474053999999999860e+02 1.500000000000000000e+00 1.000000000000000000e+00 1.158000000000000002e-01 2.500000000000000000e-01 1.000000000000000048e-04
2.200000000000000000e+01 7.427900000000000169e+00 1.522043999999999926e+02 1.800000000000000000e+02 1.475330999999999904e+02 1.500000000000000000e+00 1.000000000000000000e+00 1.160999999999999949e-01 2.500000000000000000e-01 1.000000000000000048e-04
2.205000000000000071e+01 7.421800000000000175e+00 1.523323000000000036e+02 1.800000000000000000e+02 1.476611000000000047e+02 1.500000000000000000e+00 1.000000000000000000e+00 1.165000000000000063e-01 2.500000000000000000e-01 1.000000000000000048e-04
2.210000000000000142e+01 7.415600000000000414e+00 1.524602999999999895e+02 1.800000000000000000e+02 1.477894000000000005e+02 1.500000000000000000e+00 1.000000000000000000e+00 1.169000000000000039e-01 2.500000000000000000e-01 1.000000000000000048e-04
2.214999999999999858e+01 7.409500000000000419e+00 1.525886999999999887e+02 1.800000000000000000e+02 1.479179000000000030e+02 1.500000000000000000e+00 1.000000000000000000e+00 1.173000000000000015e-01 2.500000000000000000e-01 1.000000000000000048e-04
2.219999999999999929e+01 7.403299999999999770e+00 1.527172999999999945e+02 1.800000000000000000e+02 1.480466999999999871e+02 1.500000000000000000e+00 1.000000000000000000e+00 1.176999999999999991e-01 2.500000000000000000e-01 1.000000000000000048e-04
2.225000000000000000e+01 7.397100000000000009e+00 1.528462000000000103e+02 1.800000000000000000e+02 1.481757000000000062e+02 1.500000000000000000e+00 1.000000000000000000e+00 1.179999999999999938e-01 2.500000000000000000e-01 1.000000000000000048e-04
2.230000000000000071e+01 7.391000000000000014e+00 1.529753000000000043e+02 1.800000000000000000e+02 1.483051000000000101e+02 1.500000000000000000e+00 1.000000000000000000e+00 1.184000000000000052e-01 2.500000000000000000e-01 1.000000000000000048e-04
2.235000000000000142e+01 7.384800000000000253e+00 1.531047000000000082e+02 1.800000000000000000e+02 1.484345999999999890e+02 1.500000000000000000e+00 1.000000000000000000e+00 1.188000000000000028e-01 2.500000000000000000e-01 1.000000000000000048e-04
2.239999999999999858e+01 7.378599999999999604e+00 1.532343999999999937e+02 1.800000000000000000e+02 1.485645000000000095e+02 1.500000000000000000e+00 1.000000000000000000e+00 1.192000000000000004e-01 2.500000000000000000e-01 1.000000000000000048e-04
2.244999999999999929e+01 7.372399999999999842e+00 1.533643999999999892e+02 1.800000000000000000e+02 1.486946000000000083e+02 1.500000000000000000e+00 1.000000000000000000e+00 1.195999999999999980e-01 2.500000000000000000e-01 1.000000000000000048e-04
2.250000000000000000e+01 7.366299999999999848e+00 1.534945999999999913e+02 1.800000000000000000e+02 1.488249999999999886e+02 1.500000000000000000e+00 1.000000000000000000e+00 1.199999999999999956e-01 2.500000000000000000e-01 1.000000000000000048e-04
2.255000000000000071e+01 7.360100000000000087e+00 1.536251000000000033e+02 1.800000000000000000e+02 1.489556000000000040e+02 1.500000000000000000e+00 1.000000000000000000e+00 1.203000000000000042e-01 2.500000000000000000e-01 1.000000000000000048e-04
2.260000000000000142e+01 7.353900000000000325e+00 1.537557999999999936e+02 1.800000000000000000e+02 1.490865000000000009e+02 1.500000000000000000e+00 1.000000000000000000e+00 1.207000000000000017e-01 2.500000000000000000e-01 1.000000000000000048e-04
2.264999999999999858e+01 7.347699999999999676e+00 1.538867999999999938e+02 1.800000000000000000e+02 1.492177000000000078e+02 1.500000000000000000e+00 1.000000000000000000e+00 1.210999999999999993e-01 2.500000000000000000e-01 1.000000000000000048e-04
2.269999999999999929e+01 7.341499999999999915e+00 1.540181000000000040e+02 1.800000000000000000e+02 1.493491999999999962e+02 1.500000000000000000e+00 1.000000000000000000e+00 1.214999999999999969e-01 2.500000000000000000e-01 1.000000000000000048e-04
2.275000000000000000e+01 7.335300000000000153e+00 1.541496999999999957e+02 1.800000000000000000e+02 1.494808999999999912e+02 1.500000000000000000e+00 1.000000000000000000e+00 1.218999999999999945e-01 2.500000000000000000e-01 1.000000000000000048e-04
2.280000000000000071e+01 7.329200000000000159e+00 1.542814999999999941e+02 1.800000000000000000e+02 1.496128999999999962e+02 1.500000000000000000e+00 1.000000000000000000e+00 1.223000000000000059e-01 2.500000000000000000e-01 1.000000000000000048e-04
2.285000000000000142e+01 7.323000000000000398e+00 1.544136000000000024e+02 1.800000000000000000e+02 1.497452000000000112e+02 1.500000000000000000e+00 1.000000000000000000e+00 1.227000000000000035e-01 2.500000000000000000e-01 1.000000000000000048e-04
2.289999999999999858e+01 7.316799999999999748e+00 1.545459999999999923e+02 1.800000000000000000e+02 1.498777000000000044e+02 1.500000000000000000e+00 1.000000000000000000e+00 1.231000000000000011e-01 2.500000000000000000e-01 1.000000000000000048e-04
2.294999999999999929e+01 7.310599999999999987e+00 1.546786999999999921e+02 1.800000000000000000e+02 1.500105000000000075e+02 1.500000000000000000e+00 1.000000000000000000e+00 1.234999999999999987e-01 2.500000000000000000e-01 1.000000000000000048e-04
2.300000000000000000e+01 7.304400000000000226e+00 1.548115999999999985e+02 1.800000000000000000e+02 1.501435999999999922e+02 1.500000000000000000e+00 1.000000000000000000e+00 1.238999999999999962e-01 2.500000000000000000e-01 1.000000000000000048e-04
2.305000000000000071e+01 7.298199999999999577e+00 1.549448999999999899e+02 1.800000000000000000e+02 1.502769999999999868e+02 1.500000000000000000e+00 1.000000000000000000e+00 1.242999999999999938e-01 2.500000000000000000e-01 1.000000000000000048e-04
2.310000000000000142e+01 7.291999999999999815e+00 1.550783999999999878e+02 1.800000000000000000e+02 1.504106999999999914e+02 1.500000000000000000e+00 1.000000000000000000e+00 1.247000000000000053e-01 2.500000000000000000e-01 1.000000000000000048e-04
2.314999999999999858e+01 7.285800000000000054e+00 1.552120999999999924e+02 1.800000000000000000e+02 1.505446000000000026e+02 1.500000000000000000e+00 1.000000000000000000e+00 1.250999999999999890e-01 2.500000000000000000e-01 1.000000000000000048e-04
2.319999999999999929e+01 7.279600000000000293e+00 1.553462000000000103e+02 1.800000000000000000e+02 1.506787999999999954e+02 1.500000000000000000e+00 1.000000000000000000e+00 1.255000000000000004e-01 2.500000000000000000e-01 1.000000000000000048e-04
2.325000000000000000e+01 7.273299999999999876e+00 1.554806000000000097e+02 1.800000000000000000e+02 1.508132999999999981e+02 1.500000000000000000e+00 1.000000000000000000e+00 1.259000000000000119e-01 2.500000000000000000e-01 1.000000000000000048e-04
2.330000000000000071e+01 7.267100000000000115e+00 1.556151999999999873e+02 1.800000000000000000e+02 1.509481000000000108e+02 1.500000000000000000e+00 1.000000000000000000e+00 1.262999999999999956e-01 2.500000000000000000e-01 1.000000000000000048e-04
2.335000000000000142e+01 7.260900000000000354e+00 1.557501000000000033e+02 1.800000000000000000e+02 1.510832000000000050e+02 1.500000000000000000e+00 1.000000000000000000e+00 1.267000000000000071e-01 2.500000000000000000e-01 1.000000000000000048e-04
2.339999999999999858e+01 7.254699999999999704e+00 1.558853000000000009e+02 1.800000000000000000e+02 1.512185000000000059e+02 1.500000000000000000e+00 1.000000000000000000e+00 1.270999999999999908e-01 2.500000000000000000e-01 1.000000000000000048e-04
2.344999999999999929e+01 7.248499999999999943e+00 1.560208000000000084e+02 1.800000000000000000e+02 1.513540999999999883e+02 1.500000000000000000e+00 1.000000000000000000e+00 1.275000000000000022e-01 2.500000000000000000e-01 1.000000000000000048e-04
2.350000000000000000e+01 7.242300000000000182e+00 1.561565999999999974e+02 1.800000000000000000e+02 1.514901000000000124e+02 1.500000000000000000e+00 1.000000000000000000e+00 1.279000000000000137e-01 2.500000000000000000e-01 1.000000000000000048e-04
2.355000000000000071e+01 7.235999999999999766e+00 1.562926999999999964e+02 1.800000000000000000e+02 1.516262999999999863e+02 1.500000000000000000e+00 1.000000000000000000e+00 1.282999999999999974e-01 2.500000000000000000e-01 1.000000000000000048e-04
2.360000000000000142e+01 7.229800000000000004e+00 1.564290000000000020e+02 1.800000000000000000e+02 1.517627999999999986e+02 1.500000000000000000e+00 1.000000000000000000e+00 1.287000000000000088e-01 2.500000000000000000e-01 1.000000000000000048e-04
2.364999999999999858e+01 7.223600000000000243e+00 1.565656999999999925e+02 1.800000000000000000e+02 1.518995999999999924e+02 1.500000000000000000e+00 1.000000000000000000e+00 1.290999999999999925e-01 2.500000000000000000e-01 1.000000000000000048e-04
2.369999999999999929e+01 7.217299999999999827e+00 1.567025999999999897e+02 1.800000000000000000e+02 1.520366999999999962e+02 1.500000000000000000e+00 1.000000000000000000e+00 1.295000000000000040e-01 2.500000000000000000e-01 1.000000000000000048e-04
2.375000000000000000e+01 7.211100000000000065e+00 1.568399000000000001e+02 1.800000000000000000e+02 1.521740000000000066e+02 1.500000000000000000e+00 1.000000000000000000e+00 1.298999999999999877e-01 2.500000000000000000e-01 1.000000000000000048e-04
2.380000000000000071e+01 7.204900000000000304e+00 1.569773999999999887e+02 1.800000000000000000e+02 1.523117000000000019e+02 1.500000000000000000e+00 1.000000000000000000e+00 1.302999999999999992e-01 2.500000000000000000e-01 1.000000000000000048e-04
2.385000000000000142e+01 7.198599999999999888e+00 1.571151999999999873e+02 1.800000000000000000e+02 1.524497000000000071e+02 1.500000000000000000e+00 1.000000000000000000e+00 1.307000000000000106e-01 2.500000000000000000e-01 1.000000000000000048e-04
2.389999999999999858e+01 7.192400000000000126e+00 1.572532999999999959e+02 1.800000000000000000e+02 1.525878999999999905e+02 1.500000000000000000e+00 1.000000000000000000e+00 1.310999999999999943e-01 2.500000000000000000e-01 1.000000000000000048e-04
2.394999999999999929e+01 7.186200000000000365e+00 1.573917999999999893e+02 1.800000000000000000e+02 1.527264999999999873e+02 1.500000000000000000e+00 1.000000000000000000e+00 1.315000000000000058e-01 2.500000000000000000e-01 1.000000000000000048e-04
2.400000000000000000e+01 7.179899999999999949e+00 1.575304999999999893e+02 1.800000000000000000e+02 1.528652999999999906e+02 1.500000000000000000e+00 1.000000000000000000e+00 1.318999999999999895e-01 2.500000000000000000e-01 1.000000000000000048e-04
2.405000000000000071e+01 7.173700000000000188e+00 1.576694999999999993e+02 1.800000000000000000e+02 1.530045000000000073e+02 1.500000000000000000e+00 1.000000000000000000e+00 1.323999999999999899e-01 2.500000000000000000e-01 1.000000000000000048e-04
2.410000000000000142e+01 7.167399999999999771e+00 1.578087999999999909e+02 1.800000000000000000e+02 1.531439000000000021e+02 1.500000000000000000e+00 1.000000000000000000e+00 1.328000000000000014e-01 2.500000000000000000e-01 1.000000000000000048e-04
2.414999999999999858e+01 7.161200000000000010e+00 1.579484999999999957e+02 1.800000000000000000e+02 1.532837000000000103e+02 1.500000000000000000e+00 1.000000000000000000e+00 1.332000000000000128e-01 2.500000000000000000e-01 1.000000000000000048e-04
2.419999999999999929e+01 7.154899999999999594e+00 1.580884000000000071e+02 1.800000000000000000e+02 1.534238000000000000e+02 1.500000000000000000e+00 1.000000000000000000e+00 1.335999999999999965e-01 2.500000000000000000e-01 1.000000000000000048e-04
2.425000000000000000e+01 7.148699999999999832e+00 1.582286000000000001e+02 1.800000000000000000e+02 1.535640999999999963e+02 1.500000000000000000e+00 1.000000000000000000e+00 1.340000000000000080e-01 2.500000000000000000e-01 1.000000000000000048e-04
2.430000000000000071e+01 7.142400000000000304e+00 1.583692000000000064e+02 1.800000000000000000e+02 1.537048000000000059e+02 1.500000000000000000e+00 1.000000000000000000e+00 1.343999999999999917e-01 2.500000000000000000e-01 1.000000000000000048e-04
2.435000000000000142e+01 7.136099999999999888e+00 1.585099999999999909e+02 1.800000000000000000e+02 1.538456999999999937e+02 1.500000000000000000e+00 1.000000000000000000e+00 1.348000000000000032e-01 2.500000000000000000e-01 1.000000000000000048e-04
2.439999999999999858e+01 7.129900000000000126e+00 1.586511999999999887e+02 1.800000000000000000e+02 1.539869999999999948e+02 1.500000000000000000e+00 1.000000000000000000e+00 1.353000000000000036e-01 2.500000000000000000e-01 1.000000000000000048e-04
2.444999999999999929e+01 7.123599999999999710e+00 1.587925999999999931e+02 1.800000000000000000e+02 1.541286000000000058e+02 1.500000000000000000e+00 1.000000000000000000e+00 1.356999999999999873e-01 2.500000000000000000e-01 1.000000000000000048e-04
2.450000000000000000e+01 7.117300000000000182e+00 1.589344000000000108e+02 1.800000000000000000e+02 1.542704999999999984e+02 1.500000000000000000e+00 1.000000000000000000e+00 1.360999999999999988e-01 2.500000000000000000e-01 1.000000000000000048e-04
2.455000000000000071e+01 7.111100000000000421e+00 1.590765000000000100e+02 1.800000000000000000e+02 1.544127000000000010e+02 1.500000000000000000e+00 1.000000000000000000e+00 1.365000000000000102e-01 2.500000000000000000e-01 1.000000000000000048e-04
2.460000000000000142e+01 7.104800000000000004e+00 1.592188999999999908e+02 1.800000000000000000e+02 1.545552000000000135e+02 1.500000000000000000e+00 1.000000000000000000e+00 1.368999999999999939e-01 2.500000000000000000e-01 1.000000000000000048e-04
2.464999999999999858e+01 7.098499999999999588e+00 1.593616000000000099e+02 1.800000000000000000e+02 1.546981000000000108e+02 1.500000000000000000e+00 1.000000000000000000e+00 1.373999999999999944e-01 2.500000000000000000e-01 1.000000000000000048e-04
2.469999999999999929e+01 7.092200000000000060e+00 1.595047000000000139e+02 1.800000000000000000e+02 1.548411999999999864e+02 1.500000000000000000e+00 1.000000000000000000e+00 1.378000000000000058e-01 2.500000000000000000e-01 1.000000000000000048e-04
2.475000000000000000e+01 7.086000000000000298e+00 1.596479999999999961e+02 1.800000000000000000e+02 1.549847000000000037e+02 1.500000000000000000e+00 1.000000000000000000e+00 1.381999999999999895e-01 2.500000000000000000e-01 1.000000000000000048e-04
2.480000000000000071e+01 7.079699999999999882e+00 1.597916999999999916e+02 1.800000000000000000e+02 1.551283999999999992e+02 1.500000000000000000e+00 1.000000000000000000e+00 1.386000000000000010e-01 2.500000000000000000e-01 1.000000000000000048e-04
2.485000000000000142e+01 7.073400000000000354e+00 1.599356999999999971e+02 1.800000000000000000e+02 1.552725000000000080e+02 1.500000000000000000e+00 1.000000000000000000e+00 1.391000000000000014e-01 2.500000000000000000e-01 1.000000000000000048e-04
2.489999999999999858e+01 7.067099999999999937e+00 1.600800000000000125e+02 1.800000000000000000e+02 1.554168999999999983e+02 1.500000000000000000e+00 1.000000000000000000e+00 1.395000000000000129e-01 2.500000000000000000e-01 1.000000000000000048e-04
2.494999999999999929e+01 7.060800000000000409e+00 1.602246000000000095e+02 1.800000000000000000e+02 1.555617000000000019e+02 1.500000000000000000e+00 1.000000000000000000e+00 1.398999999999999966e-01 2.500000000000000000e-01 1.000000000000000048e-04
2.500000000000000000e+01 7.054499999999999993e+00 1.603694999999999879e+02 1.800000000000000000e+02 1.557067000000000121e+02 1.500000000000000000e+00 1.000000000000000000e+00 1.403999999999999970e-01 2.500000000000000000e-01 1.000000000000000048e-04
2.505000000000000071e+01 7.048199999999999577e+00 1.605148000000000081e+02 1.800000000000000000e+02 1.558521000000000072e+02 1.500000000000000000e+00 1.000000000000000000e+00 1.408000000000000085e-01 2.500000000000000000e-01 1.000000000000000048e-04
2.510000000000000142e+01 7.041900000000000048e+00 1.606604000000000099e+02 1.800000000000000000e+02 1.559978000000000122e+02 1.500000000000000000e+00 1.000000000000000000e+00 1.411999999999999922e-01 2.500000000000000000e-01 1.000000000000000048e-04
2.514999999999999858e+01 7.035599999999999632e+00 1.608062999999999931e+02 1.800000000000000000e+02 1.561437999999999988e+02 1.500000000000000000e+00 1.000000000000000000e+00 1.416999999999999926e-01 2.500000000000000000e-01 1.000000000000000048e-04
2.519999999999999929e+01 7.029300000000000104e+00 1.609525999999999897e+02 1.800000000000000000e+02 1.562901999999999987e+02 1.500000000000000000e+00 1.000000000000000000e+00 1.421000000000000041e-01 2.500000000000000000e-01 1.000000000000000048e-04
2.525000000000000000e+01 7.022999999999999687e+00 1.610991999999999962e+02 1.800000000000000000e+02 1.564369000000000085e+02 1.500000000000000000e+00 1.000000000000000000e+00 1.424999999999999878e-01 2.500000000000000000e-01 1.000000000000000048e-04
2.530000000000000071e+01 7.016700000000000159e+00 1.612461000000000126e+02 1.800000000000000000e+02 1.565838999999999999e+02 1.500000000000000000e+00 1.000000000000000000e+00 1.429999999999999882e-01 2.500000000000000000e-01 1.000000000000000048e-04
2.535000000000000142e+01 7.010399999999999743e+00 1.613933000000000106e+02 1.800000000000000000e+02 1.567312000000000012e+02 1.500000000000000000e+00 1.000000000000000000e+00 1.433999999999999997e-01 2.500000000000000000e-01 1.000000000000000048e-04
2.539999999999999858e+01 7.004100000000000215e+00 1.615408999999999935e+02 1.800000000000000000e+02 1.568788999999999874e+02 1.500000000000000000e+00 1.000000000000000000e+00 1.438000000000000111e-01 2.500000000000000000e-01 1.000000000000000048e-04
2.544999999999999929e+01 6.997799999999999798e+00 1.616887999999999863e+02 1.800000000000000000e+02 1.570269000000000119e+02 1.500000000000000000e+00 1.000000000000000000e+00 1.443000000000000116e-01 2.500000000000000000e-01 1.000000000000000048e-04
2.550000000000000000e+01 6.991500000000000270e+00 1.618370999999999924e+02 1.800000000000000000e+02 1.571751999999999896e+02 1.500000000000000000e+00 1.000000000000000000e+00 1.446999999999999953e-01 2.500000000000000000e-01 1.000000000000000048e-04
2.555000000000000071e+01 6.985800000000000232e+00 1.617446999999999946e+02 1.800000000000000000e+02 1.559875000000000114e+02 1.500000000000000000e+00 1.000000000000000000e+00 1.444000000000000006e-01 2.500000000000000000e-01 1.000000000000000048e-04
2.560000000000000142e+01 6.979599999999999582e+00 1.618753000000000100e+02 1.800000000000000000e+02 1.561186999999999898e+02 1.500000000000000000e+00 1.000000000000000000e+00 1.448000000000000120e-01 2.500000000000000000e-01 1.000000000000000048e-04
2.564999999999999858e+01 6.973200000000000287e+00 1.620227999999999895e+02 1.800000000000000000e+02 1.562664000000000044e+02 1.500000000000000000e+00 1.000000000000000000e+00 1.453000000000000125e-01 2.500000000000000000e-01 1.000000000000000048e-04
2.569999999999999929e+01 6.966899999999999871e+00 1.621722000000000037e+02 1.800000000000000000e+02 1.564157999999999902e+02 1.500000000000000000e+00 1.000000000000000000e+00 1.456999999999999962e-01 2.500000000000000000e-01 1.000000000000000048e-04
2.575000000000000000e+01 6.960600000000000342e+00 1.623220000000000027e+02 1.800000000000000000e+02 1.565656999999999925e+02 1.500000000000000000e+00 1.000000000000000000e+00 1.461999999999999966e-01 2.500000000000000000e-01 1.000000000000000048e-04
2.580000000000000071e+01 6.954200000000000159e+00 1.624721999999999866e+02 1.800000000000000000e+02 1.567159000000000049e+02 1.500000000000000000e+00 1.000000000000000000e+00 1.466000000000000081e-01 2.500000000000000000e-01 1.000000000000000048e-04
2.585000000000000142e+01 6.947899999999999743e+00 1.626228000000000122e+02 1.800000000000000000e+02 1.568665000000000020e+02 1.500000000000000000e+00 1.000000000000000000e+00 1.471000000000000085e-01 2.500000000000000000e-01 1.000000000000000048e-04
2.589999999999999858e+01 6.941600000000000215e+00 1.627736999999999910e+02 1.800000000000000000e+02 1.570175000000000125e+02 1.500000000000000000e+00 1.000000000000000000e+00 1.474999999999999922e-01 2.500000000000000000e-01 1.000000000000000048e-04
2.594999999999999929e+01 6.935200000000000031e+00 1.629249000000000080e+02 1.800000000000000000e+02 1.571688000000000045e+02 1.500000000000000000e+00 1.000000000000000000e+00 1.479000000000000037e-01 2.500000000000000000e-01 1.000000000000000048e-04
2.600000000000000000e+01 6.928899999999999615e+00 1.630765000000000100e+02 1.800000000000000000e+02 1.573204000000000065e+02 1.500000000000000000e+00 1.000000000000000000e+00 1.484000000000000041e-01 2.500000000000000000e-01 1.000000000000000048e-04
2.605000000000000071e+01 6.922500000000000320e+00 1.632284999999999968e+02 1.800000000000000000e+02 1.574723999999999933e+02 1.500000000000000000e+00 1.000000000000000000e+00 1.487999999999999878e-01 2.500000000000000000e-01 1.000000000000000048e-04
2.610000000000000142e+01 6.916199999999999903e+00 1.633807999999999936e+02 1.800000000000000000e+02 1.576246999999999900e+02 1.500000000000000000e+00 1.000000000000000000e+00 1.492999999999999883e-01 2.500000000000000000e-01 1.000000000000000048e-04
2.614999999999999858e+01 6.909799999999999720e+00 1.635335000000000036e+02 1.800000000000000000e+02 1.577774000000000001e+02 1.500000000000000000e+00 1.000000000000000000e+00 1.497999999999999887e-01 2.500000000000000000e-01 1.000000000000000048e-04
2.619999999999999929e+01 6.903500000000000192e+00 1.636864999999999952e+02 1.800000000000000000e+02 1.579303999999999917e+02 1.500000000000000000e+00 1.000000000000000000e+00 1.502000000000000002e-01 2.500000000000000000e-01 1.000000000000000048e-04
2.625000000000000000e+01 6.897100000000000009e+00 1.638399000000000001e+02 1.800000000000000000e+02 1.580837999999999965e+02 1.500000000000000000e+00 1.000000000000000000e+00 1.507000000000000006e-01 2.500000000000000000e-01 1.000000000000000048e-04
2.630000000000000071e+01 6.890799999999999592e+00 1.639935999999999865e+02 1.800000000000000000e+02 1.582375000000000114e+02 1.500000000000000000e+00 1.000000000000000000e+00 1.511000000000000121e-01 2.500000000000000000e-01 1.000000000000000048e-04
2.635000000000000142e+01 6.884400000000000297e+00 1.641476999999999862e+02 1.800000000000000000e+02 1.583916000000000111e+02 1.500000000000000000e+00 1.000000000000000000e+00 1.516000000000000125e-01 2.500000000000000000e-01 1.000000000000000048e-04
2.639999999999999858e+01 6.878000000000000114e+00 1.643020999999999958e+02 1.800000000000000000e+02 1.585460999999999956e+02 1.500000000000000000e+00 1.000000000000000000e+00 1.519999999999999962e-01 2.500000000000000000e-01 1.000000000000000048e-04
2.644999999999999929e+01 6.871699999999999697e+00 1.644569999999999936e+02 1.800000000000000000e+02 1.587008999999999901e+02 1.500000000000000000e+00 1.000000000000000000e+00 1.524999999999999967e-01 2.500000000000000000e-01 1.000000000000000048e-04
2.650000000000000000e+01 6.865300000000000402e+00 1.646120999999999981e+02 1.800000000000000000e+02 1.588560999999999979e+02 1.500000000000000000e+00 1.000000000000000000e+00 1.529999999999999971e-01 2.500000000000000000e-01 1.000000000000000048e-04
2.655000000000000071e+01 6.858900000000000219e+00 1.647676999999999907e+02 1.800000000000000000e+02 1.590115999999999872e+02 1.500000000000000000e+00 1.000000000000000000e+00 1.534000000000000086e-01 2.500000000000000000e-01 1.000000000000000048e-04
2.660000000000000142e+01 6.852599999999999802e+00 1.649235999999999933e+02 1.800000000000000000e+02 1.591674999999999898e+02 1.500000000000000000e+00 1.000000000000000000e+00 1.539000000000000090e-01 2.500000000000000000e-01 1.000000000000000048e-04
2.664999999999999858e+01 6.846199999999999619e+00 1.650799000000000092e+02 1.800000000000000000e+02 1.593238000000000056e+02 1.500000000000000000e+00 1.000000000000000000e+00 1.542999999999999927e-01 2.500000000000000000e-01 1.000000000000000048e-04
2.669999999999999929e+01 6.839800000000000324e+00 1.652365000000000066e+02 1.800000000000000000e+02 1.594805000000000064e+02 1.500000000000000000e+00 1.000000000000000000e+00 1.547999999999999932e-01 2.500000000000000000e-01 1.000000000000000048e-04
2.675000000000000000e+01 6.833400000000000141e+00 1.653934999999999889e+02 1.800000000000000000e+02 1.596374999999999886e+02 1.500000000000000000e+00 1.000000000000000000e+00 1.552999999999999936e-01 2.500000000000000000e-01 1.000000000000000048e-04
2.680000000000000071e+01 6.826999999999999957e+00 1.655509000000000128e+02 1.800000000000000000e+02 1.597948000000000093e+02 1.500000000000000000e+00 1.000000000000000000e+00 1.557000000000000051e-01 2.500000000000000000e-01 1.000000000000000048e-04
2.685000000000000142e+01 6.820599999999999774e+00 1.657086999999999932e+02 1.800000000000000000e+02 1.599525999999999897e+02 1.500000000000000000e+00 1.000000000000000000e+00 1.562000000000000055e-01 2.500000000000000000e-01 1.000000000000000048e-04
2.689999999999999858e+01 6.814199999999999591e+00 1.658668000000000120e+02 1.800000000000000000e+02 1.601107000000000085e+02 1.500000000000000000e+00 1.000000000000000000e+00 1.567000000000000060e-01 2.500000000000000000e-01 1.000000000000000048e-04
2.694999999999999929e+01 6.807800000000000296e+00 1.660253999999999905e+02 1.800000000000000000e+02 1.602692000000000121e+02 1.500000000000000000e+00 1.000000000000000000e+00 1.572000000000000064e-01 2.500000000000000000e-01 1.000000000000000048e-04
2.700000000000000000e+01 6.801400000000000112e+00 1.661843000000000075e+02 1.800000000000000000e+02 1.604281000000000006e+02 1.500000000000000000e+00 1.000000000000000000e+00 1.575999999999999901e-01 2.500000000000000000e-01 1.000000000000000048e-04
2.705000000000000071e+01 6.794999999999999929e+00 1.663435000000000059e+02 1.800000000000000000e+02 1.605872999999999990e+02 1.500000000000000000e+00 1.000000000000000000e+00 1.580999999999999905e-01 2.500000000000000000e-01 1.000000000000000048e-04
2.710000000000000142e+01 6.788599999999999746e+00 1.665031999999999925e+02 1.800000000000000000e+02 1.607470000000000141e+02 1.500000000000000000e+00 1.000000000000000000e+00 1.585999999999999910e-01 2.500000000000000000e-01 1.000000000000000048e-04
2.714999999999999858e+01 6.782199999999999562e+00 1.666631999999999891e+02 1.800000000000000000e+02 1.609070000000000107e+02 1.500000000000000000e+00 1.000000000000000000e+00 1.590000000000000024e-01 2.500000000000000000e-01 1.000000000000000048e-04
2.719999999999999929e+01 6.775800000000000267e+00 1.668237000000000023e+02 1.800000000000000000e+02 1.610673999999999921e+02 1.500000000000000000e+00 1.000000000000000000e+00 1.595000000000000029e-01 2.500000000000000000e-01 1.000000000000000048e-04
2.725000000000000000e+01 6.769400000000000084e+00 1.669844999999999970e+02 1.800000000000000000e+02 1.612281999999999869e+02 1.500000000000000000e+00 1.000000000000000000e+00 1.600000000000000033e-01 2.500000000000000000e-01 1.000000000000000048e-04
2.730000000000000071e+01 6.762999999999999901e+00 1.671457000000000050e+02 1.800000000000000000e+02 1.613892999999999915e+02 1.500000000000000000e+00 1.000000000000000000e+00 1.605000000000000038e-01 2.500000000000000000e-01 1.000000000000000048e-04
2.735000000000000142e+01 6.756599999999999717e+00 1.673072999999999979e+02 1.800000000000000000e+02 1.615509000000000128e+02 1.500000000000000000e+00 1.000000000000000000e+00 1.610000000000000042e-01 2.500000000000000000e-01 1.000000000000000048e-04
2.739999999999999858e+01 6.750099999999999767e+00 1.674693000000000040e+02 1.800000000000000000e+02 1.617127999999999872e+02 1.500000000000000000e+00 1.000000000000000000e+00 1.613999999999999879e-01 2.500000000000000000e-01 1.000000000000000048e-04
2.744999999999999929e+01 6.743699999999999584e+00 1.676316999999999950e+02 1.800000000000000000e+02 1.618752000000000066e+02 1.500000000000000000e+00 1.000000000000000000e+00 1.618999999999999884e-01 2.500000000000000000e-01 1.000000000000000048e-04
2.750000000000000000e+01 6.737300000000000288e+00 1.677944999999999993e+02 1.800000000000000000e+02 1.620379000000000076e+02 1.500000000000000000e+00 1.000000000000000000e+00 1.623999999999999888e-01 2.500000000000000000e-01 1.000000000000000048e-04
2.755000000000000071e+01 6.730900000000000105e+00 1.679576000000000136e+02 1.800000000000000000e+02 1.622009999999999934e+02 1.500000000000000000e+00 1.000000000000000000e+00 1.628999999999999893e-01 2.500000000000000000e-01 1.000000000000000048e-04
2.760000000000000142e+01 6.724400000000000155e+00 1.681211999999999875e+02 1.800000000000000000e+02 1.623644999999999925e+02 1.500000000000000000e+00 1.000000000000000000e+00 1.633999999999999897e-01 2.500000000000000000e-01 1.000000000000000048e-04
2.764999999999999858e+01 6.717999999999999972e+00 1.682852000000000032e+02 1.800000000000000000e+02 1.625285000000000082e+02 1.500000000000000000e+00 1.000000000000000000e+00 1.638999999999999901e-01 2.500000000000000000e-01 1.000000000000000048e-04
2.769999999999999929e+01 6.711500000000000021e+00 1.684496000000000038e+02 1.800000000000000000e+02 1.626928000000000054e+02 1.500000000000000000e+00 1.000000000000000000e+00 1.643000000000000016e-01 2.500000000000000000e-01 1.000000000000000048e-04
2.775000000000000000e+01 6.705099999999999838e+00 1.686143999999999892e+02 1.800000000000000000e+02 1.628574999999999875e+02 1.500000000000000000e+00 1.000000000000000000e+00 1.648000000000000020e-01 2.500000000000000000e-01 1.000000000000000048e-04
2.780000000000000071e+01 6.698699999999999655e+00 1.687795999999999879e+02 1.800000000000000000e+02 1.630226000000000113e+02 1.500000000000000000e+00 1.000000000000000000e+00 1.653000000000000025e-01 2.500000000000000000e-01 1.000000000000000048e-04
2.785000000000000142e+01 6.692199999999999704e+00 1.689451999999999998e+02 1.800000000000000000e+02 1.631880999999999915e+02 1.500000000000000000e+00 1.000000000000000000e+00 1.658000000000000029e-01 2.500000000000000000e-01 1.000000000000000048e-04
2.789999999999999858e+01 6.685800000000000409e+00 1.691111999999999966e+02 1.800000000000000000e+02 1.633540999999999883e+02 1.500000000000000000e+00 1.000000000000000000e+00 1.663000000000000034e-01 2.500000000000000000e-01 1.000000000000000048e-04
2.794999999999999929e+01 6.679299999999999571e+00 1.692776000000000067e+02 1.800000000000000000e+02 1.635203999999999951e+02 1.500000000000000000e+00 1.000000000000000000e+00 1.668000000000000038e-01 2.500000000000000000e-01 1.000000000000000048e-04
2.800000000000000000e+01 6.672799999999999621e+00 1.694444000000000017e+02 1.800000000000000000e+02 1.636871999999999900e+02 1.500000000000000000e+00 1.000000000000000000e+00 1.673000000000000043e-01 2.500000000000000000e-01 1.000000000000000048e-04
2.805000000000000071e+01 6.666400000000000325e+00 1.696117000000000132e+02 1.800000000000000000e+02 1.638542999999999950e+02 1.500000000000000000e+00 1.000000000000000000e+00 1.678000000000000047e-01 2.500000000000000000e-01 1.000000000000000048e-04
2.810000000000000142e+01 6.659900000000000375e+00 1.697793000000000063e+02 1.800000000000000000e+02 1.640218999999999880e+02 1.500000000000000000e+00 1.000000000000000000e+00 1.683000000000000052e-01 2.500000000000000000e-01 1.000000000000000048e-04
2.814999999999999858e+01 6.653400000000000425e+00 1.699473999999999876e+02 1.800000000000000000e+02 1.641898999999999944e+02 1.500000000000000000e+00 1.000000000000000000e+00 1.688000000000000056e-01 2.500000000000000000e-01 1.000000000000000048e-04
2.819999999999999929e+01 6.647000000000000242e+00 1.701159000000000106e+02 1.800000000000000000e+02 1.643583000000000141e+02 1.500000000000000000e+00 1.000000000000000000e+00 1.693000000000000060e-01 2.500000000000000000e-01 1.000000000000000048e-04
2.825000000000000000e+01 6.640500000000000291e+00 1.702848999999999933e+02 1.800000000000000000e+02 1.645270999999999901e+02 1.500000000000000000e+00 1.000000000000000000e+00 1.698000000000000065e-01 2.500000000000000000e-01 1.000000000000000048e-04
2.830000000000000071e+01 6.634000000000000341e+00 1.704541999999999859e+02 1.800000000000000000e+02 1.646964000000000112e+02 1.500000000000000000e+00 1.000000000000000000e+00 1.703000000000000069e-01 2.500000000000000000e-01 1.000000000000000048e-04
2.835000000000000142e+01 6.627500000000000391e+00 1.706239999999999952e+02 1.800000000000000000e+02 1.648660999999999888e+02 1.500000000000000000e+00 1.000000000000000000e+00 1.708000000000000074e-01 2.500000000000000000e-01 1.000000000000000048e-04
2.839999999999999858e+01 6.621000000000000441e+00 1.707941999999999894e+02 1.800000000000000000e+02 1.650362000000000080e+02 1.500000000000000000e+00 1.000000000000000000e+00 1.713000000000000078e-01 2.500000000000000000e-01 1.000000000000000048e-04
2.844999999999999929e+01 6.614600000000000257e+00 1.709647999999999968e+02 1.800000000000000000e+02 1.652067000000000121e+02 1.500000000000000000e+00 1.000000000000000000e+00 1.718000000000000083e-01 2.500000000000000000e-01 1.000000000000000048e-04
2.850000000000000000e+01 6.608100000000000307e+00 1.711358999999999924e+02 1.800000000000000000e+02 1.653776000000000010e+02 1.500000000000000000e+00 1.000000000000000000e+00 1.723000000000000087e-01 2.500000000000000000e-01 1.000000000000000048e-04
2.855000000000000071e+01 6.601600000000000357e+00 1.713074000000000012e+02 1.800000000000000000e+02 1.655490000000000066e+02 1.500000000000000000e+00 1.000000000000000000e+00 1.728000000000000091e-01 2.500000000000000000e-01 1.000000000000000048e-04
2.860000000000000142e+01 6.595100000000000406e+00 1.714793999999999983e+02 1.800000000000000000e+02 1.657207999999999970e+02 1.500000000000000000e+00 1.000000000000000000e+00 1.733000000000000096e-01 2.500000000000000000e-01 1.000000000000000048e-04
2.864999999999999858e+01 6.588599999999999568e+00 1.716517000000000053e+02 1.800000000000000000e+02 1.658931000000000040e+02 1.500000000000000000e+00 1.000000000000000000e+00 1.738999999999999990e-01 2.500000000000000000e-01 1.000000000000000048e-04
2.869999999999999929e+01 6.582099999999999618e+00 1.718246000000000038e+02 1.800000000000000000e+02 1.660657999999999959e+02 1.500000000000000000e+00 1.000000000000000000e+00 1.743999999999999995e-01 2.500000000000000000e-01 1.000000000000000048e-04
2.875000000000000000e+01 6.575599999999999667e+00 1.719978000000000122e+02 1.800000000000000000e+02 1.662389000000000010e+02 1.500000000000000000e+00 1.000000000000000000e+00 1.748999999999999999e-01 2.500000000000000000e-01 1.000000000000000048e-04
2.880000000000000071e+01 6.569099999999999717e+00 1.721715000000000089e+02 1.800000000000000000e+02 1.664124999999999943e+02 1.500000000000000000e+00 1.000000000000000000e+00 1.754000000000000004e-01 2.500000000000000000e-01 1.000000000000000048e-04
2.885000000000000142e+01 6.562500000000000000e+00 1.723456999999999937e+02 1.800000000000000000e+02 1.665865000000000009e+02 1.500000000000000000e+00 1.000000000000000000e+00 1.759000000000000008e-01 2.500000000000000000e-01 1.000000000000000048e-04
2.889999999999999858e+01 6.556000000000000050e+00 1.725202999999999918e+02 1.800000000000000000e+02 1.667608999999999924e+02 1.500000000000000000e+00 1.000000000000000000e+00 1.764000000000000012e-01 2.500000000000000000e-01 1.000000000000000048e-04
2.894999999999999929e+01 6.549500000000000099e+00 1.726954000000000065e+02 1.800000000000000000e+02 1.669358000000000004e+02 1.500000000000000000e+00 1.000000000000000000e+00 1.769000000000000017e-01 2.500000000000000000e-01 1.000000000000000048e-04
2.900000000000000000e+01 6.543000000000000149e+00 1.728709000000000060e+02 1.800000000000000000e+02 1.671111999999999966e+02 1.500000000000000000e+00 1.000000000000000000e+00 1.774999999999999911e-01 2.500000000000000000e-01 1.000000000000000048e-04
2.905000000000000071e+01 6.536400000000000432e+00 1.730467999999999904e+02 1.800000000000000000e+02 1.672870000000000061e+02 1.500000000000000000e+00 1.000000000000000000e+00 1.779999999999999916e-01 2.500000000000000000e-01 1.000000000000000048e-04
2.910000000000000142e+01 6.529899999999999594e+00 1.732231999999999914e+02 1.800000000000000000e+02 1.674632000000000005e+02 1.500000000000000000e+00 1.000000000000000000e+00 1.784999999999999920e-01 2.500000000000000000e-01 1.000000000000000048e-04
2.914999999999999858e+01 6.523399999999999643e+00 1.734001000000000090e+02 1.800000000000000000e+02 1.676399000000000115e+02 1.500000000000000000e+00 1.000000000000000000e+00 1.789999999999999925e-01 2.500000000000000000e-01 1.000000000000000048e-04
2.919999999999999929e+01 6.516799999999999926e+00 1.735774000000000115e+02 1.800000000000000000e+02 1.678171000000000106e+02 1.500000000000000000e+00 1.000000000000000000e+00 1.796000000000000096e-01 2.500000000000000000e-01 1.000000000000000048e-04
2.925000000000000000e+01 6.510299999999999976e+00 1.737553000000000054e+02 1.800000000000000000e+02 1.679946999999999946e+02 1.500000000000000000e+00 1.000000000000000000e+00 1.801000000000000101e-01 2.500000000000000000e-01 1.000000000000000048e-04
2.930000000000000071e+01 6.503700000000000259e+00 1.739335000000000093e+02 1.800000000000000000e+02 1.681727999999999952e+02 1.500000000000000000e+00 1.000000000000000000e+00 1.806000000000000105e-01 2.500000000000000000e-01 1.000000000000000048e-04
2.935000000000000142e+01 6.497200000000000308e+00 1.741123000000000047e+02 1.800000000000000000e+02 1.683514000000000124e+02 1.500000000000000000e+00 1.000000000000000000e+00 1.812000000000000000e-01 2.500000000000000000e-01 1.000000000000000048e-04
2.939999999999999858e+01 6.490599999999999703e+00 1.742915000000000134e+02 1.800000000000000000e+02 1.685303999999999860e+02 1.500000000000000000e+00 1.000000000000000000e+00 1.817000000000000004e-01 2.500000000000000000e-01 1.000000000000000048e-04
2.944999999999999929e+01 6.484099999999999753e+00 1.744711000000000070e+02 1.800000000000000000e+02 1.687099000000000046e+02 1.500000000000000000e+00 1.000000000000000000e+00 1.822000000000000008e-01 2.500000000000000000e-01 1.000000000000000048e-04
2.950000000000000000e+01 6.477500000000000036e+00 1.746512999999999920e+02 1.800000000000000000e+02 1.688898000000000081e+02 1.500000000000000000e+00 1.000000000000000000e+00 1.827999999999999903e-01 2.500000000000000000e-01 1.000000000000000048e-04
2.955000000000000071e+01 6.471000000000000085e+00 1.748318999999999903e+02 1.800000000000000000e+02 1.690701999999999998e+02 1.500000000000000000e+00 1.000000000000000000e+00 1.832999999999999907e-01 2.500000000000000000e-01 1.000000000000000048e-04
2.960000000000000142e+01 6.464400000000000368e+00 1.750130000000000052e+02 1.800000000000000000e+02 1.692511000000000081e+02 1.500000000000000000e+00 1.000000000000000000e+00 1.837999999999999912e-01 2.500000000000000000e-01 1.000000000000000048e-04
2.964999999999999858e+01 6.457799999999999763e+00 1.751946000000000083e+02 1.800000000000000000e+02 1.694325000000000045e+02 1.500000000000000000e+00 1.000000000000000000e+00 1.844000000000000083e-01 2.500000000000000000e-01 1.000000000000000048e-04
2.969999999999999929e+01 6.451299999999999812e+00 1.753766999999999996e+02 1.800000000000000000e+02 1.696143999999999892e+02 1.500000000000000000e+00 1.000000000000000000e+00 1.849000000000000088e-01 2.500000000000000000e-01 1.000000000000000048e-04
2.975000000000000000e+01 6.444700000000000095e+00 1.755592000000000041e+02 1.800000000000000000e+02 1.697966999999999871e+02 1.500000000000000000e+00 1.000000000000000000e+00 1.854000000000000092e-01 2.500000000000000000e-01 1.000000000000000048e-04
2.980000000000000071e+01 6.438100000000000378e+00 1.757423000000000002e+02 1.800000000000000000e+02 1.699795000000000016e+02 1.500000000000000000e+00 1.000000000000000000e+00 1.859999999999999987e-01 2.500000000000000000e-01 1.000000000000000048e-04
2.985000000000000142e+01 6.431499999999999773e+00 1.759258000000000095e+02 1.800000000000000000e+02 1.701628000000000043e+02 1.500000000000000000e+00 1.000000000000000000e+00 1.864999999999999991e-01 2.500000000000000000e-01 1.000000000000000048e-04
2.989999999999999858e+01 6.424900000000000055e+00 1.761098000000000070e+02 1.800000000000000000e+02 1.703465999999999951e+02 1.500000000000000000e+00 1.000000000000000000e+00 1.870999999999999885e-01 2.500000000000000000e-01 1.000000000000000048e-04
2.994999999999999929e+01 6.418300000000000338e+00 1.762943999999999960e+02 1.800000000000000000e+02 1.705309000000000026e+02 1.500000000000000000e+00 1.000000000000000000e+00 1.875999999999999890e-01 2.500000000000000000e-01 1.000000000000000048e-04
3.000000000000000000e+01 6.411699999999999733e+00 1.764793999999999983e+02 1.800000000000000000e+02 1.707156999999999982e+02 1.500000000000000000e+00 1.000000000000000000e+00 1.882000000000000062e-01 2.500000000000000000e-01 1.000000000000000048e-04
3.005000000000000071e+01 6.405100000000000016e+00 1.766648999999999887e+02 1.800000000000000000e+02 1.709009000000000071e+02 1.500000000000000000e+00 1.000000000000000000e+00 1.887000000000000066e-01 2.500000000000000000e-01 1.000000000000000048e-04
3.010000000000000142e+01 6.398500000000000298e+00 1.768508999999999958e+02 1.800000000000000000e+02 1.710867000000000075e+02 1.500000000000000000e+00 1.000000000000000000e+00 1.892999999999999960e-01 2.500000000000000000e-01 1.000000000000000048e-04
3.014999999999999858e+01 6.391899999999999693e+00 1.770374999999999943e+02 1.800000000000000000e+02 1.712729999999999961e+02 1.500000000000000000e+00 1.000000000000000000e+00 1.897999999999999965e-01 2.500000000000000000e-01 1.000000000000000048e-04
3.019999999999999929e+01 6.385299999999999976e+00 1.772245000000000061e+02 1.800000000000000000e+02 1.714596999999999980e+02 1.500000000000000000e+00 1.000000000000000000e+00 1.904000000000000137e-01 2.500000000000000000e-01 1.000000000000000048e-04
3.025000000000000000e+01 6.378700000000000259e+00 1.774121000000000095e+02 1.800000000000000000e+02 1.716469999999999914e+02 1.500000000000000000e+00 1.000000000000000000e+00 1.908999999999999864e-01 2.500000000000000000e-01 1.000000000000000048e-04
3.030000000000000071e+01 6.372099999999999653e+00 1.776000999999999976e+02 1.800000000000000000e+02 1.718348000000000013e+02 1.500000000000000000e+00 1.000000000000000000e+00 1.915000000000000036e-01 2.500000000000000000e-01 1.000000000000000048e-04
3.035000000000000142e+01 6.365499999999999936e+00 1.777887000000000057e+02 1.800000000000000000e+02 1.720230999999999995e+02 1.500000000000000000e+00 1.000000000000000000e+00 1.920999999999999930e-01 2.500000000000000000e-01 1.000000000000000048e-04
3.039999999999999858e+01 6.358799999999999564e+00 1.779778000000000020e+02 1.800000000000000000e+02 1.722119000000000142e+02 1.500000000000000000e+00 1.000000000000000000e+00 1.925999999999999934e-01 2.500000000000000000e-01 1.000000000000000048e-04
3.044999999999999929e+01 6.352199999999999847e+00 1.781673999999999864e+02 1.800000000000000000e+02 1.724011999999999887e+02 1.500000000000000000e+00 1.000000000000000000e+00 1.932000000000000106e-01 2.500000000000000000e-01 1.000000000000000048e-04
3.050000000000000000e+01 6.345600000000000129e+00 1.783574999999999875e+02 1.800000000000000000e+02 1.725910000000000082e+02 1.500000000000000000e+00 1.000000000000000000e+00 1.938000000000000000e-01 2.500000000000000000e-01 1.000000000000000048e-04
3.055000000000000071e+01 6.338899999999999757e+00 1.785482000000000085e+02 1.800000000000000000e+02 1.727813999999999908e+02 1.500000000000000000e+00 1.000000000000000000e+00 1.943000000000000005e-01 2.500000000000000000e-01 1.000000000000000048e-04
3.060000000000000142e+01 6.332300000000000040e+00 1.787393999999999892e+02 1.800000000000000000e+02 1.729722999999999900e+02 1.500000000000000000e+00 1.000000000000000000e+00 1.948999999999999899e-01 2.500000000000000000e-01 1.000000000000000048e-04
3.064999999999999858e+01 6.325599999999999667e+00 1.789310999999999865e+02 1.800000000000000000e+02 1.731637000000000057e+02 1.500000000000000000e+00 1.000000000000000000e+00 1.955000000000000071e-01 2.500000000000000000e-01 1.000000000000000048e-04
3.069999999999999929e+01 6.318999999999999950e+00 1.791234000000000037e+02 1.800000000000000000e+02 1.733556000000000097e+02 1.500000000000000000e+00 1.000000000000000000e+00 1.960000000000000075e-01 2.500000000000000000e-01 1.000000000000000048e-04
3.075000000000000000e+01 6.312299999999999578e+00 1.793162000000000091e+02 1.800000000000000000e+02 1.735481000000000051e+02 1.500000000000000000e+00 1.000000000000000000e+00 1.965999999999999970e-01 2.500000000000000000e-01 1.000000000000000048e-04
3.080000000000000071e+01 6.305699999999999861e+00 1.795095000000000027e+02 1.800000000000000000e+02 1.737410999999999888e+02 1.500000000000000000e+00 1.000000000000000000e+00 1.971999999999999864e-01 2.500000000000000000e-01 1.000000000000000048e-04
3.085000000000000142e+01 6.299000000000000377e+00 1.797033999999999878e+02 1.800000000000000000e+02 1.739345999999999890e+02 1.500000000000000000e+00 1.000000000000000000e+00 1.976999999999999869e-01 2.500000000000000000e-01 1.000000000000000048e-04
3.089999999999999858e+01 6.292399999999999771e+00 1.798977999999999895e+02 1.800000000000000000e+02 1.741287000000000091e+02 1.500000000000000000e+00 1.000000000000000000e+00 1.983000000000000040e-01 2.500000000000000000e-01 1.000000000000000048e-04
3.094999999999999929e+01 6.285700000000000287e+00 1.800928000000000111e+02 1.800000000000000000e+02 1.743232999999999890e+02 1.500000000000000000e+00 1.000000000000000000e+00 1.988999999999999935e-01 2.500000000000000000e-01 1.000000000000000048e-04
3.100000000000000000e+01 6.278999999999999915e+00 1.802882999999999925e+02 1.800000000000000000e+02 1.745184000000000140e+02 1.500000000000000000e+00 1.000000000000000000e+00 1.995000000000000107e-01 2.500000000000000000e-01 1.000000000000000048e-04
3.105000000000000071e+01 6.272300000000000431e+00 1.804843999999999937e+02 1.800000000000000000e+02 1.747141000000000020e+02 1.500000000000000000e+00 1.000000000000000000e+00 2.001000000000000001e-01 2.500000000000000000e-01 1.000000000000000048e-04
3.110000000000000142e+01 6.265600000000000058e+00 1.806810000000000116e+02 1.800000000000000000e+02 1.749104000000000099e+02 1.500000000000000000e+00 1.000000000000000000e+00 2.006000000000000005e-01 2.500000000000000000e-01 1.000000000000000048e-04
3.114999999999999858e+01 6.259000000000000341e+00 1.808781999999999925e+02 1.800000000000000000e+02 1.751072000000000060e+02 1.500000000000000000e+00 1.000000000000000000e+00 2.011999999999999900e-01 2.500000000000000000e-01 1.000000000000000048e-04
3.119999999999999929e+01 6.252299999999999969e+00 1.810758999999999901e+02 1.800000000000000000e+02 1.753044999999999902e+02 1.500000000000000000e+00 1.000000000000000000e+00 2.018000000000000071e-01 2.500000000000000000e-01 1.000000000000000048e-04
3.125000000000000000e+01 6.245599999999999596e+00 1.812742000000000075e+02 1.800000000000000000e+02 1.755024999999999977e+02 1.500000000000000000e+00 1.000000000000000000e+00 2.023999999999999966e-01 2.500000000000000000e-01 1.000000000000000048e-04
3.130000000000000071e+01 6.238900000000000112e+00 1.814730999999999881e+02 1.800000000000000000e+02 1.757008999999999901e+02 1.500000000000000000e+00 1.000000000000000000e+00 2.030000000000000138e-01 2.500000000000000000e-01 1.000000000000000048e-04
3.135000000000000142e+01 6.232199999999999740e+00 1.816725999999999885e+02 1.800000000000000000e+02 1.759000000000000057e+02 1.500000000000000000e+00 1.000000000000000000e+00 2.036000000000000032e-01 2.500000000000000000e-01 1.000000000000000048e-04
3.139999999999999858e+01 6.225500000000000256e+00 1.818726000000000056e+02 1.800000000000000000e+02 1.760996000000000095e+02 1.500000000000000000e+00 1.000000000000000000e+00 2.041999999999999926e-01 2.500000000000000000e-01 1.000000000000000048e-04
3.144999999999999929e+01 6.218799999999999883e+00 1.820732000000000141e+02 1.800000000000000000e+02 1.762998000000000047e+02 1.500000000000000000e+00 1.000000000000000000e+00 2.048000000000000098e-01 2.500000000000000000e-01 1.000000000000000048e-04
3.150000000000000000e+01 6.211999999999999744e+00 1.822744000000000142e+02 1.800000000000000000e+02 1.765004999999999882e+02 1.500000000000000000e+00 1.000000000000000000e+00 2.053999999999999992e-01 2.500000000000000000e-01 1.000000000000000048e-04
3.155000000000000071e+01 6.205300000000000260e+00 1.824762000000000057e+02 1.800000000000000000e+02 1.767017999999999915e+02 1.500000000000000000e+00 1.000000000000000000e+00 2.059999999999999887e-01 2.500000000000000000e-01 1.000000000000000048e-04
3.160000000000000142e+01 6.198599999999999888e+00 1.826785000000000139e+02 1.800000000000000000e+02 1.769036999999999864e+02 1.500000000000000000e+00 1.000000000000000000e+00 2.066000000000000059e-01 2.500000000000000000e-01 1.000000000000000048e-04
3.164999999999999858e+01 6.191900000000000404e+00 1.828814999999999884e+02 1.800000000000000000e+02 1.771062000000000012e+02 1.500000000000000000e+00 1.000000000000000000e+00 2.071999999999999953e-01 2.500000000000000000e-01 1.000000000000000048e-04
3.169999999999999929e+01 6.185100000000000264e+00 1.830850000000000080e+02 1.800000000000000000e+02 1.773093000000000075e+02 1.500000000000000000e+00 1.000000000000000000e+00 2.078000000000000125e-01 2.500000000000000000e-01 1.000000000000000048e-04
3.175000000000000000e+01 6.178399999999999892e+00 1.832890999999999906e+02 1.800000000000000000e+02 1.775130000000000052e+02 1.500000000000000000e+00 1.000000000000000000e+00 2.084000000000000019e-01 2.500000000000000000e-01 1.000000000000000048e-04
3.180000000000000071e+01 6.171700000000000408e+00 1.834938999999999965e+02 1.800000000000000000e+02 1.777171999999999912e+02 1.500000000000000000e+00 1.000000000000000000e+00 2.089999999999999913e-01 2.500000000000000000e-01 1.000000000000000048e-04
3.185000000000000142e+01 6.164900000000000269e+00 1.836991999999999905e+02 1.800000000000000000e+02 1.779221000000000004e+02 1.500000000000000000e+00 1.000000000000000000e+00 2.096000000000000085e-01 2.500000000000000000e-01 1.000000000000000048e-04
3.189999999999999858e+01 6.158199999999999896e+00 1.839052000000000078e+02 1.800000000000000000e+02 1.781274999999999977e+02 1.500000000000000000e+00 1.000000000000000000e+00 2.101999999999999980e-01 2.500000000000000000e-01 1.000000000000000048e-04
3.194999999999999929e+01 6.151399999999999757e+00 1.841117000000000132e+02 1.800000000000000000e+02 1.783335999999999899e+02 1.500000000000000000e+00 1.000000000000000000e+00 2.107999999999999874e-01 2.500000000000000000e-01 1.000000000000000048e-04
3.200000000000000000e+01 6.144599999999999618e+00 1.843189000000000135e+02 1.800000000000000000e+02 1.785401999999999987e+02 1.500000000000000000e+00 1.000000000000000000e+00 2.114000000000000046e-01 2.500000000000000000e-01 1.000000000000000048e-04
3.204999999999999716e+01 6.137900000000000134e+00 1.845266000000000020e+02 1.800000000000000000e+02 1.787475000000000023e+02 1.500000000000000000e+00 1.000000000000000000e+00 2.121000000000000107e-01 2.500000000000000000e-01 1.000000000000000048e-04
3.210000000000000142e+01 6.131099999999999994e+00 1.847350000000000136e+02 1.800000000000000000e+02 1.789552999999999940e+02 1.500000000000000000e+00 1.000000000000000000e+00 2.127000000000000002e-01 2.500000000000000000e-01 1.000000000000000048e-04
3.214999999999999858e+01 6.124299999999999855e+00 1.849440999999999917e+02 1.800000000000000000e+02 1.791638000000000090e+02 1.500000000000000000e+00 1.000000000000000000e+00 2.132999999999999896e-01 2.500000000000000000e-01 1.000000000000000048e-04
3.220000000000000284e+01 6.117600000000000371e+00 1.851536999999999864e+02 1.800000000000000000e+02 1.793728999999999871e+02 1.500000000000000000e+00 1.000000000000000000e+00 2.139000000000000068e-01 2.500000000000000000e-01 1.000000000000000048e-04
3.225000000000000000e+01 6.110800000000000232e+00 1.853640000000000043e+02 1.800000000000000000e+02 1.795826000000000136e+02 1.500000000000000000e+00 1.000000000000000000e+00 2.144999999999999962e-01 2.500000000000000000e-01 1.000000000000000048e-04
3.229999999999999716e+01 6.104000000000000092e+00 1.855749000000000137e+02 1.800000000000000000e+02 1.797930000000000064e+02 1.500000000000000000e+00 1.000000000000000000e+00 2.152000000000000024e-01 2.500000000000000000e-01 1.000000000000000048e-04
3.235000000000000142e+01 6.097199999999999953e+00 1.857864999999999895e+02 1.800000000000000000e+02 1.800039999999999907e+02 1.500000000000000000e+00 1.000000000000000000e+00 2.157999999999999918e-01 2.500000000000000000e-01 1.000000000000000048e-04
3.239999999999999858e+01 6.090399999999999814e+00 1.859987000000000137e+02 1.800000000000000000e+02 1.802155999999999949e+02 1.500000000000000000e+00 1.000000000000000000e+00 2.164000000000000090e-01 2.500000000000000000e-01 1.000000000000000048e-04
3.245000000000000284e+01 6.083599999999999675e+00 1.862115000000000009e+02 1.800000000000000000e+02 1.804277999999999906e+02 1.500000000000000000e+00 1.000000000000000000e+00 2.170999999999999874e-01 2.500000000000000000e-01 1.000000000000000048e-04
3.250000000000000000e+01 6.076800000000000423e+00 1.864250000000000114e+02 1.800000000000000000e+02 1.806407000000000096e+02 1.500000000000000000e+00 1.000000000000000000e+00 2.177000000000000046e-01 2.500000000000000000e-01 1.000000000000000048e-04
3.254999999999999716e+01 6.070000000000000284e+00 1.866391000000000133e+02 1.800000000000000000e+02 1.808541999999999916e+02 1.500000000000000000e+00 1.000000000000000000e+00 2.182999999999999940e-01 2.500000000000000000e-01 1.000000000000000048e-04
3.260000000000000142e+01 6.063200000000000145e+00 1.868539000000000101e+02 1.800000000000000000e+02 1.810682999999999936e+02 1.500000000000000000e+00 1.000000000000000000e+00 2.190000000000000002e-01 2.500000000000000000e-01 1.000000000000000048e-04
3.264999999999999858e+01 6.056400000000000006e+00 1.870694000000000017e+02 1.800000000000000000e+02 1.812831999999999937e+02 1.500000000000000000e+00 1.000000000000000000e+00 2.195999999999999897e-01 2.500000000000000000e-01 1.000000000000000048e-04
3.270000000000000284e+01 6.049500000000000099e+00 1.872855000000000132e+02 1.800000000000000000e+02 1.814986000000000104e+02 1.500000000000000000e+00 1.000000000000000000e+00 2.202999999999999958e-01 2.500000000000000000e-01 1.000000000000000048e-04
3.275000000000000000e+01 6.042699999999999960e+00 1.875021999999999878e+02 1.800000000000000000e+02 1.817146999999999935e+02 1.500000000000000000e+00 1.000000000000000000e+00 2.209000000000000130e-01 2.500000000000000000e-01 1.000000000000000048e-04
3.279999999999999716e+01 6.035899999999999821e+00 1.877196999999999889e+02 1.800000000000000000e+02 1.819314999999999998e+02 1.500000000000000000e+00 1.000000000000000000e+00 2.215000000000000024e-01 2.500000000000000000e-01 1.000000000000000048e-04
3.285000000000000142e+01 6.028999999999999915e+00 1.879378000000000100e+02 1.800000000000000000e+02 1.821490000000000009e+02 1.500000000000000000e+00 1.000000000000000000e+00 2.222000000000000086e-01 2.500000000000000000e-01 1.000000000000000048e-04
3.289999999999999858e+01 6.022199999999999775e+00 1.881565999999999974e+02 1.800000000000000000e+02 1.823670999999999935e+02 1.500000000000000000e+00 1.000000000000000000e+00 2.227999999999999980e-01 2.500000000000000000e-01 1.000000000000000048e-04
3.295000000000000284e+01 6.015299999999999869e+00 1.883761000000000081e+02 1.800000000000000000e+02 1.825859000000000094e+02 1.500000000000000000e+00 1.000000000000000000e+00 2.235000000000000042e-01 2.500000000000000000e-01 1.000000000000000048e-04
3.300000000000000000e+01 6.008499999999999730e+00 1.885963000000000136e+02 1.800000000000000000e+02 1.828052999999999884e+02 1.500000000000000000e+00 1.000000000000000000e+00 2.240999999999999936e-01 2.500000000000000000e-01 1.000000000000000048e-04
3.304999999999999716e+01 6.001599999999999824e+00 1.888172000000000139e+02 1.800000000000000000e+02 1.830254999999999939e+02 1.500000000000000000e+00 1.000000000000000000e+00 2.247999999999999998e-01 2.500000000000000000e-01 1.000000000000000048e-04
3.310000000000000142e+01 5.994799999999999685e+00 1.890387000000000057e+02 1.800000000000000000e+02 1.832462999999999909e+02 1.500000000000000000e+00 1.000000000000000000e+00 2.255000000000000060e-01 2.500000000000000000e-01 1.000000000000000048e-04
3.314999999999999858e+01 5.987899999999999778e+00 1.892609999999999957e+02 1.800000000000000000e+02 1.834678000000000111e+02 1.500000000000000000e+00 1.000000000000000000e+00 2.260999999999999954e-01 2.500000000000000000e-01 1.000000000000000048e-04
3.320000000000000284e+01 5.980999999999999872e+00 1.894839000000000055e+02 1.800000000000000000e+02 1.836899999999999977e+02 1.500000000000000000e+00 1.000000000000000000e+00 2.268000000000000016e-01 2.500000000000000000e-01 1.000000000000000048e-04
3.325000000000000000e+01 5.974099999999999966e+00 1.897076000000000136e+02 1.800000000000000000e+02 1.839129000000000076e+02 1.500000000000000000e+00 1.000000000000000000e+00 2.273999999999999910e-01 2.500000000000000000e-01 1.000000000000000048e-04
3.329999999999999716e+01 5.967299999999999827e+00 1.899319999999999879e+02 1.800000000000000000e+02 1.841365000000000123e+02 1.500000000000000000e+00 1.000000000000000000e+00 2.280999999999999972e-01 2.500000000000000000e-01 1.000000000000000048e-04
3.335000000000000142e+01 5.960399999999999920e+00 1.901571000000000140e+02 1.800000000000000000e+02 1.843608000000000118e+02 1.500000000000000000e+00 1.000000000000000000e+00 2.288000000000000034e-01 2.500000000000000000e-01 1.000000000000000048e-04
3.339999999999999858e+01 5.953500000000000014e+00 1.903829000000000065e+02 1.800000000000000000e+02 1.845858000000000061e+02 1.500000000000000000e+00 1.000000000000000000e+00 2.293999999999999928e-01 2.500000000000000000e-01 1.000000000000000048e-04
3.345000000000000284e+01 5.946600000000000108e+00 1.906094999999999970e+02 1.800000000000000000e+02 1.848114999999999952e+02 1.500000000000000000e+00 1.000000000000000000e+00 2.300999999999999990e-01 2.500000000000000000e-01 1.000000000000000048e-04
3.350000000000000000e+01 5.939700000000000202e+00 1.908368000000000109e+02 1.800000000000000000e+02 1.850380000000000109e+02 1.500000000000000000e+00 1.000000000000000000e+00 2.308000000000000052e-01 2.500000000000000000e-01 1.000000000000000048e-04
3.354999999999999716e+01 5.932800000000000296e+00 1.910647999999999911e+02 1.800000000000000000e+02 1.852650999999999897e+02 1.500000000000000000e+00 1.000000000000000000e+00 2.315000000000000113e-01 2.500000000000000000e-01 1.000000000000000048e-04
3.360000000000000142e+01 5.925799999999999734e+00 1.912934999999999945e+02 1.800000000000000000e+02 1.854929999999999950e+02 1.500000000000000000e+00 1.000000000000000000e+00 2.321000000000000008e-01 2.500000000000000000e-01 1.000000000000000048e-04
3.364999999999999858e+01 5.918899999999999828e+00 1.915229999999999961e+02 1.800000000000000000e+02 1.857215999999999951e+02 1.500000000000000000e+00 1.000000000000000000e+00 2.328000000000000069e-01 2.500000000000000000e-01 1.000000000000000048e-04
3.370000000000000284e+01 5.911999999999999922e+00 1.917532999999999959e+02 1.800000000000000000e+02 1.859509999999999934e+02 1.500000000000000000e+00 1.000000000000000000e+00 2.335000000000000131e-01 2.500000000000000000e-01 1.000000000000000048e-04
3.375000000000000000e+01 5.905100000000000016e+00 1.919842999999999904e+02 1.800000000000000000e+02 1.861810000000000116e+02 1.500000000000000000e+00 1.000000000000000000e+00 2.341999999999999915e-01 2.500000000000000000e-01 1.000000000000000048e-04
3.379999999999999716e+01 5.898100000000000342e+00 1.922160000000000082e+02 1.800000000000000000e+02 1.864119000000000028e+02 1.500000000000000000e+00 1.000000000000000000e+00 2.348999999999999977e-01 2.500000000000000000e-01 1.000000000000000048e-04
3.385000000000000142e+01 5.891200000000000436e+00 1.924484999999999957e+02 1.800000000000000000e+02 1.866434000000000140e+02 1.500000000000000000e+00 1.000000000000000000e+00 2.356000000000000039e-01 2.500000000000000000e-01 1.000000000000000048e-04
3.389999999999999858e+01 5.884199999999999875e+00 1.926818000000000097e+02 1.800000000000000000e+02 1.868757999999999981e+02 1.500000000000000000e+00 1.000000000000000000e+00 2.363000000000000100e-01 2.500000000000000000e-01 1.000000000000000048e-04
3.395000000000000284e+01 5.877299999999999969e+00 1.929158999999999935e+02 1.800000000000000000e+02 1.871089000000000055e+02 1.500000000000000000e+00 1.000000000000000000e+00 2.369999999999999885e-01 2.500000000000000000e-01 1.000000000000000048e-04
3.400000000000000000e+01 5.870300000000000296e+00 1.931507000000000005e+02 1.800000000000000000e+02 1.873427000000000078e+02 1.500000000000000000e+00 1.000000000000000000e+00 2.376999999999999946e-01 2.500000000000000000e-01 1.000000000000000048e-04
3.404999999999999716e+01 5.863400000000000389e+00 1.933863000000000056e+02 1.800000000000000000e+02 1.875773000000000081e+02 1.500000000000000000e+00 1.000000000000000000e+00 2.384000000000000008e-01 2.500000000000000000e-01 1.000000000000000048e-04
3.410000000000000142e+01 5.856399999999999828e+00 1.936227000000000089e+02 1.800000000000000000e+02 1.878127000000000066e+02 1.500000000000000000e+00 1.000000000000000000e+00 2.391000000000000070e-01 2.500000000000000000e-01 1.000000000000000048e-04
3.414999999999999858e+01 5.849400000000000155e+00 1.938599000000000103e+02 1.800000000000000000e+02 1.880489000000000033e+02 1.500000000000000000e+00 1.000000000000000000e+00 2.398000000000000131e-01 2.500000000000000000e-01 1.000000000000000048e-04
3.420000000000000284e+01 5.842399999999999594e+00 1.940979000000000099e+02 1.800000000000000000e+02 1.882857999999999947e+02 1.500000000000000000e+00 1.000000000000000000e+00 2.404999999999999916e-01 2.500000000000000000e-01 1.000000000000000048e-04
3.425000000000000000e+01 5.835399999999999920e+00 1.943367000000000075e+02 1.800000000000000000e+02 1.885235000000000127e+02 1.500000000000000000e+00 1.000000000000000000e+00 2.411999999999999977e-01 2.500000000000000000e-01 1.000000000000000048e-04
3.429999999999999716e+01 5.828400000000000247e+00 1.945763000000000034e+02 1.800000000000000000e+02 1.887620000000000005e+02 1.500000000000000000e+00 1.000000000000000000e+00 2.419000000000000039e-01 2.500000000000000000e-01 1.000000000000000048e-04
3.435000000000000142e+01 5.821399999999999686e+00 1.948166999999999973e+02 1.800000000000000000e+02 1.890012999999999863e+02 1.500000000000000000e+00 1.000000000000000000e+00 2.426000000000000101e-01 2.500000000000000000e-01 1.000000000000000048e-04
3.439999999999999858e+01 5.814400000000000013e+00 1.950579999999999927e+02 1.800000000000000000e+02 1.892415000000000020e+02 1.500000000000000000e+00 1.000000000000000000e+00 2.432999999999999885e-01 2.500000000000000000e-01 1.000000000000000048e-04
3.445000000000000284e+01 5.807400000000000340e+00 1.953000000000000114e+02 1.800000000000000000e+02 1.894824000000000126e+02 1.500000000000000000e+00 1.000000000000000000e+00 2.439999999999999947e-01 2.500000000000000000e-01 1.000000000000000048e-04
3.450000000000000000e+01 5.800399999999999778e+00 1.955429000000000030e+02 1.800000000000000000e+02 1.897240999999999929e+02 1.500000000000000000e+00 1.000000000000000000e+00 2.447999999999999898e-01 2.500000000000000000e-01 1.000000000000000048e-04
3.454999999999999716e+01 5.793400000000000105e+00 1.957866999999999962e+02 1.800000000000000000e+02 1.899667000000000030e+02 1.500000000000000000e+00 1.000000000000000000e+00 2.454999999999999960e-01 2.500000000000000000e-01 1.000000000000000048e-04
3.460000000000000142e+01 5.786400000000000432e+00 1.960312999999999874e+02 1.800000000000000000e+02 1.902100000000000080e+02 1.500000000000000000e+00 1.000000000000000000e+00 2.462000000000000022e-01 2.500000000000000000e-01 1.000000000000000048e-04
3.464999999999999858e+01 5.779300000000000104e+00 1.962767000000000053e+02 1.800000000000000000e+02 1.904541999999999859e+02 1.500000000000000000e+00 1.000000000000000000e+00 2.469000000000000083e-01 2.500000000000000000e-01 1.000000000000000048e-04
3.470000000000000284e+01 5.772300000000000431e+00 1.965229999999999961e+02 1.800000000000000000e+02 1.906992999999999938e+02 1.500000000000000000e+00 1.000000000000000000e+00 2.477000000000000035e-01 2.500000000000000000e-01 1.000000000000000048e-04
3.475000000000000000e+01 5.765200000000000102e+00 1.967701000000000136e+02 1.800000000000000000e+02 1.909450999999999965e+02 1.500000000000000000e+00 1.000000000000000000e+00 2.484000000000000097e-01 2.500000000000000000e-01 1.000000000000000048e-04
3.479999999999999716e+01 5.758200000000000429e+00 1.970181000000000040e+02 1.800000000000000000e+02 1.911919000000000040e+02 1.500000000000000000e+00 1.000000000000000000e+00 2.490999999999999881e-01 2.500000000000000000e-01 1.000000000000000048e-04
3.485000000000000142e+01 5.751100000000000101e+00 1.972669999999999959e+02 1.800000000000000000e+02 1.914394000000000062e+02 1.500000000000000000e+00 1.000000000000000000e+00 2.499000000000000110e-01 2.500000000000000000e-01 1.000000000000000048e-04
3.489999999999999858e+01 5.744100000000000428e+00 1.975166999999999859e+02 1.800000000000000000e+02 1.916878000000000100e+02 1.500000000000000000e+00 1.000000000000000000e+00 2.505999999999999894e-01 2.500000000000000000e-01 1.000000000000000048e-04
3.495000000000000284e+01 5.737000000000000099e+00 1.977674000000000092e+02 1.800000000000000000e+02 1.919370999999999867e+02 1.500000000000000000e+00 1.000000000000000000e+00 2.514000000000000123e-01 2.500000000000000000e-01 1.000000000000000048e-04
3.500000000000000000e+01 5.729899999999999771e+00 1.980189000000000021e+02 1.800000000000000000e+02 1.921872999999999934e+02 1.500000000000000000e+00 1.000000000000000000e+00 2.520999999999999908e-01 2.500000000000000000e-01 1.000000000000000048e-04
3.504999999999999716e+01 5.722800000000000331e+00 1.982712999999999965e+02 1.800000000000000000e+02 1.924382999999999981e+02 1.500000000000000000e+00 1.000000000000000000e+00 2.529000000000000137e-01 2.500000000000000000e-01 1.000000000000000048e-04
3.510000000000000142e+01 5.715799999999999770e+00 1.985245999999999924e+02 1.800000000000000000e+02 1.926902000000000044e+02 1.500000000000000000e+00 1.000000000000000000e+00 2.535999999999999921e-01 2.500000000000000000e-01 1.000000000000000048e-04
3.514999999999999858e+01 5.708700000000000330e+00 1.987788999999999930e+02 1.800000000000000000e+02 1.929430000000000121e+02 1.500000000000000000e+00 1.000000000000000000e+00 2.544000000000000150e-01 2.500000000000000000e-01 1.000000000000000048e-04
3.520000000000000284e+01 5.701600000000000001e+00 1.990339999999999918e+02 1.800000000000000000e+02 1.931966999999999928e+02 1.500000000000000000e+00 1.000000000000000000e+00 2.550999999999999934e-01 2.500000000000000000e-01 1.000000000000000048e-04
3.525000000000000000e+01 5.694399999999999906e+00 1.992900999999999954e+02 1.800000000000000000e+02 1.934513000000000034e+02 1.500000000000000000e+00 1.000000000000000000e+00 2.559000000000000163e-01 2.500000000000000000e-01 1.000000000000000048e-04
3.529999999999999716e+01 5.687299999999999578e+00 1.995471000000000004e+02 1.800000000000000000e+02 1.937067000000000121e+02 1.500000000000000000e+00 1.000000000000000000e+00 2.565999999999999948e-01 2.500000000000000000e-01 1.000000000000000048e-04
3.535000000000000142e+01 5.680200000000000138e+00 1.998051000000000101e+02 1.800000000000000000e+02 1.939630999999999972e+02 1.500000000000000000e+00 1.000000000000000000e+00 2.574000000000000177e-01 2.500000000000000000e-01 1.000000000000000048e-04
3.539999999999999858e+01 5.673099999999999810e+00 2.000639999999999930e+02 1.800000000000000000e+02 1.942204000000000121e+02 1.500000000000000000e+00 1.000000000000000000e+00 2.581999999999999851e-01 2.500000000000000000e-01 1.000000000000000048e-04
3.545000000000000284e+01 5.665899999999999714e+00 2.003238000000000056e+02 1.800000000000000000e+02 1.944787000000000035e+02 1.500000000000000000e+00 1.000000000000000000e+00 2.590000000000000080e-01 2.500000000000000000e-01 1.000000000000000048e-04
3.550000000000000000e+01 5.658800000000000274e+00 2.005845999999999947e+02 1.800000000000000000e+02 1.947378999999999962e+02 1.500000000000000000e+00 1.000000000000000000e+00 2.596999999999999864e-01 2.500000000000000000e-01 1.000000000000000048e-04
3.554999999999999716e+01 5.651699999999999946e+00 2.008463999999999885e+02 1.800000000000000000e+02 1.949979999999999905e+02 1.500000000000000000e+00 1.000000000000000000e+00 2.605000000000000093e-01 2.500000000000000000e-01 1.000000000000000048e-04
3.560000000000000142e+01 5.644499999999999851e+00 2.011091000000000122e+02 1.800000000000000000e+02 1.952589999999999861e+02 1.500000000000000000e+00 1.000000000000000000e+00 2.612999999999999767e-01 2.500000000000000000e-01 1.000000000000000048e-04
3.564999999999999858e+01 5.637299999999999756e+00 2.013728999999999871e+02 1.800000000000000000e+02 1.955209999999999866e+02 1.500000000000000000e+00 1.000000000000000000e+00 2.620999999999999996e-01 2.500000000000000000e-01 1.000000000000000048e-04
3.570000000000000284e+01 5.630200000000000315e+00 2.016375999999999920e+02 1.800000000000000000e+02 1.957839999999999918e+02 1.500000000000000000e+00 1.000000000000000000e+00 2.627999999999999781e-01 2.500000000000000000e-01 1.000000000000000048e-04
3.575000000000000000e+01 5.623000000000000220e+00 2.019033000000000015e+02 1.800000000000000000e+02 1.960478999999999985e+02 1.500000000000000000e+00 1.000000000000000000e+00 2.636000000000000010e-01 2.500000000000000000e-01 1.000000000000000048e-04
3.579999999999999716e+01 5.615800000000000125e+00 2.021699999999999875e+02 1.800000000000000000e+02 1.963128000000000100e+02 1.500000000000000000e+00 1.000000000000000000e+00 2.644000000000000239e-01 2.500000000000000000e-01 1.000000000000000048e-04
3.585000000000000142e+01 5.608600000000000030e+00 2.024377000000000066e+02 1.800000000000000000e+02 1.965786999999999978e+02 1.500000000000000000e+00 1.000000000000000000e+00 2.651999999999999913e-01 2.500000000000000000e-01 1.000000000000000048e-04
3.589999999999999858e+01 5.601399999999999935e+00 2.027065000000000055e+02 1.800000000000000000e+02 1.968454999999999870e+02 1.500000000000000000e+00 1.000000000000000000e+00 2.660000000000000142e-01 2.500000000000000000e-01 1.000000000000000048e-04
3.595000000000000284e+01 5.594199999999999839e+00 2.029762000000000057e+02 1.800000000000000000e+02 1.971134000000000128e+02 1.500000000000000000e+00 1.000000000000000000e+00 2.667999999999999816e-01 2.500000000000000000e-01 1.000000000000000048e-04
3.600000000000000000e+01 5.586999999999999744e+00 2.032470000000000141e+02 1.800000000000000000e+02 1.973822999999999865e+02 1.500000000000000000e+00 1.000000000000000000e+00 2.676000000000000045e-01 2.500000000000000000e-01 1.000000000000000048e-04
3.604999999999999716e+01 5.579799999999999649e+00 2.035189000000000021e+02 1.800000000000000000e+02 1.976520999999999901e+02 1.500000000000000000e+00 1.000000000000000000e+00 2.684000000000000274e-01 2.500000000000000000e-01 1.000000000000000048e-04
3.610000000000000142e+01 5.572600000000000442e+00 2.037917999999999950e+02 1.800000000000000000e+02 1.979230000000000018e+02 1.500000000000000000e+00 1.000000000000000000e+00 2.691999999999999948e-01 2.500000000000000000e-01 1.000000000000000048e-04
3.614999999999999858e+01 5.565299999999999692e+00 2.040657999999999959e+02 1.800000000000000000e+02 1.981948999999999899e+02 1.500000000000000000e+00 1.000000000000000000e+00 2.701000000000000068e-01 2.500000000000000000e-01 1.000000000000000048e-04
3.620000000000000284e+01 5.558099999999999596e+00 2.043408000000000015e+02 1.800000000000000000e+02 1.984678999999999860e+02 1.500000000000000000e+00 1.000000000000000000e+00 2.708999999999999742e-01 2.500000000000000000e-01 1.000000000000000048e-04
3.625000000000000000e+01 5.550799999999999734e+00 2.046169999999999902e+02 1.800000000000000000e+02 1.987418999999999869e+02 1.500000000000000000e+00 1.000000000000000000e+00 2.716999999999999971e-01 2.500000000000000000e-01 1.000000000000000048e-04
3.629999999999999716e+01 5.543599999999999639e+00 2.048942000000000121e+02 1.800000000000000000e+02 1.990168999999999926e+02 1.500000000000000000e+00 1.000000000000000000e+00 2.725000000000000200e-01 2.500000000000000000e-01 1.000000000000000048e-04
3.635000000000000142e+01 5.536299999999999777e+00 2.051725000000000136e+02 1.800000000000000000e+02 1.992930000000000064e+02 1.500000000000000000e+00 1.000000000000000000e+00 2.732999999999999874e-01 2.500000000000000000e-01 1.000000000000000048e-04
3.639999999999999858e+01 5.529099999999999682e+00 2.054518999999999949e+02 1.800000000000000000e+02 1.995701999999999998e+02 1.500000000000000000e+00 1.000000000000000000e+00 2.741999999999999993e-01 2.500000000000000000e-01 1.000000000000000048e-04
3.645000000000000284e+01 5.521799999999999820e+00 2.057324999999999875e+02 1.800000000000000000e+02 1.998483999999999980e+02 1.500000000000000000e+00 1.000000000000000000e+00 2.750000000000000222e-01 2.500000000000000000e-01 1.000000000000000048e-04
3.650000000000000000e+01 5.514499999999999957e+00 2.060141999999999882e+02 1.800000000000000000e+02 2.001278000000000077e+02 1.500000000000000000e+00 1.000000000000000000e+00 2.757999999999999896e-01 2.500000000000000000e-01 1.000000000000000048e-04
3.654999999999999716e+01 5.507200000000000095e+00 2.062969999999999970e+02 1.800000000000000000e+02 2.004081999999999937e+02 1.500000000000000000e+00 1.000000000000000000e+00 2.767000000000000015e-01 2.500000000000000000e-01 1.000000000000000048e-04
3.660000000000000142e+01 5.499900000000000233e+00 2.065809999999999889e+02 1.800000000000000000e+02 2.006896999999999878e+02 1.500000000000000000e+00 1.000000000000000000e+00 2.775000000000000244e-01 2.500000000000000000e-01 1.000000000000000048e-04
3.664999999999999858e+01 5.492600000000000371e+00 2.068660999999999888e+02 1.800000000000000000e+02 2.009723999999999933e+02 1.500000000000000000e+00 1.000000000000000000e+00 2.783999999999999808e-01 2.500000000000000000e-01 1.000000000000000048e-04
3.670000000000000284e+01 5.485299999999999621e+00 2.071524000000000001e+02 1.800000000000000000e+02 2.012561000000000035e+02 1.500000000000000000e+00 1.000000000000000000e+00 2.792000000000000037e-01 2.500000000000000000e-01 1.000000000000000048e-04
3.675000000000000000e+01 5.477999999999999758e+00 2.074397999999999911e+02 1.800000000000000000e+02 2.015409999999999968e+02 1.500000000000000000e+00 1.000000000000000000e+00 2.801000000000000156e-01 2.500000000000000000e-01 1.000000000000000048e-04
3.679999999999999716e+01 5.470600000000000129e+00 2.077284999999999968e+02 1.800000000000000000e+02 2.018269999999999982e+02 1.500000000000000000e+00 1.000000000000000000e+00 2.808999999999999830e-01 2.500000000000000000e-01 1.000000000000000048e-04
3.685000000000000142e+01 5.463300000000000267e+00 2.080184000000000140e+02 1.800000000000000000e+02 2.021142000000000110e+02 1.500000000000000000e+00 1.000000000000000000e+00 2.817999999999999949e-01 2.500000000000000000e-01 1.000000000000000048e-04
3.689999999999999858e+01 5.455899999999999750e+00 2.083095000000000141e+02 1.800000000000000000e+02 2.024026000000000067e+02 1.500000000000000000e+00 1.000000000000000000e+00 2.827000000000000068e-01 2.500000000000000000e-01 1.000000000000000048e-04
3.695000000000000284e+01 5.448599999999999888e+00 2.086017999999999972e+02 1.800000000000000000e+02 2.026921000000000106e+02 1.500000000000000000e+00 1.000000000000000000e+00 2.834999999999999742e-01 2.500000000000000000e-01 1.000000000000000048e-04
3.700000000000000000e+01 5.441200000000000259e+00 2.088952999999999918e+02 1.800000000000000000e+02 2.029827999999999975e+02 1.500000000000000000e+00 1.000000000000000000e+00 2.843999999999999861e-01 2.500000000000000000e-01 1.000000000000000048e-04
3.704999999999999716e+01 5.433799999999999741e+00 2.091901000000000010e+02 1.800000000000000000e+02 2.032746999999999957e+02 1.500000000000000000e+00 1.000000000000000000e+00 2.852999999999999980e-01 2.500000000000000000e-01 1.000000000000000048e-04
3.710000000000000142e+01 5.426499999999999879e+00 2.094861999999999966e+02 1.800000000000000000e+02 2.035678000000000054e+02 1.500000000000000000e+00 1.000000000000000000e+00 2.861000000000000210e-01 2.500000000000000000e-01 1.000000000000000048e-04
3.714999999999999858e+01 5.419100000000000250e+00 2.097835000000000036e+02 1.800000000000000000e+02 2.038620999999999981e+02 1.500000000000000000e+00 1.000000000000000000e+00 2.869999999999999774e-01 2.500000000000000000e-01 1.000000000000000048e-04
3.720000000000000284e+01 5.411699999999999733e+00 2.100822000000000003e+02 1.800000000000000000e+02 2.041576000000000022e+02 1.500000000000000000e+00 1.000000000000000000e+00 2.878999999999999893e-01 2.500000000000000000e-01 1.000000000000000048e-04
3.725000000000000000e+01 5.405899999999999928e+00 2.099783999999999935e+02 1.800000000000000000e+02 2.021811999999999898e+02 1.500000000000000000e+00 1.000000000000000000e+00 2.876000000000000223e-01 2.500000000000000000e-01 1.000000000000000048e-04
3.729999999999999716e+01 5.398799999999999599e+00 2.101982999999999890e+02 1.800000000000000000e+02 2.024036999999999864e+02 1.500000000000000000e+00 1.000000000000000000e+00 2.883000000000000007e-01 2.500000000000000000e-01 1.000000000000000048e-04
3.735000000000000142e+01 5.391499999999999737e+00 2.104783999999999935e+02 1.800000000000000000e+02 2.026838999999999942e+02 1.500000000000000000e+00 1.000000000000000000e+00 2.891000000000000236e-01 2.500000000000000000e-01 1.000000000000000048e-04
3.739999999999999858e+01 5.384100000000000108e+00 2.107725000000000080e+02 1.800000000000000000e+02 2.029764999999999873e+02 1.500000000000000000e+00 1.000000000000000000e+00 2.899999999999999800e-01 2.500000000000000000e-01 1.000000000000000048e-04
3.745000000000000284e+01 5.376699999999999591e+00 2.110718999999999994e+02 1.800000000000000000e+02 2.032732000000000028e+02 1.500000000000000000e+00 1.000000000000000000e+00 2.908999999999999919e-01 2.500000000000000000e-01 1.000000000000000048e-04
3.750000000000000000e+01 5.369299999999999962e+00 2.113743000000000052e+02 1.800000000000000000e+02 2.035723000000000127e+02 1.500000000000000000e+00 1.000000000000000000e+00 2.917000000000000148e-01 2.500000000000000000e-01 1.000000000000000048e-04
3.754999999999999716e+01 5.361799999999999677e+00 2.116791000000000054e+02 1.800000000000000000e+02 2.038731999999999971e+02 1.500000000000000000e+00 1.000000000000000000e+00 2.927000000000000157e-01 2.500000000000000000e-01 1.000000000000000048e-04
3.760000000000000142e+01 5.354400000000000048e+00 2.119858000000000118e+02 1.800000000000000000e+02 2.041757000000000062e+02 1.500000000000000000e+00 1.000000000000000000e+00 2.936000000000000276e-01 2.500000000000000000e-01 1.000000000000000048e-04
3.764999999999999858e+01 5.346899999999999764e+00 2.122943999999999960e+02 1.800000000000000000e+02 2.044798000000000116e+02 1.500000000000000000e+00 1.000000000000000000e+00 2.944999999999999840e-01 2.500000000000000000e-01 1.000000000000000048e-04
3.770000000000000284e+01 5.339400000000000368e+00 2.126045000000000016e+02 1.800000000000000000e+02 2.047852000000000032e+02 1.500000000000000000e+00 1.000000000000000000e+00 2.953999999999999959e-01 2.500000000000000000e-01 1.000000000000000048e-04
3.775000000000000000e+01 5.331900000000000084e+00 2.129162000000000035e+02 1.800000000000000000e+02 2.050920999999999879e+02 1.500000000000000000e+00 1.000000000000000000e+00 2.963000000000000078e-01 2.500000000000000000e-01 1.000000000000000048e-04
3.779999999999999716e+01 5.324399999999999800e+00 2.132295000000000016e+02 1.800000000000000000e+02 2.054003999999999905e+02 1.500000000000000000e+00 1.000000000000000000e+00 2.973000000000000087e-01 2.500000000000000000e-01 1.000000000000000048e-04
3.785000000000000142e+01 5.316900000000000404e+00 2.135442999999999927e+02 1.800000000000000000e+02 2.057100000000000080e+02 1.500000000000000000e+00 1.000000000000000000e+00 2.982000000000000206e-01 2.500000000000000000e-01 1.000000000000000048e-04
3.789999999999999858e+01 5.309400000000000119e+00 2.138605000000000018e+02 1.800000000000000000e+02 2.060209999999999866e+02 1.500000000000000000e+00 1.000000000000000000e+00 2.990999999999999770e-01 2.500000000000000000e-01 1.000000000000000048e-04
3.795000000000000284e+01 5.301899999999999835e+00 2.141783000000000072e+02 1.800000000000000000e+02 2.063333000000000084e+02 1.500000000000000000e+00 1.000000000000000000e+00 3.000999999999999779e-01 2.500000000000000000e-01 1.000000000000000048e-04
3.800000000000000000e+01 5.294299999999999784e+00 2.144976000000000056e+02 1.800000000000000000e+02 2.066470999999999947e+02 1.500000000000000000e+00 1.000000000000000000e+00 3.009999999999999898e-01 2.500000000000000000e-01 1.000000000000000048e-04
3.804999999999999716e+01 5.286800000000000388e+00 2.148183999999999969e+02 1.800000000000000000e+02 2.069621999999999957e+02 1.500000000000000000e+00 1.000000000000000000e+00 3.019999999999999907e-01 2.500000000000000000e-01 1.000000000000000048e-04
3.810000000000000142e+01 5.279200000000000337e+00 2.151407000000000096e+02 1.800000000000000000e+02 2.072787999999999897e+02 1.500000000000000000e+00 1.000000000000000000e+00 3.029000000000000026e-01 2.500000000000000000e-01 1.000000000000000048e-04
3.814999999999999858e+01 5.271700000000000053e+00 2.154645999999999901e+02 1.800000000000000000e+02 2.075968000000000018e+02 1.500000000000000000e+00 1.000000000000000000e+00 3.039000000000000035e-01 2.500000000000000000e-01 1.000000000000000048e-04
3.820000000000000284e+01 5.264100000000000001e+00 2.157899999999999920e+02 1.800000000000000000e+02 2.079162000000000035e+02 1.500000000000000000e+00 1.000000000000000000e+00 3.049000000000000044e-01 2.500000000000000000e-01 1.000000000000000048e-04
3.825000000000000000e+01 5.256499999999999950e+00 2.161170999999999935e+02 1.800000000000000000e+02 2.082369999999999948e+02 1.500000000000000000e+00 1.000000000000000000e+00 3.058000000000000163e-01 2.500000000000000000e-01 1.000000000000000048e-04
3.829999999999999716e+01 5.248899999999999899e+00 2.164456999999999880e+02 1.800000000000000000e+02 2.085593000000000075e+02 1.500000000000000000e+00 1.000000000000000000e+00 3.068000000000000171e-01 2.500000000000000000e-01 1.000000000000000048e-04
3.835000000000000142e+01 5.241299999999999848e+00 2.167759000000000071e+02 1.800000000000000000e+02 2.088831000000000131e+02 1.500000000000000000e+00 1.000000000000000000e+00 3.078000000000000180e-01 2.500000000000000000e-01 1.000000000000000048e-04
3.839999999999999858e+01 5.233699999999999797e+00 2.171077999999999975e+02 1.800000000000000000e+02 2.092084000000000117e+02 1.500000000000000000e+00 1.000000000000000000e+00 3.088000000000000189e-01 2.500000000000000000e-01 1.000000000000000048e-04
3.845000000000000284e+01 5.225999999999999979e+00 2.174413999999999874e+02 1.800000000000000000e+02 2.095352000000000032e+02 1.500000000000000000e+00 1.000000000000000000e+00 3.098000000000000198e-01 2.500000000000000000e-01 1.000000000000000048e-04
3.850000000000000000e+01 5.218399999999999928e+00 2.177767000000000053e+02 1.800000000000000000e+02 2.098634999999999877e+02 1.500000000000000000e+00 1.000000000000000000e+00 3.108000000000000207e-01 2.500000000000000000e-01 1.000000000000000048e-04
3.854999999999999716e+01 5.210700000000000109e+00 2.181135999999999910e+02 1.800000000000000000e+02 2.101933999999999969e+02 1.500000000000000000e+00 1.000000000000000000e+00 3.118000000000000216e-01 2.500000000000000000e-01 1.000000000000000048e-04
3.860000000000000142e+01 5.203100000000000058e+00 2.184523000000000081e+02 1.800000000000000000e+02 2.105247999999999990e+02 1.500000000000000000e+00 1.000000000000000000e+00 3.128000000000000225e-01 2.500000000000000000e-01 1.000000000000000048e-04
3.864999999999999858e+01 5.195400000000000240e+00 2.187926999999999964e+02 1.800000000000000000e+02 2.108577999999999975e+02 1.500000000000000000e+00 1.000000000000000000e+00 3.138000000000000234e-01 2.500000000000000000e-01 1.000000000000000048e-04
3.870000000000000284e+01 5.187700000000000422e+00 2.191348999999999876e+02 1.800000000000000000e+02 2.111923999999999921e+02 1.500000000000000000e+00 1.000000000000000000e+00 3.148000000000000242e-01 2.500000000000000000e-01 1.000000000000000048e-04
3.875000000000000000e+01 5.179999999999999716e+00 2.194790000000000134e+02 1.800000000000000000e+02 2.115286000000000115e+02 1.500000000000000000e+00 1.000000000000000000e+00 3.158000000000000251e-01 2.500000000000000000e-01 1.000000000000000048e-04
3.879999999999999716e+01 5.172299999999999898e+00 2.198248000000000104e+02 1.800000000000000000e+02 2.118663999999999987e+02 1.500000000000000000e+00 1.000000000000000000e+00 3.168000000000000260e-01 2.500000000000000000e-01 1.000000000000000048e-04
3.885000000000000142e+01 5.164600000000000080e+00 2.201725000000000136e+02 1.800000000000000000e+02 2.122059000000000140e+02 1.500000000000000000e+00 1.000000000000000000e+00 3.179000000000000159e-01 2.500000000000000000e-01 1.000000000000000048e-04
3.889999999999999858e+01 5.156900000000000261e+00 2.205220999999999947e+02 1.800000000000000000e+02 2.125471000000000004e+02 1.500000000000000000e+00 1.000000000000000000e+00 3.189000000000000168e-01 2.500000000000000000e-01 1.000000000000000048e-04
3.895000000000000284e+01 5.149099999999999788e+00 2.208736000000000104e+02 1.800000000000000000e+02 2.128899999999999864e+02 1.500000000000000000e+00 1.000000000000000000e+00 3.199000000000000177e-01 2.500000000000000000e-01 1.000000000000000048e-04
3.900000000000000000e+01 5.141300000000000203e+00 2.212271000000000072e+02 1.800000000000000000e+02 2.132346000000000004e+02 1.500000000000000000e+00 1.000000000000000000e+00 3.210000000000000075e-01 2.500000000000000000e-01 1.000000000000000048e-04
3.904999999999999716e+01 5.133600000000000385e+00 2.215825000000000102e+02 1.800000000000000000e+02 2.135809000000000140e+02 1.500000000000000000e+00 1.000000000000000000e+00 3.220000000000000084e-01 2.500000000000000000e-01 1.000000000000000048e-04
3.910000000000000142e+01 5.125799999999999912e+00 2.219399999999999977e+02 1.800000000000000000e+02 2.139291000000000054e+02 1.500000000000000000e+00 1.000000000000000000e+00 3.230999999999999983e-01 2.500000000000000000e-01 1.000000000000000048e-04
3.914999999999999858e+01 5.118000000000000327e+00 2.222994999999999948e+02 1.800000000000000000e+02 2.142788999999999930e+02 1.500000000000000000e+00 1.000000000000000000e+00 3.241999999999999882e-01 2.500000000000000000e-01 1.000000000000000048e-04
3.920000000000000284e+01 5.110199999999999854e+00 2.226610000000000014e+02 1.800000000000000000e+02 2.146306999999999903e+02 1.500000000000000000e+00 1.000000000000000000e+00 3.251999999999999891e-01 2.500000000000000000e-01 1.000000000000000048e-04
3.925000000000000000e+01 5.102400000000000269e+00 2.230246999999999957e+02 1.800000000000000000e+02 2.149841999999999871e+02 1.500000000000000000e+00 1.000000000000000000e+00 3.262999999999999790e-01 2.500000000000000000e-01 1.000000000000000048e-04
3.929999999999999716e+01 5.094500000000000028e+00 2.233905000000000030e+02 1.800000000000000000e+02 2.153395999999999901e+02 1.500000000000000000e+00 1.000000000000000000e+00 3.274000000000000243e-01 2.500000000000000000e-01 1.000000000000000048e-04
3.935000000000000142e+01 5.086700000000000443e+00 2.237584999999999980e+02 1.800000000000000000e+02 2.156970000000000027e+02 1.500000000000000000e+00 1.000000000000000000e+00 3.285000000000000142e-01 2.500000000000000000e-01 1.000000000000000048e-04
3.939999999999999858e+01 5.078800000000000203e+00 2.241287000000000091e+02 1.800000000000000000e+02 2.160561999999999898e+02 1.500000000000000000e+00 1.000000000000000000e+00 3.296000000000000041e-01 2.500000000000000000e-01 1.000000000000000048e-04
3.945000000000000284e+01 5.070899999999999963e+00 2.245012000000000114e+02 1.800000000000000000e+02 2.164173999999999864e+02 1.500000000000000000e+00 1.000000000000000000e+00 3.306999999999999940e-01 2.500000000000000000e-01 1.000000000000000048e-04
3.950000000000000000e+01 5.062999999999999723e+00 2.248760000000000048e+02 1.800000000000000000e+02 2.167804999999999893e+02 1.500000000000000000e+00 1.000000000000000000e+00 3.317999999999999838e-01 2.500000000000000000e-01 1.000000000000000048e-04
3.954999999999999716e+01 5.055100000000000371e+00 2.252531999999999925e+02 1.800000000000000000e+02 2.171457000000000050e+02 1.500000000000000000e+00 1.000000000000000000e+00 3.328999999999999737e-01 2.500000000000000000e-01 1.000000000000000048e-04
3.960000000000000142e+01 5.047200000000000131e+00 2.256328000000000031e+02 1.800000000000000000e+02 2.175130000000000052e+02 1.500000000000000000e+00 1.000000000000000000e+00 3.341000000000000081e-01 2.500000000000000000e-01 1.000000000000000048e-04
3.964999999999999858e+01 5.039299999999999891e+00 2.260148000000000081e+02 1.800000000000000000e+02 2.178822999999999865e+02 1.500000000000000000e+00 1.000000000000000000e+00 3.351999999999999980e-01 2.500000000000000000e-01 1.000000000000000048e-04
3.970000000000000284e+01 5.031299999999999883e+00 2.263993000000000109e+02 1.800000000000000000e+02 2.182537000000000091e+02 1.500000000000000000e+00 1.000000000000000000e+00 3.362999999999999878e-01 2.500000000000000000e-01 1.000000000000000048e-04
3.975000000000000000e+01 5.023399999999999643e+00 2.267863999999999862e+02 1.800000000000000000e+02 2.186272999999999911e+02 1.500000000000000000e+00 1.000000000000000000e+00 3.375000000000000222e-01 2.500000000000000000e-01 1.000000000000000048e-04
3.979999999999999716e+01 5.015399999999999636e+00 2.271752999999999929e+02 1.800000000000000000e+02 2.189992000000000019e+02 1.500000000000000000e+00 1.000000000000000000e+00 3.386000000000000121e-01 2.500000000000000000e-01 1.000000000000000048e-04
3.985000000000000142e+01 5.007399999999999629e+00 2.275658999999999992e+02 1.800000000000000000e+02 2.193701000000000079e+02 1.500000000000000000e+00 1.000000000000000000e+00 3.397999999999999909e-01 2.500000000000000000e-01 1.000000000000000048e-04
3.989999999999999858e+01 4.999399999999999622e+00 2.279588999999999999e+02 1.800000000000000000e+02 2.197429999999999950e+02 1.500000000000000000e+00 1.000000000000000000e+00 3.410000000000000253e-01 2.500000000000000000e-01 1.000000000000000048e-04
3.995000000000000284e+01 4.991399999999999615e+00 2.283543999999999983e+02 1.800000000000000000e+02 2.201178999999999917e+02 1.500000000000000000e+00 1.000000000000000000e+00 3.421000000000000152e-01 2.500000000000000000e-01 1.000000000000000048e-04
4.000000000000000000e+01 4.983299999999999841e+00 2.287526000000000010e+02 1.800000000000000000e+02 2.204951000000000079e+02 1.500000000000000000e+00 1.000000000000000000e+00 3.432999999999999940e-01 2.500000000000000000e-01 1.000000000000000048e-04
4.004999999999999716e+01 4.975299999999999834e+00 2.291536000000000115e+02 1.800000000000000000e+02 2.208745000000000118e+02 1.500000000000000000e+00 1.000000000000000000e+00 3.444999999999999729e-01 2.500000000000000000e-01 1.000000000000000048e-04
4.010000000000000142e+01 4.967200000000000060e+00 2.295574000000000012e+02 1.800000000000000000e+02 2.212562000000000069e+02 1.500000000000000000e+00 1.000000000000000000e+00 3.457000000000000073e-01 2.500000000000000000e-01 1.000000000000000048e-04
4.014999999999999858e+01 4.959100000000000286e+00 2.299642000000000053e+02 1.800000000000000000e+02 2.216402999999999963e+02 1.500000000000000000e+00 1.000000000000000000e+00 3.468999999999999861e-01 2.500000000000000000e-01 1.000000000000000048e-04
4.020000000000000284e+01 4.950999999999999623e+00 2.303739999999999952e+02 1.800000000000000000e+02 2.220268000000000086e+02 1.500000000000000000e+00 1.000000000000000000e+00 3.481000000000000205e-01 2.500000000000000000e-01 1.000000000000000048e-04
4.025000000000000000e+01 4.942899999999999849e+00 2.307870000000000061e+02 1.800000000000000000e+02 2.224157999999999902e+02 1.500000000000000000e+00 1.000000000000000000e+00 3.493999999999999884e-01 2.500000000000000000e-01 1.000000000000000048e-04
4.029999999999999716e+01 4.934700000000000308e+00 2.312032000000000096e+02 1.800000000000000000e+02 2.228072999999999979e+02 1.500000000000000000e+00 1.000000000000000000e+00 3.506000000000000227e-01 2.500000000000000000e-01 1.000000000000000048e-04
4.035000000000000142e+01 4.926599999999999646e+00 2.316227000000000089e+02 1.800000000000000000e+02 2.232015000000000100e+02 1.500000000000000000e+00 1.000000000000000000e+00 3.518000000000000016e-01 2.500000000000000000e-01 1.000000000000000048e-04
4.039999999999999858e+01 4.918400000000000105e+00 2.320456000000000074e+02 1.800000000000000000e+02 2.235981999999999914e+02 1.500000000000000000e+00 1.000000000000000000e+00 3.531000000000000250e-01 2.500000000000000000e-01 1.000000000000000048e-04
4.045000000000000284e+01 4.910199999999999676e+00 2.324720000000000084e+02 1.800000000000000000e+02 2.239977000000000089e+02 1.500000000000000000e+00 1.000000000000000000e+00 3.543999999999999928e-01 2.500000000000000000e-01 1.000000000000000048e-04
4.050000000000000000e+01 4.901900000000000368e+00 2.329020999999999901e+02 1.800000000000000000e+02 2.244000000000000057e+02 1.500000000000000000e+00 1.000000000000000000e+00 3.556000000000000272e-01 2.500000000000000000e-01 1.000000000000000048e-04
4.054999999999999716e+01 4.893699999999999939e+00 2.333358000000000061e+02 1.800000000000000000e+02 2.248052000000000135e+02 1.500000000000000000e+00 1.000000000000000000e+00 3.568999999999999950e-01 2.500000000000000000e-01 1.000000000000000048e-04
4.060000000000000142e+01 4.885399999999999743e+00 2.337734000000000094e+02 1.800000000000000000e+02 2.252133000000000038e+02 1.500000000000000000e+00 1.000000000000000000e+00 3.582000000000000184e-01 2.500000000000000000e-01 1.000000000000000048e-04
4.064999999999999858e+01 4.877100000000000435e+00 2.342150000000000034e+02 1.800000000000000000e+02 2.256243000000000052e+02 1.500000000000000000e+00 1.000000000000000000e+00 3.594999999999999862e-01 2.500000000000000000e-01 1.000000000000000048e-04
4.070000000000000284e+01 4.868800000000000239e+00 2.346607999999999947e+02 1.800000000000000000e+02 2.260384999999999991e+02 1.500000000000000000e+00 1.000000000000000000e+00 3.608999999999999986e-01 2.500000000000000000e-01 1.000000000000000048e-04
4.075000000000000000e+01 4.860500000000000043e+00 2.351107000000000085e+02 1.800000000000000000e+02 2.264558000000000106e+02 1.500000000000000000e+00 1.000000000000000000e+00 3.622000000000000219e-01 2.500000000000000000e-01 1.000000000000000048e-04
4.079999999999999716e+01 4.852100000000000080e+00 2.355651000000000010e+02 1.800000000000000000e+02 2.268763999999999896e+02 1.500000000000000000e+00 1.000000000000000000e+00 3.634999999999999898e-01 2.500000000000000000e-01 1.000000000000000048e-04
4.085000000000000142e+01 4.843700000000000117e+00 2.360241000000000042e+02 1.800000000000000000e+02 2.273003999999999962e+02 1.500000000000000000e+00 1.000000000000000000e+00 3.649000000000000021e-01 2.500000000000000000e-01 1.000000000000000048e-04
4.089999999999999858e+01 4.835300000000000153e+00 2.364877999999999929e+02 1.800000000000000000e+02 2.277278000000000020e+02 1.500000000000000000e+00 1.000000000000000000e+00 3.663000000000000145e-01 2.500000000000000000e-01 1.000000000000000048e-04
4.095000000000000284e+01 4.826800000000000423e+00 2.369565000000000055e+02 1.800000000000000000e+02 2.281588000000000136e+02 1.500000000000000000e+00 1.000000000000000000e+00 3.677000000000000268e-01 2.500000000000000000e-01 1.000000000000000048e-04
4.100000000000000000e+01 4.818399999999999572e+00 2.374302999999999884e+02 1.800000000000000000e+02 2.285935000000000059e+02 1.500000000000000000e+00 1.000000000000000000e+00 3.690999999999999837e-01 2.500000000000000000e-01 1.000000000000000048e-04
4.104999999999999716e+01 4.809899999999999842e+00 2.379095000000000084e+02 1.800000000000000000e+02 2.290320000000000107e+02 1.500000000000000000e+00 1.000000000000000000e+00 3.704999999999999960e-01 2.500000000000000000e-01 1.000000000000000048e-04
4.110000000000000142e+01 4.801300000000000345e+00 2.383942000000000121e+02 1.800000000000000000e+02 2.294745000000000061e+02 1.500000000000000000e+00 1.000000000000000000e+00 3.719000000000000083e-01 2.500000000000000000e-01 1.000000000000000048e-04
4.114999999999999858e+01 4.792799999999999727e+00 2.388848000000000127e+02 1.800000000000000000e+02 2.299209999999999923e+02 1.500000000000000000e+00 1.000000000000000000e+00 3.734000000000000097e-01 2.500000000000000000e-01 1.000000000000000048e-04
4.120000000000000284e+01 4.784200000000000230e+00 2.393815999999999917e+02 1.800000000000000000e+02 2.303718000000000075e+02 1.500000000000000000e+00 1.000000000000000000e+00 3.749000000000000110e-01 2.500000000000000000e-01 1.000000000000000048e-04
4.125000000000000000e+01 4.775500000000000078e+00 2.398847000000000094e+02 1.800000000000000000e+02 2.308271000000000015e+02 1.500000000000000000e+00 1.000000000000000000e+00 3.764000000000000123e-01 2.500000000000000000e-01 1.000000000000000048e-04
4.129999999999999716e+01 4.766899999999999693e+00 2.403944999999999936e+02 1.800000000000000000e+02 2.312869000000000028e+02 1.500000000000000000e+00 1.000000000000000000e+00 3.779000000000000137e-01 2.500000000000000000e-01 1.000000000000000048e-04
4.135000000000000142e+01 4.758099999999999774e+00 2.409113999999999862e+02 1.800000000000000000e+02 2.317514999999999930e+02 1.500000000000000000e+00 1.000000000000000000e+00 3.794000000000000150e-01 2.500000000000000000e-01 1.000000000000000048e-04
4.139999999999999858e+01 4.749399999999999622e+00 2.414356999999999971e+02 1.800000000000000000e+02 2.322212000000000103e+02 1.500000000000000000e+00 1.000000000000000000e+00 3.810000000000000053e-01 2.500000000000000000e-01 1.000000000000000048e-04
4.145000000000000284e+01 4.740599999999999703e+00 2.419678999999999860e+02 1.800000000000000000e+02 2.326959999999999980e+02 1.500000000000000000e+00 1.000000000000000000e+00 3.825999999999999956e-01 2.500000000000000000e-01 1.000000000000000048e-04
4.150000000000000000e+01 4.731799999999999784e+00 2.425083999999999946e+02 1.800000000000000000e+02 2.331764000000000010e+02 1.500000000000000000e+00 1.000000000000000000e+00 3.841999999999999860e-01 2.500000000000000000e-01 1.000000000000000048e-04
4.154999999999999716e+01 4.722900000000000098e+00 2.430576000000000079e+02 1.800000000000000000e+02 2.336624999999999943e+02 1.500000000000000000e+00 1.000000000000000000e+00 3.857999999999999763e-01 2.500000000000000000e-01 1.000000000000000048e-04
4.160000000000000142e+01 4.714000000000000412e+00 2.436160999999999888e+02 1.800000000000000000e+02 2.341545999999999879e+02 1.500000000000000000e+00 1.000000000000000000e+00 3.874000000000000221e-01 2.500000000000000000e-01 1.000000000000000048e-04
4.164999999999999858e+01 4.705000000000000071e+00 2.441844000000000108e+02 1.800000000000000000e+02 2.346530999999999949e+02 1.500000000000000000e+00 1.000000000000000000e+00 3.891000000000000014e-01 2.500000000000000000e-01 1.000000000000000048e-04
4.170000000000000284e+01 4.695899999999999963e+00 2.447632999999999868e+02 1.800000000000000000e+02 2.351584000000000003e+02 1.500000000000000000e+00 1.000000000000000000e+00 3.907999999999999807e-01 2.500000000000000000e-01 1.000000000000000048e-04
4.175000000000000000e+01 4.686799999999999855e+00 2.453532999999999902e+02 1.800000000000000000e+02 2.356707000000000107e+02 1.500000000000000000e+00 1.000000000000000000e+00 3.926000000000000045e-01 2.500000000000000000e-01 1.000000000000000048e-04
4.179999999999999716e+01 4.677699999999999747e+00 2.459552999999999940e+02 1.800000000000000000e+02 2.361905999999999892e+02 1.500000000000000000e+00 1.000000000000000000e+00 3.943999999999999728e-01 2.500000000000000000e-01 1.000000000000000048e-04
4.185000000000000142e+01 4.668400000000000105e+00 2.465700999999999965e+02 1.800000000000000000e+02 2.367185000000000059e+02 1.500000000000000000e+00 1.000000000000000000e+00 3.961999999999999966e-01 2.500000000000000000e-01 1.000000000000000048e-04
4.189999999999999858e+01 4.659200000000000230e+00 2.471985999999999990e+02 1.800000000000000000e+02 2.372548999999999921e+02 1.500000000000000000e+00 1.000000000000000000e+00 3.981000000000000094e-01 2.500000000000000000e-01 1.000000000000000048e-04
4.195000000000000284e+01 4.649799999999999933e+00 2.478419000000000096e+02 1.800000000000000000e+02 2.378003999999999962e+02 1.500000000000000000e+00 1.000000000000000000e+00 4.000000000000000222e-01 2.500000000000000000e-01 1.000000000000000048e-04
4.200000000000000000e+01 4.640299999999999869e+00 2.485012000000000114e+02 1.800000000000000000e+02 2.383556000000000097e+02 1.500000000000000000e+00 1.000000000000000000e+00 4.018999999999999795e-01 2.500000000000000000e-01 1.000000000000000048e-04
4.204999999999999716e+01 4.630799999999999805e+00 2.491776999999999873e+02 1.800000000000000000e+02 2.389211999999999989e+02 1.500000000000000000e+00 1.000000000000000000e+00 4.040000000000000258e-01 2.500000000000000000e-01 1.000000000000000048e-04
4.210000000000000142e+01 4.621199999999999974e+00 2.498728000000000122e+02 1.800000000000000000e+02 2.394980999999999938e+02 1.500000000000000000e+00 1.000000000000000000e+00 4.060000000000000275e-01 2.500000000000000000e-01 1.000000000000000048e-04
4.214999999999999858e+01 4.611399999999999721e+00 2.505883000000000038e+02 1.800000000000000000e+02 2.400871999999999957e+02 1.500000000000000000e+00 1.000000000000000000e+00 4.081000000000000183e-01 2.500000000000000000e-01 1.000000000000000048e-04
4.220000000000000284e+01 4.601600000000000357e+00 2.513258999999999901e+02 1.800000000000000000e+02 2.406893000000000029e+02 1.500000000000000000e+00 1.000000000000000000e+00 4.102999999999999980e-01 2.500000000000000000e-01 1.000000000000000048e-04
4.225000000000000000e+01 4.591599999999999682e+00 2.520876000000000090e+02 1.800000000000000000e+02 2.413057000000000016e+02 1.500000000000000000e+00 1.000000000000000000e+00 4.126000000000000223e-01 2.500000000000000000e-01 1.000000000000000048e-04
4.229999999999999716e+01 4.581500000000000128e+00 2.528757999999999981e+02 1.800000000000000000e+02 2.419376000000000033e+02 1.500000000000000000e+00 1.000000000000000000e+00 4.148999999999999910e-01 2.500000000000000000e-01 1.000000000000000048e-04
4.235000000000000142e+01 4.571200000000000152e+00 2.536930999999999869e+02 1.800000000000000000e+02 2.425863999999999976e+02 1.500000000000000000e+00 1.000000000000000000e+00 4.173999999999999932e-01 2.500000000000000000e-01 1.000000000000000048e-04
4.239999999999999858e+01 4.560800000000000409e+00 2.545424999999999898e+02 1.800000000000000000e+02 2.432538000000000125e+02 1.500000000000000000e+00 1.000000000000000000e+00 4.198999999999999955e-01 2.500000000000000000e-01 1.000000000000000048e-04
4.245000000000000284e+01 4.550200000000000244e+00 2.554274000000000058e+02 1.800000000000000000e+02 2.439416999999999973e+02 1.500000000000000000e+00 1.000000000000000000e+00 4.224999999999999867e-01 2.500000000000000000e-01 1.000000000000000048e-04
4.250000000000000000e+01 4.539500000000000313e+00 2.563516999999999939e+02 1.800000000000000000e+02 2.446521999999999935e+02 1.500000000000000000e+00 1.000000000000000000e+00 4.252000000000000224e-01 2.500000000000000000e-01 1.000000000000000048e-04
4.254999999999999716e+01 4.528400000000000425e+00 2.573199000000000183e+02 1.800000000000000000e+02 2.453876999999999953e+02 1.500000000000000000e+00 1.000000000000000000e+00 4.280999999999999805e-01 2.500000000000000000e-01 1.000000000000000048e-04
4.260000000000000142e+01 4.517199999999999882e+00 2.583408000000000015e+02 1.800000000000000000e+02 2.461662000000000035e+02 1.500000000000000000e+00 1.000000000000000000e+00 4.310999999999999832e-01 2.500000000000000000e-01 1.000000000000000048e-04
4.264999999999999858e+01 4.505600000000000271e+00 2.594200000000000159e+02 1.800000000000000000e+02 2.469807999999999879e+02 1.500000000000000000e+00 1.000000000000000000e+00 4.344000000000000083e-01 2.500000000000000000e-01 1.000000000000000048e-04
4.270000000000000284e+01 4.493800000000000239e+00 2.605650999999999726e+02 1.785000000000000000e+02 2.478333000000000084e+02 1.500000000000000000e+00 1.000000000000000000e+00 4.376999999999999780e-01 2.500000000000000000e-01 1.000000000000000048e-04
4.275000000000000000e+01 4.481499999999999595e+00 2.617866999999999962e+02 1.785000000000000000e+02 2.487288000000000068e+02 1.500000000000000000e+00 1.000000000000000000e+00 4.414000000000000146e-01 2.500000000000000000e-01 1.000000000000000048e-04
4.279999999999999716e+01 4.468799999999999883e+00 2.630933999999999742e+02 1.785000000000000000e+02 2.496732000000000085e+02 1.500000000000000000e+00 1.000000000000000000e+00 4.452999999999999736e-01 2.500000000000000000e-01 1.000000000000000048e-04
4.285000000000000142e+01 4.455700000000000216e+00 2.645015999999999963e+02 1.770000000000000000e+02 2.506736999999999966e+02 1.500000000000000000e+00 1.000000000000000000e+00 4.494000000000000217e-01 2.500000000000000000e-01 1.000000000000000048e-04
4.289999999999999858e+01 4.441900000000000404e+00 2.660350000000000250e+02 1.770000000000000000e+02 2.517389000000000010e+02 1.500000000000000000e+00 1.000000000000000000e+00 4.540000000000000147e-01 2.500000000000000000e-01 1.000000000000000048e-04
4.295000000000000284e+01 4.427399999999999558e+00 2.677060000000000173e+02 1.770000000000000000e+02 2.528790999999999940e+02 1.500000000000000000e+00 1.000000000000000000e+00 4.588999999999999746e-01 2.500000000000000000e-01 1.000000000000000048e-04
4.300000000000000000e+01 4.412200000000000344e+00 2.695389999999999873e+02 1.770000000000000000e+02 2.541071000000000026e+02 1.500000000000000000e+00 1.000000000000000000e+00 4.643999999999999795e-01 2.500000000000000000e-01 1.000000000000000048e-04
4.304999999999999716e+01 4.395999999999999908e+00 2.715649000000000228e+02 1.770000000000000000e+02 2.554385000000000048e+02 1.500000000000000000e+00 1.000000000000000000e+00 4.703999999999999848e-01 2.500000000000000000e-01 1.000000000000000048e-04
4.310000000000000142e+01 4.378700000000000259e+00 2.738224000000000160e+02 1.770000000000000000e+02 2.568926000000000158e+02 1.500000000000000000e+00 1.000000000000000000e+00 4.771000000000000241e-01 2.500000000000000000e-01 1.000000000000000048e-04
4.314999999999999858e+01 4.360000000000000320e+00 2.763607000000000085e+02 1.770000000000000000e+02 2.584938000000000216e+02 1.500000000000000000e+00 1.000000000000000000e+00 4.845999999999999752e-01 2.500000000000000000e-01 1.000000000000000048e-04
4.320000000000000284e+01 4.339599999999999902e+00 2.792438999999999965e+02 1.770000000000000000e+02 2.602730999999999995e+02 1.500000000000000000e+00 1.000000000000000000e+00 4.932000000000000273e-01 2.500000000000000000e-01 1.000000000000000048e-04
4.325000000000000000e+01 4.317000000000000171e+00 2.825874999999999773e+02 1.755000000000000000e+02 2.622701999999999884e+02 1.500000000000000000e+00 1.000000000000000000e+00 5.030999999999999917e-01 2.500000000000000000e-01 1.000000000000000048e-04
4.329999999999999716e+01 4.291500000000000092e+00 2.865294000000000096e+02 1.755000000000000000e+02 2.645373999999999910e+02 1.500000000000000000e+00 1.000000000000000000e+00 5.148000000000000353e-01 2.500000000000000000e-01 1.000000000000000048e-04
4.335000000000000142e+01 4.262299999999999756e+00 2.912196000000000140e+02 1.755000000000000000e+02 2.671435999999999922e+02 1.500000000000000000e+00 1.000000000000000000e+00 5.286999999999999478e-01 2.500000000000000000e-01 1.000000000000000048e-04
4.339999999999999858e+01 4.228200000000000180e+00 2.969078999999999837e+02 1.755000000000000000e+02 2.701827000000000112e+02 1.500000000000000000e+00 1.000000000000000000e+00 5.455999999999999739e-01 2.500000000000000000e-01 1.000000000000000048e-04
4.345000000000000284e+01 4.187500000000000000e+00 3.039664000000000215e+02 1.755000000000000000e+02 2.737842999999999734e+02 1.500000000000000000e+00 1.000000000000000000e+00 5.665999999999999925e-01 2.500000000000000000e-01 1.000000000000000048e-04
4.350000000000000000e+01 4.137299999999999756e+00 3.129719000000000051e+02 1.755000000000000000e+02 2.781324999999999932e+02 1.500000000000000000e+00 1.000000000000000000e+00 5.933000000000000496e-01 2.500000000000000000e-01 1.000000000000000048e-04
4.354999999999999716e+01 4.073000000000000398e+00 3.248659000000000106e+02 1.755000000000000000e+02 2.834963000000000193e+02 1.500000000000000000e+00 1.000000000000000000e+00 6.286000000000000476e-01 2.500000000000000000e-01 1.000000000000000048e-04
4.360000000000000142e+01 3.986699999999999910e+00 3.412866000000000213e+02 1.755000000000000000e+02 2.902823000000000206e+02 1.500000000000000000e+00 1.000000000000000000e+00 6.773000000000000131e-01 2.500000000000000000e-01 1.000000000000000048e-04
4.364999999999999858e+01 3.863199999999999967e+00 3.653285999999999945e+02 1.755000000000000000e+02 2.991283000000000243e+02 1.500000000000000000e+00 1.000000000000000000e+00 7.487000000000000322e-01 2.500000000000000000e-01 1.000000000000000048e-04
4.370000000000000284e+01 3.814000000000000057e+00 3.740101000000000226e+02 1.785000000000000000e+02 3.114938999999999965e+02 1.500000000000000000e+00 1.000000000000000000e+00 7.744999999999999662e-01 2.500000000000000000e-01 1.000000000000000048e-04
4.375000000000000000e+01 3.610100000000000087e+00 4.145033999999999992e+02 1.785000000000000000e+02 3.275729000000000042e+02 1.500000000000000000e+00 1.000000000000000000e+00 8.945999999999999508e-01 2.500000000000000000e-01 1.000000000000000048e-04
4.379999999999999716e+01 3.365299999999999958e+00 4.632851999999999748e+02 1.800000000000000000e+02 3.520351999999999748e+02 1.500000000000000000e+00 1.000000000000000000e+00 1.039400000000000102e+00 2.500000000000000000e-01 1.000000000000000048e-04
