0.000000000000000000e+00 1.000000000000000000e+01 1.121817000000000064e+02 1.800000000000000000e+02 1.044129999999999967e+02 3.000000000000000000e+00 1.000000000000000000e+00 -8.999999999999999754e-04 2.500000000000000000e-01 1.000000000000000048e-04
1.000000000000000056e-01 9.993800000000000239e+00 1.121817000000000064e+02 1.800000000000000000e+02 1.044129999999999967e+02 3.000000000000000000e+00 1.000000000000000000e+00 0.000000000000000000e+00 2.500000000000000000e-01 1.000000000000000048e-04
1.499999999999999944e-01 9.990600000000000591e+00 1.122588999999999970e+02 1.800000000000000000e+02 1.044883999999999986e+02 3.000000000000000000e+00 1.000000000000000000e+00 2.000000000000000096e-04 2.500000000000000000e-01 1.000000000000000048e-04
2.000000000000000111e-01 9.987500000000000711e+00 1.122974999999999994e+02 1.800000000000000000e+02 1.045262000000000029e+02 3.000000000000000000e+00 1.000000000000000000e+00 2.999999999999999737e-04 2.500000000000000000e-01 1.000000000000000048e-04
2.500000000000000000e-01 9.984400000000000830e+00 1.123361000000000018e+02 1.800000000000000000e+02 1.045639999999999930e+02 3.000000000000000000e+00 1.000000000000000000e+00 5.000000000000000104e-04 2.500000000000000000e-01 1.000000000000000048e-04
2.999999999999999889e-01 9.981299999999999173e+00 1.123747999999999934e+02 1.800000000000000000e+02 1.046019000000000005e+02 3.000000000000000000e+00 1.000000000000000000e+00 5.999999999999999474e-04 2.500000000000000000e-01 1.000000000000000048e-04
3.499999999999999778e-01 9.978099999999999525e+00 1.124134999999999991e+02 1.800000000000000000e+02 1.046397999999999939e+02 3.000000000000000000e+00 1.000000000000000000e+00 6.999999999999999929e-04 2.500000000000000000e-01 1.000000000000000048e-04
4.000000000000000222e-01 9.974999999999999645e+00 1.124522999999999939e+02 1.800000000000000000e+02 1.046777000000000015e+02 3.000000000000000000e+00 1.000000000000000000e+00 8.000000000000000383e-04 2.500000000000000000e-01 1.000000000000000048e-04
4.500000000000000111e-01 9.971899999999999764e+00 1.124909999999999997e+02 1.800000000000000000e+02 1.047155999999999949e+02 3.000000000000000000e+00 1.000000000000000000e+00 8.999999999999999754e-04 2.500000000000000000e-01 1.000000000000000048e-04
5.000000000000000000e-01 9.968700000000000117e+00 1.125297999999999945e+02 1.800000000000000000e+02 1.047535000000000025e+02 3.000000000000000000e+00 1.000000000000000000e+00 1.000000000000000021e-03 2.500000000000000000e-01 1.000000000000000048e-04
5.500000000000000444e-01 9.965600000000000236e+00 1.125687000000000069e+02 1.800000000000000000e+02 1.047914999999999992e+02 3.000000000000000000e+00 1.000000000000000000e+00 1.100000000000000066e-03 2.500000000000000000e-01 1.000000000000000048e-04
5.999999999999999778e-01 9.962500000000000355e+00 1.126075000000000017e+02 1.800000000000000000e+02 1.048295999999999992e+02 3.000000000000000000e+00 1.000000000000000000e+00 1.299999999999999940e-03 2.500000000000000000e-01 1.000000000000000048e-04
6.500000000000000222e-01 9.959400000000000475e+00 1.126463999999999999e+02 1.800000000000000000e+02 1.048675999999999959e+02 3.000000000000000000e+00 1.000000000000000000e+00 1.399999999999999986e-03 2.500000000000000000e-01 1.000000000000000048e-04
6.999999999999999556e-01 9.956200000000000827e+00 1.126854000000000013e+02 1.800000000000000000e+02 1.049056999999999960e+02 3.000000000000000000e+00 1.000000000000000000e+00 1.500000000000000031e-03 2.500000000000000000e-01 1.000000000000000048e-04
7.500000000000000000e-01 9.953099999999999170e+00 1.127242999999999995e+02 1.800000000000000000e+02 1.049437999999999960e+02 3.000000000000000000e+00 1.000000000000000000e+00 1.600000000000000077e-03 2.500000000000000000e-01 1.000000000000000048e-04
8.000000000000000444e-01 9.949999999999999289e+00 1.127633000000000010e+02 1.800000000000000000e+02 1.049818999999999960e+02 3.000000000000000000e+00 1.000000000000000000e+00 1.699999999999999905e-03 2.500000000000000000e-01 1.000000000000000048e-04
8.499999999999999778e-01 9.946799999999999642e+00 1.128023000000000025e+02 1.800000000000000000e+02 1.050200999999999993e+02 3.000000000000000000e+00 1.000000000000000000e+00 1.799999999999999951e-03 2.500000000000000000e-01 1.000000000000000048e-04
9.000000000000000222e-01 9.943699999999999761e+00 1.128413999999999930e+02 1.800000000000000000e+02 1.050583000000000027e+02 3.000000000000000000e+00 1.000000000000000000e+00 2.000000000000000042e-03 2.500000000000000000e-01 1.000000000000000048e-04
9.499999999999999556e-01 9.940599999999999881e+00 1.128803999999999945e+02 1.800000000000000000e+02 1.050965000000000060e+02 3.000000000000000000e+00 1.000000000000000000e+00 2.099999999999999870e-03 2.500000000000000000e-01 1.000000000000000048e-04
1.000000000000000000e+00 9.937500000000000000e+00 1.129194999999999993e+02 1.800000000000000000e+02 1.051347999999999985e+02 3.000000000000000000e+00 1.000000000000000000e+00 2.200000000000000133e-03 2.500000000000000000e-01 1.000000000000000048e-04
1.050000000000000044e+00 9.934300000000000352e+00 1.129586999999999932e+02 1.800000000000000000e+02 1.051731000000000051e+02 3.000000000000000000e+00 1.000000000000000000e+00 2.299999999999999961e-03 2.500000000000000000e-01 1.000000000000000048e-04
1.100000000000000089e+00 9.931200000000000472e+00 1.129977999999999980e+02 1.800000000000000000e+02 1.052113999999999976e+02 3.000000000000000000e+00 1.000000000000000000e+00 2.399999999999999790e-03 2.500000000000000000e-01 1.000000000000000048e-04
1.149999999999999911e+00 9.928100000000000591e+00 1.130370000000000061e+02 1.800000000000000000e+02 1.052497000000000043e+02 3.000000000000000000e+00 1.000000000000000000e+00 2.500000000000000052e-03 2.500000000000000000e-01 1.000000000000000048e-04
1.199999999999999956e+00 9.924899999999999167e+00 1.130763000000000034e+02 1.800000000000000000e+02 1.052881000000000000e+02 3.000000000000000000e+00 1.000000000000000000e+00 2.599999999999999881e-03 2.500000000000000000e-01 1.000000000000000048e-04
1.250000000000000000e+00 9.921799999999999287e+00 1.131154999999999973e+02 1.800000000000000000e+02 1.053264999999999958e+02 3.000000000000000000e+00 1.000000000000000000e+00 2.799999999999999972e-03 2.500000000000000000e-01 1.000000000000000048e-04
1.300000000000000044e+00 9.918699999999999406e+00 1.131547999999999945e+02 1.800000000000000000e+02 1.053649000000000058e+02 3.000000000000000000e+00 1.000000000000000000e+00 2.899999999999999800e-03 2.500000000000000000e-01 1.000000000000000048e-04
1.350000000000000089e+00 9.915499999999999758e+00 1.131941000000000059e+02 1.800000000000000000e+02 1.054034000000000049e+02 3.000000000000000000e+00 1.000000000000000000e+00 3.000000000000000062e-03 2.500000000000000000e-01 1.000000000000000048e-04
1.399999999999999911e+00 9.912399999999999878e+00 1.132335000000000065e+02 1.800000000000000000e+02 1.054419000000000040e+02 3.000000000000000000e+00 1.000000000000000000e+00 3.099999999999999891e-03 2.500000000000000000e-01 1.000000000000000048e-04
1.449999999999999956e+00 9.909299999999999997e+00 1.132729000000000070e+02 1.800000000000000000e+02 1.054804000000000030e+02 3.000000000000000000e+00 1.000000000000000000e+00 3.200000000000000153e-03 2.500000000000000000e-01 1.000000000000000048e-04
1.500000000000000000e+00 9.906100000000000350e+00 1.133122999999999934e+02 1.800000000000000000e+02 1.055190000000000055e+02 3.000000000000000000e+00 1.000000000000000000e+00 3.299999999999999982e-03 2.500000000000000000e-01 1.000000000000000048e-04
1.550000000000000044e+00 9.903000000000000469e+00 1.133516999999999939e+02 1.800000000000000000e+02 1.055575999999999937e+02 3.000000000000000000e+00 1.000000000000000000e+00 3.500000000000000073e-03 2.500000000000000000e-01 1.000000000000000048e-04
1.600000000000000089e+00 9.899800000000000821e+00 1.133911999999999978e+02 1.800000000000000000e+02 1.055961999999999961e+02 3.000000000000000000e+00 1.000000000000000000e+00 3.599999999999999901e-03 2.500000000000000000e-01 1.000000000000000048e-04
1.649999999999999911e+00 9.896699999999999164e+00 1.134307000000000016e+02 1.800000000000000000e+02 1.056349000000000018e+02 3.000000000000000000e+00 1.000000000000000000e+00 3.700000000000000164e-03 2.500000000000000000e-01 1.000000000000000048e-04
1.699999999999999956e+00 9.893599999999999284e+00 1.134702999999999946e+02 1.800000000000000000e+02 1.056735000000000042e+02 3.000000000000000000e+00 1.000000000000000000e+00 3.799999999999999992e-03 2.500000000000000000e-01 1.000000000000000048e-04
1.750000000000000000e+00 9.890399999999999636e+00 1.135097999999999985e+02 1.800000000000000000e+02 1.057121999999999957e+02 3.000000000000000000e+00 1.000000000000000000e+00 3.899999999999999821e-03 2.500000000000000000e-01 1.000000000000000048e-04
1.800000000000000044e+00 9.887299999999999756e+00 1.135494000000000057e+02 1.800000000000000000e+02 1.057510000000000048e+02 3.000000000000000000e+00 1.000000000000000000e+00 4.000000000000000083e-03 2.500000000000000000e-01 1.000000000000000048e-04
1.850000000000000089e+00 9.884199999999999875e+00 1.135891000000000020e+02 1.800000000000000000e+02 1.057897999999999996e+02 3.000000000000000000e+00 1.000000000000000000e+00 4.199999999999999740e-03 2.500000000000000000e-01 1.000000000000000048e-04
1.899999999999999911e+00 9.881000000000000227e+00 1.136286999999999949e+02 1.800000000000000000e+02 1.058285999999999945e+02 3.000000000000000000e+00 1.000000000000000000e+00 4.300000000000000003e-03 2.500000000000000000e-01 1.000000000000000048e-04
1.949999999999999956e+00 9.877900000000000347e+00 1.136684000000000054e+02 1.800000000000000000e+02 1.058674000000000035e+02 3.000000000000000000e+00 1.000000000000000000e+00 4.400000000000000265e-03 2.500000000000000000e-01 1.000000000000000048e-04
2.000000000000000000e+00 9.874700000000000699e+00 1.137081000000000017e+02 1.800000000000000000e+02 1.059063000000000017e+02 3.000000000000000000e+00 1.000000000000000000e+00 4.499999999999999660e-03 2.500000000000000000e-01 1.000000000000000048e-04
2.049999999999999822e+00 9.871600000000000819e+00 1.137479000000000013e+02 1.800000000000000000e+02 1.059451999999999998e+02 3.000000000000000000e+00 1.000000000000000000e+00 4.599999999999999922e-03 2.500000000000000000e-01 1.000000000000000048e-04
2.100000000000000089e+00 9.868399999999999395e+00 1.137877000000000010e+02 1.800000000000000000e+02 1.059840999999999980e+02 3.000000000000000000e+00 1.000000000000000000e+00 4.799999999999999580e-03 2.500000000000000000e-01 1.000000000000000048e-04
2.149999999999999911e+00 9.865299999999999514e+00 1.138275000000000006e+02 1.800000000000000000e+02 1.060229999999999961e+02 3.000000000000000000e+00 1.000000000000000000e+00 4.899999999999999842e-03 2.500000000000000000e-01 1.000000000000000048e-04
2.200000000000000178e+00 9.862199999999999633e+00 1.138673000000000002e+02 1.800000000000000000e+02 1.060619999999999976e+02 3.000000000000000000e+00 1.000000000000000000e+00 5.000000000000000104e-03 2.500000000000000000e-01 1.000000000000000048e-04
2.250000000000000000e+00 9.858999999999999986e+00 1.139072000000000031e+02 1.800000000000000000e+02 1.061009999999999991e+02 3.000000000000000000e+00 1.000000000000000000e+00 5.100000000000000366e-03 2.500000000000000000e-01 1.000000000000000048e-04
2.299999999999999822e+00 9.855900000000000105e+00 1.139471000000000060e+02 1.800000000000000000e+02 1.061401000000000039e+02 3.000000000000000000e+00 1.000000000000000000e+00 5.199999999999999761e-03 2.500000000000000000e-01 1.000000000000000048e-04
2.350000000000000089e+00 9.852700000000000458e+00 1.139870999999999981e+02 1.800000000000000000e+02 1.061791999999999945e+02 3.000000000000000000e+00 1.000000000000000000e+00 5.300000000000000024e-03 2.500000000000000000e-01 1.000000000000000048e-04
2.399999999999999911e+00 9.849600000000000577e+00 1.140271000000000043e+02 1.800000000000000000e+02 1.062182999999999993e+02 3.000000000000000000e+00 1.000000000000000000e+00 5.499999999999999681e-03 2.500000000000000000e-01 1.000000000000000048e-04
2.450000000000000178e+00 9.846399999999999153e+00 1.140670999999999964e+02 1.800000000000000000e+02 1.062574000000000041e+02 3.000000000000000000e+00 1.000000000000000000e+00 5.599999999999999943e-03 2.500000000000000000e-01 1.000000000000000048e-04
2.500000000000000000e+00 9.843299999999999272e+00 1.141071000000000026e+02 1.800000000000000000e+02 1.062965999999999980e+02 3.000000000000000000e+00 1.000000000000000000e+00 5.700000000000000205e-03 2.500000000000000000e-01 1.000000000000000048e-04
2.549999999999999822e+00 9.840199999999999392e+00 1.141471999999999980e+02 1.800000000000000000e+02 1.063358000000000061e+02 3.000000000000000000e+00 1.000000000000000000e+00 5.799999999999999600e-03 2.500000000000000000e-01 1.000000000000000048e-04
2.600000000000000089e+00 9.836999999999999744e+00 1.141872999999999934e+02 1.800000000000000000e+02 1.063750000000000000e+02 3.000000000000000000e+00 1.000000000000000000e+00 5.899999999999999863e-03 2.500000000000000000e-01 1.000000000000000048e-04
2.649999999999999911e+00 9.833899999999999864e+00 1.142274000000000029e+02 1.800000000000000000e+02 1.064142999999999972e+02 3.000000000000000000e+00 1.000000000000000000e+00 6.100000000000000387e-03 2.500000000000000000e-01 1.000000000000000048e-04
2.700000000000000178e+00 9.830700000000000216e+00 1.142676000000000016e+02 1.800000000000000000e+02 1.064535999999999945e+02 3.000000000000000000e+00 1.000000000000000000e+00 6.199999999999999782e-03 2.500000000000000000e-01 1.000000000000000048e-04
2.750000000000000000e+00 9.827600000000000335e+00 1.143078000000000003e+02 1.800000000000000000e+02 1.064929000000000059e+02 3.000000000000000000e+00 1.000000000000000000e+00 6.300000000000000044e-03 2.500000000000000000e-01 1.000000000000000048e-04
2.799999999999999822e+00 9.824400000000000688e+00 1.143479999999999990e+02 1.800000000000000000e+02 1.065323000000000064e+02 3.000000000000000000e+00 1.000000000000000000e+00 6.400000000000000307e-03 2.500000000000000000e-01 1.000000000000000048e-04
2.850000000000000089e+00 9.821300000000000807e+00 1.143883000000000010e+02 1.800000000000000000e+02 1.065717000000000070e+02 3.000000000000000000e+00 1.000000000000000000e+00 6.499999999999999702e-03 2.500000000000000000e-01 1.000000000000000048e-04
2.899999999999999911e+00 9.818099999999999383e+00 1.144286000000000030e+02 1.800000000000000000e+02 1.066110999999999933e+02 3.000000000000000000e+00 1.000000000000000000e+00 6.700000000000000226e-03 2.500000000000000000e-01 1.000000000000000048e-04
2.950000000000000178e+00 9.814999999999999503e+00 1.144689000000000050e+02 1.800000000000000000e+02 1.066505999999999972e+02 3.000000000000000000e+00 1.000000000000000000e+00 6.799999999999999621e-03 2.500000000000000000e-01 1.000000000000000048e-04
3.000000000000000000e+00 9.811799999999999855e+00 1.145092999999999961e+02 1.800000000000000000e+02 1.066901000000000010e+02 3.000000000000000000e+00 1.000000000000000000e+00 6.899999999999999883e-03 2.500000000000000000e-01 1.000000000000000048e-04
3.049999999999999822e+00 9.808699999999999974e+00 1.145497000000000014e+02 1.800000000000000000e+02 1.067296000000000049e+02 3.000000000000000000e+00 1.000000000000000000e+00 7.000000000000000146e-03 2.500000000000000000e-01 1.000000000000000048e-04
3.100000000000000089e+00 9.805500000000000327e+00 1.145901000000000067e+02 1.800000000000000000e+02 1.067690999999999946e+02 3.000000000000000000e+00 1.000000000000000000e+00 7.100000000000000408e-03 2.500000000000000000e-01 1.000000000000000048e-04
3.149999999999999911e+00 9.802400000000000446e+00 1.146304999999999978e+02 1.800000000000000000e+02 1.068087000000000018e+02 3.000000000000000000e+00 1.000000000000000000e+00 7.199999999999999803e-03 2.500000000000000000e-01 1.000000000000000048e-04
3.200000000000000178e+00 9.799200000000000799e+00 1.146710000000000065e+02 1.800000000000000000e+02 1.068482999999999947e+02 3.000000000000000000e+00 1.000000000000000000e+00 7.400000000000000328e-03 2.500000000000000000e-01 1.000000000000000048e-04
3.250000000000000000e+00 9.796099999999999142e+00 1.147116000000000042e+02 1.800000000000000000e+02 1.068880000000000052e+02 3.000000000000000000e+00 1.000000000000000000e+00 7.499999999999999722e-03 2.500000000000000000e-01 1.000000000000000048e-04
3.299999999999999822e+00 9.792899999999999494e+00 1.147520999999999987e+02 1.800000000000000000e+02 1.069277000000000015e+02 3.000000000000000000e+00 1.000000000000000000e+00 7.599999999999999985e-03 2.500000000000000000e-01 1.000000000000000048e-04
3.350000000000000089e+00 9.789799999999999613e+00 1.147926999999999964e+02 1.800000000000000000e+02 1.069673999999999978e+02 3.000000000000000000e+00 1.000000000000000000e+00 7.700000000000000247e-03 2.500000000000000000e-01 1.000000000000000048e-04
3.399999999999999911e+00 9.786599999999999966e+00 1.148332999999999942e+02 1.800000000000000000e+02 1.070070999999999941e+02 3.000000000000000000e+00 1.000000000000000000e+00 7.799999999999999642e-03 2.500000000000000000e-01 1.000000000000000048e-04
3.450000000000000178e+00 9.783500000000000085e+00 1.148739999999999952e+02 1.800000000000000000e+02 1.070468999999999937e+02 3.000000000000000000e+00 1.000000000000000000e+00 8.000000000000000167e-03 2.500000000000000000e-01 1.000000000000000048e-04
3.500000000000000000e+00 9.780300000000000438e+00 1.149146999999999963e+02 1.800000000000000000e+02 1.070866999999999933e+02 3.000000000000000000e+00 1.000000000000000000e+00 8.099999999999999561e-03 2.500000000000000000e-01 1.000000000000000048e-04
3.549999999999999822e+00 9.777200000000000557e+00 1.149553999999999974e+02 1.800000000000000000e+02 1.071264999999999930e+02 3.000000000000000000e+00 1.000000000000000000e+00 8.200000000000000691e-03 2.500000000000000000e-01 1.000000000000000048e-04
3.600000000000000089e+00 9.773999999999999133e+00 1.149960999999999984e+02 1.800000000000000000e+02 1.071663999999999959e+02 3.000000000000000000e+00 1.000000000000000000e+00 8.300000000000000086e-03 2.500000000000000000e-01 1.000000000000000048e-04
3.649999999999999911e+00 9.770799999999999486e+00 1.150369000000000028e+02 1.800000000000000000e+02 1.072062999999999988e+02 3.000000000000000000e+00 1.000000000000000000e+00 8.500000000000000611e-03 2.500000000000000000e-01 1.000000000000000048e-04
3.700000000000000178e+00 9.767699999999999605e+00 1.150776999999999930e+02 1.800000000000000000e+02 1.072462000000000018e+02 3.000000000000000000e+00 1.000000000000000000e+00 8.600000000000000006e-03 2.500000000000000000e-01 1.000000000000000048e-04
3.750000000000000000e+00 9.764499999999999957e+00 1.151186000000000007e+02 1.800000000000000000e+02 1.072861999999999938e+02 3.000000000000000000e+00 1.000000000000000000e+00 8.699999999999999400e-03 2.500000000000000000e-01 1.000000000000000048e-04
3.799999999999999822e+00 9.761400000000000077e+00 1.151594000000000051e+02 1.800000000000000000e+02 1.073262000000000000e+02 3.000000000000000000e+00 1.000000000000000000e+00 8.800000000000000530e-03 2.500000000000000000e-01 1.000000000000000048e-04
3.850000000000000089e+00 9.758200000000000429e+00 1.152004000000000019e+02 1.800000000000000000e+02 1.073662000000000063e+02 3.000000000000000000e+00 1.000000000000000000e+00 8.899999999999999925e-03 2.500000000000000000e-01 1.000000000000000048e-04
3.899999999999999911e+00 9.755100000000000549e+00 1.152412999999999954e+02 1.800000000000000000e+02 1.074063000000000017e+02 3.000000000000000000e+00 1.000000000000000000e+00 9.100000000000000450e-03 2.500000000000000000e-01 1.000000000000000048e-04
3.950000000000000178e+00 9.751899999999999125e+00 1.152823000000000064e+02 1.800000000000000000e+02 1.074463999999999970e+02 3.000000000000000000e+00 1.000000000000000000e+00 9.199999999999999845e-03 2.500000000000000000e-01 1.000000000000000048e-04
4.000000000000000000e+00 9.748699999999999477e+00 1.153233000000000033e+02 1.800000000000000000e+02 1.074865000000000066e+02 3.000000000000000000e+00 1.000000000000000000e+00 9.299999999999999239e-03 2.500000000000000000e-01 1.000000000000000048e-04
4.049999999999999822e+00 9.745599999999999596e+00 1.153644000000000034e+02 1.800000000000000000e+02 1.075267000000000053e+02 3.000000000000000000e+00 1.000000000000000000e+00 9.400000000000000369e-03 2.500000000000000000e-01 1.000000000000000048e-04
4.099999999999999645e+00 9.742399999999999949e+00 1.154054000000000002e+02 1.800000000000000000e+02 1.075669000000000040e+02 3.000000000000000000e+00 1.000000000000000000e+00 9.499999999999999764e-03 2.500000000000000000e-01 1.000000000000000048e-04
4.150000000000000355e+00 9.739300000000000068e+00 1.154465000000000003e+02 1.800000000000000000e+02 1.076071000000000026e+02 3.000000000000000000e+00 1.000000000000000000e+00 9.700000000000000289e-03 2.500000000000000000e-01 1.000000000000000048e-04
4.200000000000000178e+00 9.736100000000000421e+00 1.154877000000000038e+02 1.800000000000000000e+02 1.076474000000000046e+02 3.000000000000000000e+00 1.000000000000000000e+00 9.799999999999999684e-03 2.500000000000000000e-01 1.000000000000000048e-04
4.250000000000000000e+00 9.732900000000000773e+00 1.155288999999999930e+02 1.800000000000000000e+02 1.076877000000000066e+02 3.000000000000000000e+00 1.000000000000000000e+00 9.900000000000000813e-03 2.500000000000000000e-01 1.000000000000000048e-04
4.299999999999999822e+00 9.729799999999999116e+00 1.155700999999999965e+02 1.800000000000000000e+02 1.077279999999999944e+02 3.000000000000000000e+00 1.000000000000000000e+00 1.000000000000000021e-02 2.500000000000000000e-01 1.000000000000000048e-04
4.349999999999999645e+00 9.726599999999999469e+00 1.156113000000000000e+02 1.800000000000000000e+02 1.077682999999999964e+02 3.000000000000000000e+00 1.000000000000000000e+00 1.020000000000000073e-02 2.500000000000000000e-01 1.000000000000000048e-04
4.400000000000000355e+00 9.723499999999999588e+00 1.156526000000000067e+02 1.800000000000000000e+02 1.078087000000000018e+02 3.000000000000000000e+00 1.000000000000000000e+00 1.030000000000000013e-02 2.500000000000000000e-01 1.000000000000000048e-04
4.450000000000000178e+00 9.720299999999999940e+00 1.156938999999999993e+02 1.800000000000000000e+02 1.078491000000000071e+02 3.000000000000000000e+00 1.000000000000000000e+00 1.039999999999999952e-02 2.500000000000000000e-01 1.000000000000000048e-04
4.500000000000000000e+00 9.717100000000000293e+00 1.157352999999999952e+02 1.800000000000000000e+02 1.078896000000000015e+02 3.000000000000000000e+00 1.000000000000000000e+00 1.050000000000000065e-02 2.500000000000000000e-01 1.000000000000000048e-04
4.549999999999999822e+00 9.714000000000000412e+00 1.157766000000000020e+02 1.800000000000000000e+02 1.079300999999999959e+02 3.000000000000000000e+00 1.000000000000000000e+00 1.060000000000000005e-02 2.500000000000000000e-01 1.000000000000000048e-04
4.599999999999999645e+00 9.710800000000000765e+00 1.158181000000000012e+02 1.800000000000000000e+02 1.079706000000000046e+02 3.000000000000000000e+00 1.000000000000000000e+00 1.080000000000000057e-02 2.500000000000000000e-01 1.000000000000000048e-04
4.650000000000000355e+00 9.707599999999999341e+00 1.158594999999999970e+02 1.800000000000000000e+02 1.080112000000000023e+02 3.000000000000000000e+00 1.000000000000000000e+00 1.089999999999999997e-02 2.500000000000000000e-01 1.000000000000000048e-04
4.700000000000000178e+00 9.704499999999999460e+00 1.159009999999999962e+02 1.800000000000000000e+02 1.080518000000000001e+02 3.000000000000000000e+00 1.000000000000000000e+00 1.099999999999999936e-02 2.500000000000000000e-01 1.000000000000000048e-04
4.750000000000000000e+00 9.701299999999999812e+00 1.159424999999999955e+02 1.800000000000000000e+02 1.080923999999999978e+02 3.000000000000000000e+00 1.000000000000000000e+00 1.110000000000000049e-02 2.500000000000000000e-01 1.000000000000000048e-04
4.799999999999999822e+00 9.698100000000000165e+00 1.159840999999999980e+02 1.800000000000000000e+02 1.081329999999999956e+02 3.000000000000000000e+00 1.000000000000000000e+00 1.129999999999999928e-02 2.500000000000000000e-01 1.000000000000000048e-04
4.849999999999999645e+00 9.695000000000000284e+00 1.160255999999999972e+02 1.800000000000000000e+02 1.081736999999999966e+02 3.000000000000000000e+00 1.000000000000000000e+00 1.140000000000000041e-02 2.500000000000000000e-01 1.000000000000000048e-04
4.900000000000000355e+00 9.691800000000000637e+00 1.160673000000000030e+02 1.800000000000000000e+02 1.082143999999999977e+02 3.000000000000000000e+00 1.000000000000000000e+00 1.149999999999999981e-02 2.500000000000000000e-01 1.000000000000000048e-04
4.950000000000000178e+00 9.688599999999999213e+00 1.161089000000000055e+02 1.800000000000000000e+02 1.082552000000000021e+02 3.000000000000000000e+00 1.000000000000000000e+00 1.159999999999999920e-02 2.500000000000000000e-01 1.000000000000000048e-04
5.000000000000000000e+00 9.685499999999999332e+00 1.161505999999999972e+02 1.800000000000000000e+02 1.082960000000000065e+02 3.000000000000000000e+00 1.000000000000000000e+00 1.170000000000000033e-02 2.500000000000000000e-01 1.000000000000000048e-04
5.049999999999999822e+00 9.682299999999999685e+00 1.161923000000000030e+02 1.800000000000000000e+02 1.083367999999999967e+02 3.000000000000000000e+00 1.000000000000000000e+00 1.190000000000000085e-02 2.500000000000000000e-01 1.000000000000000048e-04
5.099999999999999645e+00 9.679100000000000037e+00 1.162340999999999980e+02 1.800000000000000000e+02 1.083777000000000044e+02 3.000000000000000000e+00 1.000000000000000000e+00 1.200000000000000025e-02 2.500000000000000000e-01 1.000000000000000048e-04
5.150000000000000355e+00 9.676000000000000156e+00 1.162758000000000038e+02 1.800000000000000000e+02 1.084184999999999945e+02 3.000000000000000000e+00 1.000000000000000000e+00 1.209999999999999964e-02 2.500000000000000000e-01 1.000000000000000048e-04
5.200000000000000178e+00 9.672800000000000509e+00 1.163177000000000021e+02 1.800000000000000000e+02 1.084595000000000056e+02 3.000000000000000000e+00 1.000000000000000000e+00 1.220000000000000077e-02 2.500000000000000000e-01 1.000000000000000048e-04
5.250000000000000000e+00 9.669600000000000861e+00 1.163594999999999970e+02 1.800000000000000000e+02 1.085003999999999991e+02 3.000000000000000000e+00 1.000000000000000000e+00 1.239999999999999956e-02 2.500000000000000000e-01 1.000000000000000048e-04
5.299999999999999822e+00 9.666499999999999204e+00 1.164013999999999953e+02 1.800000000000000000e+02 1.085413999999999959e+02 3.000000000000000000e+00 1.000000000000000000e+00 1.250000000000000069e-02 2.500000000000000000e-01 1.000000000000000048e-04
5.349999999999999645e+00 9.663299999999999557e+00 1.164432999999999936e+02 1.800000000000000000e+02 1.085824000000000069e+02 3.000000000000000000e+00 1.000000000000000000e+00 1.260000000000000009e-02 2.500000000000000000e-01 1.000000000000000048e-04
5.400000000000000355e+00 9.660099999999999909e+00 1.164852999999999952e+02 1.800000000000000000e+02 1.086235000000000070e+02 3.000000000000000000e+00 1.000000000000000000e+00 1.269999999999999948e-02 2.500000000000000000e-01 1.000000000000000048e-04
5.450000000000000178e+00 9.656900000000000261e+00 1.165272999999999968e+02 1.800000000000000000e+02 1.086645999999999930e+02 3.000000000000000000e+00 1.000000000000000000e+00 1.290000000000000001e-02 2.500000000000000000e-01 1.000000000000000048e-04
5.500000000000000000e+00 9.653800000000000381e+00 1.165692999999999984e+02 1.800000000000000000e+02 1.087056999999999931e+02 3.000000000000000000e+00 1.000000000000000000e+00 1.299999999999999940e-02 2.500000000000000000e-01 1.000000000000000048e-04
5.549999999999999822e+00 9.650600000000000733e+00 1.166114000000000033e+02 1.800000000000000000e+02 1.087468999999999966e+02 3.000000000000000000e+00 1.000000000000000000e+00 1.310000000000000053e-02 2.500000000000000000e-01 1.000000000000000048e-04
5.599999999999999645e+00 9.647399999999999309e+00 1.166534999999999940e+02 1.800000000000000000e+02 1.087881000000000000e+02 3.000000000000000000e+00 1.000000000000000000e+00 1.319999999999999993e-02 2.500000000000000000e-01 1.000000000000000048e-04
5.650000000000000355e+00 9.644199999999999662e+00 1.166955999999999989e+02 1.800000000000000000e+02 1.088293000000000035e+02 3.000000000000000000e+00 1.000000000000000000e+00 1.340000000000000045e-02 2.500000000000000000e-01 1.000000000000000048e-04
5.700000000000000178e+00 9.641099999999999781e+00 1.167377999999999929e+02 1.800000000000000000e+02 1.088705000000000069e+02 3.000000000000000000e+00 1.000000000000000000e+00 1.349999999999999985e-02 2.500000000000000000e-01 1.000000000000000048e-04
5.750000000000000000e+00 9.637900000000000134e+00 1.167800000000000011e+02 1.800000000000000000e+02 1.089117999999999995e+02 3.000000000000000000e+00 1.000000000000000000e+00 1.359999999999999924e-02 2.500000000000000000e-01 1.000000000000000048e-04
5.799999999999999822e+00 9.634700000000000486e+00 1.168221999999999952e+02 1.800000000000000000e+02 1.089531999999999954e+02 3.000000000000000000e+00 1.000000000000000000e+00 1.370000000000000037e-02 2.500000000000000000e-01 1.000000000000000048e-04
5.849999999999999645e+00 9.631500000000000838e+00 1.168645000000000067e+02 1.800000000000000000e+02 1.089945000000000022e+02 3.000000000000000000e+00 1.000000000000000000e+00 1.389999999999999916e-02 2.500000000000000000e-01 1.000000000000000048e-04
5.900000000000000355e+00 9.628399999999999181e+00 1.169068000000000040e+02 1.800000000000000000e+02 1.090358999999999980e+02 3.000000000000000000e+00 1.000000000000000000e+00 1.400000000000000029e-02 2.500000000000000000e-01 1.000000000000000048e-04
5.950000000000000178e+00 9.625199999999999534e+00 1.169491000000000014e+02 1.800000000000000000e+02 1.090773999999999972e+02 3.000000000000000000e+00 1.000000000000000000e+00 1.409999999999999969e-02 2.500000000000000000e-01 1.000000000000000048e-04
6.000000000000000000e+00 9.621999999999999886e+00 1.169915000000000020e+02 1.800000000000000000e+02 1.091187999999999931e+02 3.000000000000000000e+00 1.000000000000000000e+00 1.420000000000000082e-02 2.500000000000000000e-01 1.000000000000000048e-04
6.049999999999999822e+00 9.618800000000000239e+00 1.170339000000000027e+02 1.800000000000000000e+02 1.091603000000000065e+02 3.000000000000000000e+00 1.000000000000000000e+00 1.439999999999999961e-02 2.500000000000000000e-01 1.000000000000000048e-04
6.099999999999999645e+00 9.615600000000000591e+00 1.170764000000000067e+02 1.800000000000000000e+02 1.092018999999999949e+02 3.000000000000000000e+00 1.000000000000000000e+00 1.450000000000000074e-02 2.500000000000000000e-01 1.000000000000000048e-04
6.150000000000000355e+00 9.612500000000000711e+00 1.171187999999999931e+02 1.800000000000000000e+02 1.092433999999999941e+02 3.000000000000000000e+00 1.000000000000000000e+00 1.460000000000000013e-02 2.500000000000000000e-01 1.000000000000000048e-04
6.200000000000000178e+00 9.609299999999999287e+00 1.171614000000000004e+02 1.800000000000000000e+02 1.092849999999999966e+02 3.000000000000000000e+00 1.000000000000000000e+00 1.469999999999999953e-02 2.500000000000000000e-01 1.000000000000000048e-04
6.250000000000000000e+00 9.606099999999999639e+00 1.172039000000000044e+02 1.800000000000000000e+02 1.093267000000000024e+02 3.000000000000000000e+00 1.000000000000000000e+00 1.490000000000000005e-02 2.500000000000000000e-01 1.000000000000000048e-04
6.299999999999999822e+00 9.602899999999999991e+00 1.172464999999999975e+02 1.800000000000000000e+02 1.093683000000000050e+02 3.000000000000000000e+00 1.000000000000000000e+00 1.499999999999999944e-02 2.500000000000000000e-01 1.000000000000000048e-04
6.349999999999999645e+00 9.599700000000000344e+00 1.172891000000000048e+02 1.800000000000000000e+02 1.094099999999999966e+02 3.000000000000000000e+00 1.000000000000000000e+00 1.510000000000000057e-02 2.500000000000000000e-01 1.000000000000000048e-04
6.400000000000000355e+00 9.596600000000000463e+00 1.173318000000000012e+02 1.800000000000000000e+02 1.094518000000000058e+02 3.000000000000000000e+00 1.000000000000000000e+00 1.519999999999999997e-02 2.500000000000000000e-01 1.000000000000000048e-04
6.450000000000000178e+00 9.593400000000000816e+00 1.173744999999999976e+02 1.800000000000000000e+02 1.094936000000000007e+02 3.000000000000000000e+00 1.000000000000000000e+00 1.540000000000000049e-02 2.500000000000000000e-01 1.000000000000000048e-04
6.500000000000000000e+00 9.590199999999999392e+00 1.174171999999999940e+02 1.800000000000000000e+02 1.095353999999999957e+02 3.000000000000000000e+00 1.000000000000000000e+00 1.549999999999999989e-02 2.500000000000000000e-01 1.000000000000000048e-04
6.549999999999999822e+00 9.586999999999999744e+00 1.174599999999999937e+02 1.800000000000000000e+02 1.095772000000000048e+02 3.000000000000000000e+00 1.000000000000000000e+00 1.559999999999999928e-02 2.500000000000000000e-01 1.000000000000000048e-04
6.599999999999999645e+00 9.583800000000000097e+00 1.175027999999999935e+02 1.800000000000000000e+02 1.096191000000000031e+02 3.000000000000000000e+00 1.000000000000000000e+00 1.580000000000000154e-02 2.500000000000000000e-01 1.000000000000000048e-04
6.650000000000000355e+00 9.580600000000000449e+00 1.175455999999999932e+02 1.800000000000000000e+02 1.096610000000000014e+02 3.000000000000000000e+00 1.000000000000000000e+00 1.590000000000000094e-02 2.500000000000000000e-01 1.000000000000000048e-04
6.700000000000000178e+00 9.577500000000000568e+00 1.175884999999999962e+02 1.800000000000000000e+02 1.097030000000000030e+02 3.000000000000000000e+00 1.000000000000000000e+00 1.600000000000000033e-02 2.500000000000000000e-01 1.000000000000000048e-04
6.750000000000000000e+00 9.574299999999999145e+00 1.176313999999999993e+02 1.800000000000000000e+02 1.097450000000000045e+02 3.000000000000000000e+00 1.000000000000000000e+00 1.609999999999999973e-02 2.500000000000000000e-01 1.000000000000000048e-04
6.799999999999999822e+00 9.571099999999999497e+00 1.176743000000000023e+02 1.800000000000000000e+02 1.097870000000000061e+02 3.000000000000000000e+00 1.000000000000000000e+00 1.629999999999999852e-02 2.500000000000000000e-01 1.000000000000000048e-04
6.849999999999999645e+00 9.567899999999999849e+00 1.177172999999999945e+02 1.800000000000000000e+02 1.098289999999999935e+02 3.000000000000000000e+00 1.000000000000000000e+00 1.640000000000000138e-02 2.500000000000000000e-01 1.000000000000000048e-04
6.900000000000000355e+00 9.564700000000000202e+00 1.177603000000000009e+02 1.800000000000000000e+02 1.098710999999999984e+02 3.000000000000000000e+00 1.000000000000000000e+00 1.650000000000000078e-02 2.500000000000000000e-01 1.000000000000000048e-04
6.950000000000000178e+00 9.561500000000000554e+00 1.178033999999999963e+02 1.800000000000000000e+02 1.099133000000000067e+02 3.000000000000000000e+00 1.000000000000000000e+00 1.660000000000000017e-02 2.500000000000000000e-01 1.000000000000000048e-04
7.000000000000000000e+00 9.558299999999999130e+00 1.178464000000000027e+02 1.800000000000000000e+02 1.099553999999999974e+02 3.000000000000000000e+00 1.000000000000000000e+00 1.679999999999999896e-02 2.500000000000000000e-01 1.000000000000000048e-04
7.049999999999999822e+00 9.555199999999999250e+00 1.178896000000000015e+02 1.800000000000000000e+02 1.099976000000000056e+02 3.000000000000000000e+00 1.000000000000000000e+00 1.689999999999999836e-02 2.500000000000000000e-01 1.000000000000000048e-04
7.099999999999999645e+00 9.551999999999999602e+00 1.179326999999999970e+02 1.800000000000000000e+02 1.100399000000000029e+02 3.000000000000000000e+00 1.000000000000000000e+00 1.700000000000000122e-02 2.500000000000000000e-01 1.000000000000000048e-04
7.150000000000000355e+00 9.548799999999999955e+00 1.179758999999999958e+02 1.800000000000000000e+02 1.100820999999999970e+02 3.000000000000000000e+00 1.000000000000000000e+00 1.720000000000000001e-02 2.500000000000000000e-01 1.000000000000000048e-04
7.200000000000000178e+00 9.545600000000000307e+00 1.180190999999999946e+02 1.800000000000000000e+02 1.101243999999999943e+02 3.000000000000000000e+00 1.000000000000000000e+00 1.729999999999999941e-02 2.500000000000000000e-01 1.000000000000000048e-04
7.250000000000000000e+00 9.542400000000000659e+00 1.180623999999999967e+02 1.800000000000000000e+02 1.101667999999999950e+02 3.000000000000000000e+00 1.000000000000000000e+00 1.739999999999999880e-02 2.500000000000000000e-01 1.000000000000000048e-04
7.299999999999999822e+00 9.539199999999999235e+00 1.181056999999999988e+02 1.800000000000000000e+02 1.102091000000000065e+02 3.000000000000000000e+00 1.000000000000000000e+00 1.750000000000000167e-02 2.500000000000000000e-01 1.000000000000000048e-04
7.349999999999999645e+00 9.535999999999999588e+00 1.181491000000000042e+02 1.800000000000000000e+02 1.102515999999999963e+02 3.000000000000000000e+00 1.000000000000000000e+00 1.770000000000000046e-02 2.500000000000000000e-01 1.000000000000000048e-04
7.400000000000000355e+00 9.532799999999999940e+00 1.181924000000000063e+02 1.800000000000000000e+02 1.102939999999999969e+02 3.000000000000000000e+00 1.000000000000000000e+00 1.779999999999999985e-02 2.500000000000000000e-01 1.000000000000000048e-04
7.450000000000000178e+00 9.529600000000000293e+00 1.182357999999999976e+02 1.800000000000000000e+02 1.103365000000000009e+02 3.000000000000000000e+00 1.000000000000000000e+00 1.789999999999999925e-02 2.500000000000000000e-01 1.000000000000000048e-04
7.500000000000000000e+00 9.526400000000000645e+00 1.182793000000000063e+02 1.800000000000000000e+02 1.103790000000000049e+02 3.000000000000000000e+00 1.000000000000000000e+00 1.799999999999999864e-02 2.500000000000000000e-01 1.000000000000000048e-04
7.549999999999999822e+00 9.523199999999999221e+00 1.183228000000000009e+02 1.800000000000000000e+02 1.104215999999999980e+02 3.000000000000000000e+00 1.000000000000000000e+00 1.820000000000000090e-02 2.500000000000000000e-01 1.000000000000000048e-04
7.599999999999999645e+00 9.519999999999999574e+00 1.183662999999999954e+02 1.800000000000000000e+02 1.104642000000000053e+02 3.000000000000000000e+00 1.000000000000000000e+00 1.830000000000000029e-02 2.500000000000000000e-01 1.000000000000000048e-04
7.650000000000000355e+00 9.516899999999999693e+00 1.184098999999999933e+02 1.800000000000000000e+02 1.105067999999999984e+02 3.000000000000000000e+00 1.000000000000000000e+00 1.839999999999999969e-02 2.500000000000000000e-01 1.000000000000000048e-04
7.700000000000000178e+00 9.513700000000000045e+00 1.184535000000000053e+02 1.800000000000000000e+02 1.105494000000000057e+02 3.000000000000000000e+00 1.000000000000000000e+00 1.859999999999999848e-02 2.500000000000000000e-01 1.000000000000000048e-04
7.750000000000000000e+00 9.510500000000000398e+00 1.184971000000000032e+02 1.800000000000000000e+02 1.105921000000000021e+02 3.000000000000000000e+00 1.000000000000000000e+00 1.870000000000000134e-02 2.500000000000000000e-01 1.000000000000000048e-04
7.799999999999999822e+00 9.507300000000000750e+00 1.185408000000000044e+02 1.800000000000000000e+02 1.106349000000000018e+02 3.000000000000000000e+00 1.000000000000000000e+00 1.880000000000000074e-02 2.500000000000000000e-01 1.000000000000000048e-04
7.849999999999999645e+00 9.504099999999999326e+00 1.185845000000000056e+02 1.800000000000000000e+02 1.106777000000000015e+02 3.000000000000000000e+00 1.000000000000000000e+00 1.899999999999999953e-02 2.500000000000000000e-01 1.000000000000000048e-04
7.900000000000000355e+00 9.500899999999999679e+00 1.186282000000000068e+02 1.800000000000000000e+02 1.107205000000000013e+02 3.000000000000000000e+00 1.000000000000000000e+00 1.909999999999999892e-02 2.500000000000000000e-01 1.000000000000000048e-04
7.950000000000000178e+00 9.497700000000000031e+00 1.186719999999999970e+02 1.800000000000000000e+02 1.107633000000000010e+02 3.000000000000000000e+00 1.000000000000000000e+00 1.919999999999999832e-02 2.500000000000000000e-01 1.000000000000000048e-04
8.000000000000000000e+00 9.494500000000000384e+00 1.187158000000000015e+02 1.800000000000000000e+02 1.108062000000000040e+02 3.000000000000000000e+00 1.000000000000000000e+00 1.930000000000000118e-02 2.500000000000000000e-01 1.000000000000000048e-04
8.050000000000000711e+00 9.491300000000000736e+00 1.187596999999999952e+02 1.800000000000000000e+02 1.108491000000000071e+02 3.000000000000000000e+00 1.000000000000000000e+00 1.949999999999999997e-02 2.500000000000000000e-01 1.000000000000000048e-04
8.099999999999999645e+00 9.488099999999999312e+00 1.188036000000000030e+02 1.800000000000000000e+02 1.108920999999999992e+02 3.000000000000000000e+00 1.000000000000000000e+00 1.959999999999999937e-02 2.500000000000000000e-01 1.000000000000000048e-04
8.150000000000000355e+00 9.484899999999999665e+00 1.188474999999999966e+02 1.800000000000000000e+02 1.109350000000000023e+02 3.000000000000000000e+00 1.000000000000000000e+00 1.969999999999999876e-02 2.500000000000000000e-01 1.000000000000000048e-04
8.199999999999999289e+00 9.481700000000000017e+00 1.188914000000000044e+02 1.800000000000000000e+02 1.109780999999999977e+02 3.000000000000000000e+00 1.000000000000000000e+00 1.990000000000000102e-02 2.500000000000000000e-01 1.000000000000000048e-04
8.250000000000000000e+00 9.478500000000000369e+00 1.189355000000000047e+02 1.800000000000000000e+02 1.110211000000000041e+02 3.000000000000000000e+00 1.000000000000000000e+00 2.000000000000000042e-02 2.500000000000000000e-01 1.000000000000000048e-04
8.300000000000000711e+00 9.475300000000000722e+00 1.189795000000000016e+02 1.800000000000000000e+02 1.110641999999999996e+02 3.000000000000000000e+00 1.000000000000000000e+00 2.009999999999999981e-02 2.500000000000000000e-01 1.000000000000000048e-04
8.349999999999999645e+00 9.472099999999999298e+00 1.190236000000000018e+02 1.800000000000000000e+02 1.111073999999999984e+02 3.000000000000000000e+00 1.000000000000000000e+00 2.029999999999999860e-02 2.500000000000000000e-01 1.000000000000000048e-04
8.400000000000000355e+00 9.468899999999999650e+00 1.190677000000000021e+02 1.800000000000000000e+02 1.111504999999999939e+02 3.000000000000000000e+00 1.000000000000000000e+00 2.040000000000000147e-02 2.500000000000000000e-01 1.000000000000000048e-04
8.449999999999999289e+00 9.465700000000000003e+00 1.191118000000000023e+02 1.800000000000000000e+02 1.111937999999999960e+02 3.000000000000000000e+00 1.000000000000000000e+00 2.050000000000000086e-02 2.500000000000000000e-01 1.000000000000000048e-04
8.500000000000000000e+00 9.462500000000000355e+00 1.191560000000000059e+02 1.800000000000000000e+02 1.112369999999999948e+02 3.000000000000000000e+00 1.000000000000000000e+00 2.060000000000000026e-02 2.500000000000000000e-01 1.000000000000000048e-04
8.550000000000000711e+00 9.459300000000000708e+00 1.192002999999999986e+02 1.800000000000000000e+02 1.112802999999999969e+02 3.000000000000000000e+00 1.000000000000000000e+00 2.079999999999999905e-02 2.500000000000000000e-01 1.000000000000000048e-04
8.599999999999999645e+00 9.456099999999999284e+00 1.192445000000000022e+02 1.800000000000000000e+02 1.113235999999999990e+02 3.000000000000000000e+00 1.000000000000000000e+00 2.089999999999999844e-02 2.500000000000000000e-01 1.000000000000000048e-04
8.650000000000000355e+00 9.452899999999999636e+00 1.192887999999999948e+02 1.800000000000000000e+02 1.113670000000000044e+02 3.000000000000000000e+00 1.000000000000000000e+00 2.100000000000000130e-02 2.500000000000000000e-01 1.000000000000000048e-04
8.699999999999999289e+00 9.449600000000000222e+00 1.193332000000000050e+02 1.800000000000000000e+02 1.114103999999999957e+02 3.000000000000000000e+00 1.000000000000000000e+00 2.120000000000000009e-02 2.500000000000000000e-01 1.000000000000000048e-04
8.750000000000000000e+00 9.446400000000000574e+00 1.193776000000000010e+02 1.800000000000000000e+02 1.114538000000000011e+02 3.000000000000000000e+00 1.000000000000000000e+00 2.129999999999999949e-02 2.500000000000000000e-01 1.000000000000000048e-04
8.800000000000000711e+00 9.443199999999999150e+00 1.194219999999999970e+02 1.800000000000000000e+02 1.114972999999999956e+02 3.000000000000000000e+00 1.000000000000000000e+00 2.139999999999999888e-02 2.500000000000000000e-01 1.000000000000000048e-04
8.849999999999999645e+00 9.439999999999999503e+00 1.194663999999999930e+02 1.800000000000000000e+02 1.115408000000000044e+02 3.000000000000000000e+00 1.000000000000000000e+00 2.160000000000000114e-02 2.500000000000000000e-01 1.000000000000000048e-04
8.900000000000000355e+00 9.436799999999999855e+00 1.195109000000000066e+02 1.800000000000000000e+02 1.115842999999999989e+02 3.000000000000000000e+00 1.000000000000000000e+00 2.170000000000000054e-02 2.500000000000000000e-01 1.000000000000000048e-04
8.949999999999999289e+00 9.433600000000000207e+00 1.195554999999999950e+02 1.800000000000000000e+02 1.116278999999999968e+02 3.000000000000000000e+00 1.000000000000000000e+00 2.179999999999999993e-02 2.500000000000000000e-01 1.000000000000000048e-04
9.000000000000000000e+00 9.430400000000000560e+00 1.195999999999999943e+02 1.800000000000000000e+02 1.116714999999999947e+02 3.000000000000000000e+00 1.000000000000000000e+00 2.199999999999999872e-02 2.500000000000000000e-01 1.000000000000000048e-04
9.050000000000000711e+00 9.427199999999999136e+00 1.196445999999999970e+02 1.800000000000000000e+02 1.117151999999999958e+02 3.000000000000000000e+00 1.000000000000000000e+00 2.210000000000000159e-02 2.500000000000000000e-01 1.000000000000000048e-04
9.099999999999999645e+00 9.423999999999999488e+00 1.196893000000000029e+02 1.800000000000000000e+02 1.117588999999999970e+02 3.000000000000000000e+00 1.000000000000000000e+00 2.220000000000000098e-02 2.500000000000000000e-01 1.000000000000000048e-04
9.150000000000000355e+00 9.420799999999999841e+00 1.197339999999999947e+02 1.800000000000000000e+02 1.118025999999999982e+02 3.000000000000000000e+00 1.000000000000000000e+00 2.239999999999999977e-02 2.500000000000000000e-01 1.000000000000000048e-04
9.199999999999999289e+00 9.417600000000000193e+00 1.197787000000000006e+02 1.800000000000000000e+02 1.118464000000000027e+02 3.000000000000000000e+00 1.000000000000000000e+00 2.249999999999999917e-02 2.500000000000000000e-01 1.000000000000000048e-04
9.250000000000000000e+00 9.414300000000000779e+00 1.198234999999999957e+02 1.800000000000000000e+02 1.118901999999999930e+02 3.000000000000000000e+00 1.000000000000000000e+00 2.259999999999999856e-02 2.500000000000000000e-01 1.000000000000000048e-04
9.300000000000000711e+00 9.411099999999999355e+00 1.198683000000000050e+02 1.800000000000000000e+02 1.119339999999999975e+02 3.000000000000000000e+00 1.000000000000000000e+00 2.280000000000000082e-02 2.500000000000000000e-01 1.000000000000000048e-04
9.349999999999999645e+00 9.407899999999999707e+00 1.199131000000000000e+02 1.800000000000000000e+02 1.119779000000000053e+02 3.000000000000000000e+00 1.000000000000000000e+00 2.290000000000000022e-02 2.500000000000000000e-01 1.000000000000000048e-04
9.400000000000000355e+00 9.404700000000000060e+00 1.199579999999999984e+02 1.800000000000000000e+02 1.120217999999999989e+02 3.000000000000000000e+00 1.000000000000000000e+00 2.299999999999999961e-02 2.500000000000000000e-01 1.000000000000000048e-04
9.449999999999999289e+00 9.401500000000000412e+00 1.200028999999999968e+02 1.800000000000000000e+02 1.120657999999999959e+02 3.000000000000000000e+00 1.000000000000000000e+00 2.319999999999999840e-02 2.500000000000000000e-01 1.000000000000000048e-04
9.500000000000000000e+00 9.398300000000000765e+00 1.200477999999999952e+02 1.800000000000000000e+02 1.121098000000000070e+02 3.000000000000000000e+00 1.000000000000000000e+00 2.330000000000000127e-02 2.500000000000000000e-01 1.000000000000000048e-04
9.550000000000000711e+00 9.395099999999999341e+00 1.200927999999999969e+02 1.800000000000000000e+02 1.121538000000000039e+02 3.000000000000000000e+00 1.000000000000000000e+00 2.340000000000000066e-02 2.500000000000000000e-01 1.000000000000000048e-04
9.599999999999999645e+00 9.391899999999999693e+00 1.201379000000000019e+02 1.800000000000000000e+02 1.121979000000000042e+02 3.000000000000000000e+00 1.000000000000000000e+00 2.359999999999999945e-02 2.500000000000000000e-01 1.000000000000000048e-04
9.650000000000000355e+00 9.388600000000000279e+00 1.201829000000000036e+02 1.800000000000000000e+02 1.122420000000000044e+02 3.000000000000000000e+00 1.000000000000000000e+00 2.369999999999999885e-02 2.500000000000000000e-01 1.000000000000000048e-04
9.699999999999999289e+00 9.385400000000000631e+00 1.202280999999999977e+02 1.800000000000000000e+02 1.122861999999999938e+02 3.000000000000000000e+00 1.000000000000000000e+00 2.380000000000000171e-02 2.500000000000000000e-01 1.000000000000000048e-04
9.750000000000000000e+00 9.382199999999999207e+00 1.202732000000000028e+02 1.800000000000000000e+02 1.123302999999999940e+02 3.000000000000000000e+00 1.000000000000000000e+00 2.400000000000000050e-02 2.500000000000000000e-01 1.000000000000000048e-04
9.800000000000000711e+00 9.378999999999999559e+00 1.203183999999999969e+02 1.800000000000000000e+02 1.123746000000000009e+02 3.000000000000000000e+00 1.000000000000000000e+00 2.409999999999999989e-02 2.500000000000000000e-01 1.000000000000000048e-04
9.849999999999999645e+00 9.375799999999999912e+00 1.203636000000000053e+02 1.800000000000000000e+02 1.124188000000000045e+02 3.000000000000000000e+00 1.000000000000000000e+00 2.419999999999999929e-02 2.500000000000000000e-01 1.000000000000000048e-04
9.900000000000000355e+00 9.372600000000000264e+00 1.204089000000000027e+02 1.800000000000000000e+02 1.124630999999999972e+02 3.000000000000000000e+00 1.000000000000000000e+00 2.440000000000000155e-02 2.500000000000000000e-01 1.000000000000000048e-04
9.949999999999999289e+00 9.369300000000000850e+00 1.204542000000000002e+02 1.800000000000000000e+02 1.125074999999999932e+02 3.000000000000000000e+00 1.000000000000000000e+00 2.450000000000000094e-02 2.500000000000000000e-01 1.000000000000000048e-04
1.000000000000000000e+01 9.366099999999999426e+00 1.204994999999999976e+02 1.800000000000000000e+02 1.125519000000000034e+02 3.000000000000000000e+00 1.000000000000000000e+00 2.460000000000000034e-02 2.500000000000000000e-01 1.000000000000000048e-04
1.005000000000000071e+01 9.362899999999999778e+00 1.205448999999999984e+02 1.800000000000000000e+02 1.125962999999999994e+02 3.000000000000000000e+00 1.000000000000000000e+00 2.479999999999999913e-02 2.500000000000000000e-01 1.000000000000000048e-04
1.009999999999999964e+01 9.359700000000000131e+00 1.205904000000000025e+02 1.800000000000000000e+02 1.126406999999999954e+02 3.000000000000000000e+00 1.000000000000000000e+00 2.489999999999999852e-02 2.500000000000000000e-01 1.000000000000000048e-04
1.015000000000000036e+01 9.356400000000000716e+00 1.206358000000000033e+02 1.800000000000000000e+02 1.126851999999999947e+02 3.000000000000000000e+00 1.000000000000000000e+00 2.500000000000000139e-02 2.500000000000000000e-01 1.000000000000000048e-04
1.019999999999999929e+01 9.353199999999999292e+00 1.206812999999999931e+02 1.800000000000000000e+02 1.127297999999999973e+02 3.000000000000000000e+00 1.000000000000000000e+00 2.520000000000000018e-02 2.500000000000000000e-01 1.000000000000000048e-04
1.025000000000000000e+01 9.349999999999999645e+00 1.207269000000000005e+02 1.800000000000000000e+02 1.127744000000000000e+02 3.000000000000000000e+00 1.000000000000000000e+00 2.529999999999999957e-02 2.500000000000000000e-01 1.000000000000000048e-04
1.030000000000000071e+01 9.346799999999999997e+00 1.207724999999999937e+02 1.800000000000000000e+02 1.128190000000000026e+02 3.000000000000000000e+00 1.000000000000000000e+00 2.539999999999999897e-02 2.500000000000000000e-01 1.000000000000000048e-04
1.034999999999999964e+01 9.343600000000000350e+00 1.208181000000000012e+02 1.800000000000000000e+02 1.128636000000000053e+02 3.000000000000000000e+00 1.000000000000000000e+00 2.560000000000000123e-02 2.500000000000000000e-01 1.000000000000000048e-04
1.040000000000000036e+01 9.340299999999999159e+00 1.208636999999999944e+02 1.800000000000000000e+02 1.129082999999999970e+02 3.000000000000000000e+00 1.000000000000000000e+00 2.570000000000000062e-02 2.500000000000000000e-01 1.000000000000000048e-04
1.044999999999999929e+01 9.337099999999999511e+00 1.209094000000000051e+02 1.800000000000000000e+02 1.129530000000000030e+02 3.000000000000000000e+00 1.000000000000000000e+00 2.580000000000000002e-02 2.500000000000000000e-01 1.000000000000000048e-04
1.050000000000000000e+01 9.333899999999999864e+00 1.209552000000000049e+02 1.800000000000000000e+02 1.129977999999999980e+02 3.000000000000000000e+00 1.000000000000000000e+00 2.599999999999999881e-02 2.500000000000000000e-01 1.000000000000000048e-04
1.055000000000000071e+01 9.330700000000000216e+00 1.210010000000000048e+02 1.800000000000000000e+02 1.130425999999999931e+02 3.000000000000000000e+00 1.000000000000000000e+00 2.610000000000000167e-02 2.500000000000000000e-01 1.000000000000000048e-04
1.059999999999999964e+01 9.327400000000000801e+00 1.210468000000000046e+02 1.800000000000000000e+02 1.130875000000000057e+02 3.000000000000000000e+00 1.000000000000000000e+00 2.620000000000000107e-02 2.500000000000000000e-01 1.000000000000000048e-04
1.065000000000000036e+01 9.324199999999999378e+00 1.210926999999999936e+02 1.800000000000000000e+02 1.131324000000000041e+02 3.000000000000000000e+00 1.000000000000000000e+00 2.639999999999999986e-02 2.500000000000000000e-01 1.000000000000000048e-04
1.069999999999999929e+01 9.320999999999999730e+00 1.211385999999999967e+02 1.800000000000000000e+02 1.131773000000000025e+02 3.000000000000000000e+00 1.000000000000000000e+00 2.649999999999999925e-02 2.500000000000000000e-01 1.000000000000000048e-04
1.075000000000000000e+01 9.317800000000000082e+00 1.211844999999999999e+02 1.800000000000000000e+02 1.132223000000000042e+02 3.000000000000000000e+00 1.000000000000000000e+00 2.659999999999999865e-02 2.500000000000000000e-01 1.000000000000000048e-04
1.080000000000000071e+01 9.314500000000000668e+00 1.212305000000000064e+02 1.800000000000000000e+02 1.132673000000000059e+02 3.000000000000000000e+00 1.000000000000000000e+00 2.680000000000000090e-02 2.500000000000000000e-01 1.000000000000000048e-04
1.084999999999999964e+01 9.311299999999999244e+00 1.212764999999999986e+02 1.800000000000000000e+02 1.133122999999999934e+02 3.000000000000000000e+00 1.000000000000000000e+00 2.690000000000000030e-02 2.500000000000000000e-01 1.000000000000000048e-04
1.090000000000000036e+01 9.308099999999999596e+00 1.213225999999999942e+02 1.800000000000000000e+02 1.133573999999999984e+02 3.000000000000000000e+00 1.000000000000000000e+00 2.709999999999999909e-02 2.500000000000000000e-01 1.000000000000000048e-04
1.094999999999999929e+01 9.304800000000000182e+00 1.213687000000000040e+02 1.800000000000000000e+02 1.134025000000000034e+02 3.000000000000000000e+00 1.000000000000000000e+00 2.719999999999999848e-02 2.500000000000000000e-01 1.000000000000000048e-04
1.100000000000000000e+01 9.301600000000000534e+00 1.214147999999999996e+02 1.800000000000000000e+02 1.134476999999999975e+02 3.000000000000000000e+00 1.000000000000000000e+00 2.730000000000000135e-02 2.500000000000000000e-01 1.000000000000000048e-04
1.105000000000000071e+01 9.298400000000000887e+00 1.214609999999999985e+02 1.800000000000000000e+02 1.134929000000000059e+02 3.000000000000000000e+00 1.000000000000000000e+00 2.750000000000000014e-02 2.500000000000000000e-01 1.000000000000000048e-04
1.109999999999999964e+01 9.295099999999999696e+00 1.215071999999999974e+02 1.800000000000000000e+02 1.135381000000000000e+02 3.000000000000000000e+00 1.000000000000000000e+00 2.759999999999999953e-02 2.500000000000000000e-01 1.000000000000000048e-04
1.115000000000000036e+01 9.291900000000000048e+00 1.215534999999999997e+02 1.800000000000000000e+02 1.135833999999999975e+02 3.000000000000000000e+00 1.000000000000000000e+00 2.769999999999999893e-02 2.500000000000000000e-01 1.000000000000000048e-04
1.119999999999999929e+01 9.288700000000000401e+00 1.215998000000000019e+02 1.800000000000000000e+02 1.136286999999999949e+02 3.000000000000000000e+00 1.000000000000000000e+00 2.790000000000000119e-02 2.500000000000000000e-01 1.000000000000000048e-04
1.125000000000000000e+01 9.285399999999999210e+00 1.216461999999999932e+02 1.800000000000000000e+02 1.136740999999999957e+02 3.000000000000000000e+00 1.000000000000000000e+00 2.800000000000000058e-02 2.500000000000000000e-01 1.000000000000000048e-04
1.130000000000000071e+01 9.282199999999999562e+00 1.216925999999999988e+02 1.800000000000000000e+02 1.137194999999999965e+02 3.000000000000000000e+00 1.000000000000000000e+00 2.819999999999999937e-02 2.500000000000000000e-01 1.000000000000000048e-04
1.134999999999999964e+01 9.278999999999999915e+00 1.217390000000000043e+02 1.800000000000000000e+02 1.137650000000000006e+02 3.000000000000000000e+00 1.000000000000000000e+00 2.829999999999999877e-02 2.500000000000000000e-01 1.000000000000000048e-04
1.140000000000000036e+01 9.275700000000000500e+00 1.217854999999999990e+02 1.800000000000000000e+02 1.138104000000000013e+02 3.000000000000000000e+00 1.000000000000000000e+00 2.840000000000000163e-02 2.500000000000000000e-01 1.000000000000000048e-04
1.144999999999999929e+01 9.272500000000000853e+00 1.218319999999999936e+02 1.800000000000000000e+02 1.138559999999999945e+02 3.000000000000000000e+00 1.000000000000000000e+00 2.860000000000000042e-02 2.500000000000000000e-01 1.000000000000000048e-04
1.150000000000000000e+01 9.269299999999999429e+00 1.218785000000000025e+02 1.800000000000000000e+02 1.139014999999999986e+02 3.000000000000000000e+00 1.000000000000000000e+00 2.869999999999999982e-02 2.500000000000000000e-01 1.000000000000000048e-04
1.155000000000000071e+01 9.266000000000000014e+00 1.219251000000000005e+02 1.800000000000000000e+02 1.139471000000000060e+02 3.000000000000000000e+00 1.000000000000000000e+00 2.879999999999999921e-02 2.500000000000000000e-01 1.000000000000000048e-04
1.159999999999999964e+01 9.262800000000000367e+00 1.219718000000000018e+02 1.800000000000000000e+02 1.139928000000000026e+02 3.000000000000000000e+00 1.000000000000000000e+00 2.900000000000000147e-02 2.500000000000000000e-01 1.000000000000000048e-04
1.165000000000000036e+01 9.259600000000000719e+00 1.220183999999999997e+02 1.800000000000000000e+02 1.140384999999999991e+02 3.000000000000000000e+00 1.000000000000000000e+00 2.910000000000000087e-02 2.500000000000000000e-01 1.000000000000000048e-04
1.169999999999999929e+01 9.256299999999999528e+00 1.220652000000000044e+02 1.800000000000000000e+02 1.140841999999999956e+02 3.000000000000000000e+00 1.000000000000000000e+00 2.929999999999999966e-02 2.500000000000000000e-01 1.000000000000000048e-04
1.175000000000000000e+01 9.253099999999999881e+00 1.221119000000000057e+02 1.800000000000000000e+02 1.141299999999999955e+02 3.000000000000000000e+00 1.000000000000000000e+00 2.939999999999999905e-02 2.500000000000000000e-01 1.000000000000000048e-04
1.180000000000000071e+01 9.249800000000000466e+00 1.221586999999999961e+02 1.800000000000000000e+02 1.141757999999999953e+02 3.000000000000000000e+00 1.000000000000000000e+00 2.949999999999999845e-02 2.500000000000000000e-01 1.000000000000000048e-04
1.184999999999999964e+01 9.246600000000000819e+00 1.222056000000000040e+02 1.800000000000000000e+02 1.142215999999999951e+02 3.000000000000000000e+00 1.000000000000000000e+00 2.970000000000000070e-02 2.500000000000000000e-01 1.000000000000000048e-04
1.190000000000000036e+01 9.243399999999999395e+00 1.222524999999999977e+02 1.800000000000000000e+02 1.142674999999999983e+02 3.000000000000000000e+00 1.000000000000000000e+00 2.980000000000000010e-02 2.500000000000000000e-01 1.000000000000000048e-04
1.194999999999999929e+01 9.240099999999999980e+00 1.222994000000000057e+02 1.800000000000000000e+02 1.143135000000000048e+02 3.000000000000000000e+00 1.000000000000000000e+00 2.999999999999999889e-02 2.500000000000000000e-01 1.000000000000000048e-04
1.200000000000000000e+01 9.236900000000000333e+00 1.223464000000000027e+02 1.800000000000000000e+02 1.143593999999999937e+02 3.000000000000000000e+00 1.000000000000000000e+00 3.009999999999999828e-02 2.500000000000000000e-01 1.000000000000000048e-04
1.205000000000000071e+01 9.233599999999999142e+00 1.223933999999999997e+02 1.800000000000000000e+02 1.144055000000000035e+02 3.000000000000000000e+00 1.000000000000000000e+00 3.020000000000000115e-02 2.500000000000000000e-01 1.000000000000000048e-04
1.209999999999999964e+01 9.230399999999999494e+00 1.224403999999999968e+02 1.800000000000000000e+02 1.144514999999999958e+02 3.000000000000000000e+00 1.000000000000000000e+00 3.039999999999999994e-02 2.500000000000000000e-01 1.000000000000000048e-04
1.215000000000000036e+01 9.227100000000000080e+00 1.224874999999999972e+02 1.800000000000000000e+02 1.144976000000000056e+02 3.000000000000000000e+00 1.000000000000000000e+00 3.049999999999999933e-02 2.500000000000000000e-01 1.000000000000000048e-04
1.219999999999999929e+01 9.223900000000000432e+00 1.225347000000000008e+02 1.800000000000000000e+02 1.145437000000000012e+02 3.000000000000000000e+00 1.000000000000000000e+00 3.059999999999999873e-02 2.500000000000000000e-01 1.000000000000000048e-04
1.225000000000000000e+01 9.220700000000000784e+00 1.225818000000000012e+02 1.800000000000000000e+02 1.145899000000000001e+02 3.000000000000000000e+00 1.000000000000000000e+00 3.080000000000000099e-02 2.500000000000000000e-01 1.000000000000000048e-04
1.230000000000000071e+01 9.217399999999999594e+00 1.226290999999999940e+02 1.800000000000000000e+02 1.146360999999999990e+02 3.000000000000000000e+00 1.000000000000000000e+00 3.090000000000000038e-02 2.500000000000000000e-01 1.000000000000000048e-04
1.234999999999999964e+01 9.214199999999999946e+00 1.226762999999999977e+02 1.800000000000000000e+02 1.146824000000000012e+02 3.000000000000000000e+00 1.000000000000000000e+00 3.109999999999999917e-02 2.500000000000000000e-01 1.000000000000000048e-04
1.240000000000000036e+01 9.210900000000000531e+00 1.227236000000000047e+02 1.800000000000000000e+02 1.147287000000000035e+02 3.000000000000000000e+00 1.000000000000000000e+00 3.119999999999999857e-02 2.500000000000000000e-01 1.000000000000000048e-04
1.244999999999999929e+01 9.207700000000000884e+00 1.227710000000000008e+02 1.800000000000000000e+02 1.147750999999999948e+02 3.000000000000000000e+00 1.000000000000000000e+00 3.130000000000000143e-02 2.500000000000000000e-01 1.000000000000000048e-04
1.250000000000000000e+01 9.204399999999999693e+00 1.228183999999999969e+02 1.800000000000000000e+02 1.148213999999999970e+02 3.000000000000000000e+00 1.000000000000000000e+00 3.150000000000000022e-02 2.500000000000000000e-01 1.000000000000000048e-04
1.255000000000000071e+01 9.201200000000000045e+00 1.228657999999999930e+02 1.800000000000000000e+02 1.148679000000000059e+02 3.000000000000000000e+00 1.000000000000000000e+00 3.160000000000000309e-02 2.500000000000000000e-01 1.000000000000000048e-04
1.259999999999999964e+01 9.197900000000000631e+00 1.229133000000000067e+02 1.800000000000000000e+02 1.149144000000000005e+02 3.000000000000000000e+00 1.000000000000000000e+00 3.180000000000000188e-02 2.500000000000000000e-01 1.000000000000000048e-04
1.265000000000000036e+01 9.194699999999999207e+00 1.229608000000000061e+02 1.800000000000000000e+02 1.149608999999999952e+02 3.000000000000000000e+00 1.000000000000000000e+00 3.189999999999999780e-02 2.500000000000000000e-01 1.000000000000000048e-04
1.269999999999999929e+01 9.191399999999999793e+00 1.230083999999999946e+02 1.800000000000000000e+02 1.150074000000000041e+02 3.000000000000000000e+00 1.000000000000000000e+00 3.200000000000000067e-02 2.500000000000000000e-01 1.000000000000000048e-04
1.275000000000000000e+01 9.188200000000000145e+00 1.230559999999999974e+02 1.800000000000000000e+02 1.150540000000000020e+02 3.000000000000000000e+00 1.000000000000000000e+00 3.219999999999999946e-02 2.500000000000000000e-01 1.000000000000000048e-04
1.280000000000000071e+01 9.184900000000000730e+00 1.231036000000000001e+02 1.800000000000000000e+02 1.151007000000000033e+02 3.000000000000000000e+00 1.000000000000000000e+00 3.230000000000000232e-02 2.500000000000000000e-01 1.000000000000000048e-04
1.284999999999999964e+01 9.181699999999999307e+00 1.231513000000000062e+02 1.800000000000000000e+02 1.151473000000000013e+02 3.000000000000000000e+00 1.000000000000000000e+00 3.250000000000000111e-02 2.500000000000000000e-01 1.000000000000000048e-04
1.290000000000000036e+01 9.178399999999999892e+00 1.231989999999999981e+02 1.800000000000000000e+02 1.151941000000000059e+02 3.000000000000000000e+00 1.000000000000000000e+00 3.259999999999999704e-02 2.500000000000000000e-01 1.000000000000000048e-04
1.294999999999999929e+01 9.175200000000000244e+00 1.232467999999999932e+02 1.800000000000000000e+02 1.152407999999999930e+02 3.000000000000000000e+00 1.000000000000000000e+00 3.280000000000000276e-02 2.500000000000000000e-01 1.000000000000000048e-04
1.300000000000000000e+01 9.171900000000000830e+00 1.232946000000000026e+02 1.800000000000000000e+02 1.152875999999999976e+02 3.000000000000000000e+00 1.000000000000000000e+00 3.289999999999999869e-02 2.500000000000000000e-01 1.000000000000000048e-04
1.305000000000000071e+01 9.168699999999999406e+00 1.233425000000000011e+02 1.800000000000000000e+02 1.153345000000000056e+02 3.000000000000000000e+00 1.000000000000000000e+00 3.300000000000000155e-02 2.500000000000000000e-01 1.000000000000000048e-04
1.309999999999999964e+01 9.165399999999999991e+00 1.233903999999999996e+02 1.800000000000000000e+02 1.153813999999999993e+02 3.000000000000000000e+00 1.000000000000000000e+00 3.320000000000000034e-02 2.500000000000000000e-01 1.000000000000000048e-04
1.315000000000000036e+01 9.162100000000000577e+00 1.234384000000000015e+02 1.800000000000000000e+02 1.154282999999999930e+02 3.000000000000000000e+00 1.000000000000000000e+00 3.330000000000000321e-02 2.500000000000000000e-01 1.000000000000000048e-04
1.319999999999999929e+01 9.158899999999999153e+00 1.234864000000000033e+02 1.800000000000000000e+02 1.154753000000000043e+02 3.000000000000000000e+00 1.000000000000000000e+00 3.350000000000000200e-02 2.500000000000000000e-01 1.000000000000000048e-04
1.325000000000000000e+01 9.155599999999999739e+00 1.235344000000000051e+02 1.800000000000000000e+02 1.155223000000000013e+02 3.000000000000000000e+00 1.000000000000000000e+00 3.359999999999999792e-02 2.500000000000000000e-01 1.000000000000000048e-04
1.330000000000000071e+01 9.152400000000000091e+00 1.235824999999999960e+02 1.800000000000000000e+02 1.155694000000000017e+02 3.000000000000000000e+00 1.000000000000000000e+00 3.370000000000000079e-02 2.500000000000000000e-01 1.000000000000000048e-04
1.334999999999999964e+01 9.149100000000000676e+00 1.236306000000000012e+02 1.800000000000000000e+02 1.156165000000000020e+02 3.000000000000000000e+00 1.000000000000000000e+00 3.389999999999999958e-02 2.500000000000000000e-01 1.000000000000000048e-04
1.340000000000000036e+01 9.145899999999999253e+00 1.236787999999999954e+02 1.800000000000000000e+02 1.156636000000000024e+02 3.000000000000000000e+00 1.000000000000000000e+00 3.400000000000000244e-02 2.500000000000000000e-01 1.000000000000000048e-04
1.344999999999999929e+01 9.142599999999999838e+00 1.237270000000000039e+02 1.800000000000000000e+02 1.157108000000000061e+02 3.000000000000000000e+00 1.000000000000000000e+00 3.420000000000000123e-02 2.500000000000000000e-01 1.000000000000000048e-04
1.350000000000000000e+01 9.139300000000000423e+00 1.237751999999999981e+02 1.800000000000000000e+02 1.157580999999999989e+02 3.000000000000000000e+00 1.000000000000000000e+00 3.429999999999999716e-02 2.500000000000000000e-01 1.000000000000000048e-04
1.355000000000000071e+01 9.136100000000000776e+00 1.238234999999999957e+02 1.800000000000000000e+02 1.158053000000000026e+02 3.000000000000000000e+00 1.000000000000000000e+00 3.450000000000000289e-02 2.500000000000000000e-01 1.000000000000000048e-04
1.359999999999999964e+01 9.132799999999999585e+00 1.238718999999999966e+02 1.800000000000000000e+02 1.158526999999999987e+02 3.000000000000000000e+00 1.000000000000000000e+00 3.459999999999999881e-02 2.500000000000000000e-01 1.000000000000000048e-04
1.365000000000000036e+01 9.129599999999999937e+00 1.239202999999999975e+02 1.800000000000000000e+02 1.159000000000000057e+02 3.000000000000000000e+00 1.000000000000000000e+00 3.470000000000000168e-02 2.500000000000000000e-01 1.000000000000000048e-04
1.369999999999999929e+01 9.126300000000000523e+00 1.239686999999999983e+02 1.800000000000000000e+02 1.159474000000000018e+02 3.000000000000000000e+00 1.000000000000000000e+00 3.490000000000000047e-02 2.500000000000000000e-01 1.000000000000000048e-04
1.375000000000000000e+01 9.122999999999999332e+00 1.240172000000000025e+02 1.800000000000000000e+02 1.159949000000000012e+02 3.000000000000000000e+00 1.000000000000000000e+00 3.500000000000000333e-02 2.500000000000000000e-01 1.000000000000000048e-04
1.380000000000000071e+01 9.119799999999999685e+00 1.240657000000000068e+02 1.800000000000000000e+02 1.160424000000000007e+02 3.000000000000000000e+00 1.000000000000000000e+00 3.520000000000000212e-02 2.500000000000000000e-01 1.000000000000000048e-04
1.384999999999999964e+01 9.116500000000000270e+00 1.241143000000000001e+02 1.800000000000000000e+02 1.160899000000000001e+02 3.000000000000000000e+00 1.000000000000000000e+00 3.529999999999999805e-02 2.500000000000000000e-01 1.000000000000000048e-04
1.390000000000000036e+01 9.113200000000000855e+00 1.241628999999999934e+02 1.800000000000000000e+02 1.161375000000000028e+02 3.000000000000000000e+00 1.000000000000000000e+00 3.549999999999999684e-02 2.500000000000000000e-01 1.000000000000000048e-04
1.394999999999999929e+01 9.109999999999999432e+00 1.242115000000000009e+02 1.800000000000000000e+02 1.161851000000000056e+02 3.000000000000000000e+00 1.000000000000000000e+00 3.559999999999999970e-02 2.500000000000000000e-01 1.000000000000000048e-04
1.400000000000000000e+01 9.106700000000000017e+00 1.242601999999999975e+02 1.800000000000000000e+02 1.162327999999999975e+02 3.000000000000000000e+00 1.000000000000000000e+00 3.579999999999999849e-02 2.500000000000000000e-01 1.000000000000000048e-04
1.405000000000000071e+01 9.103400000000000603e+00 1.243089999999999975e+02 1.800000000000000000e+02 1.162805000000000035e+02 3.000000000000000000e+00 1.000000000000000000e+00 3.590000000000000135e-02 2.500000000000000000e-01 1.000000000000000048e-04
1.409999999999999964e+01 9.100199999999999179e+00 1.243576999999999941e+02 1.800000000000000000e+02 1.163282999999999987e+02 3.000000000000000000e+00 1.000000000000000000e+00 3.599999999999999728e-02 2.500000000000000000e-01 1.000000000000000048e-04
1.415000000000000036e+01 9.096899999999999764e+00 1.244065999999999974e+02 1.800000000000000000e+02 1.163760999999999939e+02 3.000000000000000000e+00 1.000000000000000000e+00 3.620000000000000301e-02 2.500000000000000000e-01 1.000000000000000048e-04
1.419999999999999929e+01 9.093600000000000350e+00 1.244553999999999974e+02 1.800000000000000000e+02 1.164239000000000033e+02 3.000000000000000000e+00 1.000000000000000000e+00 3.629999999999999893e-02 2.500000000000000000e-01 1.000000000000000048e-04
1.425000000000000000e+01 9.090400000000000702e+00 1.245044000000000040e+02 1.800000000000000000e+02 1.164718000000000018e+02 3.000000000000000000e+00 1.000000000000000000e+00 3.649999999999999772e-02 2.500000000000000000e-01 1.000000000000000048e-04
1.430000000000000071e+01 9.087099999999999511e+00 1.245532999999999930e+02 1.800000000000000000e+02 1.165197000000000003e+02 3.000000000000000000e+00 1.000000000000000000e+00 3.660000000000000059e-02 2.500000000000000000e-01 1.000000000000000048e-04
1.434999999999999964e+01 9.083800000000000097e+00 1.246022999999999996e+02 1.800000000000000000e+02 1.165677000000000021e+02 3.000000000000000000e+00 1.000000000000000000e+00 3.679999999999999938e-02 2.500000000000000000e-01 1.000000000000000048e-04
1.440000000000000036e+01 9.080600000000000449e+00 1.246513999999999953e+02 1.800000000000000000e+02 1.166157000000000039e+02 3.000000000000000000e+00 1.000000000000000000e+00 3.690000000000000224e-02 2.500000000000000000e-01 1.000000000000000048e-04
1.444999999999999929e+01 9.077299999999999258e+00 1.247005000000000052e+02 1.800000000000000000e+02 1.166637999999999948e+02 3.000000000000000000e+00 1.000000000000000000e+00 3.710000000000000103e-02 2.500000000000000000e-01 1.000000000000000048e-04
1.450000000000000000e+01 9.073999999999999844e+00 1.247497000000000043e+02 1.800000000000000000e+02 1.167119000000000000e+02 3.000000000000000000e+00 1.000000000000000000e+00 3.719999999999999696e-02 2.500000000000000000e-01 1.000000000000000048e-04
1.455000000000000071e+01 9.070700000000000429e+00 1.247988000000000000e+02 1.800000000000000000e+02 1.167600000000000051e+02 3.000000000000000000e+00 1.000000000000000000e+00 3.729999999999999982e-02 2.500000000000000000e-01 1.000000000000000048e-04
1.459999999999999964e+01 9.067500000000000782e+00 1.248481000000000023e+02 1.800000000000000000e+02 1.168081999999999994e+02 3.000000000000000000e+00 1.000000000000000000e+00 3.749999999999999861e-02 2.500000000000000000e-01 1.000000000000000048e-04
1.465000000000000036e+01 9.064199999999999591e+00 1.248974000000000046e+02 1.800000000000000000e+02 1.168564999999999969e+02 3.000000000000000000e+00 1.000000000000000000e+00 3.760000000000000148e-02 2.500000000000000000e-01 1.000000000000000048e-04
1.469999999999999929e+01 9.060900000000000176e+00 1.249467000000000070e+02 1.800000000000000000e+02 1.169047999999999945e+02 3.000000000000000000e+00 1.000000000000000000e+00 3.780000000000000027e-02 2.500000000000000000e-01 1.000000000000000048e-04
1.475000000000000000e+01 9.057600000000000762e+00 1.249960999999999984e+02 1.800000000000000000e+02 1.169531000000000063e+02 3.000000000000000000e+00 1.000000000000000000e+00 3.790000000000000313e-02 2.500000000000000000e-01 1.000000000000000048e-04
1.480000000000000071e+01 9.054399999999999338e+00 1.250455000000000041e+02 1.800000000000000000e+02 1.170014999999999930e+02 3.000000000000000000e+00 1.000000000000000000e+00 3.810000000000000192e-02 2.500000000000000000e-01 1.000000000000000048e-04
1.484999999999999964e+01 9.051099999999999923e+00 1.250949999999999989e+02 1.800000000000000000e+02 1.170498999999999938e+02 3.000000000000000000e+00 1.000000000000000000e+00 3.819999999999999785e-02 2.500000000000000000e-01 1.000000000000000048e-04
1.490000000000000036e+01 9.047800000000000509e+00 1.251444999999999936e+02 1.800000000000000000e+02 1.170983999999999980e+02 3.000000000000000000e+00 1.000000000000000000e+00 3.839999999999999664e-02 2.500000000000000000e-01 1.000000000000000048e-04
1.494999999999999929e+01 9.044499999999999318e+00 1.251940000000000026e+02 1.800000000000000000e+02 1.171469000000000023e+02 3.000000000000000000e+00 1.000000000000000000e+00 3.849999999999999950e-02 2.500000000000000000e-01 1.000000000000000048e-04
1.500000000000000000e+01 9.041299999999999670e+00 1.252436000000000007e+02 1.800000000000000000e+02 1.171954000000000065e+02 3.000000000000000000e+00 1.000000000000000000e+00 3.869999999999999829e-02 2.500000000000000000e-01 1.000000000000000048e-04
1.505000000000000071e+01 9.038000000000000256e+00 1.252933000000000021e+02 1.800000000000000000e+02 1.172441000000000031e+02 3.000000000000000000e+00 1.000000000000000000e+00 3.880000000000000115e-02 2.500000000000000000e-01 1.000000000000000048e-04
1.509999999999999964e+01 9.034700000000000841e+00 1.253430000000000035e+02 1.800000000000000000e+02 1.172926999999999964e+02 3.000000000000000000e+00 1.000000000000000000e+00 3.899999999999999994e-02 2.500000000000000000e-01 1.000000000000000048e-04
1.515000000000000036e+01 9.031399999999999650e+00 1.253927000000000049e+02 1.800000000000000000e+02 1.173413999999999930e+02 3.000000000000000000e+00 1.000000000000000000e+00 3.910000000000000281e-02 2.500000000000000000e-01 1.000000000000000048e-04
1.519999999999999929e+01 9.028100000000000236e+00 1.254424999999999955e+02 1.800000000000000000e+02 1.173901000000000039e+02 3.000000000000000000e+00 1.000000000000000000e+00 3.930000000000000160e-02 2.500000000000000000e-01 1.000000000000000048e-04
1.525000000000000000e+01 9.024900000000000588e+00 1.254923000000000002e+02 1.800000000000000000e+02 1.174389000000000038e+02 3.000000000000000000e+00 1.000000000000000000e+00 3.939999999999999752e-02 2.500000000000000000e-01 1.000000000000000048e-04
1.530000000000000071e+01 9.021599999999999397e+00 1.255421999999999940e+02 1.800000000000000000e+02 1.174877000000000038e+02 3.000000000000000000e+00 1.000000000000000000e+00 3.950000000000000039e-02 2.500000000000000000e-01 1.000000000000000048e-04
1.534999999999999964e+01 9.018299999999999983e+00 1.255921000000000021e+02 1.800000000000000000e+02 1.175366000000000071e+02 3.000000000000000000e+00 1.000000000000000000e+00 3.969999999999999918e-02 2.500000000000000000e-01 1.000000000000000048e-04
1.540000000000000036e+01 9.015000000000000568e+00 1.256420999999999992e+02 1.800000000000000000e+02 1.175854999999999961e+02 3.000000000000000000e+00 1.000000000000000000e+00 3.980000000000000204e-02 2.500000000000000000e-01 1.000000000000000048e-04
1.544999999999999929e+01 9.011699999999999378e+00 1.256920999999999964e+02 1.800000000000000000e+02 1.176345000000000027e+02 3.000000000000000000e+00 1.000000000000000000e+00 4.000000000000000083e-02 2.500000000000000000e-01 1.000000000000000048e-04
1.550000000000000000e+01 9.008399999999999963e+00 1.257421999999999969e+02 1.800000000000000000e+02 1.176834999999999951e+02 3.000000000000000000e+00 1.000000000000000000e+00 4.009999999999999676e-02 2.500000000000000000e-01 1.000000000000000048e-04
1.555000000000000071e+01 9.005200000000000315e+00 1.257922999999999973e+02 1.800000000000000000e+02 1.177326000000000050e+02 3.000000000000000000e+00 1.000000000000000000e+00 4.030000000000000249e-02 2.500000000000000000e-01 1.000000000000000048e-04
1.559999999999999964e+01 9.001899999999999125e+00 1.258425000000000011e+02 1.800000000000000000e+02 1.177817000000000007e+02 3.000000000000000000e+00 1.000000000000000000e+00 4.039999999999999841e-02 2.500000000000000000e-01 1.000000000000000048e-04
1.565000000000000036e+01 8.998599999999999710e+00 1.258927000000000049e+02 1.800000000000000000e+02 1.178307999999999964e+02 3.000000000000000000e+00 1.000000000000000000e+00 4.059999999999999720e-02 2.500000000000000000e-01 1.000000000000000048e-04
1.569999999999999929e+01 8.995300000000000296e+00 1.259428999999999945e+02 1.800000000000000000e+02 1.178799999999999955e+02 3.000000000000000000e+00 1.000000000000000000e+00 4.070000000000000007e-02 2.500000000000000000e-01 1.000000000000000048e-04
1.575000000000000000e+01 8.992000000000000881e+00 1.259932000000000016e+02 1.800000000000000000e+02 1.179292999999999978e+02 3.000000000000000000e+00 1.000000000000000000e+00 4.089999999999999886e-02 2.500000000000000000e-01 1.000000000000000048e-04
1.580000000000000071e+01 8.988699999999999690e+00 1.260435999999999979e+02 1.800000000000000000e+02 1.179786000000000001e+02 3.000000000000000000e+00 1.000000000000000000e+00 4.100000000000000172e-02 2.500000000000000000e-01 1.000000000000000048e-04
1.584999999999999964e+01 8.985400000000000276e+00 1.260939999999999941e+02 1.800000000000000000e+02 1.180279000000000025e+02 3.000000000000000000e+00 1.000000000000000000e+00 4.120000000000000051e-02 2.500000000000000000e-01 1.000000000000000048e-04
1.590000000000000036e+01 8.982100000000000861e+00 1.261444000000000045e+02 1.800000000000000000e+02 1.180772999999999939e+02 3.000000000000000000e+00 1.000000000000000000e+00 4.130000000000000338e-02 2.500000000000000000e-01 1.000000000000000048e-04
1.594999999999999929e+01 8.978899999999999437e+00 1.261949000000000041e+02 1.800000000000000000e+02 1.181266999999999996e+02 3.000000000000000000e+00 1.000000000000000000e+00 4.150000000000000216e-02 2.500000000000000000e-01 1.000000000000000048e-04
1.600000000000000000e+01 8.975600000000000023e+00 1.262455000000000069e+02 1.800000000000000000e+02 1.181761999999999944e+02 3.000000000000000000e+00 1.000000000000000000e+00 4.159999999999999809e-02 2.500000000000000000e-01 1.000000000000000048e-04
1.605000000000000071e+01 8.972300000000000608e+00 1.262960999999999956e+02 1.800000000000000000e+02 1.182257000000000033e+02 3.000000000000000000e+00 1.000000000000000000e+00 4.179999999999999688e-02 2.500000000000000000e-01 1.000000000000000048e-04
1.610000000000000142e+01 8.968999999999999417e+00 1.263466999999999985e+02 1.800000000000000000e+02 1.182753000000000014e+02 3.000000000000000000e+00 1.000000000000000000e+00 4.189999999999999974e-02 2.500000000000000000e-01 1.000000000000000048e-04
1.614999999999999858e+01 8.965700000000000003e+00 1.263974000000000046e+02 1.800000000000000000e+02 1.183248999999999995e+02 3.000000000000000000e+00 1.000000000000000000e+00 4.209999999999999853e-02 2.500000000000000000e-01 1.000000000000000048e-04
1.619999999999999929e+01 8.962400000000000588e+00 1.264480999999999966e+02 1.800000000000000000e+02 1.183746000000000009e+02 3.000000000000000000e+00 1.000000000000000000e+00 4.220000000000000140e-02 2.500000000000000000e-01 1.000000000000000048e-04
1.625000000000000000e+01 8.959099999999999397e+00 1.264989000000000061e+02 1.800000000000000000e+02 1.184243000000000023e+02 3.000000000000000000e+00 1.000000000000000000e+00 4.240000000000000019e-02 2.500000000000000000e-01 1.000000000000000048e-04
1.630000000000000071e+01 8.955799999999999983e+00 1.265497000000000014e+02 1.800000000000000000e+02 1.184740000000000038e+02 3.000000000000000000e+00 1.000000000000000000e+00 4.250000000000000305e-02 2.500000000000000000e-01 1.000000000000000048e-04
1.635000000000000142e+01 8.952500000000000568e+00 1.266006000000000000e+02 1.800000000000000000e+02 1.185237999999999943e+02 3.000000000000000000e+00 1.000000000000000000e+00 4.270000000000000184e-02 2.500000000000000000e-01 1.000000000000000048e-04
1.639999999999999858e+01 8.949199999999999378e+00 1.266514999999999986e+02 1.800000000000000000e+02 1.185737000000000023e+02 3.000000000000000000e+00 1.000000000000000000e+00 4.279999999999999777e-02 2.500000000000000000e-01 1.000000000000000048e-04
1.644999999999999929e+01 8.945899999999999963e+00 1.267025000000000006e+02 1.800000000000000000e+02 1.186235999999999962e+02 3.000000000000000000e+00 1.000000000000000000e+00 4.299999999999999656e-02 2.500000000000000000e-01 1.000000000000000048e-04
1.650000000000000000e+01 8.942600000000000549e+00 1.267535000000000025e+02 1.800000000000000000e+02 1.186735000000000042e+02 3.000000000000000000e+00 1.000000000000000000e+00 4.309999999999999942e-02 2.500000000000000000e-01 1.000000000000000048e-04
1.655000000000000071e+01 8.939299999999999358e+00 1.268045999999999935e+02 1.800000000000000000e+02 1.187235000000000014e+02 3.000000000000000000e+00 1.000000000000000000e+00 4.329999999999999821e-02 2.500000000000000000e-01 1.000000000000000048e-04
1.660000000000000142e+01 8.935999999999999943e+00 1.268556999999999988e+02 1.800000000000000000e+02 1.187736000000000018e+02 3.000000000000000000e+00 1.000000000000000000e+00 4.340000000000000108e-02 2.500000000000000000e-01 1.000000000000000048e-04
1.664999999999999858e+01 8.932700000000000529e+00 1.269068000000000040e+02 1.800000000000000000e+02 1.188235999999999990e+02 3.000000000000000000e+00 1.000000000000000000e+00 4.359999999999999987e-02 2.500000000000000000e-01 1.000000000000000048e-04
1.669999999999999929e+01 8.929399999999999338e+00 1.269581000000000017e+02 1.800000000000000000e+02 1.188738000000000028e+02 3.000000000000000000e+00 1.000000000000000000e+00 4.370000000000000273e-02 2.500000000000000000e-01 1.000000000000000048e-04
1.675000000000000000e+01 8.926099999999999923e+00 1.270092999999999961e+02 1.800000000000000000e+02 1.189240000000000066e+02 3.000000000000000000e+00 1.000000000000000000e+00 4.390000000000000152e-02 2.500000000000000000e-01 1.000000000000000048e-04
1.680000000000000071e+01 8.922800000000000509e+00 1.270605999999999938e+02 1.800000000000000000e+02 1.189741999999999962e+02 3.000000000000000000e+00 1.000000000000000000e+00 4.399999999999999745e-02 2.500000000000000000e-01 1.000000000000000048e-04
1.685000000000000142e+01 8.919499999999999318e+00 1.271119999999999948e+02 1.800000000000000000e+02 1.190245000000000033e+02 3.000000000000000000e+00 1.000000000000000000e+00 4.420000000000000318e-02 2.500000000000000000e-01 1.000000000000000048e-04
1.689999999999999858e+01 8.916199999999999903e+00 1.271633999999999958e+02 1.800000000000000000e+02 1.190747999999999962e+02 3.000000000000000000e+00 1.000000000000000000e+00 4.429999999999999910e-02 2.500000000000000000e-01 1.000000000000000048e-04
1.694999999999999929e+01 8.912900000000000489e+00 1.272147999999999968e+02 1.800000000000000000e+02 1.191252000000000066e+02 3.000000000000000000e+00 1.000000000000000000e+00 4.449999999999999789e-02 2.500000000000000000e-01 1.000000000000000048e-04
1.700000000000000000e+01 8.909599999999999298e+00 1.272664000000000044e+02 1.800000000000000000e+02 1.191756000000000029e+02 3.000000000000000000e+00 1.000000000000000000e+00 4.469999999999999668e-02 2.500000000000000000e-01 1.000000000000000048e-04
1.705000000000000071e+01 8.906299999999999883e+00 1.273178999999999945e+02 1.800000000000000000e+02 1.192261000000000024e+02 3.000000000000000000e+00 1.000000000000000000e+00 4.479999999999999954e-02 2.500000000000000000e-01 1.000000000000000048e-04
1.710000000000000142e+01 8.903000000000000469e+00 1.273695000000000022e+02 1.800000000000000000e+02 1.192766000000000020e+02 3.000000000000000000e+00 1.000000000000000000e+00 4.499999999999999833e-02 2.500000000000000000e-01 1.000000000000000048e-04
1.714999999999999858e+01 8.899699999999999278e+00 1.274211999999999989e+02 1.800000000000000000e+02 1.193272000000000048e+02 3.000000000000000000e+00 1.000000000000000000e+00 4.510000000000000120e-02 2.500000000000000000e-01 1.000000000000000048e-04
1.719999999999999929e+01 8.896399999999999864e+00 1.274728999999999957e+02 1.800000000000000000e+02 1.193777999999999935e+02 3.000000000000000000e+00 1.000000000000000000e+00 4.529999999999999999e-02 2.500000000000000000e-01 1.000000000000000048e-04
1.725000000000000000e+01 8.893100000000000449e+00 1.275246000000000066e+02 1.800000000000000000e+02 1.194283999999999963e+02 3.000000000000000000e+00 1.000000000000000000e+00 4.540000000000000285e-02 2.500000000000000000e-01 1.000000000000000048e-04
1.730000000000000071e+01 8.889799999999999258e+00 1.275764000000000067e+02 1.800000000000000000e+02 1.194792000000000058e+02 3.000000000000000000e+00 1.000000000000000000e+00 4.560000000000000164e-02 2.500000000000000000e-01 1.000000000000000048e-04
1.735000000000000142e+01 8.886499999999999844e+00 1.276282999999999959e+02 1.800000000000000000e+02 1.195298999999999978e+02 3.000000000000000000e+00 1.000000000000000000e+00 4.569999999999999757e-02 2.500000000000000000e-01 1.000000000000000048e-04
1.739999999999999858e+01 8.883200000000000429e+00 1.276801999999999992e+02 1.800000000000000000e+02 1.195806999999999931e+02 3.000000000000000000e+00 1.000000000000000000e+00 4.590000000000000330e-02 2.500000000000000000e-01 1.000000000000000048e-04
1.744999999999999929e+01 8.879799999999999471e+00 1.277321000000000026e+02 1.800000000000000000e+02 1.196316000000000059e+02 3.000000000000000000e+00 1.000000000000000000e+00 4.599999999999999922e-02 2.500000000000000000e-01 1.000000000000000048e-04
1.750000000000000000e+01 8.876500000000000057e+00 1.277840999999999951e+02 1.800000000000000000e+02 1.196825000000000045e+02 3.000000000000000000e+00 1.000000000000000000e+00 4.619999999999999801e-02 2.500000000000000000e-01 1.000000000000000048e-04
1.755000000000000071e+01 8.873200000000000642e+00 1.278362000000000052e+02 1.800000000000000000e+02 1.197335000000000065e+02 3.000000000000000000e+00 1.000000000000000000e+00 4.630000000000000088e-02 2.500000000000000000e-01 1.000000000000000048e-04
1.760000000000000142e+01 8.869899999999999451e+00 1.278883000000000010e+02 1.800000000000000000e+02 1.197844999999999942e+02 3.000000000000000000e+00 1.000000000000000000e+00 4.649999999999999967e-02 2.500000000000000000e-01 1.000000000000000048e-04
1.764999999999999858e+01 8.866600000000000037e+00 1.279403999999999968e+02 1.800000000000000000e+02 1.198354999999999961e+02 3.000000000000000000e+00 1.000000000000000000e+00 4.660000000000000253e-02 2.500000000000000000e-01 1.000000000000000048e-04
1.769999999999999929e+01 8.863300000000000622e+00 1.279925999999999959e+02 1.800000000000000000e+02 1.198866000000000014e+02 3.000000000000000000e+00 1.000000000000000000e+00 4.680000000000000132e-02 2.500000000000000000e-01 1.000000000000000048e-04
1.775000000000000000e+01 8.859999999999999432e+00 1.280449000000000126e+02 1.800000000000000000e+02 1.199377999999999957e+02 3.000000000000000000e+00 1.000000000000000000e+00 4.700000000000000011e-02 2.500000000000000000e-01 1.000000000000000048e-04
1.780000000000000071e+01 8.856700000000000017e+00 1.280971999999999866e+02 1.800000000000000000e+02 1.199890000000000043e+02 3.000000000000000000e+00 1.000000000000000000e+00 4.710000000000000298e-02 2.500000000000000000e-01 1.000000000000000048e-04
1.785000000000000142e+01 8.853300000000000836e+00 1.281495999999999924e+02 1.800000000000000000e+02 1.200401999999999987e+02 3.000000000000000000e+00 1.000000000000000000e+00 4.730000000000000177e-02 2.500000000000000000e-01 1.000000000000000048e-04
1.789999999999999858e+01 8.849999999999999645e+00 1.282019999999999982e+02 1.800000000000000000e+02 1.200915999999999997e+02 3.000000000000000000e+00 1.000000000000000000e+00 4.739999999999999769e-02 2.500000000000000000e-01 1.000000000000000048e-04
1.794999999999999929e+01 8.846700000000000230e+00 1.282544000000000040e+02 1.800000000000000000e+02 1.201428999999999974e+02 3.000000000000000000e+00 1.000000000000000000e+00 4.760000000000000342e-02 2.500000000000000000e-01 1.000000000000000048e-04
1.800000000000000000e+01 8.843400000000000816e+00 1.283069000000000131e+02 1.800000000000000000e+02 1.201942999999999984e+02 3.000000000000000000e+00 1.000000000000000000e+00 4.769999999999999934e-02 2.500000000000000000e-01 1.000000000000000048e-04
1.805000000000000071e+01 8.840099999999999625e+00 1.283594999999999970e+02 1.800000000000000000e+02 1.202458000000000027e+02 3.000000000000000000e+00 1.000000000000000000e+00 4.789999999999999813e-02 2.500000000000000000e-01 1.000000000000000048e-04
1.810000000000000142e+01 8.836700000000000443e+00 1.284121000000000095e+02 1.800000000000000000e+02 1.202973000000000070e+02 3.000000000000000000e+00 1.000000000000000000e+00 4.800000000000000100e-02 2.500000000000000000e-01 1.000000000000000048e-04
1.814999999999999858e+01 8.833399999999999253e+00 1.284646999999999935e+02 1.800000000000000000e+02 1.203487999999999971e+02 3.000000000000000000e+00 1.000000000000000000e+00 4.819999999999999979e-02 2.500000000000000000e-01 1.000000000000000048e-04
1.819999999999999929e+01 8.830099999999999838e+00 1.285175000000000125e+02 1.800000000000000000e+02 1.204004000000000048e+02 3.000000000000000000e+00 1.000000000000000000e+00 4.839999999999999858e-02 2.500000000000000000e-01 1.000000000000000048e-04
1.825000000000000000e+01 8.826800000000000423e+00 1.285701999999999998e+02 1.800000000000000000e+02 1.204521000000000015e+02 3.000000000000000000e+00 1.000000000000000000e+00 4.850000000000000144e-02 2.500000000000000000e-01 1.000000000000000048e-04
1.830000000000000071e+01 8.823499999999999233e+00 1.286229999999999905e+02 1.800000000000000000e+02 1.205037999999999982e+02 3.000000000000000000e+00 1.000000000000000000e+00 4.870000000000000023e-02 2.500000000000000000e-01 1.000000000000000048e-04
1.835000000000000142e+01 8.820100000000000051e+00 1.286759000000000128e+02 1.800000000000000000e+02 1.205554999999999950e+02 3.000000000000000000e+00 1.000000000000000000e+00 4.880000000000000310e-02 2.500000000000000000e-01 1.000000000000000048e-04
1.839999999999999858e+01 8.816800000000000637e+00 1.287288000000000068e+02 1.800000000000000000e+02 1.206072999999999951e+02 3.000000000000000000e+00 1.000000000000000000e+00 4.900000000000000189e-02 2.500000000000000000e-01 1.000000000000000048e-04
1.844999999999999929e+01 8.813499999999999446e+00 1.287818000000000040e+02 1.800000000000000000e+02 1.206591999999999985e+02 3.000000000000000000e+00 1.000000000000000000e+00 4.909999999999999781e-02 2.500000000000000000e-01 1.000000000000000048e-04
1.850000000000000000e+01 8.810200000000000031e+00 1.288348000000000013e+02 1.800000000000000000e+02 1.207111000000000018e+02 3.000000000000000000e+00 1.000000000000000000e+00 4.929999999999999660e-02 2.500000000000000000e-01 1.000000000000000048e-04
1.855000000000000071e+01 8.806800000000000850e+00 1.288879000000000019e+02 1.800000000000000000e+02 1.207630999999999943e+02 3.000000000000000000e+00 1.000000000000000000e+00 4.950000000000000233e-02 2.500000000000000000e-01 1.000000000000000048e-04
1.860000000000000142e+01 8.803499999999999659e+00 1.289410000000000025e+02 1.800000000000000000e+02 1.208151000000000010e+02 3.000000000000000000e+00 1.000000000000000000e+00 4.959999999999999826e-02 2.500000000000000000e-01 1.000000000000000048e-04
1.864999999999999858e+01 8.800200000000000244e+00 1.289942000000000064e+02 1.800000000000000000e+02 1.208670999999999935e+02 3.000000000000000000e+00 1.000000000000000000e+00 4.979999999999999705e-02 2.500000000000000000e-01 1.000000000000000048e-04
1.869999999999999929e+01 8.796900000000000830e+00 1.290474000000000103e+02 1.800000000000000000e+02 1.209192000000000036e+02 3.000000000000000000e+00 1.000000000000000000e+00 4.989999999999999991e-02 2.500000000000000000e-01 1.000000000000000048e-04
1.875000000000000000e+01 8.793499999999999872e+00 1.291006999999999891e+02 1.800000000000000000e+02 1.209714000000000027e+02 3.000000000000000000e+00 1.000000000000000000e+00 5.009999999999999870e-02 2.500000000000000000e-01 1.000000000000000048e-04
1.880000000000000071e+01 8.790200000000000458e+00 1.291539999999999964e+02 1.800000000000000000e+02 1.210236000000000018e+02 3.000000000000000000e+00 1.000000000000000000e+00 5.020000000000000157e-02 2.500000000000000000e-01 1.000000000000000048e-04
1.885000000000000142e+01 8.786899999999999267e+00 1.292074000000000069e+02 1.800000000000000000e+02 1.210759000000000043e+02 3.000000000000000000e+00 1.000000000000000000e+00 5.040000000000000036e-02 2.500000000000000000e-01 1.000000000000000048e-04
1.889999999999999858e+01 8.783599999999999852e+00 1.292607999999999890e+02 1.800000000000000000e+02 1.211282000000000068e+02 3.000000000000000000e+00 1.000000000000000000e+00 5.059999999999999915e-02 2.500000000000000000e-01 1.000000000000000048e-04
1.894999999999999929e+01 8.780200000000000671e+00 1.293143000000000029e+02 1.800000000000000000e+02 1.211805999999999983e+02 3.000000000000000000e+00 1.000000000000000000e+00 5.070000000000000201e-02 2.500000000000000000e-01 1.000000000000000048e-04
1.900000000000000000e+01 8.776899999999999480e+00 1.293678999999999917e+02 1.800000000000000000e+02 1.212330000000000041e+02 3.000000000000000000e+00 1.000000000000000000e+00 5.090000000000000080e-02 2.500000000000000000e-01 1.000000000000000048e-04
1.905000000000000071e+01 8.773600000000000065e+00 1.294214000000000055e+02 1.800000000000000000e+02 1.212854999999999990e+02 3.000000000000000000e+00 1.000000000000000000e+00 5.099999999999999672e-02 2.500000000000000000e-01 1.000000000000000048e-04
1.910000000000000142e+01 8.770200000000000884e+00 1.294750999999999976e+02 1.800000000000000000e+02 1.213379999999999939e+02 3.000000000000000000e+00 1.000000000000000000e+00 5.120000000000000245e-02 2.500000000000000000e-01 1.000000000000000048e-04
1.914999999999999858e+01 8.766899999999999693e+00 1.295287999999999897e+02 1.800000000000000000e+02 1.213906000000000063e+02 3.000000000000000000e+00 1.000000000000000000e+00 5.140000000000000124e-02 2.500000000000000000e-01 1.000000000000000048e-04
1.919999999999999929e+01 8.763600000000000279e+00 1.295825000000000102e+02 1.800000000000000000e+02 1.214432000000000045e+02 3.000000000000000000e+00 1.000000000000000000e+00 5.149999999999999717e-02 2.500000000000000000e-01 1.000000000000000048e-04
1.925000000000000000e+01 8.760199999999999321e+00 1.296363000000000056e+02 1.800000000000000000e+02 1.214959000000000060e+02 3.000000000000000000e+00 1.000000000000000000e+00 5.170000000000000290e-02 2.500000000000000000e-01 1.000000000000000048e-04
1.930000000000000071e+01 8.756899999999999906e+00 1.296902000000000044e+02 1.800000000000000000e+02 1.215485999999999933e+02 3.000000000000000000e+00 1.000000000000000000e+00 5.179999999999999882e-02 2.500000000000000000e-01 1.000000000000000048e-04
1.935000000000000142e+01 8.753600000000000492e+00 1.297441000000000031e+02 1.800000000000000000e+02 1.216013999999999982e+02 3.000000000000000000e+00 1.000000000000000000e+00 5.199999999999999761e-02 2.500000000000000000e-01 1.000000000000000048e-04
1.939999999999999858e+01 8.750199999999999534e+00 1.297981000000000051e+02 1.800000000000000000e+02 1.216542000000000030e+02 3.000000000000000000e+00 1.000000000000000000e+00 5.210000000000000048e-02 2.500000000000000000e-01 1.000000000000000048e-04
1.944999999999999929e+01 8.746900000000000119e+00 1.298521000000000072e+02 1.800000000000000000e+02 1.217070999999999970e+02 3.000000000000000000e+00 1.000000000000000000e+00 5.229999999999999927e-02 2.500000000000000000e-01 1.000000000000000048e-04
1.950000000000000000e+01 8.743499999999999162e+00 1.299062000000000126e+02 1.800000000000000000e+02 1.217600000000000051e+02 3.000000000000000000e+00 1.000000000000000000e+00 5.249999999999999806e-02 2.500000000000000000e-01 1.000000000000000048e-04
1.955000000000000071e+01 8.740199999999999747e+00 1.299602999999999895e+02 1.800000000000000000e+02 1.218130000000000024e+02 3.000000000000000000e+00 1.000000000000000000e+00 5.260000000000000092e-02 2.500000000000000000e-01 1.000000000000000048e-04
1.960000000000000142e+01 8.736900000000000333e+00 1.300144999999999982e+02 1.800000000000000000e+02 1.218661000000000030e+02 3.000000000000000000e+00 1.000000000000000000e+00 5.279999999999999971e-02 2.500000000000000000e-01 1.000000000000000048e-04
1.964999999999999858e+01 8.733499999999999375e+00 1.300687000000000069e+02 1.800000000000000000e+02 1.219192000000000036e+02 3.000000000000000000e+00 1.000000000000000000e+00 5.290000000000000258e-02 2.500000000000000000e-01 1.000000000000000048e-04
1.969999999999999929e+01 8.730199999999999960e+00 1.301229999999999905e+02 1.800000000000000000e+02 1.219723000000000042e+02 3.000000000000000000e+00 1.000000000000000000e+00 5.310000000000000137e-02 2.500000000000000000e-01 1.000000000000000048e-04
1.975000000000000000e+01 8.726800000000000779e+00 1.301773000000000025e+02 1.800000000000000000e+02 1.220254999999999939e+02 3.000000000000000000e+00 1.000000000000000000e+00 5.330000000000000016e-02 2.500000000000000000e-01 1.000000000000000048e-04
1.980000000000000071e+01 8.723499999999999588e+00 1.302316999999999894e+02 1.800000000000000000e+02 1.220788000000000011e+02 3.000000000000000000e+00 1.000000000000000000e+00 5.340000000000000302e-02 2.500000000000000000e-01 1.000000000000000048e-04
1.985000000000000142e+01 8.720100000000000406e+00 1.302862000000000080e+02 1.800000000000000000e+02 1.221320999999999941e+02 3.000000000000000000e+00 1.000000000000000000e+00 5.360000000000000181e-02 2.500000000000000000e-01 1.000000000000000048e-04
1.989999999999999858e+01 8.716799999999999216e+00 1.303406999999999982e+02 1.800000000000000000e+02 1.221854000000000013e+02 3.000000000000000000e+00 1.000000000000000000e+00 5.380000000000000060e-02 2.500000000000000000e-01 1.000000000000000048e-04
1.994999999999999929e+01 8.713499999999999801e+00 1.303951999999999884e+02 1.800000000000000000e+02 1.222389000000000010e+02 3.000000000000000000e+00 1.000000000000000000e+00 5.390000000000000346e-02 2.500000000000000000e-01 1.000000000000000048e-04
2.000000000000000000e+01 8.710100000000000620e+00 1.304499000000000137e+02 1.800000000000000000e+02 1.222922999999999973e+02 3.000000000000000000e+00 1.000000000000000000e+00 5.410000000000000225e-02 2.500000000000000000e-01 1.000000000000000048e-04
2.005000000000000071e+01 8.706799999999999429e+00 1.305045000000000073e+02 1.800000000000000000e+02 1.223457999999999970e+02 3.000000000000000000e+00 1.000000000000000000e+00 5.419999999999999818e-02 2.500000000000000000e-01 1.000000000000000048e-04
2.010000000000000142e+01 8.703400000000000247e+00 1.305592000000000041e+02 1.800000000000000000e+02 1.223994000000000000e+02 3.000000000000000000e+00 1.000000000000000000e+00 5.439999999999999697e-02 2.500000000000000000e-01 1.000000000000000048e-04
2.014999999999999858e+01 8.700100000000000833e+00 1.306140000000000043e+02 1.800000000000000000e+02 1.224531000000000063e+02 3.000000000000000000e+00 1.000000000000000000e+00 5.460000000000000270e-02 2.500000000000000000e-01 1.000000000000000048e-04
2.019999999999999929e+01 8.696699999999999875e+00 1.306688000000000045e+02 1.800000000000000000e+02 1.225066999999999950e+02 3.000000000000000000e+00 1.000000000000000000e+00 5.469999999999999862e-02 2.500000000000000000e-01 1.000000000000000048e-04
2.025000000000000000e+01 8.693400000000000460e+00 1.307237000000000080e+02 1.800000000000000000e+02 1.225605000000000047e+02 3.000000000000000000e+00 1.000000000000000000e+00 5.489999999999999741e-02 2.500000000000000000e-01 1.000000000000000048e-04
2.030000000000000071e+01 8.689999999999999503e+00 1.307786999999999864e+02 1.800000000000000000e+02 1.226143000000000001e+02 3.000000000000000000e+00 1.000000000000000000e+00 5.510000000000000314e-02 2.500000000000000000e-01 1.000000000000000048e-04
2.035000000000000142e+01 8.686700000000000088e+00 1.308336999999999932e+02 1.800000000000000000e+02 1.226680999999999955e+02 3.000000000000000000e+00 1.000000000000000000e+00 5.519999999999999907e-02 2.500000000000000000e-01 1.000000000000000048e-04
2.039999999999999858e+01 8.683299999999999130e+00 1.308887000000000000e+02 1.800000000000000000e+02 1.227219999999999942e+02 3.000000000000000000e+00 1.000000000000000000e+00 5.539999999999999786e-02 2.500000000000000000e-01 1.000000000000000048e-04
2.044999999999999929e+01 8.679999999999999716e+00 1.309438000000000102e+02 1.800000000000000000e+02 1.227759999999999962e+02 3.000000000000000000e+00 1.000000000000000000e+00 5.550000000000000072e-02 2.500000000000000000e-01 1.000000000000000048e-04
2.050000000000000000e+01 8.676600000000000534e+00 1.309989999999999952e+02 1.800000000000000000e+02 1.228299999999999983e+02 3.000000000000000000e+00 1.000000000000000000e+00 5.569999999999999951e-02 2.500000000000000000e-01 1.000000000000000048e-04
2.055000000000000071e+01 8.673299999999999343e+00 1.310542000000000087e+02 1.800000000000000000e+02 1.228840000000000003e+02 3.000000000000000000e+00 1.000000000000000000e+00 5.589999999999999830e-02 2.500000000000000000e-01 1.000000000000000048e-04
2.060000000000000142e+01 8.669900000000000162e+00 1.311094999999999970e+02 1.800000000000000000e+02 1.229381000000000057e+02 3.000000000000000000e+00 1.000000000000000000e+00 5.600000000000000117e-02 2.500000000000000000e-01 1.000000000000000048e-04
2.064999999999999858e+01 8.666499999999999204e+00 1.311648000000000138e+02 1.800000000000000000e+02 1.229923000000000002e+02 3.000000000000000000e+00 1.000000000000000000e+00 5.619999999999999996e-02 2.500000000000000000e-01 1.000000000000000048e-04
2.069999999999999929e+01 8.663199999999999790e+00 1.312202000000000055e+02 1.800000000000000000e+02 1.230464999999999947e+02 3.000000000000000000e+00 1.000000000000000000e+00 5.639999999999999875e-02 2.500000000000000000e-01 1.000000000000000048e-04
2.075000000000000000e+01 8.659800000000000608e+00 1.312755999999999972e+02 1.800000000000000000e+02 1.231008000000000067e+02 3.000000000000000000e+00 1.000000000000000000e+00 5.650000000000000161e-02 2.500000000000000000e-01 1.000000000000000048e-04
2.080000000000000071e+01 8.656499999999999417e+00 1.313310999999999922e+02 1.800000000000000000e+02 1.231551999999999936e+02 3.000000000000000000e+00 1.000000000000000000e+00 5.670000000000000040e-02 2.500000000000000000e-01 1.000000000000000048e-04
2.085000000000000142e+01 8.653100000000000236e+00 1.313867999999999938e+02 1.800000000000000000e+02 1.232103000000000037e+02 3.000000000000000000e+00 1.000000000000000000e+00 5.689999999999999919e-02 2.500000000000000000e-01 1.000000000000000048e-04
2.089999999999999858e+01 8.649800000000000821e+00 1.314429000000000087e+02 1.800000000000000000e+02 1.232665999999999968e+02 3.000000000000000000e+00 1.000000000000000000e+00 5.700000000000000205e-02 2.500000000000000000e-01 1.000000000000000048e-04
2.094999999999999929e+01 8.646399999999999864e+00 1.314988999999999919e+02 1.800000000000000000e+02 1.233230999999999966e+02 3.000000000000000000e+00 1.000000000000000000e+00 5.720000000000000084e-02 2.500000000000000000e-01 1.000000000000000048e-04
2.100000000000000000e+01 8.643000000000000682e+00 1.315551000000000101e+02 1.800000000000000000e+02 1.233795999999999964e+02 3.000000000000000000e+00 1.000000000000000000e+00 5.729999999999999677e-02 2.500000000000000000e-01 1.000000000000000048e-04
2.105000000000000071e+01 8.639699999999999491e+00 1.316113000000000000e+02 1.800000000000000000e+02 1.234361999999999995e+02 3.000000000000000000e+00 1.000000000000000000e+00 5.750000000000000250e-02 2.500000000000000000e-01 1.000000000000000048e-04
2.110000000000000142e+01 8.636300000000000310e+00 1.316675999999999931e+02 1.800000000000000000e+02 1.234928000000000026e+02 3.000000000000000000e+00 1.000000000000000000e+00 5.770000000000000129e-02 2.500000000000000000e-01 1.000000000000000048e-04
2.114999999999999858e+01 8.632899999999999352e+00 1.317238999999999862e+02 1.800000000000000000e+02 1.235494999999999948e+02 3.000000000000000000e+00 1.000000000000000000e+00 5.779999999999999721e-02 2.500000000000000000e-01 1.000000000000000048e-04
2.119999999999999929e+01 8.629599999999999937e+00 1.317802000000000078e+02 1.800000000000000000e+02 1.236062000000000012e+02 3.000000000000000000e+00 1.000000000000000000e+00 5.800000000000000294e-02 2.500000000000000000e-01 1.000000000000000048e-04
2.125000000000000000e+01 8.626200000000000756e+00 1.318367000000000075e+02 1.800000000000000000e+02 1.236629999999999967e+02 3.000000000000000000e+00 1.000000000000000000e+00 5.820000000000000173e-02 2.500000000000000000e-01 1.000000000000000048e-04
2.130000000000000071e+01 8.622899999999999565e+00 1.318932000000000073e+02 1.800000000000000000e+02 1.237198999999999955e+02 3.000000000000000000e+00 1.000000000000000000e+00 5.829999999999999766e-02 2.500000000000000000e-01 1.000000000000000048e-04
2.135000000000000142e+01 8.619500000000000384e+00 1.319497000000000071e+02 1.800000000000000000e+02 1.237767999999999944e+02 3.000000000000000000e+00 1.000000000000000000e+00 5.850000000000000339e-02 2.500000000000000000e-01 1.000000000000000048e-04
2.139999999999999858e+01 8.616099999999999426e+00 1.320063000000000102e+02 1.800000000000000000e+02 1.238336999999999932e+02 3.000000000000000000e+00 1.000000000000000000e+00 5.870000000000000218e-02 2.500000000000000000e-01 1.000000000000000048e-04
2.144999999999999929e+01 8.612700000000000244e+00 1.320629999999999882e+02 1.800000000000000000e+02 1.238907999999999987e+02 3.000000000000000000e+00 1.000000000000000000e+00 5.890000000000000097e-02 2.500000000000000000e-01 1.000000000000000048e-04
2.150000000000000000e+01 8.609400000000000830e+00 1.321196999999999946e+02 1.800000000000000000e+02 1.239478000000000009e+02 3.000000000000000000e+00 1.000000000000000000e+00 5.899999999999999689e-02 2.500000000000000000e-01 1.000000000000000048e-04
2.155000000000000071e+01 8.605999999999999872e+00 1.321765000000000043e+02 1.800000000000000000e+02 1.240049999999999955e+02 3.000000000000000000e+00 1.000000000000000000e+00 5.920000000000000262e-02 2.500000000000000000e-01 1.000000000000000048e-04
2.160000000000000142e+01 8.602600000000000691e+00 1.322333000000000141e+02 1.800000000000000000e+02 1.240622000000000043e+02 3.000000000000000000e+00 1.000000000000000000e+00 5.940000000000000141e-02 2.500000000000000000e-01 1.000000000000000048e-04
2.164999999999999858e+01 8.599299999999999500e+00 1.322901999999999987e+02 1.800000000000000000e+02 1.241193999999999988e+02 3.000000000000000000e+00 1.000000000000000000e+00 5.949999999999999734e-02 2.500000000000000000e-01 1.000000000000000048e-04
2.169999999999999929e+01 8.595900000000000318e+00 1.323471999999999866e+02 1.800000000000000000e+02 1.241768000000000001e+02 3.000000000000000000e+00 1.000000000000000000e+00 5.970000000000000306e-02 2.500000000000000000e-01 1.000000000000000048e-04
2.175000000000000000e+01 8.592499999999999361e+00 1.324042000000000030e+02 1.800000000000000000e+02 1.242340999999999980e+02 3.000000000000000000e+00 1.000000000000000000e+00 5.990000000000000185e-02 2.500000000000000000e-01 1.000000000000000048e-04
2.180000000000000071e+01 8.589100000000000179e+00 1.324611999999999910e+02 1.800000000000000000e+02 1.242916000000000025e+02 3.000000000000000000e+00 1.000000000000000000e+00 5.999999999999999778e-02 2.500000000000000000e-01 1.000000000000000048e-04
2.185000000000000142e+01 8.585800000000000765e+00 1.325184000000000140e+02 1.800000000000000000e+02 1.243491000000000071e+02 3.000000000000000000e+00 1.000000000000000000e+00 6.019999999999999657e-02 2.500000000000000000e-01 1.000000000000000048e-04
2.189999999999999858e+01 8.582399999999999807e+00 1.325755000000000052e+02 1.800000000000000000e+02 1.244065999999999974e+02 3.000000000000000000e+00 1.000000000000000000e+00 6.040000000000000230e-02 2.500000000000000000e-01 1.000000000000000048e-04
2.194999999999999929e+01 8.579000000000000625e+00 1.326328000000000031e+02 1.800000000000000000e+02 1.244642000000000053e+02 3.000000000000000000e+00 1.000000000000000000e+00 6.049999999999999822e-02 2.500000000000000000e-01 1.000000000000000048e-04
2.200000000000000000e+01 8.575599999999999667e+00 1.326901000000000010e+02 1.800000000000000000e+02 1.245219000000000023e+02 3.000000000000000000e+00 1.000000000000000000e+00 6.069999999999999701e-02 2.500000000000000000e-01 1.000000000000000048e-04
2.205000000000000071e+01 8.572300000000000253e+00 1.327473999999999990e+02 1.800000000000000000e+02 1.245795999999999992e+02 3.000000000000000000e+00 1.000000000000000000e+00 6.090000000000000274e-02 2.500000000000000000e-01 1.000000000000000048e-04
2.210000000000000142e+01 8.568899999999999295e+00 1.328049000000000035e+02 1.800000000000000000e+02 1.246373999999999995e+02 3.000000000000000000e+00 1.000000000000000000e+00 6.099999999999999867e-02 2.500000000000000000e-01 1.000000000000000048e-04
2.214999999999999858e+01 8.565500000000000114e+00 1.328623000000000047e+02 1.800000000000000000e+02 1.246951999999999998e+02 3.000000000000000000e+00 1.000000000000000000e+00 6.119999999999999746e-02 2.500000000000000000e-01 1.000000000000000048e-04
2.219999999999999929e+01 8.562099999999999156e+00 1.329199000000000126e+02 1.800000000000000000e+02 1.247531000000000034e+02 3.000000000000000000e+00 1.000000000000000000e+00 6.140000000000000319e-02 2.500000000000000000e-01 1.000000000000000048e-04
2.225000000000000000e+01 8.558799999999999741e+00 1.329774999999999920e+02 1.800000000000000000e+02 1.248110999999999962e+02 3.000000000000000000e+00 1.000000000000000000e+00 6.160000000000000198e-02 2.500000000000000000e-01 1.000000000000000048e-04
2.230000000000000071e+01 8.555400000000000560e+00 1.330350999999999999e+02 1.800000000000000000e+02 1.248691000000000031e+02 3.000000000000000000e+00 1.000000000000000000e+00 6.169999999999999790e-02 2.500000000000000000e-01 1.000000000000000048e-04
2.235000000000000142e+01 8.551999999999999602e+00 1.330928999999999860e+02 1.800000000000000000e+02 1.249271999999999991e+02 3.000000000000000000e+00 1.000000000000000000e+00 6.189999999999999669e-02 2.500000000000000000e-01 1.000000000000000048e-04
2.239999999999999858e+01 8.548600000000000421e+00 1.331505999999999972e+02 1.800000000000000000e+02 1.249852999999999952e+02 3.000000000000000000e+00 1.000000000000000000e+00 6.210000000000000242e-02 2.500000000000000000e-01 1.000000000000000048e-04
2.244999999999999929e+01 8.545199999999999463e+00 1.332084999999999866e+02 1.800000000000000000e+02 1.250434999999999945e+02 3.000000000000000000e+00 1.000000000000000000e+00 6.219999999999999835e-02 2.500000000000000000e-01 1.000000000000000048e-04
2.250000000000000000e+01 8.541800000000000281e+00 1.332664000000000044e+02 1.800000000000000000e+02 1.251017999999999972e+02 3.000000000000000000e+00 1.000000000000000000e+00 6.239999999999999714e-02 2.500000000000000000e-01 1.000000000000000048e-04
2.255000000000000071e+01 8.538399999999999324e+00 1.333242999999999938e+02 1.800000000000000000e+02 1.251600999999999999e+02 3.000000000000000000e+00 1.000000000000000000e+00 6.260000000000000286e-02 2.500000000000000000e-01 1.000000000000000048e-04
2.260000000000000142e+01 8.535099999999999909e+00 1.333822999999999865e+02 1.800000000000000000e+02 1.252184000000000026e+02 3.000000000000000000e+00 1.000000000000000000e+00 6.279999999999999472e-02 2.500000000000000000e-01 1.000000000000000048e-04
2.264999999999999858e+01 8.531700000000000728e+00 1.334404000000000110e+02 1.800000000000000000e+02 1.252768999999999977e+02 3.000000000000000000e+00 1.000000000000000000e+00 6.289999999999999758e-02 2.500000000000000000e-01 1.000000000000000048e-04
2.269999999999999929e+01 8.528299999999999770e+00 1.334986000000000104e+02 1.800000000000000000e+02 1.253354000000000070e+02 3.000000000000000000e+00 1.000000000000000000e+00 6.310000000000000331e-02 2.500000000000000000e-01 1.000000000000000048e-04
2.275000000000000000e+01 8.524900000000000588e+00 1.335568000000000097e+02 1.800000000000000000e+02 1.253939000000000021e+02 3.000000000000000000e+00 1.000000000000000000e+00 6.329999999999999516e-02 2.500000000000000000e-01 1.000000000000000048e-04
2.280000000000000071e+01 8.521499999999999631e+00 1.336150000000000091e+02 1.800000000000000000e+02 1.254525000000000006e+02 3.000000000000000000e+00 1.000000000000000000e+00 6.339999999999999802e-02 2.500000000000000000e-01 1.000000000000000048e-04
2.285000000000000142e+01 8.518100000000000449e+00 1.336733000000000118e+02 1.800000000000000000e+02 1.255112000000000023e+02 3.000000000000000000e+00 1.000000000000000000e+00 6.360000000000000375e-02 2.500000000000000000e-01 1.000000000000000048e-04
2.289999999999999858e+01 8.514699999999999491e+00 1.337316999999999894e+02 1.800000000000000000e+02 1.255699999999999932e+02 3.000000000000000000e+00 1.000000000000000000e+00 6.379999999999999560e-02 2.500000000000000000e-01 1.000000000000000048e-04
2.294999999999999929e+01 8.511300000000000310e+00 1.337901999999999987e+02 1.800000000000000000e+02 1.256287999999999982e+02 3.000000000000000000e+00 1.000000000000000000e+00 6.400000000000000133e-02 2.500000000000000000e-01 1.000000000000000048e-04
2.300000000000000000e+01 8.507899999999999352e+00 1.338487000000000080e+02 1.800000000000000000e+02 1.256876000000000033e+02 3.000000000000000000e+00 1.000000000000000000e+00 6.410000000000000420e-02 2.500000000000000000e-01 1.000000000000000048e-04
2.305000000000000071e+01 8.504500000000000171e+00 1.339071999999999889e+02 1.800000000000000000e+02 1.257464999999999975e+02 3.000000000000000000e+00 1.000000000000000000e+00 6.429999999999999605e-02 2.500000000000000000e-01 1.000000000000000048e-04
2.310000000000000142e+01 8.501200000000000756e+00 1.339659000000000049e+02 1.800000000000000000e+02 1.258054999999999950e+02 3.000000000000000000e+00 1.000000000000000000e+00 6.450000000000000178e-02 2.500000000000000000e-01 1.000000000000000048e-04
2.314999999999999858e+01 8.497799999999999798e+00 1.340244999999999891e+02 1.800000000000000000e+02 1.258645000000000067e+02 3.000000000000000000e+00 1.000000000000000000e+00 6.469999999999999363e-02 2.500000000000000000e-01 1.000000000000000048e-04
2.319999999999999929e+01 8.494400000000000617e+00 1.340833000000000084e+02 1.800000000000000000e+02 1.259236999999999966e+02 3.000000000000000000e+00 1.000000000000000000e+00 6.479999999999999649e-02 2.500000000000000000e-01 1.000000000000000048e-04
2.325000000000000000e+01 8.490999999999999659e+00 1.341420999999999992e+02 1.800000000000000000e+02 1.259827999999999975e+02 3.000000000000000000e+00 1.000000000000000000e+00 6.500000000000000222e-02 2.500000000000000000e-01 1.000000000000000048e-04
2.330000000000000071e+01 8.487600000000000477e+00 1.342009999999999934e+02 1.800000000000000000e+02 1.260420000000000016e+02 3.000000000000000000e+00 1.000000000000000000e+00 6.519999999999999407e-02 2.500000000000000000e-01 1.000000000000000048e-04
2.335000000000000142e+01 8.484199999999999520e+00 1.342598999999999876e+02 1.800000000000000000e+02 1.261012999999999948e+02 3.000000000000000000e+00 1.000000000000000000e+00 6.539999999999999980e-02 2.500000000000000000e-01 1.000000000000000048e-04
2.339999999999999858e+01 8.480800000000000338e+00 1.343189000000000135e+02 1.800000000000000000e+02 1.261607000000000056e+02 3.000000000000000000e+00 1.000000000000000000e+00 6.550000000000000266e-02 2.500000000000000000e-01 1.000000000000000048e-04
2.344999999999999929e+01 8.477399999999999380e+00 1.343779000000000110e+02 1.800000000000000000e+02 1.262201000000000022e+02 3.000000000000000000e+00 1.000000000000000000e+00 6.569999999999999452e-02 2.500000000000000000e-01 1.000000000000000048e-04
2.350000000000000000e+01 8.474000000000000199e+00 1.344370999999999867e+02 1.800000000000000000e+02 1.262796000000000021e+02 3.000000000000000000e+00 1.000000000000000000e+00 6.590000000000000024e-02 2.500000000000000000e-01 1.000000000000000048e-04
2.355000000000000071e+01 8.470599999999999241e+00 1.344962999999999909e+02 1.800000000000000000e+02 1.263391000000000020e+02 3.000000000000000000e+00 1.000000000000000000e+00 6.610000000000000597e-02 2.500000000000000000e-01 1.000000000000000048e-04
2.360000000000000142e+01 8.467200000000000060e+00 1.345554999999999950e+02 1.800000000000000000e+02 1.263987000000000052e+02 3.000000000000000000e+00 1.000000000000000000e+00 6.619999999999999496e-02 2.500000000000000000e-01 1.000000000000000048e-04
2.364999999999999858e+01 8.463800000000000878e+00 1.346148000000000025e+02 1.800000000000000000e+02 1.264582999999999942e+02 3.000000000000000000e+00 1.000000000000000000e+00 6.640000000000000069e-02 2.500000000000000000e-01 1.000000000000000048e-04
2.369999999999999929e+01 8.460399999999999920e+00 1.346742000000000132e+02 1.800000000000000000e+02 1.265181000000000040e+02 3.000000000000000000e+00 1.000000000000000000e+00 6.660000000000000642e-02 2.500000000000000000e-01 1.000000000000000048e-04
2.375000000000000000e+01 8.457000000000000739e+00 1.347335999999999956e+02 1.800000000000000000e+02 1.265777999999999963e+02 3.000000000000000000e+00 1.000000000000000000e+00 6.679999999999999827e-02 2.500000000000000000e-01 1.000000000000000048e-04
2.380000000000000071e+01 8.453500000000000014e+00 1.347931000000000097e+02 1.800000000000000000e+02 1.266376999999999953e+02 3.000000000000000000e+00 1.000000000000000000e+00 6.690000000000000113e-02 2.500000000000000000e-01 1.000000000000000048e-04
2.385000000000000142e+01 8.450100000000000833e+00 1.348526999999999987e+02 1.800000000000000000e+02 1.266975999999999942e+02 3.000000000000000000e+00 1.000000000000000000e+00 6.710000000000000686e-02 2.500000000000000000e-01 1.000000000000000048e-04
2.389999999999999858e+01 8.446699999999999875e+00 1.349122999999999877e+02 1.800000000000000000e+02 1.267575999999999965e+02 3.000000000000000000e+00 1.000000000000000000e+00 6.729999999999999871e-02 2.500000000000000000e-01 1.000000000000000048e-04
2.394999999999999929e+01 8.443300000000000693e+00 1.349720000000000084e+02 1.800000000000000000e+02 1.268175999999999988e+02 3.000000000000000000e+00 1.000000000000000000e+00 6.750000000000000444e-02 2.500000000000000000e-01 1.000000000000000048e-04
2.400000000000000000e+01 8.439899999999999736e+00 1.350317000000000007e+02 1.800000000000000000e+02 1.268777000000000044e+02 3.000000000000000000e+00 1.000000000000000000e+00 6.759999999999999343e-02 2.500000000000000000e-01 1.000000000000000048e-04
2.405000000000000071e+01 8.436500000000000554e+00 1.350914999999999964e+02 1.800000000000000000e+02 1.269378999999999991e+02 3.000000000000000000e+00 1.000000000000000000e+00 6.779999999999999916e-02 2.500000000000000000e-01 1.000000000000000048e-04
2.410000000000000142e+01 8.433099999999999596e+00 1.351513999999999953e+02 1.800000000000000000e+02 1.269980999999999938e+02 3.000000000000000000e+00 1.000000000000000000e+00 6.800000000000000488e-02 2.500000000000000000e-01 1.000000000000000048e-04
2.414999999999999858e+01 8.429700000000000415e+00 1.352112999999999943e+02 1.800000000000000000e+02 1.270584000000000060e+02 3.000000000000000000e+00 1.000000000000000000e+00 6.819999999999999674e-02 2.500000000000000000e-01 1.000000000000000048e-04
2.419999999999999929e+01 8.426299999999999457e+00 1.352712999999999965e+02 1.800000000000000000e+02 1.271187000000000040e+02 3.000000000000000000e+00 1.000000000000000000e+00 6.829999999999999960e-02 2.500000000000000000e-01 1.000000000000000048e-04
2.425000000000000000e+01 8.422900000000000276e+00 1.353314000000000021e+02 1.800000000000000000e+02 1.271791000000000054e+02 3.000000000000000000e+00 1.000000000000000000e+00 6.850000000000000533e-02 2.500000000000000000e-01 1.000000000000000048e-04
2.430000000000000071e+01 8.419399999999999551e+00 1.353915000000000077e+02 1.800000000000000000e+02 1.272395999999999958e+02 3.000000000000000000e+00 1.000000000000000000e+00 6.869999999999999718e-02 2.500000000000000000e-01 1.000000000000000048e-04
2.435000000000000142e+01 8.416000000000000369e+00 1.354516999999999882e+02 1.800000000000000000e+02 1.273001000000000005e+02 3.000000000000000000e+00 1.000000000000000000e+00 6.890000000000000291e-02 2.500000000000000000e-01 1.000000000000000048e-04
2.439999999999999858e+01 8.412599999999999412e+00 1.355120000000000005e+02 1.800000000000000000e+02 1.273606999999999942e+02 3.000000000000000000e+00 1.000000000000000000e+00 6.909999999999999476e-02 2.500000000000000000e-01 1.000000000000000048e-04
2.444999999999999929e+01 8.409200000000000230e+00 1.355723000000000127e+02 1.800000000000000000e+02 1.274214000000000055e+02 3.000000000000000000e+00 1.000000000000000000e+00 6.919999999999999762e-02 2.500000000000000000e-01 1.000000000000000048e-04
2.450000000000000000e+01 8.405799999999999272e+00 1.356326999999999998e+02 1.800000000000000000e+02 1.274822000000000060e+02 3.000000000000000000e+00 1.000000000000000000e+00 6.940000000000000335e-02 2.500000000000000000e-01 1.000000000000000048e-04
2.455000000000000071e+01 8.402400000000000091e+00 1.356930999999999869e+02 1.800000000000000000e+02 1.275429000000000030e+02 3.000000000000000000e+00 1.000000000000000000e+00 6.959999999999999520e-02 2.500000000000000000e-01 1.000000000000000048e-04
2.460000000000000142e+01 8.398899999999999366e+00 1.357537000000000091e+02 1.800000000000000000e+02 1.276038000000000068e+02 3.000000000000000000e+00 1.000000000000000000e+00 6.980000000000000093e-02 2.500000000000000000e-01 1.000000000000000048e-04
2.464999999999999858e+01 8.395500000000000185e+00 1.358141999999999996e+02 1.800000000000000000e+02 1.276646999999999963e+02 3.000000000000000000e+00 1.000000000000000000e+00 7.000000000000000666e-02 2.500000000000000000e-01 1.000000000000000048e-04
2.469999999999999929e+01 8.392099999999999227e+00 1.358748999999999967e+02 1.800000000000000000e+02 1.277257000000000033e+02 3.000000000000000000e+00 1.000000000000000000e+00 7.009999999999999565e-02 2.500000000000000000e-01 1.000000000000000048e-04
2.475000000000000000e+01 8.388700000000000045e+00 1.359355999999999938e+02 1.800000000000000000e+02 1.277867999999999995e+02 3.000000000000000000e+00 1.000000000000000000e+00 7.030000000000000138e-02 2.500000000000000000e-01 1.000000000000000048e-04
2.480000000000000071e+01 8.385300000000000864e+00 1.359963999999999942e+02 1.800000000000000000e+02 1.278478999999999957e+02 3.000000000000000000e+00 1.000000000000000000e+00 7.049999999999999323e-02 2.500000000000000000e-01 1.000000000000000048e-04
2.485000000000000142e+01 8.381800000000000139e+00 1.360571999999999946e+02 1.800000000000000000e+02 1.279090999999999951e+02 3.000000000000000000e+00 1.000000000000000000e+00 7.069999999999999896e-02 2.500000000000000000e-01 1.000000000000000048e-04
2.489999999999999858e+01 8.378399999999999181e+00 1.361180999999999983e+02 1.800000000000000000e+02 1.279702999999999946e+02 3.000000000000000000e+00 1.000000000000000000e+00 7.090000000000000469e-02 2.500000000000000000e-01 1.000000000000000048e-04
2.494999999999999929e+01 8.375000000000000000e+00 1.361791000000000054e+02 1.800000000000000000e+02 1.280317000000000007e+02 3.000000000000000000e+00 1.000000000000000000e+00 7.099999999999999367e-02 2.500000000000000000e-01 1.000000000000000048e-04
2.500000000000000000e+01 8.371600000000000819e+00 1.362401999999999873e+02 1.800000000000000000e+02 1.280929999999999893e+02 3.000000000000000000e+00 1.000000000000000000e+00 7.119999999999999940e-02 2.500000000000000000e-01 1.000000000000000048e-04
2.505000000000000071e+01 8.368100000000000094e+00 1.363012999999999977e+02 1.800000000000000000e+02 1.281545000000000130e+02 3.000000000000000000e+00 1.000000000000000000e+00 7.140000000000000513e-02 2.500000000000000000e-01 1.000000000000000048e-04
2.510000000000000142e+01 8.364699999999999136e+00 1.363624000000000080e+02 1.800000000000000000e+02 1.282160000000000082e+02 3.000000000000000000e+00 1.000000000000000000e+00 7.159999999999999698e-02 2.500000000000000000e-01 1.000000000000000048e-04
2.514999999999999858e+01 8.361299999999999955e+00 1.364236999999999966e+02 1.800000000000000000e+02 1.282776000000000067e+02 3.000000000000000000e+00 1.000000000000000000e+00 7.180000000000000271e-02 2.500000000000000000e-01 1.000000000000000048e-04
2.519999999999999929e+01 8.357799999999999230e+00 1.364850000000000136e+02 1.800000000000000000e+02 1.283392000000000053e+02 3.000000000000000000e+00 1.000000000000000000e+00 7.190000000000000557e-02 2.500000000000000000e-01 1.000000000000000048e-04
2.525000000000000000e+01 8.354400000000000048e+00 1.365464000000000055e+02 1.800000000000000000e+02 1.284009000000000071e+02 3.000000000000000000e+00 1.000000000000000000e+00 7.209999999999999742e-02 2.500000000000000000e-01 1.000000000000000048e-04
2.530000000000000071e+01 8.351000000000000867e+00 1.366077999999999975e+02 1.800000000000000000e+02 1.284627000000000123e+02 3.000000000000000000e+00 1.000000000000000000e+00 7.230000000000000315e-02 2.500000000000000000e-01 1.000000000000000048e-04
2.535000000000000142e+01 8.347500000000000142e+00 1.366692999999999927e+02 1.800000000000000000e+02 1.285245999999999924e+02 3.000000000000000000e+00 1.000000000000000000e+00 7.249999999999999500e-02 2.500000000000000000e-01 1.000000000000000048e-04
2.539999999999999858e+01 8.344099999999999184e+00 1.367308999999999912e+02 1.800000000000000000e+02 1.285865000000000009e+02 3.000000000000000000e+00 1.000000000000000000e+00 7.270000000000000073e-02 2.500000000000000000e-01 1.000000000000000048e-04
2.544999999999999929e+01 8.340700000000000003e+00 1.367924999999999898e+02 1.800000000000000000e+02 1.286485000000000127e+02 3.000000000000000000e+00 1.000000000000000000e+00 7.290000000000000646e-02 2.500000000000000000e-01 1.000000000000000048e-04
2.550000000000000000e+01 8.337199999999999278e+00 1.368541999999999916e+02 1.800000000000000000e+02 1.287104999999999961e+02 3.000000000000000000e+00 1.000000000000000000e+00 7.299999999999999545e-02 2.500000000000000000e-01 1.000000000000000048e-04
2.555000000000000071e+01 8.333800000000000097e+00 1.369159999999999968e+02 1.800000000000000000e+02 1.287726000000000113e+02 3.000000000000000000e+00 1.000000000000000000e+00 7.320000000000000118e-02 2.500000000000000000e-01 1.000000000000000048e-04
2.560000000000000142e+01 8.330399999999999139e+00 1.369778000000000020e+02 1.800000000000000000e+02 1.288348000000000013e+02 3.000000000000000000e+00 1.000000000000000000e+00 7.340000000000000691e-02 2.500000000000000000e-01 1.000000000000000048e-04
2.564999999999999858e+01 8.326900000000000190e+00 1.370397000000000105e+02 1.800000000000000000e+02 1.288969999999999914e+02 3.000000000000000000e+00 1.000000000000000000e+00 7.359999999999999876e-02 2.500000000000000000e-01 1.000000000000000048e-04
2.569999999999999929e+01 8.323499999999999233e+00 1.371016999999999939e+02 1.800000000000000000e+02 1.289593000000000131e+02 3.000000000000000000e+00 1.000000000000000000e+00 7.380000000000000449e-02 2.500000000000000000e-01 1.000000000000000048e-04
2.575000000000000000e+01 8.320100000000000051e+00 1.371638000000000090e+02 1.800000000000000000e+02 1.290217000000000098e+02 3.000000000000000000e+00 1.000000000000000000e+00 7.399999999999999634e-02 2.500000000000000000e-01 1.000000000000000048e-04
2.580000000000000071e+01 8.316599999999999326e+00 1.372258999999999958e+02 1.800000000000000000e+02 1.290842000000000098e+02 3.000000000000000000e+00 1.000000000000000000e+00 7.409999999999999920e-02 2.500000000000000000e-01 1.000000000000000048e-04
2.585000000000000142e+01 8.313200000000000145e+00 1.372880999999999858e+02 1.800000000000000000e+02 1.291467000000000098e+02 3.000000000000000000e+00 1.000000000000000000e+00 7.430000000000000493e-02 2.500000000000000000e-01 1.000000000000000048e-04
2.589999999999999858e+01 8.309699999999999420e+00 1.373503000000000043e+02 1.800000000000000000e+02 1.292093000000000131e+02 3.000000000000000000e+00 1.000000000000000000e+00 7.449999999999999678e-02 2.500000000000000000e-01 1.000000000000000048e-04
2.594999999999999929e+01 8.306300000000000239e+00 1.374125999999999976e+02 1.800000000000000000e+02 1.292718999999999880e+02 3.000000000000000000e+00 1.000000000000000000e+00 7.470000000000000251e-02 2.500000000000000000e-01 1.000000000000000048e-04
2.600000000000000000e+01 8.302799999999999514e+00 1.374749999999999943e+02 1.800000000000000000e+02 1.293345999999999947e+02 3.000000000000000000e+00 1.000000000000000000e+00 7.489999999999999436e-02 2.500000000000000000e-01 1.000000000000000048e-04
2.605000000000000071e+01 8.299400000000000333e+00 1.375374999999999943e+02 1.800000000000000000e+02 1.293974000000000046e+02 3.000000000000000000e+00 1.000000000000000000e+00 7.510000000000000009e-02 2.500000000000000000e-01 1.000000000000000048e-04
2.610000000000000142e+01 8.295999999999999375e+00 1.375999999999999943e+02 1.800000000000000000e+02 1.294602999999999895e+02 3.000000000000000000e+00 1.000000000000000000e+00 7.520000000000000295e-02 2.500000000000000000e-01 1.000000000000000048e-04
2.614999999999999858e+01 8.292500000000000426e+00 1.376625999999999976e+02 1.800000000000000000e+02 1.295232000000000028e+02 3.000000000000000000e+00 1.000000000000000000e+00 7.539999999999999480e-02 2.500000000000000000e-01 1.000000000000000048e-04
2.619999999999999929e+01 8.289099999999999469e+00 1.377252000000000010e+02 1.800000000000000000e+02 1.295861999999999910e+02 3.000000000000000000e+00 1.000000000000000000e+00 7.560000000000000053e-02 2.500000000000000000e-01 1.000000000000000048e-04
2.625000000000000000e+01 8.285600000000000520e+00 1.377880000000000109e+02 1.800000000000000000e+02 1.296493000000000109e+02 3.000000000000000000e+00 1.000000000000000000e+00 7.580000000000000626e-02 2.500000000000000000e-01 1.000000000000000048e-04
2.630000000000000071e+01 8.282199999999999562e+00 1.378507999999999925e+02 1.800000000000000000e+02 1.297124000000000024e+02 3.000000000000000000e+00 1.000000000000000000e+00 7.599999999999999811e-02 2.500000000000000000e-01 1.000000000000000048e-04
2.635000000000000142e+01 8.278700000000000614e+00 1.379136000000000024e+02 1.800000000000000000e+02 1.297755999999999972e+02 3.000000000000000000e+00 1.000000000000000000e+00 7.620000000000000384e-02 2.500000000000000000e-01 1.000000000000000048e-04
2.639999999999999858e+01 8.275299999999999656e+00 1.379765999999999906e+02 1.800000000000000000e+02 1.298388999999999953e+02 3.000000000000000000e+00 1.000000000000000000e+00 7.639999999999999569e-02 2.500000000000000000e-01 1.000000000000000048e-04
2.644999999999999929e+01 8.271800000000000708e+00 1.380396000000000072e+02 1.800000000000000000e+02 1.299021999999999935e+02 3.000000000000000000e+00 1.000000000000000000e+00 7.649999999999999856e-02 2.500000000000000000e-01 1.000000000000000048e-04
2.650000000000000000e+01 8.268399999999999750e+00 1.381026999999999987e+02 1.800000000000000000e+02 1.299655999999999949e+02 3.000000000000000000e+00 1.000000000000000000e+00 7.670000000000000429e-02 2.500000000000000000e-01 1.000000000000000048e-04
2.655000000000000071e+01 8.264900000000000801e+00 1.381657999999999902e+02 1.800000000000000000e+02 1.300290999999999997e+02 3.000000000000000000e+00 1.000000000000000000e+00 7.689999999999999614e-02 2.500000000000000000e-01 1.000000000000000048e-04
2.660000000000000142e+01 8.261499999999999844e+00 1.382290000000000134e+02 1.800000000000000000e+02 1.300926000000000045e+02 3.000000000000000000e+00 1.000000000000000000e+00 7.710000000000000187e-02 2.500000000000000000e-01 1.000000000000000048e-04
2.664999999999999858e+01 8.257999999999999119e+00 1.382923000000000116e+02 1.800000000000000000e+02 1.301562000000000126e+02 3.000000000000000000e+00 1.000000000000000000e+00 7.729999999999999372e-02 2.500000000000000000e-01 1.000000000000000048e-04
2.669999999999999929e+01 8.254500000000000171e+00 1.383557000000000130e+02 1.800000000000000000e+02 1.302198999999999955e+02 3.000000000000000000e+00 1.000000000000000000e+00 7.749999999999999944e-02 2.500000000000000000e-01 1.000000000000000048e-04
2.675000000000000000e+01 8.251099999999999213e+00 1.384190999999999860e+02 1.800000000000000000e+02 1.302837000000000103e+02 3.000000000000000000e+00 1.000000000000000000e+00 7.770000000000000517e-02 2.500000000000000000e-01 1.000000000000000048e-04
2.680000000000000071e+01 8.247600000000000264e+00 1.384825999999999908e+02 1.800000000000000000e+02 1.303474999999999966e+02 3.000000000000000000e+00 1.000000000000000000e+00 7.789999999999999702e-02 2.500000000000000000e-01 1.000000000000000048e-04
2.685000000000000142e+01 8.244199999999999307e+00 1.385461999999999989e+02 1.800000000000000000e+02 1.304113999999999862e+02 3.000000000000000000e+00 1.000000000000000000e+00 7.799999999999999989e-02 2.500000000000000000e-01 1.000000000000000048e-04
2.689999999999999858e+01 8.240700000000000358e+00 1.386098000000000070e+02 1.800000000000000000e+02 1.304754000000000076e+02 3.000000000000000000e+00 1.000000000000000000e+00 7.820000000000000562e-02 2.500000000000000000e-01 1.000000000000000048e-04
2.694999999999999929e+01 8.237199999999999633e+00 1.386734999999999900e+02 1.800000000000000000e+02 1.305394000000000005e+02 3.000000000000000000e+00 1.000000000000000000e+00 7.839999999999999747e-02 2.500000000000000000e-01 1.000000000000000048e-04
2.700000000000000000e+01 8.233800000000000452e+00 1.387373000000000047e+02 1.800000000000000000e+02 1.306034999999999968e+02 3.000000000000000000e+00 1.000000000000000000e+00 7.860000000000000320e-02 2.500000000000000000e-01 1.000000000000000048e-04
2.705000000000000071e+01 8.230299999999999727e+00 1.388011999999999944e+02 1.800000000000000000e+02 1.306676999999999964e+02 3.000000000000000000e+00 1.000000000000000000e+00 7.879999999999999505e-02 2.500000000000000000e-01 1.000000000000000048e-04
2.710000000000000142e+01 8.226900000000000546e+00 1.388651000000000124e+02 1.800000000000000000e+02 1.307319999999999993e+02 3.000000000000000000e+00 1.000000000000000000e+00 7.900000000000000078e-02 2.500000000000000000e-01 1.000000000000000048e-04
2.714999999999999858e+01 8.223399999999999821e+00 1.389291000000000054e+02 1.800000000000000000e+02 1.307963000000000022e+02 3.000000000000000000e+00 1.000000000000000000e+00 7.920000000000000651e-02 2.500000000000000000e-01 1.000000000000000048e-04
2.719999999999999929e+01 8.219900000000000873e+00 1.389932000000000016e+02 1.800000000000000000e+02 1.308607000000000085e+02 3.000000000000000000e+00 1.000000000000000000e+00 7.939999999999999836e-02 2.500000000000000000e-01 1.000000000000000048e-04
2.725000000000000000e+01 8.216499999999999915e+00 1.390572999999999979e+02 1.800000000000000000e+02 1.309250999999999863e+02 3.000000000000000000e+00 1.000000000000000000e+00 7.960000000000000409e-02 2.500000000000000000e-01 1.000000000000000048e-04
2.730000000000000071e+01 8.212999999999999190e+00 1.391214999999999975e+02 1.800000000000000000e+02 1.309896999999999991e+02 3.000000000000000000e+00 1.000000000000000000e+00 7.969999999999999307e-02 2.500000000000000000e-01 1.000000000000000048e-04
2.735000000000000142e+01 8.209500000000000242e+00 1.391858000000000004e+02 1.800000000000000000e+02 1.310543000000000120e+02 3.000000000000000000e+00 1.000000000000000000e+00 7.989999999999999880e-02 2.500000000000000000e-01 1.000000000000000048e-04
2.739999999999999858e+01 8.206099999999999284e+00 1.392502000000000066e+02 1.800000000000000000e+02 1.311189999999999998e+02 3.000000000000000000e+00 1.000000000000000000e+00 8.010000000000000453e-02 2.500000000000000000e-01 1.000000000000000048e-04
2.744999999999999929e+01 8.202600000000000335e+00 1.393146000000000129e+02 1.800000000000000000e+02 1.311836999999999875e+02 3.000000000000000000e+00 1.000000000000000000e+00 8.029999999999999638e-02 2.500000000000000000e-01 1.000000000000000048e-04
2.750000000000000000e+01 8.199099999999999611e+00 1.393790999999999940e+02 1.800000000000000000e+02 1.312485000000000070e+02 3.000000000000000000e+00 1.000000000000000000e+00 8.050000000000000211e-02 2.500000000000000000e-01 1.000000000000000048e-04
2.755000000000000071e+01 8.195600000000000662e+00 1.394437000000000069e+02 1.800000000000000000e+02 1.313134000000000015e+02 3.000000000000000000e+00 1.000000000000000000e+00 8.069999999999999396e-02 2.500000000000000000e-01 1.000000000000000048e-04
2.760000000000000142e+01 8.192199999999999704e+00 1.395082999999999913e+02 1.800000000000000000e+02 1.313783999999999992e+02 3.000000000000000000e+00 1.000000000000000000e+00 8.089999999999999969e-02 2.500000000000000000e-01 1.000000000000000048e-04
2.764999999999999858e+01 8.188700000000000756e+00 1.395730000000000075e+02 1.800000000000000000e+02 1.314435000000000002e+02 3.000000000000000000e+00 1.000000000000000000e+00 8.110000000000000542e-02 2.500000000000000000e-01 1.000000000000000048e-04
2.769999999999999929e+01 8.185200000000000031e+00 1.396377999999999986e+02 1.800000000000000000e+02 1.315086000000000013e+02 3.000000000000000000e+00 1.000000000000000000e+00 8.129999999999999727e-02 2.500000000000000000e-01 1.000000000000000048e-04
2.775000000000000000e+01 8.181699999999999307e+00 1.397026999999999930e+02 1.800000000000000000e+02 1.315738000000000056e+02 3.000000000000000000e+00 1.000000000000000000e+00 8.150000000000000300e-02 2.500000000000000000e-01 1.000000000000000048e-04
2.780000000000000071e+01 8.178300000000000125e+00 1.397676999999999907e+02 1.800000000000000000e+02 1.316390000000000100e+02 3.000000000000000000e+00 1.000000000000000000e+00 8.169999999999999485e-02 2.500000000000000000e-01 1.000000000000000048e-04
2.785000000000000142e+01 8.174799999999999400e+00 1.398326999999999884e+02 1.800000000000000000e+02 1.317043999999999926e+02 3.000000000000000000e+00 1.000000000000000000e+00 8.190000000000000058e-02 2.500000000000000000e-01 1.000000000000000048e-04
2.789999999999999858e+01 8.171300000000000452e+00 1.398977999999999895e+02 1.800000000000000000e+02 1.317698000000000036e+02 3.000000000000000000e+00 1.000000000000000000e+00 8.200000000000000344e-02 2.500000000000000000e-01 1.000000000000000048e-04
2.794999999999999929e+01 8.167799999999999727e+00 1.399628999999999905e+02 1.800000000000000000e+02 1.318351999999999862e+02 3.000000000000000000e+00 1.000000000000000000e+00 8.219999999999999529e-02 2.500000000000000000e-01 1.000000000000000048e-04
2.800000000000000000e+01 8.164400000000000546e+00 1.400281999999999982e+02 1.800000000000000000e+02 1.319008000000000038e+02 3.000000000000000000e+00 1.000000000000000000e+00 8.240000000000000102e-02 2.500000000000000000e-01 1.000000000000000048e-04
2.805000000000000071e+01 8.160899999999999821e+00 1.400935000000000059e+02 1.800000000000000000e+02 1.319663999999999930e+02 3.000000000000000000e+00 1.000000000000000000e+00 8.260000000000000675e-02 2.500000000000000000e-01 1.000000000000000048e-04
2.810000000000000142e+01 8.157400000000000873e+00 1.401588999999999885e+02 1.800000000000000000e+02 1.320321000000000140e+02 3.000000000000000000e+00 1.000000000000000000e+00 8.279999999999999860e-02 2.500000000000000000e-01 1.000000000000000048e-04
2.814999999999999858e+01 8.153900000000000148e+00 1.402242999999999995e+02 1.800000000000000000e+02 1.320979000000000099e+02 3.000000000000000000e+00 1.000000000000000000e+00 8.300000000000000433e-02 2.500000000000000000e-01 1.000000000000000048e-04
2.819999999999999929e+01 8.150399999999999423e+00 1.402898999999999887e+02 1.800000000000000000e+02 1.321638000000000090e+02 3.000000000000000000e+00 1.000000000000000000e+00 8.319999999999999618e-02 2.500000000000000000e-01 1.000000000000000048e-04
2.825000000000000000e+01 8.146900000000000475e+00 1.403555000000000064e+02 1.800000000000000000e+02 1.322297000000000082e+02 3.000000000000000000e+00 1.000000000000000000e+00 8.340000000000000191e-02 2.500000000000000000e-01 1.000000000000000048e-04
2.830000000000000071e+01 8.143499999999999517e+00 1.404211999999999989e+02 1.800000000000000000e+02 1.322957000000000107e+02 3.000000000000000000e+00 1.000000000000000000e+00 8.359999999999999376e-02 2.500000000000000000e-01 1.000000000000000048e-04
2.835000000000000142e+01 8.140000000000000568e+00 1.404868999999999915e+02 1.800000000000000000e+02 1.323617999999999881e+02 3.000000000000000000e+00 1.000000000000000000e+00 8.379999999999999949e-02 2.500000000000000000e-01 1.000000000000000048e-04
2.839999999999999858e+01 8.136499999999999844e+00 1.405527999999999906e+02 1.800000000000000000e+02 1.324278999999999940e+02 3.000000000000000000e+00 1.000000000000000000e+00 8.400000000000000522e-02 2.500000000000000000e-01 1.000000000000000048e-04
2.844999999999999929e+01 8.132999999999999119e+00 1.406186999999999898e+02 1.800000000000000000e+02 1.324941000000000031e+02 3.000000000000000000e+00 1.000000000000000000e+00 8.419999999999999707e-02 2.500000000000000000e-01 1.000000000000000048e-04
2.850000000000000000e+01 8.129500000000000171e+00 1.406846999999999923e+02 1.800000000000000000e+02 1.325603999999999871e+02 3.000000000000000000e+00 1.000000000000000000e+00 8.440000000000000280e-02 2.500000000000000000e-01 1.000000000000000048e-04
2.855000000000000071e+01 8.125999999999999446e+00 1.407507999999999981e+02 1.800000000000000000e+02 1.326268000000000029e+02 3.000000000000000000e+00 1.000000000000000000e+00 8.459999999999999465e-02 2.500000000000000000e-01 1.000000000000000048e-04
2.860000000000000142e+01 8.122500000000000497e+00 1.408169000000000040e+02 1.800000000000000000e+02 1.326932999999999936e+02 3.000000000000000000e+00 1.000000000000000000e+00 8.480000000000000038e-02 2.500000000000000000e-01 1.000000000000000048e-04
2.864999999999999858e+01 8.118999999999999773e+00 1.408831000000000131e+02 1.800000000000000000e+02 1.327598000000000127e+02 3.000000000000000000e+00 1.000000000000000000e+00 8.500000000000000611e-02 2.500000000000000000e-01 1.000000000000000048e-04
2.869999999999999929e+01 8.115500000000000824e+00 1.409493999999999971e+02 1.800000000000000000e+02 1.328264000000000067e+02 3.000000000000000000e+00 1.000000000000000000e+00 8.519999999999999796e-02 2.500000000000000000e-01 1.000000000000000048e-04
2.875000000000000000e+01 8.112000000000000099e+00 1.410158000000000129e+02 1.800000000000000000e+02 1.328931000000000040e+02 3.000000000000000000e+00 1.000000000000000000e+00 8.540000000000000369e-02 2.500000000000000000e-01 1.000000000000000048e-04
2.880000000000000071e+01 8.108499999999999375e+00 1.410822000000000003e+02 1.800000000000000000e+02 1.329598000000000013e+02 3.000000000000000000e+00 1.000000000000000000e+00 8.559999999999999554e-02 2.500000000000000000e-01 1.000000000000000048e-04
2.885000000000000142e+01 8.105000000000000426e+00 1.411487999999999943e+02 1.800000000000000000e+02 1.330267000000000053e+02 3.000000000000000000e+00 1.000000000000000000e+00 8.569999999999999840e-02 2.500000000000000000e-01 1.000000000000000048e-04
2.889999999999999858e+01 8.101499999999999702e+00 1.412153999999999883e+02 1.800000000000000000e+02 1.330936000000000092e+02 3.000000000000000000e+00 1.000000000000000000e+00 8.590000000000000413e-02 2.500000000000000000e-01 1.000000000000000048e-04
2.894999999999999929e+01 8.098000000000000753e+00 1.412820000000000107e+02 1.800000000000000000e+02 1.331605999999999881e+02 3.000000000000000000e+00 1.000000000000000000e+00 8.609999999999999598e-02 2.500000000000000000e-01 1.000000000000000048e-04
2.900000000000000000e+01 8.094500000000000028e+00 1.413488000000000113e+02 1.800000000000000000e+02 1.332275999999999954e+02 3.000000000000000000e+00 1.000000000000000000e+00 8.630000000000000171e-02 2.500000000000000000e-01 1.000000000000000048e-04
2.905000000000000071e+01 8.090999999999999304e+00 1.414156000000000120e+02 1.800000000000000000e+02 1.332948000000000093e+02 3.000000000000000000e+00 1.000000000000000000e+00 8.649999999999999356e-02 2.500000000000000000e-01 1.000000000000000048e-04
2.910000000000000142e+01 8.087500000000000355e+00 1.414824999999999875e+02 1.800000000000000000e+02 1.333619999999999948e+02 3.000000000000000000e+00 1.000000000000000000e+00 8.669999999999999929e-02 2.500000000000000000e-01 1.000000000000000048e-04
2.914999999999999858e+01 8.083999999999999631e+00 1.415494999999999948e+02 1.800000000000000000e+02 1.334293000000000120e+02 3.000000000000000000e+00 1.000000000000000000e+00 8.690000000000000502e-02 2.500000000000000000e-01 1.000000000000000048e-04
2.919999999999999929e+01 8.080500000000000682e+00 1.416166000000000054e+02 1.800000000000000000e+02 1.334966000000000008e+02 3.000000000000000000e+00 1.000000000000000000e+00 8.709999999999999687e-02 2.500000000000000000e-01 1.000000000000000048e-04
2.925000000000000000e+01 8.076999999999999957e+00 1.416837999999999909e+02 1.800000000000000000e+02 1.335640999999999963e+02 3.000000000000000000e+00 1.000000000000000000e+00 8.730000000000000260e-02 2.500000000000000000e-01 1.000000000000000048e-04
2.930000000000000071e+01 8.073499999999999233e+00 1.417510000000000048e+02 1.800000000000000000e+02 1.336315999999999917e+02 3.000000000000000000e+00 1.000000000000000000e+00 8.749999999999999445e-02 2.500000000000000000e-01 1.000000000000000048e-04
2.935000000000000142e+01 8.070000000000000284e+00 1.418182999999999936e+02 1.800000000000000000e+02 1.336991999999999905e+02 3.000000000000000000e+00 1.000000000000000000e+00 8.770000000000000018e-02 2.500000000000000000e-01 1.000000000000000048e-04
2.939999999999999858e+01 8.066499999999999559e+00 1.418857000000000141e+02 1.800000000000000000e+02 1.337668999999999926e+02 3.000000000000000000e+00 1.000000000000000000e+00 8.790000000000000591e-02 2.500000000000000000e-01 1.000000000000000048e-04
2.944999999999999929e+01 8.063000000000000611e+00 1.419531000000000063e+02 1.800000000000000000e+02 1.338346999999999980e+02 3.000000000000000000e+00 1.000000000000000000e+00 8.809999999999999776e-02 2.500000000000000000e-01 1.000000000000000048e-04
2.950000000000000000e+01 8.059499999999999886e+00 1.420207000000000050e+02 1.800000000000000000e+02 1.339025000000000034e+02 3.000000000000000000e+00 1.000000000000000000e+00 8.830000000000000349e-02 2.500000000000000000e-01 1.000000000000000048e-04
2.955000000000000071e+01 8.055999999999999162e+00 1.420883000000000038e+02 1.800000000000000000e+02 1.339704000000000121e+02 3.000000000000000000e+00 1.000000000000000000e+00 8.849999999999999534e-02 2.500000000000000000e-01 1.000000000000000048e-04
2.960000000000000142e+01 8.052500000000000213e+00 1.421560000000000059e+02 1.800000000000000000e+02 1.340383999999999958e+02 3.000000000000000000e+00 1.000000000000000000e+00 8.870000000000000107e-02 2.500000000000000000e-01 1.000000000000000048e-04
2.964999999999999858e+01 8.048999999999999488e+00 1.422238000000000113e+02 1.800000000000000000e+02 1.341065000000000111e+02 3.000000000000000000e+00 1.000000000000000000e+00 8.890000000000000679e-02 2.500000000000000000e-01 1.000000000000000048e-04
2.969999999999999929e+01 8.045400000000000773e+00 1.422915999999999883e+02 1.800000000000000000e+02 1.341745999999999981e+02 3.000000000000000000e+00 1.000000000000000000e+00 8.909999999999999865e-02 2.500000000000000000e-01 1.000000000000000048e-04
2.975000000000000000e+01 8.041900000000000048e+00 1.423596000000000004e+02 1.800000000000000000e+02 1.342428999999999917e+02 3.000000000000000000e+00 1.000000000000000000e+00 8.930000000000000437e-02 2.500000000000000000e-01 1.000000000000000048e-04
2.980000000000000071e+01 8.038399999999999324e+00 1.424276000000000124e+02 1.800000000000000000e+02 1.343112000000000137e+02 3.000000000000000000e+00 1.000000000000000000e+00 8.949999999999999623e-02 2.500000000000000000e-01 1.000000000000000048e-04
2.985000000000000142e+01 8.034900000000000375e+00 1.424956999999999994e+02 1.800000000000000000e+02 1.343796000000000106e+02 3.000000000000000000e+00 1.000000000000000000e+00 8.970000000000000195e-02 2.500000000000000000e-01 1.000000000000000048e-04
2.989999999999999858e+01 8.031399999999999650e+00 1.425637999999999863e+02 1.800000000000000000e+02 1.344481000000000108e+02 3.000000000000000000e+00 1.000000000000000000e+00 8.989999999999999380e-02 2.500000000000000000e-01 1.000000000000000048e-04
2.994999999999999929e+01 8.027900000000000702e+00 1.426321000000000083e+02 1.800000000000000000e+02 1.345166000000000111e+02 3.000000000000000000e+00 1.000000000000000000e+00 9.009999999999999953e-02 2.500000000000000000e-01 1.000000000000000048e-04
3.000000000000000000e+01 8.024300000000000210e+00 1.427004000000000019e+02 1.800000000000000000e+02 1.345851999999999862e+02 3.000000000000000000e+00 1.000000000000000000e+00 9.030000000000000526e-02 2.500000000000000000e-01 1.000000000000000048e-04
3.005000000000000071e+01 8.020799999999999486e+00 1.427689000000000021e+02 1.800000000000000000e+02 1.346539999999999964e+02 3.000000000000000000e+00 1.000000000000000000e+00 9.049999999999999711e-02 2.500000000000000000e-01 1.000000000000000048e-04
3.010000000000000142e+01 8.017300000000000537e+00 1.428374000000000024e+02 1.800000000000000000e+02 1.347228000000000065e+02 3.000000000000000000e+00 1.000000000000000000e+00 9.070000000000000284e-02 2.500000000000000000e-01 1.000000000000000048e-04
3.014999999999999858e+01 8.013799999999999812e+00 1.429059000000000026e+02 1.800000000000000000e+02 1.347915999999999883e+02 3.000000000000000000e+00 1.000000000000000000e+00 9.089999999999999469e-02 2.500000000000000000e-01 1.000000000000000048e-04
3.019999999999999929e+01 8.010199999999999321e+00 1.429746000000000095e+02 1.800000000000000000e+02 1.348606000000000051e+02 3.000000000000000000e+00 1.000000000000000000e+00 9.120000000000000329e-02 2.500000000000000000e-01 1.000000000000000048e-04
3.025000000000000000e+01 8.006700000000000372e+00 1.430433999999999912e+02 1.800000000000000000e+02 1.349295999999999935e+02 3.000000000000000000e+00 1.000000000000000000e+00 9.139999999999999514e-02 2.500000000000000000e-01 1.000000000000000048e-04
3.030000000000000071e+01 8.003199999999999648e+00 1.431122000000000014e+02 1.800000000000000000e+02 1.349987000000000137e+02 3.000000000000000000e+00 1.000000000000000000e+00 9.160000000000000087e-02 2.500000000000000000e-01 1.000000000000000048e-04
3.035000000000000142e+01 7.999699999999999811e+00 1.431810999999999865e+02 1.800000000000000000e+02 1.350679000000000087e+02 3.000000000000000000e+00 1.000000000000000000e+00 9.180000000000000659e-02 2.500000000000000000e-01 1.000000000000000048e-04
3.039999999999999858e+01 7.996100000000000207e+00 1.432501000000000033e+02 1.800000000000000000e+02 1.351372000000000071e+02 3.000000000000000000e+00 1.000000000000000000e+00 9.199999999999999845e-02 2.500000000000000000e-01 1.000000000000000048e-04
3.044999999999999929e+01 7.992600000000000371e+00 1.433191999999999950e+02 1.800000000000000000e+02 1.352066000000000088e+02 3.000000000000000000e+00 1.000000000000000000e+00 9.220000000000000417e-02 2.500000000000000000e-01 1.000000000000000048e-04
3.050000000000000000e+01 7.989099999999999646e+00 1.433882999999999868e+02 1.800000000000000000e+02 1.352760000000000105e+02 3.000000000000000000e+00 1.000000000000000000e+00 9.239999999999999603e-02 2.500000000000000000e-01 1.000000000000000048e-04
3.055000000000000071e+01 7.985500000000000043e+00 1.434576000000000136e+02 1.800000000000000000e+02 1.353454999999999870e+02 3.000000000000000000e+00 1.000000000000000000e+00 9.260000000000000175e-02 2.500000000000000000e-01 1.000000000000000048e-04
3.060000000000000142e+01 7.982000000000000206e+00 1.435269000000000119e+02 1.800000000000000000e+02 1.354151999999999987e+02 3.000000000000000000e+00 1.000000000000000000e+00 9.279999999999999361e-02 2.500000000000000000e-01 1.000000000000000048e-04
3.064999999999999858e+01 7.978500000000000369e+00 1.435963000000000136e+02 1.800000000000000000e+02 1.354848000000000070e+02 3.000000000000000000e+00 1.000000000000000000e+00 9.299999999999999933e-02 2.500000000000000000e-01 1.000000000000000048e-04
3.069999999999999929e+01 7.974899999999999878e+00 1.436657999999999902e+02 1.800000000000000000e+02 1.355545999999999935e+02 3.000000000000000000e+00 1.000000000000000000e+00 9.320000000000000506e-02 2.500000000000000000e-01 1.000000000000000048e-04
3.075000000000000000e+01 7.971400000000000041e+00 1.437352999999999952e+02 1.800000000000000000e+02 1.356245000000000118e+02 3.000000000000000000e+00 1.000000000000000000e+00 9.339999999999999691e-02 2.500000000000000000e-01 1.000000000000000048e-04
3.080000000000000071e+01 7.967900000000000205e+00 1.438050000000000068e+02 1.800000000000000000e+02 1.356944000000000017e+02 3.000000000000000000e+00 1.000000000000000000e+00 9.360000000000000264e-02 2.500000000000000000e-01 1.000000000000000048e-04
3.085000000000000142e+01 7.964299999999999713e+00 1.438746999999999900e+02 1.800000000000000000e+02 1.357643999999999949e+02 3.000000000000000000e+00 1.000000000000000000e+00 9.379999999999999449e-02 2.500000000000000000e-01 1.000000000000000048e-04
3.089999999999999858e+01 7.960799999999999876e+00 1.439446000000000083e+02 1.800000000000000000e+02 1.358344999999999914e+02 3.000000000000000000e+00 1.000000000000000000e+00 9.400000000000000022e-02 2.500000000000000000e-01 1.000000000000000048e-04
3.094999999999999929e+01 7.957300000000000040e+00 1.440144999999999982e+02 1.800000000000000000e+02 1.359046999999999912e+02 3.000000000000000000e+00 1.000000000000000000e+00 9.420000000000000595e-02 2.500000000000000000e-01 1.000000000000000048e-04
3.100000000000000000e+01 7.953700000000000436e+00 1.440844999999999914e+02 1.800000000000000000e+02 1.359749999999999943e+02 3.000000000000000000e+00 1.000000000000000000e+00 9.439999999999999780e-02 2.500000000000000000e-01 1.000000000000000048e-04
3.105000000000000071e+01 7.950199999999999712e+00 1.441545000000000130e+02 1.800000000000000000e+02 1.360454000000000008e+02 3.000000000000000000e+00 1.000000000000000000e+00 9.460000000000000353e-02 2.500000000000000000e-01 1.000000000000000048e-04
3.110000000000000142e+01 7.946600000000000108e+00 1.442247000000000128e+02 1.800000000000000000e+02 1.361158000000000072e+02 3.000000000000000000e+00 1.000000000000000000e+00 9.489999999999999825e-02 2.500000000000000000e-01 1.000000000000000048e-04
3.114999999999999858e+01 7.943100000000000271e+00 1.442949000000000126e+02 1.800000000000000000e+02 1.361862999999999886e+02 3.000000000000000000e+00 1.000000000000000000e+00 9.510000000000000397e-02 2.500000000000000000e-01 1.000000000000000048e-04
3.119999999999999929e+01 7.939499999999999780e+00 1.443652999999999906e+02 1.800000000000000000e+02 1.362569000000000017e+02 3.000000000000000000e+00 1.000000000000000000e+00 9.529999999999999583e-02 2.500000000000000000e-01 1.000000000000000048e-04
3.125000000000000000e+01 7.935999999999999943e+00 1.444356999999999971e+02 1.800000000000000000e+02 1.363275999999999897e+02 3.000000000000000000e+00 1.000000000000000000e+00 9.550000000000000155e-02 2.500000000000000000e-01 1.000000000000000048e-04
3.130000000000000071e+01 7.932400000000000340e+00 1.445062000000000069e+02 1.800000000000000000e+02 1.363984000000000094e+02 3.000000000000000000e+00 1.000000000000000000e+00 9.569999999999999341e-02 2.500000000000000000e-01 1.000000000000000048e-04
3.135000000000000142e+01 7.928899999999999615e+00 1.445767999999999915e+02 1.800000000000000000e+02 1.364693000000000040e+02 3.000000000000000000e+00 1.000000000000000000e+00 9.589999999999999913e-02 2.500000000000000000e-01 1.000000000000000048e-04
3.139999999999999858e+01 7.925300000000000011e+00 1.446474000000000046e+02 1.800000000000000000e+02 1.365401999999999987e+02 3.000000000000000000e+00 1.000000000000000000e+00 9.610000000000000486e-02 2.500000000000000000e-01 1.000000000000000048e-04
3.144999999999999929e+01 7.921800000000000175e+00 1.447181999999999960e+02 1.800000000000000000e+02 1.366111999999999966e+02 3.000000000000000000e+00 1.000000000000000000e+00 9.629999999999999671e-02 2.500000000000000000e-01 1.000000000000000048e-04
3.150000000000000000e+01 7.918199999999999683e+00 1.447889999999999873e+02 1.800000000000000000e+02 1.366824000000000012e+02 3.000000000000000000e+00 1.000000000000000000e+00 9.650000000000000244e-02 2.500000000000000000e-01 1.000000000000000048e-04
3.155000000000000071e+01 7.914699999999999847e+00 1.448600000000000136e+02 1.800000000000000000e+02 1.367536000000000058e+02 3.000000000000000000e+00 1.000000000000000000e+00 9.669999999999999429e-02 2.500000000000000000e-01 1.000000000000000048e-04
3.160000000000000142e+01 7.911100000000000243e+00 1.449310000000000116e+02 1.800000000000000000e+02 1.368248000000000104e+02 3.000000000000000000e+00 1.000000000000000000e+00 9.690000000000000002e-02 2.500000000000000000e-01 1.000000000000000048e-04
3.164999999999999858e+01 7.907600000000000406e+00 1.450021000000000129e+02 1.800000000000000000e+02 1.368961999999999932e+02 3.000000000000000000e+00 1.000000000000000000e+00 9.719999999999999474e-02 2.500000000000000000e-01 1.000000000000000048e-04
3.169999999999999929e+01 7.903999999999999915e+00 1.450732999999999890e+02 1.800000000000000000e+02 1.369677000000000078e+02 3.000000000000000000e+00 1.000000000000000000e+00 9.740000000000000047e-02 2.500000000000000000e-01 1.000000000000000048e-04
3.175000000000000000e+01 7.900500000000000078e+00 1.451445999999999970e+02 1.800000000000000000e+02 1.370391999999999939e+02 3.000000000000000000e+00 1.000000000000000000e+00 9.760000000000000620e-02 2.500000000000000000e-01 1.000000000000000048e-04
3.180000000000000071e+01 7.896899999999999586e+00 1.452159000000000049e+02 1.800000000000000000e+02 1.371108999999999867e+02 3.000000000000000000e+00 1.000000000000000000e+00 9.779999999999999805e-02 2.500000000000000000e-01 1.000000000000000048e-04
3.185000000000000142e+01 7.893299999999999983e+00 1.452873999999999910e+02 1.800000000000000000e+02 1.371826000000000079e+02 3.000000000000000000e+00 1.000000000000000000e+00 9.800000000000000377e-02 2.500000000000000000e-01 1.000000000000000048e-04
3.189999999999999858e+01 7.889800000000000146e+00 1.453589000000000055e+02 1.800000000000000000e+02 1.372544000000000040e+02 3.000000000000000000e+00 1.000000000000000000e+00 9.819999999999999563e-02 2.500000000000000000e-01 1.000000000000000048e-04
3.194999999999999929e+01 7.886199999999999655e+00 1.454305999999999983e+02 1.800000000000000000e+02 1.373263000000000034e+02 3.000000000000000000e+00 1.000000000000000000e+00 9.840000000000000135e-02 2.500000000000000000e-01 1.000000000000000048e-04
3.200000000000000000e+01 7.882699999999999818e+00 1.455022999999999911e+02 1.800000000000000000e+02 1.373983000000000061e+02 3.000000000000000000e+00 1.000000000000000000e+00 9.859999999999999321e-02 2.500000000000000000e-01 1.000000000000000048e-04
3.204999999999999716e+01 7.879100000000000215e+00 1.455740999999999872e+02 1.800000000000000000e+02 1.374703000000000088e+02 3.000000000000000000e+00 1.000000000000000000e+00 9.879999999999999893e-02 2.500000000000000000e-01 1.000000000000000048e-04
3.210000000000000142e+01 7.875499999999999723e+00 1.456459999999999866e+02 1.800000000000000000e+02 1.375424999999999898e+02 3.000000000000000000e+00 1.000000000000000000e+00 9.909999999999999365e-02 2.500000000000000000e-01 1.000000000000000048e-04
3.214999999999999858e+01 7.871999999999999886e+00 1.457179999999999893e+02 1.800000000000000000e+02 1.376146999999999991e+02 3.000000000000000000e+00 1.000000000000000000e+00 9.929999999999999938e-02 2.500000000000000000e-01 1.000000000000000048e-04
3.220000000000000284e+01 7.868400000000000283e+00 1.457899999999999920e+02 1.800000000000000000e+02 1.376870999999999867e+02 3.000000000000000000e+00 1.000000000000000000e+00 9.950000000000000511e-02 2.500000000000000000e-01 1.000000000000000048e-04
3.225000000000000000e+01 7.864799999999999791e+00 1.458622000000000014e+02 1.800000000000000000e+02 1.377595000000000027e+02 3.000000000000000000e+00 1.000000000000000000e+00 9.969999999999999696e-02 2.500000000000000000e-01 1.000000000000000048e-04
3.229999999999999716e+01 7.861299999999999955e+00 1.459344000000000108e+02 1.800000000000000000e+02 1.378319999999999936e+02 3.000000000000000000e+00 1.000000000000000000e+00 9.990000000000000269e-02 2.500000000000000000e-01 1.000000000000000048e-04
3.235000000000000142e+01 7.857700000000000351e+00 1.460067999999999984e+02 1.800000000000000000e+02 1.379045999999999879e+02 3.000000000000000000e+00 1.000000000000000000e+00 1.000999999999999945e-01 2.500000000000000000e-01 1.000000000000000048e-04
3.239999999999999858e+01 7.854099999999999859e+00 1.460791999999999859e+02 1.800000000000000000e+02 1.379773000000000138e+02 3.000000000000000000e+00 1.000000000000000000e+00 1.003000000000000003e-01 2.500000000000000000e-01 1.000000000000000048e-04
3.245000000000000284e+01 7.850500000000000256e+00 1.461517000000000053e+02 1.800000000000000000e+02 1.380500999999999863e+02 3.000000000000000000e+00 1.000000000000000000e+00 1.005999999999999950e-01 2.500000000000000000e-01 1.000000000000000048e-04
3.250000000000000000e+01 7.847000000000000419e+00 1.462242999999999995e+02 1.800000000000000000e+02 1.381229999999999905e+02 3.000000000000000000e+00 1.000000000000000000e+00 1.008000000000000007e-01 2.500000000000000000e-01 1.000000000000000048e-04
3.254999999999999716e+01 7.843399999999999928e+00 1.462969999999999970e+02 1.800000000000000000e+02 1.381958999999999946e+02 3.000000000000000000e+00 1.000000000000000000e+00 1.010000000000000064e-01 2.500000000000000000e-01 1.000000000000000048e-04
3.260000000000000142e+01 7.839800000000000324e+00 1.463697999999999979e+02 1.800000000000000000e+02 1.382690000000000055e+02 3.000000000000000000e+00 1.000000000000000000e+00 1.011999999999999983e-01 2.500000000000000000e-01 1.000000000000000048e-04
3.264999999999999858e+01 7.836199999999999832e+00 1.464427000000000021e+02 1.800000000000000000e+02 1.383420999999999879e+02 3.000000000000000000e+00 1.000000000000000000e+00 1.014000000000000040e-01 2.500000000000000000e-01 1.000000000000000048e-04
3.270000000000000284e+01 7.832699999999999996e+00 1.465157000000000096e+02 1.800000000000000000e+02 1.384153000000000020e+02 3.000000000000000000e+00 1.000000000000000000e+00 1.015999999999999959e-01 2.500000000000000000e-01 1.000000000000000048e-04
3.275000000000000000e+01 7.829100000000000392e+00 1.465886999999999887e+02 1.800000000000000000e+02 1.384885999999999910e+02 3.000000000000000000e+00 1.000000000000000000e+00 1.019000000000000045e-01 2.500000000000000000e-01 1.000000000000000048e-04
3.279999999999999716e+01 7.825499999999999901e+00 1.466619000000000028e+02 1.800000000000000000e+02 1.385620000000000118e+02 3.000000000000000000e+00 1.000000000000000000e+00 1.020999999999999963e-01 2.500000000000000000e-01 1.000000000000000048e-04
3.285000000000000142e+01 7.821900000000000297e+00 1.467350999999999885e+02 1.800000000000000000e+02 1.386355000000000075e+02 3.000000000000000000e+00 1.000000000000000000e+00 1.023000000000000020e-01 2.500000000000000000e-01 1.000000000000000048e-04
3.289999999999999858e+01 7.818299999999999805e+00 1.468085000000000093e+02 1.800000000000000000e+02 1.387091000000000065e+02 3.000000000000000000e+00 1.000000000000000000e+00 1.024999999999999939e-01 2.500000000000000000e-01 1.000000000000000048e-04
3.295000000000000284e+01 7.814700000000000202e+00 1.468819000000000017e+02 1.800000000000000000e+02 1.387828000000000088e+02 3.000000000000000000e+00 1.000000000000000000e+00 1.026999999999999996e-01 2.500000000000000000e-01 1.000000000000000048e-04
3.300000000000000000e+01 7.811200000000000365e+00 1.469553999999999974e+02 1.800000000000000000e+02 1.388565999999999860e+02 3.000000000000000000e+00 1.000000000000000000e+00 1.029000000000000054e-01 2.500000000000000000e-01 1.000000000000000048e-04
3.304999999999999716e+01 7.807599999999999874e+00 1.470289999999999964e+02 1.800000000000000000e+02 1.389304999999999950e+02 3.000000000000000000e+00 1.000000000000000000e+00 1.032000000000000001e-01 2.500000000000000000e-01 1.000000000000000048e-04
3.310000000000000142e+01 7.804000000000000270e+00 1.471028000000000020e+02 1.800000000000000000e+02 1.390044000000000040e+02 3.000000000000000000e+00 1.000000000000000000e+00 1.034000000000000058e-01 2.500000000000000000e-01 1.000000000000000048e-04
3.314999999999999858e+01 7.800399999999999778e+00 1.471766000000000076e+02 1.800000000000000000e+02 1.390784999999999911e+02 3.000000000000000000e+00 1.000000000000000000e+00 1.035999999999999976e-01 2.500000000000000000e-01 1.000000000000000048e-04
3.320000000000000284e+01 7.796800000000000175e+00 1.472504000000000133e+02 1.800000000000000000e+02 1.391526000000000067e+02 3.000000000000000000e+00 1.000000000000000000e+00 1.038000000000000034e-01 2.500000000000000000e-01 1.000000000000000048e-04
3.325000000000000000e+01 7.793199999999999683e+00 1.473243999999999971e+02 1.800000000000000000e+02 1.392267999999999972e+02 3.000000000000000000e+00 1.000000000000000000e+00 1.039999999999999952e-01 2.500000000000000000e-01 1.000000000000000048e-04
3.329999999999999716e+01 7.789600000000000080e+00 1.473985000000000127e+02 1.800000000000000000e+02 1.393011999999999944e+02 3.000000000000000000e+00 1.000000000000000000e+00 1.042000000000000010e-01 2.500000000000000000e-01 1.000000000000000048e-04
3.335000000000000142e+01 7.785999999999999588e+00 1.474727000000000032e+02 1.800000000000000000e+02 1.393755999999999915e+02 3.000000000000000000e+00 1.000000000000000000e+00 1.044999999999999957e-01 2.500000000000000000e-01 1.000000000000000048e-04
3.339999999999999858e+01 7.782399999999999984e+00 1.475469999999999970e+02 1.800000000000000000e+02 1.394500999999999920e+02 3.000000000000000000e+00 1.000000000000000000e+00 1.047000000000000014e-01 2.500000000000000000e-01 1.000000000000000048e-04
3.345000000000000284e+01 7.778800000000000381e+00 1.476212999999999909e+02 1.800000000000000000e+02 1.395246999999999957e+02 3.000000000000000000e+00 1.000000000000000000e+00 1.048999999999999932e-01 2.500000000000000000e-01 1.000000000000000048e-04
3.350000000000000000e+01 7.775199999999999889e+00 1.476957999999999913e+02 1.800000000000000000e+02 1.395994000000000028e+02 3.000000000000000000e+00 1.000000000000000000e+00 1.050999999999999990e-01 2.500000000000000000e-01 1.000000000000000048e-04
3.354999999999999716e+01 7.771600000000000286e+00 1.477702999999999918e+02 1.800000000000000000e+02 1.396742000000000132e+02 3.000000000000000000e+00 1.000000000000000000e+00 1.053000000000000047e-01 2.500000000000000000e-01 1.000000000000000048e-04
3.360000000000000142e+01 7.767999999999999794e+00 1.478449999999999989e+02 1.800000000000000000e+02 1.397490999999999985e+02 3.000000000000000000e+00 1.000000000000000000e+00 1.055999999999999994e-01 2.500000000000000000e-01 1.000000000000000048e-04
3.364999999999999858e+01 7.764400000000000190e+00 1.479197000000000060e+02 1.800000000000000000e+02 1.398240000000000123e+02 3.000000000000000000e+00 1.000000000000000000e+00 1.058000000000000052e-01 2.500000000000000000e-01 1.000000000000000048e-04
3.370000000000000284e+01 7.760799999999999699e+00 1.479944999999999879e+02 1.800000000000000000e+02 1.398991000000000042e+02 3.000000000000000000e+00 1.000000000000000000e+00 1.059999999999999970e-01 2.500000000000000000e-01 1.000000000000000048e-04
3.375000000000000000e+01 7.757200000000000095e+00 1.480695000000000050e+02 1.800000000000000000e+02 1.399742999999999995e+02 3.000000000000000000e+00 1.000000000000000000e+00 1.062000000000000027e-01 2.500000000000000000e-01 1.000000000000000048e-04
3.379999999999999716e+01 7.753599999999999604e+00 1.481444999999999936e+02 1.800000000000000000e+02 1.400495999999999981e+02 3.000000000000000000e+00 1.000000000000000000e+00 1.064999999999999974e-01 2.500000000000000000e-01 1.000000000000000048e-04
3.385000000000000142e+01 7.750000000000000000e+00 1.482196000000000140e+02 1.800000000000000000e+02 1.401248999999999967e+02 3.000000000000000000e+00 1.000000000000000000e+00 1.067000000000000032e-01 2.500000000000000000e-01 1.000000000000000048e-04
3.389999999999999858e+01 7.746400000000000396e+00 1.482948000000000093e+02 1.800000000000000000e+02 1.402004000000000019e+02 3.000000000000000000e+00 1.000000000000000000e+00 1.068999999999999950e-01 2.500000000000000000e-01 1.000000000000000048e-04
3.395000000000000284e+01 7.742799999999999905e+00 1.483702000000000112e+02 1.800000000000000000e+02 1.402759000000000071e+02 3.000000000000000000e+00 1.000000000000000000e+00 1.071000000000000008e-01 2.500000000000000000e-01 1.000000000000000048e-04
3.400000000000000000e+01 7.739200000000000301e+00 1.484456000000000131e+02 1.800000000000000000e+02 1.403515999999999906e+02 3.000000000000000000e+00 1.000000000000000000e+00 1.073000000000000065e-01 2.500000000000000000e-01 1.000000000000000048e-04
3.404999999999999716e+01 7.735599999999999810e+00 1.485210999999999899e+02 1.800000000000000000e+02 1.404273000000000025e+02 3.000000000000000000e+00 1.000000000000000000e+00 1.076000000000000012e-01 2.500000000000000000e-01 1.000000000000000048e-04
3.410000000000000142e+01 7.732000000000000206e+00 1.485966999999999985e+02 1.800000000000000000e+02 1.405030999999999892e+02 3.000000000000000000e+00 1.000000000000000000e+00 1.078000000000000069e-01 2.500000000000000000e-01 1.000000000000000048e-04
3.414999999999999858e+01 7.728399999999999714e+00 1.486724000000000103e+02 1.800000000000000000e+02 1.405791000000000111e+02 3.000000000000000000e+00 1.000000000000000000e+00 1.079999999999999988e-01 2.500000000000000000e-01 1.000000000000000048e-04
3.420000000000000284e+01 7.724800000000000111e+00 1.487481999999999971e+02 1.800000000000000000e+02 1.406551000000000045e+02 3.000000000000000000e+00 1.000000000000000000e+00 1.082000000000000045e-01 2.500000000000000000e-01 1.000000000000000048e-04
3.425000000000000000e+01 7.721099999999999852e+00 1.488240999999999872e+02 1.800000000000000000e+02 1.407312000000000012e+02 3.000000000000000000e+00 1.000000000000000000e+00 1.084999999999999992e-01 2.500000000000000000e-01 1.000000000000000048e-04
3.429999999999999716e+01 7.717500000000000249e+00 1.489001000000000090e+02 1.800000000000000000e+02 1.408075000000000045e+02 3.000000000000000000e+00 1.000000000000000000e+00 1.087000000000000050e-01 2.500000000000000000e-01 1.000000000000000048e-04
3.435000000000000142e+01 7.713899999999999757e+00 1.489762000000000057e+02 1.800000000000000000e+02 1.408838000000000079e+02 3.000000000000000000e+00 1.000000000000000000e+00 1.088999999999999968e-01 2.500000000000000000e-01 1.000000000000000048e-04
3.439999999999999858e+01 7.710300000000000153e+00 1.490524000000000058e+02 1.800000000000000000e+02 1.409601999999999862e+02 3.000000000000000000e+00 1.000000000000000000e+00 1.091000000000000025e-01 2.500000000000000000e-01 1.000000000000000048e-04
3.445000000000000284e+01 7.706699999999999662e+00 1.491287000000000091e+02 1.800000000000000000e+02 1.410366999999999962e+02 3.000000000000000000e+00 1.000000000000000000e+00 1.093999999999999972e-01 2.500000000000000000e-01 1.000000000000000048e-04
3.450000000000000000e+01 7.703000000000000291e+00 1.492050999999999874e+02 1.800000000000000000e+02 1.411133000000000095e+02 3.000000000000000000e+00 1.000000000000000000e+00 1.096000000000000030e-01 2.500000000000000000e-01 1.000000000000000048e-04
3.454999999999999716e+01 7.699399999999999800e+00 1.492815999999999974e+02 1.800000000000000000e+02 1.411899999999999977e+02 3.000000000000000000e+00 1.000000000000000000e+00 1.097999999999999948e-01 2.500000000000000000e-01 1.000000000000000048e-04
3.460000000000000142e+01 7.695800000000000196e+00 1.493581000000000074e+02 1.800000000000000000e+02 1.412667999999999893e+02 3.000000000000000000e+00 1.000000000000000000e+00 1.100000000000000006e-01 2.500000000000000000e-01 1.000000000000000048e-04
3.464999999999999858e+01 7.692199999999999704e+00 1.494347999999999956e+02 1.800000000000000000e+02 1.413437999999999874e+02 3.000000000000000000e+00 1.000000000000000000e+00 1.102999999999999953e-01 2.500000000000000000e-01 1.000000000000000048e-04
3.470000000000000284e+01 7.688500000000000334e+00 1.495115999999999872e+02 1.800000000000000000e+02 1.414208000000000141e+02 3.000000000000000000e+00 1.000000000000000000e+00 1.105000000000000010e-01 2.500000000000000000e-01 1.000000000000000048e-04
3.475000000000000000e+01 7.684899999999999842e+00 1.495885000000000105e+02 1.800000000000000000e+02 1.414978999999999871e+02 3.000000000000000000e+00 1.000000000000000000e+00 1.107000000000000067e-01 2.500000000000000000e-01 1.000000000000000048e-04
3.479999999999999716e+01 7.681300000000000239e+00 1.496655000000000086e+02 1.800000000000000000e+02 1.415750999999999920e+02 3.000000000000000000e+00 1.000000000000000000e+00 1.110000000000000014e-01 2.500000000000000000e-01 1.000000000000000048e-04
3.485000000000000142e+01 7.677699999999999747e+00 1.497426000000000101e+02 1.800000000000000000e+02 1.416524000000000001e+02 3.000000000000000000e+00 1.000000000000000000e+00 1.111999999999999933e-01 2.500000000000000000e-01 1.000000000000000048e-04
3.489999999999999858e+01 7.674000000000000377e+00 1.498197999999999865e+02 1.800000000000000000e+02 1.417298000000000116e+02 3.000000000000000000e+00 1.000000000000000000e+00 1.113999999999999990e-01 2.500000000000000000e-01 1.000000000000000048e-04
3.495000000000000284e+01 7.670399999999999885e+00 1.498970999999999947e+02 1.800000000000000000e+02 1.418072999999999979e+02 3.000000000000000000e+00 1.000000000000000000e+00 1.116000000000000048e-01 2.500000000000000000e-01 1.000000000000000048e-04
3.500000000000000000e+01 7.666800000000000281e+00 1.499745000000000061e+02 1.800000000000000000e+02 1.418848999999999876e+02 3.000000000000000000e+00 1.000000000000000000e+00 1.118999999999999995e-01 2.500000000000000000e-01 1.000000000000000048e-04
3.504999999999999716e+01 7.663100000000000023e+00 1.500519999999999925e+02 1.800000000000000000e+02 1.419626000000000090e+02 3.000000000000000000e+00 1.000000000000000000e+00 1.121000000000000052e-01 2.500000000000000000e-01 1.000000000000000048e-04
3.510000000000000142e+01 7.659500000000000419e+00 1.501296000000000106e+02 1.800000000000000000e+02 1.420404000000000053e+02 3.000000000000000000e+00 1.000000000000000000e+00 1.122999999999999970e-01 2.500000000000000000e-01 1.000000000000000048e-04
3.514999999999999858e+01 7.655899999999999928e+00 1.502073000000000036e+02 1.800000000000000000e+02 1.421183000000000050e+02 3.000000000000000000e+00 1.000000000000000000e+00 1.126000000000000056e-01 2.500000000000000000e-01 1.000000000000000048e-04
3.520000000000000284e+01 7.652199999999999669e+00 1.502850999999999999e+02 1.800000000000000000e+02 1.421963000000000079e+02 3.000000000000000000e+00 1.000000000000000000e+00 1.127999999999999975e-01 2.500000000000000000e-01 1.000000000000000048e-04
3.525000000000000000e+01 7.648600000000000065e+00 1.503629999999999995e+02 1.800000000000000000e+02 1.422744999999999891e+02 3.000000000000000000e+00 1.000000000000000000e+00 1.130000000000000032e-01 2.500000000000000000e-01 1.000000000000000048e-04
3.529999999999999716e+01 7.644899999999999807e+00 1.504410000000000025e+02 1.800000000000000000e+02 1.423526999999999987e+02 3.000000000000000000e+00 1.000000000000000000e+00 1.132999999999999979e-01 2.500000000000000000e-01 1.000000000000000048e-04
3.535000000000000142e+01 7.641300000000000203e+00 1.505191000000000088e+02 1.800000000000000000e+02 1.424310000000000116e+02 3.000000000000000000e+00 1.000000000000000000e+00 1.135000000000000037e-01 2.500000000000000000e-01 1.000000000000000048e-04
3.539999999999999858e+01 7.637699999999999712e+00 1.505972999999999900e+02 1.800000000000000000e+02 1.425093999999999994e+02 3.000000000000000000e+00 1.000000000000000000e+00 1.136999999999999955e-01 2.500000000000000000e-01 1.000000000000000048e-04
3.545000000000000284e+01 7.634000000000000341e+00 1.506756000000000029e+02 1.800000000000000000e+02 1.425878999999999905e+02 3.000000000000000000e+00 1.000000000000000000e+00 1.139000000000000012e-01 2.500000000000000000e-01 1.000000000000000048e-04
3.550000000000000000e+01 7.630399999999999849e+00 1.507539999999999907e+02 1.800000000000000000e+02 1.426665000000000134e+02 3.000000000000000000e+00 1.000000000000000000e+00 1.141999999999999960e-01 2.500000000000000000e-01 1.000000000000000048e-04
3.554999999999999716e+01 7.626699999999999591e+00 1.508326000000000136e+02 1.800000000000000000e+02 1.427452999999999861e+02 3.000000000000000000e+00 1.000000000000000000e+00 1.144000000000000017e-01 2.500000000000000000e-01 1.000000000000000048e-04
3.560000000000000142e+01 7.623099999999999987e+00 1.509112000000000080e+02 1.800000000000000000e+02 1.428240999999999872e+02 3.000000000000000000e+00 1.000000000000000000e+00 1.145999999999999935e-01 2.500000000000000000e-01 1.000000000000000048e-04
3.564999999999999858e+01 7.619399999999999729e+00 1.509899000000000058e+02 1.800000000000000000e+02 1.429029999999999916e+02 3.000000000000000000e+00 1.000000000000000000e+00 1.149000000000000021e-01 2.500000000000000000e-01 1.000000000000000048e-04
3.570000000000000284e+01 7.615800000000000125e+00 1.510688000000000102e+02 1.800000000000000000e+02 1.429821000000000026e+02 3.000000000000000000e+00 1.000000000000000000e+00 1.150999999999999940e-01 2.500000000000000000e-01 1.000000000000000048e-04
3.575000000000000000e+01 7.612099999999999866e+00 1.511476999999999862e+02 1.800000000000000000e+02 1.430612000000000137e+02 3.000000000000000000e+00 1.000000000000000000e+00 1.152999999999999997e-01 2.500000000000000000e-01 1.000000000000000048e-04
3.579999999999999716e+01 7.608500000000000263e+00 1.512267999999999972e+02 1.800000000000000000e+02 1.431405000000000030e+02 3.000000000000000000e+00 1.000000000000000000e+00 1.155999999999999944e-01 2.500000000000000000e-01 1.000000000000000048e-04
3.585000000000000142e+01 7.604800000000000004e+00 1.513059000000000083e+02 1.800000000000000000e+02 1.432197999999999922e+02 3.000000000000000000e+00 1.000000000000000000e+00 1.158000000000000002e-01 2.500000000000000000e-01 1.000000000000000048e-04
3.589999999999999858e+01 7.601099999999999746e+00 1.513851999999999975e+02 1.800000000000000000e+02 1.432992999999999881e+02 3.000000000000000000e+00 1.000000000000000000e+00 1.160000000000000059e-01 2.500000000000000000e-01 1.000000000000000048e-04
3.595000000000000284e+01 7.597500000000000142e+00 1.514645999999999901e+02 1.800000000000000000e+02 1.433788000000000125e+02 3.000000000000000000e+00 1.000000000000000000e+00 1.163000000000000006e-01 2.500000000000000000e-01 1.000000000000000048e-04
3.600000000000000000e+01 7.593799999999999883e+00 1.515440000000000111e+02 1.800000000000000000e+02 1.434584999999999866e+02 3.000000000000000000e+00 1.000000000000000000e+00 1.165000000000000063e-01 2.500000000000000000e-01 1.000000000000000048e-04
3.604999999999999716e+01 7.590200000000000280e+00 1.516236000000000104e+02 1.800000000000000000e+02 1.435382999999999925e+02 3.000000000000000000e+00 1.000000000000000000e+00 1.168000000000000010e-01 2.500000000000000000e-01 1.000000000000000048e-04
3.610000000000000142e+01 7.586500000000000021e+00 1.517033000000000129e+02 1.800000000000000000e+02 1.436180999999999983e+02 3.000000000000000000e+00 1.000000000000000000e+00 1.170000000000000068e-01 2.500000000000000000e-01 1.000000000000000048e-04
3.614999999999999858e+01 7.582799999999999763e+00 1.517830999999999904e+02 1.800000000000000000e+02 1.436981000000000108e+02 3.000000000000000000e+00 1.000000000000000000e+00 1.171999999999999986e-01 2.500000000000000000e-01 1.000000000000000048e-04
3.620000000000000284e+01 7.579200000000000159e+00 1.518629999999999995e+02 1.800000000000000000e+02 1.437781999999999982e+02 3.000000000000000000e+00 1.000000000000000000e+00 1.174999999999999933e-01 2.500000000000000000e-01 1.000000000000000048e-04
3.625000000000000000e+01 7.575499999999999901e+00 1.519430000000000121e+02 1.800000000000000000e+02 1.438583999999999889e+02 3.000000000000000000e+00 1.000000000000000000e+00 1.176999999999999991e-01 2.500000000000000000e-01 1.000000000000000048e-04
3.629999999999999716e+01 7.571799999999999642e+00 1.520230999999999995e+02 1.800000000000000000e+02 1.439387000000000114e+02 3.000000000000000000e+00 1.000000000000000000e+00 1.179000000000000048e-01 2.500000000000000000e-01 1.000000000000000048e-04
3.635000000000000142e+01 7.568200000000000038e+00 1.521033999999999935e+02 1.800000000000000000e+02 1.440191000000000088e+02 3.000000000000000000e+00 1.000000000000000000e+00 1.181999999999999995e-01 2.500000000000000000e-01 1.000000000000000048e-04
3.639999999999999858e+01 7.564499999999999780e+00 1.521836999999999875e+02 1.800000000000000000e+02 1.440996000000000095e+02 3.000000000000000000e+00 1.000000000000000000e+00 1.184000000000000052e-01 2.500000000000000000e-01 1.000000000000000048e-04
3.645000000000000284e+01 7.560800000000000409e+00 1.522641000000000133e+02 1.800000000000000000e+02 1.441802000000000135e+02 3.000000000000000000e+00 1.000000000000000000e+00 1.187000000000000000e-01 2.500000000000000000e-01 1.000000000000000048e-04
3.650000000000000000e+01 7.557199999999999918e+00 1.523446999999999889e+02 1.800000000000000000e+02 1.442609999999999957e+02 3.000000000000000000e+00 1.000000000000000000e+00 1.189000000000000057e-01 2.500000000000000000e-01 1.000000000000000048e-04
3.654999999999999716e+01 7.553499999999999659e+00 1.524253999999999962e+02 1.800000000000000000e+02 1.443418000000000063e+02 3.000000000000000000e+00 1.000000000000000000e+00 1.190999999999999975e-01 2.500000000000000000e-01 1.000000000000000048e-04
3.660000000000000142e+01 7.549800000000000288e+00 1.525061000000000035e+02 1.800000000000000000e+02 1.444227999999999952e+02 3.000000000000000000e+00 1.000000000000000000e+00 1.194000000000000061e-01 2.500000000000000000e-01 1.000000000000000048e-04
3.664999999999999858e+01 7.546100000000000030e+00 1.525869999999999891e+02 1.800000000000000000e+02 1.445038000000000125e+02 3.000000000000000000e+00 1.000000000000000000e+00 1.195999999999999980e-01 2.500000000000000000e-01 1.000000000000000048e-04
3.670000000000000284e+01 7.542500000000000426e+00 1.526680000000000064e+02 1.800000000000000000e+02 1.445850000000000080e+02 3.000000000000000000e+00 1.000000000000000000e+00 1.198000000000000037e-01 2.500000000000000000e-01 1.000000000000000048e-04
3.675000000000000000e+01 7.538800000000000168e+00 1.527490999999999985e+02 1.800000000000000000e+02 1.446663000000000068e+02 3.000000000000000000e+00 1.000000000000000000e+00 1.200999999999999984e-01 2.500000000000000000e-01 1.000000000000000048e-04
3.679999999999999716e+01 7.535099999999999909e+00 1.528302999999999940e+02 1.800000000000000000e+02 1.447476000000000056e+02 3.000000000000000000e+00 1.000000000000000000e+00 1.203000000000000042e-01 2.500000000000000000e-01 1.000000000000000048e-04
3.685000000000000142e+01 7.531399999999999650e+00 1.529116999999999962e+02 1.800000000000000000e+02 1.448291000000000111e+02 3.000000000000000000e+00 1.000000000000000000e+00 1.205999999999999989e-01 2.500000000000000000e-01 1.000000000000000048e-04
3.689999999999999858e+01 7.527700000000000280e+00 1.529930999999999983e+02 1.800000000000000000e+02 1.449106999999999914e+02 3.000000000000000000e+00 1.000000000000000000e+00 1.208000000000000046e-01 2.500000000000000000e-01 1.000000000000000048e-04
3.695000000000000284e+01 7.524000000000000021e+00 1.530746000000000038e+02 1.800000000000000000e+02 1.449925000000000068e+02 3.000000000000000000e+00 1.000000000000000000e+00 1.210999999999999993e-01 2.500000000000000000e-01 1.000000000000000048e-04
3.700000000000000000e+01 7.520400000000000418e+00 1.531562999999999874e+02 1.800000000000000000e+02 1.450742999999999938e+02 3.000000000000000000e+00 1.000000000000000000e+00 1.213000000000000050e-01 2.500000000000000000e-01 1.000000000000000048e-04
3.704999999999999716e+01 7.516700000000000159e+00 1.532381000000000029e+02 1.800000000000000000e+02 1.451562000000000126e+02 3.000000000000000000e+00 1.000000000000000000e+00 1.214999999999999969e-01 2.500000000000000000e-01 1.000000000000000048e-04
3.710000000000000142e+01 7.512999999999999901e+00 1.533199999999999932e+02 1.800000000000000000e+02 1.452383000000000095e+02 3.000000000000000000e+00 1.000000000000000000e+00 1.218000000000000055e-01 2.500000000000000000e-01 1.000000000000000048e-04
3.714999999999999858e+01 7.509299999999999642e+00 1.534019999999999868e+02 1.800000000000000000e+02 1.453204000000000065e+02 3.000000000000000000e+00 1.000000000000000000e+00 1.219999999999999973e-01 2.500000000000000000e-01 1.000000000000000048e-04
3.720000000000000284e+01 7.505600000000000271e+00 1.534841000000000122e+02 1.800000000000000000e+02 1.454027000000000100e+02 3.000000000000000000e+00 1.000000000000000000e+00 1.223000000000000059e-01 2.500000000000000000e-01 1.000000000000000048e-04
3.725000000000000000e+01 7.501900000000000013e+00 1.535663000000000125e+02 1.800000000000000000e+02 1.454850999999999885e+02 3.000000000000000000e+00 1.000000000000000000e+00 1.224999999999999978e-01 2.500000000000000000e-01 1.000000000000000048e-04
3.729999999999999716e+01 7.498199999999999754e+00 1.536485999999999876e+02 1.800000000000000000e+02 1.455675999999999988e+02 3.000000000000000000e+00 1.000000000000000000e+00 1.227000000000000035e-01 2.500000000000000000e-01 1.000000000000000048e-04
3.735000000000000142e+01 7.494500000000000384e+00 1.537310999999999979e+02 1.800000000000000000e+02 1.456502000000000123e+02 3.000000000000000000e+00 1.000000000000000000e+00 1.229999999999999982e-01 2.500000000000000000e-01 1.000000000000000048e-04
3.739999999999999858e+01 7.490800000000000125e+00 1.538137000000000114e+02 1.800000000000000000e+02 1.457329000000000008e+02 3.000000000000000000e+00 1.000000000000000000e+00 1.232000000000000040e-01 2.500000000000000000e-01 1.000000000000000048e-04
3.745000000000000284e+01 7.487099999999999866e+00 1.538962999999999965e+02 1.800000000000000000e+02 1.458156999999999925e+02 3.000000000000000000e+00 1.000000000000000000e+00 1.234999999999999987e-01 2.500000000000000000e-01 1.000000000000000048e-04
3.750000000000000000e+01 7.483399999999999608e+00 1.539790999999999883e+02 1.800000000000000000e+02 1.458986999999999910e+02 3.000000000000000000e+00 1.000000000000000000e+00 1.237000000000000044e-01 2.500000000000000000e-01 1.000000000000000048e-04
3.754999999999999716e+01 7.479700000000000237e+00 1.540620000000000118e+02 1.800000000000000000e+02 1.459816999999999894e+02 3.000000000000000000e+00 1.000000000000000000e+00 1.239999999999999991e-01 2.500000000000000000e-01 1.000000000000000048e-04
3.760000000000000142e+01 7.475999999999999979e+00 1.541451000000000136e+02 1.800000000000000000e+02 1.460648999999999944e+02 3.000000000000000000e+00 1.000000000000000000e+00 1.242000000000000048e-01 2.500000000000000000e-01 1.000000000000000048e-04
3.764999999999999858e+01 7.472299999999999720e+00 1.542281999999999869e+02 1.800000000000000000e+02 1.461482000000000028e+02 3.000000000000000000e+00 1.000000000000000000e+00 1.244999999999999996e-01 2.500000000000000000e-01 1.000000000000000048e-04
3.770000000000000284e+01 7.468600000000000350e+00 1.543114999999999952e+02 1.800000000000000000e+02 1.462315999999999860e+02 3.000000000000000000e+00 1.000000000000000000e+00 1.247000000000000053e-01 2.500000000000000000e-01 1.000000000000000048e-04
3.775000000000000000e+01 7.464900000000000091e+00 1.543948000000000036e+02 1.800000000000000000e+02 1.463151000000000010e+02 3.000000000000000000e+00 1.000000000000000000e+00 1.250000000000000000e-01 2.500000000000000000e-01 1.000000000000000048e-04
3.779999999999999716e+01 7.461199999999999832e+00 1.544782999999999902e+02 1.800000000000000000e+02 1.463987999999999943e+02 3.000000000000000000e+00 1.000000000000000000e+00 1.252000000000000057e-01 2.500000000000000000e-01 1.000000000000000048e-04
3.785000000000000142e+01 7.457499999999999574e+00 1.545620000000000118e+02 1.800000000000000000e+02 1.464824999999999875e+02 3.000000000000000000e+00 1.000000000000000000e+00 1.255000000000000004e-01 2.500000000000000000e-01 1.000000000000000048e-04
3.789999999999999858e+01 7.453800000000000203e+00 1.546457000000000050e+02 1.800000000000000000e+02 1.465663999999999874e+02 3.000000000000000000e+00 1.000000000000000000e+00 1.257000000000000062e-01 2.500000000000000000e-01 1.000000000000000048e-04
3.795000000000000284e+01 7.450099999999999945e+00 1.547295000000000016e+02 1.800000000000000000e+02 1.466503999999999905e+02 3.000000000000000000e+00 1.000000000000000000e+00 1.259000000000000119e-01 2.500000000000000000e-01 1.000000000000000048e-04
3.800000000000000000e+01 7.446299999999999919e+00 1.548135000000000048e+02 1.800000000000000000e+02 1.467344999999999970e+02 3.000000000000000000e+00 1.000000000000000000e+00 1.262000000000000066e-01 2.500000000000000000e-01 1.000000000000000048e-04
3.804999999999999716e+01 7.442599999999999660e+00 1.548976000000000113e+02 1.800000000000000000e+02 1.468187000000000069e+02 3.000000000000000000e+00 1.000000000000000000e+00 1.264000000000000123e-01 2.500000000000000000e-01 1.000000000000000048e-04
3.810000000000000142e+01 7.438900000000000290e+00 1.549817999999999927e+02 1.800000000000000000e+02 1.469029999999999916e+02 3.000000000000000000e+00 1.000000000000000000e+00 1.267000000000000071e-01 2.500000000000000000e-01 1.000000000000000048e-04
3.814999999999999858e+01 7.435200000000000031e+00 1.550661000000000058e+02 1.800000000000000000e+02 1.469874000000000080e+02 3.000000000000000000e+00 1.000000000000000000e+00 1.269000000000000128e-01 2.500000000000000000e-01 1.000000000000000048e-04
3.820000000000000284e+01 7.431499999999999773e+00 1.551504999999999939e+02 1.800000000000000000e+02 1.470720000000000027e+02 3.000000000000000000e+00 1.000000000000000000e+00 1.272000000000000075e-01 2.500000000000000000e-01 1.000000000000000048e-04
3.825000000000000000e+01 7.427800000000000402e+00 1.552350999999999885e+02 1.800000000000000000e+02 1.471567000000000007e+02 3.000000000000000000e+00 1.000000000000000000e+00 1.274000000000000132e-01 2.500000000000000000e-01 1.000000000000000048e-04
3.829999999999999716e+01 7.424000000000000377e+00 1.553197999999999865e+02 1.800000000000000000e+02 1.472415000000000020e+02 3.000000000000000000e+00 1.000000000000000000e+00 1.277000000000000079e-01 2.500000000000000000e-01 1.000000000000000048e-04
3.835000000000000142e+01 7.420300000000000118e+00 1.554045000000000130e+02 1.800000000000000000e+02 1.473264000000000067e+02 3.000000000000000000e+00 1.000000000000000000e+00 1.279000000000000137e-01 2.500000000000000000e-01 1.000000000000000048e-04
3.839999999999999858e+01 7.416599999999999859e+00 1.554894999999999925e+02 1.800000000000000000e+02 1.474114999999999895e+02 3.000000000000000000e+00 1.000000000000000000e+00 1.282000000000000084e-01 2.500000000000000000e-01 1.000000000000000048e-04
3.845000000000000284e+01 7.412899999999999601e+00 1.555745000000000005e+02 1.800000000000000000e+02 1.474966000000000008e+02 3.000000000000000000e+00 1.000000000000000000e+00 1.285000000000000031e-01 2.500000000000000000e-01 1.000000000000000048e-04
3.850000000000000000e+01 7.409099999999999575e+00 1.556596999999999866e+02 1.800000000000000000e+02 1.475818999999999903e+02 3.000000000000000000e+00 1.000000000000000000e+00 1.287000000000000088e-01 2.500000000000000000e-01 1.000000000000000048e-04
3.854999999999999716e+01 7.405400000000000205e+00 1.557449000000000012e+02 1.800000000000000000e+02 1.476673000000000116e+02 3.000000000000000000e+00 1.000000000000000000e+00 1.290000000000000036e-01 2.500000000000000000e-01 1.000000000000000048e-04
3.860000000000000142e+01 7.401699999999999946e+00 1.558302999999999940e+02 1.800000000000000000e+02 1.477528000000000077e+02 3.000000000000000000e+00 1.000000000000000000e+00 1.292000000000000093e-01 2.500000000000000000e-01 1.000000000000000048e-04
3.864999999999999858e+01 7.397899999999999920e+00 1.559158999999999935e+02 1.800000000000000000e+02 1.478385000000000105e+02 3.000000000000000000e+00 1.000000000000000000e+00 1.295000000000000040e-01 2.500000000000000000e-01 1.000000000000000048e-04
3.870000000000000284e+01 7.394199999999999662e+00 1.560014999999999930e+02 1.800000000000000000e+02 1.479242000000000132e+02 3.000000000000000000e+00 1.000000000000000000e+00 1.297000000000000097e-01 2.500000000000000000e-01 1.000000000000000048e-04
3.875000000000000000e+01 7.390500000000000291e+00 1.560872999999999990e+02 1.800000000000000000e+02 1.480100999999999942e+02 3.000000000000000000e+00 1.000000000000000000e+00 1.300000000000000044e-01 2.500000000000000000e-01 1.000000000000000048e-04
3.879999999999999716e+01 7.386700000000000266e+00 1.561732000000000085e+02 1.800000000000000000e+02 1.480961000000000070e+02 3.000000000000000000e+00 1.000000000000000000e+00 1.302000000000000102e-01 2.500000000000000000e-01 1.000000000000000048e-04
3.885000000000000142e+01 7.383000000000000007e+00 1.562591999999999928e+02 1.800000000000000000e+02 1.481821999999999946e+02 3.000000000000000000e+00 1.000000000000000000e+00 1.305000000000000049e-01 2.500000000000000000e-01 1.000000000000000048e-04
3.889999999999999858e+01 7.379199999999999982e+00 1.563453000000000088e+02 1.800000000000000000e+02 1.482684999999999889e+02 3.000000000000000000e+00 1.000000000000000000e+00 1.307000000000000106e-01 2.500000000000000000e-01 1.000000000000000048e-04
3.895000000000000284e+01 7.375499999999999723e+00 1.564316000000000031e+02 1.800000000000000000e+02 1.483548000000000116e+02 3.000000000000000000e+00 1.000000000000000000e+00 1.310000000000000053e-01 2.500000000000000000e-01 1.000000000000000048e-04
3.900000000000000000e+01 7.371800000000000352e+00 1.565180000000000007e+02 1.800000000000000000e+02 1.484413000000000125e+02 3.000000000000000000e+00 1.000000000000000000e+00 1.312000000000000111e-01 2.500000000000000000e-01 1.000000000000000048e-04
3.904999999999999716e+01 7.368000000000000327e+00 1.566045000000000016e+02 1.800000000000000000e+02 1.485278999999999883e+02 3.000000000000000000e+00 1.000000000000000000e+00 1.315000000000000058e-01 2.500000000000000000e-01 1.000000000000000048e-04
3.910000000000000142e+01 7.364300000000000068e+00 1.566911000000000058e+02 1.800000000000000000e+02 1.486146999999999991e+02 3.000000000000000000e+00 1.000000000000000000e+00 1.318000000000000005e-01 2.500000000000000000e-01 1.000000000000000048e-04
3.914999999999999858e+01 7.360500000000000043e+00 1.567778999999999883e+02 1.800000000000000000e+02 1.487015000000000100e+02 3.000000000000000000e+00 1.000000000000000000e+00 1.320000000000000062e-01 2.500000000000000000e-01 1.000000000000000048e-04
3.920000000000000284e+01 7.356799999999999784e+00 1.568648000000000025e+02 1.800000000000000000e+02 1.487884999999999991e+02 3.000000000000000000e+00 1.000000000000000000e+00 1.323000000000000009e-01 2.500000000000000000e-01 1.000000000000000048e-04
3.925000000000000000e+01 7.352999999999999758e+00 1.569517999999999915e+02 1.800000000000000000e+02 1.488755999999999915e+02 3.000000000000000000e+00 1.000000000000000000e+00 1.325000000000000067e-01 2.500000000000000000e-01 1.000000000000000048e-04
3.929999999999999716e+01 7.349300000000000388e+00 1.570389999999999873e+02 1.800000000000000000e+02 1.489628999999999905e+02 3.000000000000000000e+00 1.000000000000000000e+00 1.328000000000000014e-01 2.500000000000000000e-01 1.000000000000000048e-04
3.935000000000000142e+01 7.345500000000000362e+00 1.571262000000000114e+02 1.800000000000000000e+02 1.490501999999999896e+02 3.000000000000000000e+00 1.000000000000000000e+00 1.330000000000000071e-01 2.500000000000000000e-01 1.000000000000000048e-04
3.939999999999999858e+01 7.341800000000000104e+00 1.572136000000000138e+02 1.800000000000000000e+02 1.491376999999999953e+02 3.000000000000000000e+00 1.000000000000000000e+00 1.333000000000000018e-01 2.500000000000000000e-01 1.000000000000000048e-04
3.945000000000000284e+01 7.338000000000000078e+00 1.573010999999999910e+02 1.800000000000000000e+02 1.492253000000000043e+02 3.000000000000000000e+00 1.000000000000000000e+00 1.335999999999999965e-01 2.500000000000000000e-01 1.000000000000000048e-04
3.950000000000000000e+01 7.334200000000000053e+00 1.573888000000000034e+02 1.800000000000000000e+02 1.493129999999999882e+02 3.000000000000000000e+00 1.000000000000000000e+00 1.338000000000000023e-01 2.500000000000000000e-01 1.000000000000000048e-04
3.954999999999999716e+01 7.330499999999999794e+00 1.574765999999999906e+02 1.800000000000000000e+02 1.494009000000000071e+02 3.000000000000000000e+00 1.000000000000000000e+00 1.340999999999999970e-01 2.500000000000000000e-01 1.000000000000000048e-04
3.960000000000000142e+01 7.326699999999999768e+00 1.575645000000000095e+02 1.800000000000000000e+02 1.494889000000000010e+02 3.000000000000000000e+00 1.000000000000000000e+00 1.343000000000000027e-01 2.500000000000000000e-01 1.000000000000000048e-04
3.964999999999999858e+01 7.323000000000000398e+00 1.576525000000000034e+02 1.800000000000000000e+02 1.495769999999999982e+02 3.000000000000000000e+00 1.000000000000000000e+00 1.345999999999999974e-01 2.500000000000000000e-01 1.000000000000000048e-04
3.970000000000000284e+01 7.319200000000000372e+00 1.577407000000000039e+02 1.800000000000000000e+02 1.496651999999999987e+02 3.000000000000000000e+00 1.000000000000000000e+00 1.348999999999999921e-01 2.500000000000000000e-01 1.000000000000000048e-04
3.975000000000000000e+01 7.315400000000000347e+00 1.578290000000000077e+02 1.800000000000000000e+02 1.497536000000000058e+02 3.000000000000000000e+00 1.000000000000000000e+00 1.350999999999999979e-01 2.500000000000000000e-01 1.000000000000000048e-04
3.979999999999999716e+01 7.311700000000000088e+00 1.579173999999999864e+02 1.800000000000000000e+02 1.498420999999999879e+02 3.000000000000000000e+00 1.000000000000000000e+00 1.353999999999999926e-01 2.500000000000000000e-01 1.000000000000000048e-04
3.985000000000000142e+01 7.307900000000000063e+00 1.580060000000000002e+02 1.800000000000000000e+02 1.499307000000000016e+02 3.000000000000000000e+00 1.000000000000000000e+00 1.355999999999999983e-01 2.500000000000000000e-01 1.000000000000000048e-04
3.989999999999999858e+01 7.304100000000000037e+00 1.580946999999999889e+02 1.800000000000000000e+02 1.500194999999999936e+02 3.000000000000000000e+00 1.000000000000000000e+00 1.358999999999999930e-01 2.500000000000000000e-01 1.000000000000000048e-04
3.995000000000000284e+01 7.300300000000000011e+00 1.581835000000000093e+02 1.800000000000000000e+02 1.501083999999999889e+02 3.000000000000000000e+00 1.000000000000000000e+00 1.361999999999999877e-01 2.500000000000000000e-01 1.000000000000000048e-04
4.000000000000000000e+01 7.296599999999999753e+00 1.582724000000000046e+02 1.800000000000000000e+02 1.501973999999999876e+02 3.000000000000000000e+00 1.000000000000000000e+00 1.363999999999999935e-01 2.500000000000000000e-01 1.000000000000000048e-04
4.004999999999999716e+01 7.292799999999999727e+00 1.583615000000000066e+02 1.800000000000000000e+02 1.502864999999999895e+02 3.000000000000000000e+00 1.000000000000000000e+00 1.366999999999999882e-01 2.500000000000000000e-01 1.000000000000000048e-04
4.010000000000000142e+01 7.288999999999999702e+00 1.584507000000000119e+02 1.800000000000000000e+02 1.503757999999999981e+02 3.000000000000000000e+00 1.000000000000000000e+00 1.370000000000000107e-01 2.500000000000000000e-01 1.000000000000000048e-04
4.014999999999999858e+01 7.285199999999999676e+00 1.585400999999999954e+02 1.800000000000000000e+02 1.504652000000000100e+02 3.000000000000000000e+00 1.000000000000000000e+00 1.371999999999999886e-01 2.500000000000000000e-01 1.000000000000000048e-04
4.020000000000000284e+01 7.281500000000000306e+00 1.586295000000000073e+02 1.800000000000000000e+02 1.505548000000000002e+02 3.000000000000000000e+00 1.000000000000000000e+00 1.375000000000000111e-01 2.500000000000000000e-01 1.000000000000000048e-04
4.025000000000000000e+01 7.277700000000000280e+00 1.587192000000000007e+02 1.800000000000000000e+02 1.506443999999999903e+02 3.000000000000000000e+00 1.000000000000000000e+00 1.378000000000000058e-01 2.500000000000000000e-01 1.000000000000000048e-04
4.029999999999999716e+01 7.273900000000000254e+00 1.588088999999999942e+02 1.800000000000000000e+02 1.507341999999999871e+02 3.000000000000000000e+00 1.000000000000000000e+00 1.380000000000000115e-01 2.500000000000000000e-01 1.000000000000000048e-04
4.035000000000000142e+01 7.270100000000000229e+00 1.588987999999999943e+02 1.800000000000000000e+02 1.508240999999999872e+02 3.000000000000000000e+00 1.000000000000000000e+00 1.383000000000000063e-01 2.500000000000000000e-01 1.000000000000000048e-04
4.039999999999999858e+01 7.266300000000000203e+00 1.589887999999999977e+02 1.800000000000000000e+02 1.509141999999999939e+02 3.000000000000000000e+00 1.000000000000000000e+00 1.386000000000000010e-01 2.500000000000000000e-01 1.000000000000000048e-04
4.045000000000000284e+01 7.262500000000000178e+00 1.590790000000000077e+02 1.800000000000000000e+02 1.510044000000000040e+02 3.000000000000000000e+00 1.000000000000000000e+00 1.388000000000000067e-01 2.500000000000000000e-01 1.000000000000000048e-04
4.050000000000000000e+01 7.258700000000000152e+00 1.591691999999999894e+02 1.800000000000000000e+02 1.510946999999999889e+02 3.000000000000000000e+00 1.000000000000000000e+00 1.391000000000000014e-01 2.500000000000000000e-01 1.000000000000000048e-04
4.054999999999999716e+01 7.254900000000000126e+00 1.592597000000000094e+02 1.800000000000000000e+02 1.511852000000000089e+02 3.000000000000000000e+00 1.000000000000000000e+00 1.393999999999999961e-01 2.500000000000000000e-01 1.000000000000000048e-04
4.060000000000000142e+01 7.251199999999999868e+00 1.593502000000000010e+02 1.800000000000000000e+02 1.512758000000000038e+02 3.000000000000000000e+00 1.000000000000000000e+00 1.396000000000000019e-01 2.500000000000000000e-01 1.000000000000000048e-04
4.064999999999999858e+01 7.247399999999999842e+00 1.594408999999999992e+02 1.800000000000000000e+02 1.513665000000000020e+02 3.000000000000000000e+00 1.000000000000000000e+00 1.398999999999999966e-01 2.500000000000000000e-01 1.000000000000000048e-04
4.070000000000000284e+01 7.243599999999999817e+00 1.595317000000000007e+02 1.800000000000000000e+02 1.514574000000000069e+02 3.000000000000000000e+00 1.000000000000000000e+00 1.401999999999999913e-01 2.500000000000000000e-01 1.000000000000000048e-04
4.075000000000000000e+01 7.239799999999999791e+00 1.596227000000000089e+02 1.800000000000000000e+02 1.515483999999999867e+02 3.000000000000000000e+00 1.000000000000000000e+00 1.403999999999999970e-01 2.500000000000000000e-01 1.000000000000000048e-04
4.079999999999999716e+01 7.235999999999999766e+00 1.597137999999999920e+02 1.800000000000000000e+02 1.516394999999999982e+02 3.000000000000000000e+00 1.000000000000000000e+00 1.406999999999999917e-01 2.500000000000000000e-01 1.000000000000000048e-04
4.085000000000000142e+01 7.232199999999999740e+00 1.598051000000000101e+02 1.800000000000000000e+02 1.517307999999999879e+02 3.000000000000000000e+00 1.000000000000000000e+00 1.409999999999999865e-01 2.500000000000000000e-01 1.000000000000000048e-04
4.089999999999999858e+01 7.228399999999999714e+00 1.598963999999999999e+02 1.800000000000000000e+02 1.518222000000000094e+02 3.000000000000000000e+00 1.000000000000000000e+00 1.411999999999999922e-01 2.500000000000000000e-01 1.000000000000000048e-04
4.095000000000000284e+01 7.224599999999999689e+00 1.599879999999999995e+02 1.800000000000000000e+02 1.519137000000000057e+02 3.000000000000000000e+00 1.000000000000000000e+00 1.414999999999999869e-01 2.500000000000000000e-01 1.000000000000000048e-04
4.100000000000000000e+01 7.220699999999999896e+00 1.600795999999999992e+02 1.800000000000000000e+02 1.520054000000000087e+02 3.000000000000000000e+00 1.000000000000000000e+00 1.418000000000000094e-01 2.500000000000000000e-01 1.000000000000000048e-04
4.104999999999999716e+01 7.216899999999999871e+00 1.601714000000000055e+02 1.800000000000000000e+02 1.520971999999999866e+02 3.000000000000000000e+00 1.000000000000000000e+00 1.421000000000000041e-01 2.500000000000000000e-01 1.000000000000000048e-04
4.110000000000000142e+01 7.213099999999999845e+00 1.602633999999999901e+02 1.800000000000000000e+02 1.521891999999999996e+02 3.000000000000000000e+00 1.000000000000000000e+00 1.423000000000000098e-01 2.500000000000000000e-01 1.000000000000000048e-04
4.114999999999999858e+01 7.209299999999999820e+00 1.603554000000000030e+02 1.800000000000000000e+02 1.522812999999999874e+02 3.000000000000000000e+00 1.000000000000000000e+00 1.426000000000000045e-01 2.500000000000000000e-01 1.000000000000000048e-04
4.120000000000000284e+01 7.205499999999999794e+00 1.604476999999999975e+02 1.800000000000000000e+02 1.523735000000000070e+02 3.000000000000000000e+00 1.000000000000000000e+00 1.428999999999999992e-01 2.500000000000000000e-01 1.000000000000000048e-04
4.125000000000000000e+01 7.201699999999999768e+00 1.605399999999999920e+02 1.800000000000000000e+02 1.524659000000000049e+02 3.000000000000000000e+00 1.000000000000000000e+00 1.431000000000000050e-01 2.500000000000000000e-01 1.000000000000000048e-04
4.129999999999999716e+01 7.197899999999999743e+00 1.606324999999999932e+02 1.800000000000000000e+02 1.525584000000000060e+02 3.000000000000000000e+00 1.000000000000000000e+00 1.433999999999999997e-01 2.500000000000000000e-01 1.000000000000000048e-04
4.135000000000000142e+01 7.194099999999999717e+00 1.607252000000000010e+02 1.800000000000000000e+02 1.526510000000000105e+02 3.000000000000000000e+00 1.000000000000000000e+00 1.436999999999999944e-01 2.500000000000000000e-01 1.000000000000000048e-04
4.139999999999999858e+01 7.190199999999999925e+00 1.608180000000000121e+02 1.800000000000000000e+02 1.527437999999999931e+02 3.000000000000000000e+00 1.000000000000000000e+00 1.439999999999999891e-01 2.500000000000000000e-01 1.000000000000000048e-04
4.145000000000000284e+01 7.186399999999999899e+00 1.609108999999999980e+02 1.800000000000000000e+02 1.528367000000000075e+02 3.000000000000000000e+00 1.000000000000000000e+00 1.441999999999999948e-01 2.500000000000000000e-01 1.000000000000000048e-04
4.150000000000000000e+01 7.182599999999999874e+00 1.610039999999999907e+02 1.800000000000000000e+02 1.529298000000000002e+02 3.000000000000000000e+00 1.000000000000000000e+00 1.444999999999999896e-01 2.500000000000000000e-01 1.000000000000000048e-04
4.154999999999999716e+01 7.178799999999999848e+00 1.610971999999999866e+02 1.800000000000000000e+02 1.530229999999999961e+02 3.000000000000000000e+00 1.000000000000000000e+00 1.448000000000000120e-01 2.500000000000000000e-01 1.000000000000000048e-04
4.160000000000000142e+01 7.174900000000000055e+00 1.611905999999999892e+02 1.800000000000000000e+02 1.531163999999999987e+02 3.000000000000000000e+00 1.000000000000000000e+00 1.451000000000000068e-01 2.500000000000000000e-01 1.000000000000000048e-04
4.164999999999999858e+01 7.171100000000000030e+00 1.612840999999999951e+02 1.800000000000000000e+02 1.532099000000000046e+02 3.000000000000000000e+00 1.000000000000000000e+00 1.454000000000000015e-01 2.500000000000000000e-01 1.000000000000000048e-04
4.170000000000000284e+01 7.167300000000000004e+00 1.613777000000000044e+02 1.800000000000000000e+02 1.533035000000000139e+02 3.000000000000000000e+00 1.000000000000000000e+00 1.456000000000000072e-01 2.500000000000000000e-01 1.000000000000000048e-04
4.175000000000000000e+01 7.163499999999999979e+00 1.614714999999999918e+02 1.800000000000000000e+02 1.533973000000000013e+02 3.000000000000000000e+00 1.000000000000000000e+00 1.459000000000000019e-01 2.500000000000000000e-01 1.000000000000000048e-04
4.179999999999999716e+01 7.159600000000000186e+00 1.615654999999999859e+02 1.800000000000000000e+02 1.534911999999999921e+02 3.000000000000000000e+00 1.000000000000000000e+00 1.461999999999999966e-01 2.500000000000000000e-01 1.000000000000000048e-04
4.185000000000000142e+01 7.155800000000000161e+00 1.616595000000000084e+02 1.800000000000000000e+02 1.535852999999999895e+02 3.000000000000000000e+00 1.000000000000000000e+00 1.464999999999999913e-01 2.500000000000000000e-01 1.000000000000000048e-04
4.189999999999999858e+01 7.151900000000000368e+00 1.617538000000000125e+02 1.800000000000000000e+02 1.536794999999999902e+02 3.000000000000000000e+00 1.000000000000000000e+00 1.466999999999999971e-01 2.500000000000000000e-01 1.000000000000000048e-04
4.195000000000000284e+01 7.148100000000000342e+00 1.618481999999999914e+02 1.800000000000000000e+02 1.537737999999999943e+02 3.000000000000000000e+00 1.000000000000000000e+00 1.469999999999999918e-01 2.500000000000000000e-01 1.000000000000000048e-04
4.200000000000000000e+01 7.144300000000000317e+00 1.619427000000000021e+02 1.800000000000000000e+02 1.538683000000000050e+02 3.000000000000000000e+00 1.000000000000000000e+00 1.472999999999999865e-01 2.500000000000000000e-01 1.000000000000000048e-04
4.204999999999999716e+01 7.140399999999999636e+00 1.620373999999999910e+02 1.800000000000000000e+02 1.539629999999999939e+02 3.000000000000000000e+00 1.000000000000000000e+00 1.476000000000000090e-01 2.500000000000000000e-01 1.000000000000000048e-04
4.210000000000000142e+01 7.136599999999999611e+00 1.621322000000000116e+02 1.800000000000000000e+02 1.540577999999999861e+02 3.000000000000000000e+00 1.000000000000000000e+00 1.479000000000000037e-01 2.500000000000000000e-01 1.000000000000000048e-04
4.214999999999999858e+01 7.132699999999999818e+00 1.622272000000000105e+02 1.800000000000000000e+02 1.541527000000000100e+02 3.000000000000000000e+00 1.000000000000000000e+00 1.481000000000000094e-01 2.500000000000000000e-01 1.000000000000000048e-04
4.220000000000000284e+01 7.128899999999999793e+00 1.623223000000000127e+02 1.800000000000000000e+02 1.542478000000000122e+02 3.000000000000000000e+00 1.000000000000000000e+00 1.484000000000000041e-01 2.500000000000000000e-01 1.000000000000000048e-04
4.225000000000000000e+01 7.125000000000000000e+00 1.624175999999999931e+02 1.800000000000000000e+02 1.543429999999999893e+02 3.000000000000000000e+00 1.000000000000000000e+00 1.486999999999999988e-01 2.500000000000000000e-01 1.000000000000000048e-04
4.229999999999999716e+01 7.121199999999999974e+00 1.625130000000000052e+02 1.800000000000000000e+02 1.544384000000000015e+02 3.000000000000000000e+00 1.000000000000000000e+00 1.489999999999999936e-01 2.500000000000000000e-01 1.000000000000000048e-04
4.235000000000000142e+01 7.117300000000000182e+00 1.626085999999999956e+02 1.800000000000000000e+02 1.545338999999999885e+02 3.000000000000000000e+00 1.000000000000000000e+00 1.492999999999999883e-01 2.500000000000000000e-01 1.000000000000000048e-04
4.239999999999999858e+01 7.113500000000000156e+00 1.627042999999999893e+02 1.800000000000000000e+02 1.546296000000000106e+02 3.000000000000000000e+00 1.000000000000000000e+00 1.496000000000000107e-01 2.500000000000000000e-01 1.000000000000000048e-04
4.245000000000000284e+01 7.109600000000000364e+00 1.628001999999999896e+02 1.800000000000000000e+02 1.547254000000000076e+02 3.000000000000000000e+00 1.000000000000000000e+00 1.497999999999999887e-01 2.500000000000000000e-01 1.000000000000000048e-04
4.250000000000000000e+01 7.105800000000000338e+00 1.628961999999999932e+02 1.800000000000000000e+02 1.548214000000000112e+02 3.000000000000000000e+00 1.000000000000000000e+00 1.501000000000000112e-01 2.500000000000000000e-01 1.000000000000000048e-04
4.254999999999999716e+01 7.101899999999999658e+00 1.629924000000000035e+02 1.800000000000000000e+02 1.549174999999999898e+02 3.000000000000000000e+00 1.000000000000000000e+00 1.504000000000000059e-01 2.500000000000000000e-01 1.000000000000000048e-04
4.260000000000000142e+01 7.097999999999999865e+00 1.630887999999999920e+02 1.800000000000000000e+02 1.550138000000000034e+02 3.000000000000000000e+00 1.000000000000000000e+00 1.507000000000000006e-01 2.500000000000000000e-01 1.000000000000000048e-04
4.264999999999999858e+01 7.094199999999999839e+00 1.631853000000000122e+02 1.800000000000000000e+02 1.551101999999999919e+02 3.000000000000000000e+00 1.000000000000000000e+00 1.509999999999999953e-01 2.500000000000000000e-01 1.000000000000000048e-04
4.270000000000000284e+01 7.090300000000000047e+00 1.632819000000000074e+02 1.800000000000000000e+02 1.552067999999999870e+02 3.000000000000000000e+00 1.000000000000000000e+00 1.512999999999999901e-01 2.500000000000000000e-01 1.000000000000000048e-04
4.275000000000000000e+01 7.086500000000000021e+00 1.633787000000000091e+02 1.800000000000000000e+02 1.553035000000000139e+02 3.000000000000000000e+00 1.000000000000000000e+00 1.516000000000000125e-01 2.500000000000000000e-01 1.000000000000000048e-04
4.279999999999999716e+01 7.082600000000000229e+00 1.634756999999999891e+02 1.800000000000000000e+02 1.554003999999999905e+02 3.000000000000000000e+00 1.000000000000000000e+00 1.517999999999999905e-01 2.500000000000000000e-01 1.000000000000000048e-04
4.285000000000000142e+01 7.078700000000000436e+00 1.635728000000000009e+02 1.800000000000000000e+02 1.554973999999999990e+02 3.000000000000000000e+00 1.000000000000000000e+00 1.521000000000000130e-01 2.500000000000000000e-01 1.000000000000000048e-04
4.289999999999999858e+01 7.074799999999999756e+00 1.636700999999999908e+02 1.800000000000000000e+02 1.555946000000000140e+02 3.000000000000000000e+00 1.000000000000000000e+00 1.524000000000000077e-01 2.500000000000000000e-01 1.000000000000000048e-04
4.295000000000000284e+01 7.070999999999999730e+00 1.637675000000000125e+02 1.800000000000000000e+02 1.556920000000000073e+02 3.000000000000000000e+00 1.000000000000000000e+00 1.527000000000000024e-01 2.500000000000000000e-01 1.000000000000000048e-04
4.300000000000000000e+01 7.067099999999999937e+00 1.638651000000000124e+02 1.800000000000000000e+02 1.557894000000000005e+02 3.000000000000000000e+00 1.000000000000000000e+00 1.529999999999999971e-01 2.500000000000000000e-01 1.000000000000000048e-04
4.304999999999999716e+01 7.063200000000000145e+00 1.639627999999999872e+02 1.800000000000000000e+02 1.558871000000000038e+02 3.000000000000000000e+00 1.000000000000000000e+00 1.532999999999999918e-01 2.500000000000000000e-01 1.000000000000000048e-04
4.310000000000000142e+01 7.059300000000000352e+00 1.640606999999999971e+02 1.800000000000000000e+02 1.559849000000000103e+02 3.000000000000000000e+00 1.000000000000000000e+00 1.535999999999999865e-01 2.500000000000000000e-01 1.000000000000000048e-04
4.314999999999999858e+01 7.055399999999999672e+00 1.641588000000000136e+02 1.800000000000000000e+02 1.560827999999999918e+02 3.000000000000000000e+00 1.000000000000000000e+00 1.539000000000000090e-01 2.500000000000000000e-01 1.000000000000000048e-04
4.320000000000000284e+01 7.051599999999999646e+00 1.642570000000000050e+02 1.800000000000000000e+02 1.561810000000000116e+02 3.000000000000000000e+00 1.000000000000000000e+00 1.542000000000000037e-01 2.500000000000000000e-01 1.000000000000000048e-04
4.325000000000000000e+01 7.047699999999999854e+00 1.643554000000000030e+02 1.800000000000000000e+02 1.562792000000000030e+02 3.000000000000000000e+00 1.000000000000000000e+00 1.544000000000000095e-01 2.500000000000000000e-01 1.000000000000000048e-04
4.329999999999999716e+01 7.043800000000000061e+00 1.644539000000000044e+02 1.800000000000000000e+02 1.563776000000000010e+02 3.000000000000000000e+00 1.000000000000000000e+00 1.547000000000000042e-01 2.500000000000000000e-01 1.000000000000000048e-04
4.335000000000000142e+01 7.039900000000000269e+00 1.645526000000000124e+02 1.800000000000000000e+02 1.564762000000000057e+02 3.000000000000000000e+00 1.000000000000000000e+00 1.549999999999999989e-01 2.500000000000000000e-01 1.000000000000000048e-04
4.339999999999999858e+01 7.035999999999999588e+00 1.646514999999999986e+02 1.800000000000000000e+02 1.565749999999999886e+02 3.000000000000000000e+00 1.000000000000000000e+00 1.552999999999999936e-01 2.500000000000000000e-01 1.000000000000000048e-04
4.345000000000000284e+01 7.032099999999999795e+00 1.647504999999999882e+02 1.800000000000000000e+02 1.566739000000000033e+02 3.000000000000000000e+00 1.000000000000000000e+00 1.555999999999999883e-01 2.500000000000000000e-01 1.000000000000000048e-04
4.350000000000000000e+01 7.028200000000000003e+00 1.648497000000000128e+02 1.800000000000000000e+02 1.567728999999999928e+02 3.000000000000000000e+00 1.000000000000000000e+00 1.559000000000000108e-01 2.500000000000000000e-01 1.000000000000000048e-04
4.354999999999999716e+01 7.024300000000000210e+00 1.649490000000000123e+02 1.800000000000000000e+02 1.568720999999999890e+02 3.000000000000000000e+00 1.000000000000000000e+00 1.562000000000000055e-01 2.500000000000000000e-01 1.000000000000000048e-04
4.360000000000000142e+01 7.020400000000000418e+00 1.650484999999999900e+02 1.800000000000000000e+02 1.569714999999999918e+02 3.000000000000000000e+00 1.000000000000000000e+00 1.565000000000000002e-01 2.500000000000000000e-01 1.000000000000000048e-04
4.364999999999999858e+01 7.016499999999999737e+00 1.651482000000000028e+02 1.800000000000000000e+02 1.570709999999999980e+02 3.000000000000000000e+00 1.000000000000000000e+00 1.567999999999999949e-01 2.500000000000000000e-01 1.000000000000000048e-04
4.370000000000000284e+01 7.012599999999999945e+00 1.652479999999999905e+02 1.800000000000000000e+02 1.571707000000000107e+02 3.000000000000000000e+00 1.000000000000000000e+00 1.570999999999999897e-01 2.500000000000000000e-01 1.000000000000000048e-04
4.375000000000000000e+01 7.008700000000000152e+00 1.653480000000000132e+02 1.800000000000000000e+02 1.572706000000000017e+02 3.000000000000000000e+00 1.000000000000000000e+00 1.574000000000000121e-01 2.500000000000000000e-01 1.000000000000000048e-04
4.379999999999999716e+01 7.004800000000000360e+00 1.654482000000000141e+02 1.800000000000000000e+02 1.573705999999999960e+02 3.000000000000000000e+00 1.000000000000000000e+00 1.577000000000000068e-01 2.500000000000000000e-01 1.000000000000000048e-04
4.385000000000000142e+01 7.000899999999999679e+00 1.655484999999999900e+02 1.800000000000000000e+02 1.574707999999999970e+02 3.000000000000000000e+00 1.000000000000000000e+00 1.580000000000000016e-01 2.500000000000000000e-01 1.000000000000000048e-04
4.389999999999999858e+01 6.996999999999999886e+00 1.656490000000000009e+02 1.800000000000000000e+02 1.575711000000000013e+02 3.000000000000000000e+00 1.000000000000000000e+00 1.582999999999999963e-01 2.500000000000000000e-01 1.000000000000000048e-04
4.395000000000000284e+01 6.993100000000000094e+00 1.657496999999999900e+02 1.800000000000000000e+02 1.576716000000000122e+02 3.000000000000000000e+00 1.000000000000000000e+00 1.585999999999999910e-01 2.500000000000000000e-01 1.000000000000000048e-04
4.400000000000000000e+01 6.989200000000000301e+00 1.658505000000000109e+02 1.800000000000000000e+02 1.577723000000000013e+02 3.000000000000000000e+00 1.000000000000000000e+00 1.589000000000000135e-01 2.500000000000000000e-01 1.000000000000000048e-04
4.404999999999999716e+01 6.985299999999999621e+00 1.659515000000000100e+02 1.800000000000000000e+02 1.578730999999999938e+02 3.000000000000000000e+00 1.000000000000000000e+00 1.592000000000000082e-01 2.500000000000000000e-01 1.000000000000000048e-04
4.410000000000000142e+01 6.981300000000000061e+00 1.660526999999999873e+02 1.800000000000000000e+02 1.579740999999999929e+02 3.000000000000000000e+00 1.000000000000000000e+00 1.595000000000000029e-01 2.500000000000000000e-01 1.000000000000000048e-04
4.414999999999999858e+01 6.977400000000000269e+00 1.661539999999999964e+02 1.800000000000000000e+02 1.580752999999999986e+02 3.000000000000000000e+00 1.000000000000000000e+00 1.597999999999999976e-01 2.500000000000000000e-01 1.000000000000000048e-04
4.420000000000000284e+01 6.973499999999999588e+00 1.662555000000000121e+02 1.800000000000000000e+02 1.581766000000000076e+02 3.000000000000000000e+00 1.000000000000000000e+00 1.600999999999999923e-01 2.500000000000000000e-01 1.000000000000000048e-04
4.425000000000000000e+01 6.969599999999999795e+00 1.663572000000000060e+02 1.800000000000000000e+02 1.582780999999999949e+02 3.000000000000000000e+00 1.000000000000000000e+00 1.603999999999999870e-01 2.500000000000000000e-01 1.000000000000000048e-04
4.429999999999999716e+01 6.965700000000000003e+00 1.664590000000000032e+02 1.800000000000000000e+02 1.583797999999999888e+02 3.000000000000000000e+00 1.000000000000000000e+00 1.607000000000000095e-01 2.500000000000000000e-01 1.000000000000000048e-04
4.435000000000000142e+01 6.961700000000000443e+00 1.665611000000000104e+02 1.800000000000000000e+02 1.584815999999999860e+02 3.000000000000000000e+00 1.000000000000000000e+00 1.610000000000000042e-01 2.500000000000000000e-01 1.000000000000000048e-04
4.439999999999999858e+01 6.957799999999999763e+00 1.666632999999999925e+02 1.800000000000000000e+02 1.585835999999999899e+02 3.000000000000000000e+00 1.000000000000000000e+00 1.612999999999999989e-01 2.500000000000000000e-01 1.000000000000000048e-04
4.445000000000000284e+01 6.953899999999999970e+00 1.667656000000000063e+02 1.800000000000000000e+02 1.586856999999999971e+02 3.000000000000000000e+00 1.000000000000000000e+00 1.615999999999999936e-01 2.500000000000000000e-01 1.000000000000000048e-04
4.450000000000000000e+01 6.949900000000000411e+00 1.668682000000000016e+02 1.800000000000000000e+02 1.587880999999999858e+02 3.000000000000000000e+00 1.000000000000000000e+00 1.618999999999999884e-01 2.500000000000000000e-01 1.000000000000000048e-04
4.454999999999999716e+01 6.945999999999999730e+00 1.669709000000000003e+02 1.800000000000000000e+02 1.588906000000000063e+02 3.000000000000000000e+00 1.000000000000000000e+00 1.622000000000000108e-01 2.500000000000000000e-01 1.000000000000000048e-04
4.460000000000000142e+01 6.942099999999999937e+00 1.670738000000000056e+02 1.800000000000000000e+02 1.589932000000000016e+02 3.000000000000000000e+00 1.000000000000000000e+00 1.625000000000000056e-01 2.500000000000000000e-01 1.000000000000000048e-04
4.464999999999999858e+01 6.938100000000000378e+00 1.671767999999999859e+02 1.800000000000000000e+02 1.590961000000000070e+02 3.000000000000000000e+00 1.000000000000000000e+00 1.628000000000000003e-01 2.500000000000000000e-01 1.000000000000000048e-04
4.470000000000000284e+01 6.934199999999999697e+00 1.672801000000000045e+02 1.800000000000000000e+02 1.591990999999999872e+02 3.000000000000000000e+00 1.000000000000000000e+00 1.630999999999999950e-01 2.500000000000000000e-01 1.000000000000000048e-04
4.475000000000000000e+01 6.930200000000000138e+00 1.673834999999999980e+02 1.800000000000000000e+02 1.593023000000000025e+02 3.000000000000000000e+00 1.000000000000000000e+00 1.633999999999999897e-01 2.500000000000000000e-01 1.000000000000000048e-04
4.479999999999999716e+01 6.926300000000000345e+00 1.674870999999999981e+02 1.800000000000000000e+02 1.594055999999999926e+02 3.000000000000000000e+00 1.000000000000000000e+00 1.637000000000000122e-01 2.500000000000000000e-01 1.000000000000000048e-04
4.485000000000000142e+01 6.922299999999999898e+00 1.675908000000000015e+02 1.800000000000000000e+02 1.595091999999999928e+02 3.000000000000000000e+00 1.000000000000000000e+00 1.640000000000000069e-01 2.500000000000000000e-01 1.000000000000000048e-04
4.489999999999999858e+01 6.918400000000000105e+00 1.676947999999999865e+02 1.800000000000000000e+02 1.596128999999999962e+02 3.000000000000000000e+00 1.000000000000000000e+00 1.643000000000000016e-01 2.500000000000000000e-01 1.000000000000000048e-04
4.495000000000000284e+01 6.914399999999999658e+00 1.677989000000000033e+02 1.800000000000000000e+02 1.597167000000000030e+02 3.000000000000000000e+00 1.000000000000000000e+00 1.645999999999999963e-01 2.500000000000000000e-01 1.000000000000000048e-04
4.500000000000000000e+01 6.910499999999999865e+00 1.679031999999999982e+02 1.800000000000000000e+02 1.598207999999999913e+02 3.000000000000000000e+00 1.000000000000000000e+00 1.648999999999999910e-01 2.500000000000000000e-01 1.000000000000000048e-04
4.504999999999999716e+01 6.906500000000000306e+00 1.680076999999999998e+02 1.800000000000000000e+02 1.599250000000000114e+02 3.000000000000000000e+00 1.000000000000000000e+00 1.653000000000000025e-01 2.500000000000000000e-01 1.000000000000000048e-04
4.510000000000000142e+01 6.902599999999999625e+00 1.681123000000000047e+02 1.800000000000000000e+02 1.600294000000000096e+02 3.000000000000000000e+00 1.000000000000000000e+00 1.655999999999999972e-01 2.500000000000000000e-01 1.000000000000000048e-04
4.514999999999999858e+01 6.898600000000000065e+00 1.682171999999999912e+02 1.800000000000000000e+02 1.601339999999999861e+02 3.000000000000000000e+00 1.000000000000000000e+00 1.658999999999999919e-01 2.500000000000000000e-01 1.000000000000000048e-04
4.520000000000000284e+01 6.894599999999999618e+00 1.683222000000000094e+02 1.800000000000000000e+02 1.602387999999999977e+02 3.000000000000000000e+00 1.000000000000000000e+00 1.661999999999999866e-01 2.500000000000000000e-01 1.000000000000000048e-04
4.525000000000000000e+01 6.890699999999999825e+00 1.684274000000000058e+02 1.800000000000000000e+02 1.603437000000000126e+02 3.000000000000000000e+00 1.000000000000000000e+00 1.665000000000000091e-01 2.500000000000000000e-01 1.000000000000000048e-04
4.529999999999999716e+01 6.886700000000000266e+00 1.685328000000000088e+02 1.800000000000000000e+02 1.604488000000000056e+02 3.000000000000000000e+00 1.000000000000000000e+00 1.668000000000000038e-01 2.500000000000000000e-01 1.000000000000000048e-04
4.535000000000000142e+01 6.882799999999999585e+00 1.686383999999999901e+02 1.800000000000000000e+02 1.605541000000000054e+02 3.000000000000000000e+00 1.000000000000000000e+00 1.670999999999999985e-01 2.500000000000000000e-01 1.000000000000000048e-04
4.539999999999999858e+01 6.878800000000000026e+00 1.687441000000000031e+02 1.800000000000000000e+02 1.606595000000000084e+02 3.000000000000000000e+00 1.000000000000000000e+00 1.673999999999999932e-01 2.500000000000000000e-01 1.000000000000000048e-04
4.545000000000000284e+01 6.874799999999999578e+00 1.688500999999999976e+02 1.800000000000000000e+02 1.607651999999999930e+02 3.000000000000000000e+00 1.000000000000000000e+00 1.676999999999999880e-01 2.500000000000000000e-01 1.000000000000000048e-04
4.550000000000000000e+01 6.870800000000000018e+00 1.689561999999999955e+02 1.800000000000000000e+02 1.608710000000000093e+02 3.000000000000000000e+00 1.000000000000000000e+00 1.680999999999999994e-01 2.500000000000000000e-01 1.000000000000000048e-04
4.554999999999999716e+01 6.866900000000000226e+00 1.690625000000000000e+02 1.800000000000000000e+02 1.609770000000000039e+02 3.000000000000000000e+00 1.000000000000000000e+00 1.683999999999999941e-01 2.500000000000000000e-01 1.000000000000000048e-04
4.560000000000000142e+01 6.862899999999999778e+00 1.691690000000000111e+02 1.800000000000000000e+02 1.610832000000000050e+02 3.000000000000000000e+00 1.000000000000000000e+00 1.686999999999999889e-01 2.500000000000000000e-01 1.000000000000000048e-04
4.564999999999999858e+01 6.858900000000000219e+00 1.692757000000000005e+02 1.800000000000000000e+02 1.611896000000000129e+02 3.000000000000000000e+00 1.000000000000000000e+00 1.690000000000000113e-01 2.500000000000000000e-01 1.000000000000000048e-04
4.570000000000000284e+01 6.854899999999999771e+00 1.693825999999999965e+02 1.800000000000000000e+02 1.612960999999999956e+02 3.000000000000000000e+00 1.000000000000000000e+00 1.693000000000000060e-01 2.500000000000000000e-01 1.000000000000000048e-04
4.575000000000000000e+01 6.850900000000000212e+00 1.694895999999999958e+02 1.800000000000000000e+02 1.614028999999999883e+02 3.000000000000000000e+00 1.000000000000000000e+00 1.696000000000000008e-01 2.500000000000000000e-01 1.000000000000000048e-04
4.579999999999999716e+01 6.846899999999999764e+00 1.695969000000000051e+02 1.800000000000000000e+02 1.615098000000000127e+02 3.000000000000000000e+00 1.000000000000000000e+00 1.700000000000000122e-01 2.500000000000000000e-01 1.000000000000000048e-04
4.585000000000000142e+01 6.842999999999999972e+00 1.697042999999999893e+02 1.800000000000000000e+02 1.616168999999999869e+02 3.000000000000000000e+00 1.000000000000000000e+00 1.703000000000000069e-01 2.500000000000000000e-01 1.000000000000000048e-04
4.589999999999999858e+01 6.839000000000000412e+00 1.698120000000000118e+02 1.800000000000000000e+02 1.617241999999999962e+02 3.000000000000000000e+00 1.000000000000000000e+00 1.706000000000000016e-01 2.500000000000000000e-01 1.000000000000000048e-04
4.595000000000000284e+01 6.834999999999999964e+00 1.699198000000000093e+02 1.800000000000000000e+02 1.618317000000000121e+02 3.000000000000000000e+00 1.000000000000000000e+00 1.708999999999999964e-01 2.500000000000000000e-01 1.000000000000000048e-04
4.600000000000000000e+01 6.831000000000000405e+00 1.700278000000000134e+02 1.800000000000000000e+02 1.619393000000000029e+02 3.000000000000000000e+00 1.000000000000000000e+00 1.711999999999999911e-01 2.500000000000000000e-01 1.000000000000000048e-04
4.604999999999999716e+01 6.826999999999999957e+00 1.701359999999999957e+02 1.800000000000000000e+02 1.620472000000000037e+02 3.000000000000000000e+00 1.000000000000000000e+00 1.716000000000000025e-01 2.500000000000000000e-01 1.000000000000000048e-04
4.610000000000000142e+01 6.823000000000000398e+00 1.702444000000000131e+02 1.800000000000000000e+02 1.621552000000000078e+02 3.000000000000000000e+00 1.000000000000000000e+00 1.718999999999999972e-01 2.500000000000000000e-01 1.000000000000000048e-04
4.614999999999999858e+01 6.818999999999999950e+00 1.703530000000000086e+02 1.800000000000000000e+02 1.622633999999999901e+02 3.000000000000000000e+00 1.000000000000000000e+00 1.721999999999999920e-01 2.500000000000000000e-01 1.000000000000000048e-04
4.620000000000000284e+01 6.815000000000000391e+00 1.704618000000000109e+02 1.800000000000000000e+02 1.623719000000000108e+02 3.000000000000000000e+00 1.000000000000000000e+00 1.724999999999999867e-01 2.500000000000000000e-01 1.000000000000000048e-04
4.625000000000000000e+01 6.810999999999999943e+00 1.705707999999999913e+02 1.800000000000000000e+02 1.624805000000000064e+02 3.000000000000000000e+00 1.000000000000000000e+00 1.728000000000000091e-01 2.500000000000000000e-01 1.000000000000000048e-04
4.629999999999999716e+01 6.806899999999999729e+00 1.706800000000000068e+02 1.800000000000000000e+02 1.625893000000000086e+02 3.000000000000000000e+00 1.000000000000000000e+00 1.731999999999999929e-01 2.500000000000000000e-01 1.000000000000000048e-04
4.635000000000000142e+01 6.802900000000000169e+00 1.707892999999999972e+02 1.800000000000000000e+02 1.626982000000000141e+02 3.000000000000000000e+00 1.000000000000000000e+00 1.734999999999999876e-01 2.500000000000000000e-01 1.000000000000000048e-04
4.639999999999999858e+01 6.798899999999999721e+00 1.708988999999999976e+02 1.800000000000000000e+02 1.628074000000000012e+02 3.000000000000000000e+00 1.000000000000000000e+00 1.738000000000000100e-01 2.500000000000000000e-01 1.000000000000000048e-04
4.645000000000000284e+01 6.794900000000000162e+00 1.710087000000000046e+02 1.800000000000000000e+02 1.629167999999999950e+02 3.000000000000000000e+00 1.000000000000000000e+00 1.741000000000000048e-01 2.500000000000000000e-01 1.000000000000000048e-04
4.650000000000000000e+01 6.790899999999999714e+00 1.711186999999999898e+02 1.800000000000000000e+02 1.630262999999999920e+02 3.000000000000000000e+00 1.000000000000000000e+00 1.744999999999999885e-01 2.500000000000000000e-01 1.000000000000000048e-04
4.654999999999999716e+01 6.786900000000000155e+00 1.712289000000000101e+02 1.800000000000000000e+02 1.631360999999999990e+02 3.000000000000000000e+00 1.000000000000000000e+00 1.748000000000000109e-01 2.500000000000000000e-01 1.000000000000000048e-04
4.660000000000000142e+01 6.782799999999999940e+00 1.713392000000000053e+02 1.800000000000000000e+02 1.632461000000000126e+02 3.000000000000000000e+00 1.000000000000000000e+00 1.751000000000000056e-01 2.500000000000000000e-01 1.000000000000000048e-04
4.664999999999999858e+01 6.778800000000000381e+00 1.714498000000000104e+02 1.800000000000000000e+02 1.633562000000000012e+02 3.000000000000000000e+00 1.000000000000000000e+00 1.754000000000000004e-01 2.500000000000000000e-01 1.000000000000000048e-04
4.670000000000000284e+01 6.774799999999999933e+00 1.715605999999999938e+02 1.800000000000000000e+02 1.634664999999999964e+02 3.000000000000000000e+00 1.000000000000000000e+00 1.758000000000000118e-01 2.500000000000000000e-01 1.000000000000000048e-04
4.675000000000000000e+01 6.770800000000000374e+00 1.716716000000000122e+02 1.800000000000000000e+02 1.635771000000000015e+02 3.000000000000000000e+00 1.000000000000000000e+00 1.761000000000000065e-01 2.500000000000000000e-01 1.000000000000000048e-04
4.679999999999999716e+01 6.766700000000000159e+00 1.717828000000000088e+02 1.800000000000000000e+02 1.636878000000000100e+02 3.000000000000000000e+00 1.000000000000000000e+00 1.764000000000000012e-01 2.500000000000000000e-01 1.000000000000000048e-04
4.685000000000000142e+01 6.762699999999999712e+00 1.718942000000000121e+02 1.800000000000000000e+02 1.637986999999999966e+02 3.000000000000000000e+00 1.000000000000000000e+00 1.768000000000000127e-01 2.500000000000000000e-01 1.000000000000000048e-04
4.689999999999999858e+01 6.758700000000000152e+00 1.720057999999999936e+02 1.800000000000000000e+02 1.639098999999999933e+02 3.000000000000000000e+00 1.000000000000000000e+00 1.771000000000000074e-01 2.500000000000000000e-01 1.000000000000000048e-04
4.695000000000000284e+01 6.754599999999999937e+00 1.721176000000000101e+02 1.800000000000000000e+02 1.640211999999999932e+02 3.000000000000000000e+00 1.000000000000000000e+00 1.774000000000000021e-01 2.500000000000000000e-01 1.000000000000000048e-04
4.700000000000000000e+01 6.750600000000000378e+00 1.722296000000000049e+02 1.800000000000000000e+02 1.641326999999999998e+02 3.000000000000000000e+00 1.000000000000000000e+00 1.778000000000000136e-01 2.500000000000000000e-01 1.000000000000000048e-04
4.704999999999999716e+01 6.746500000000000163e+00 1.723418000000000063e+02 1.800000000000000000e+02 1.642444999999999879e+02 3.000000000000000000e+00 1.000000000000000000e+00 1.781000000000000083e-01 2.500000000000000000e-01 1.000000000000000048e-04
4.710000000000000142e+01 6.742499999999999716e+00 1.724541999999999859e+02 1.800000000000000000e+02 1.643564000000000078e+02 3.000000000000000000e+00 1.000000000000000000e+00 1.784000000000000030e-01 2.500000000000000000e-01 1.000000000000000048e-04
4.714999999999999858e+01 6.738400000000000389e+00 1.725668000000000006e+02 1.800000000000000000e+02 1.644685000000000059e+02 3.000000000000000000e+00 1.000000000000000000e+00 1.787999999999999867e-01 2.500000000000000000e-01 1.000000000000000048e-04
4.720000000000000284e+01 6.734399999999999942e+00 1.726796999999999969e+02 1.800000000000000000e+02 1.645809000000000140e+02 3.000000000000000000e+00 1.000000000000000000e+00 1.791000000000000092e-01 2.500000000000000000e-01 1.000000000000000048e-04
4.725000000000000000e+01 6.730299999999999727e+00 1.727927999999999997e+02 1.800000000000000000e+02 1.646933999999999969e+02 3.000000000000000000e+00 1.000000000000000000e+00 1.794000000000000039e-01 2.500000000000000000e-01 1.000000000000000048e-04
4.729999999999999716e+01 6.726300000000000168e+00 1.729060000000000059e+02 1.800000000000000000e+02 1.648061999999999898e+02 3.000000000000000000e+00 1.000000000000000000e+00 1.797999999999999876e-01 2.500000000000000000e-01 1.000000000000000048e-04
4.735000000000000142e+01 6.722199999999999953e+00 1.730194999999999936e+02 1.800000000000000000e+02 1.649190999999999860e+02 3.000000000000000000e+00 1.000000000000000000e+00 1.801000000000000101e-01 2.500000000000000000e-01 1.000000000000000048e-04
4.739999999999999858e+01 6.718200000000000394e+00 1.731331999999999880e+02 1.800000000000000000e+02 1.650322999999999922e+02 3.000000000000000000e+00 1.000000000000000000e+00 1.804000000000000048e-01 2.500000000000000000e-01 1.000000000000000048e-04
4.745000000000000284e+01 6.714100000000000179e+00 1.732470999999999890e+02 1.800000000000000000e+02 1.651456000000000017e+02 3.000000000000000000e+00 1.000000000000000000e+00 1.807999999999999885e-01 2.500000000000000000e-01 1.000000000000000048e-04
4.750000000000000000e+01 6.709999999999999964e+00 1.733611999999999966e+02 1.800000000000000000e+02 1.652591999999999928e+02 3.000000000000000000e+00 1.000000000000000000e+00 1.811000000000000110e-01 2.500000000000000000e-01 1.000000000000000048e-04
4.754999999999999716e+01 6.706000000000000405e+00 1.734755999999999858e+02 1.800000000000000000e+02 1.653729999999999905e+02 3.000000000000000000e+00 1.000000000000000000e+00 1.814000000000000057e-01 2.500000000000000000e-01 1.000000000000000048e-04
4.760000000000000142e+01 6.701900000000000190e+00 1.735901000000000067e+02 1.800000000000000000e+02 1.654869999999999948e+02 3.000000000000000000e+00 1.000000000000000000e+00 1.817999999999999894e-01 2.500000000000000000e-01 1.000000000000000048e-04
4.764999999999999858e+01 6.697799999999999976e+00 1.737049000000000092e+02 1.800000000000000000e+02 1.656011000000000024e+02 3.000000000000000000e+00 1.000000000000000000e+00 1.821000000000000119e-01 2.500000000000000000e-01 1.000000000000000048e-04
4.770000000000000284e+01 6.693800000000000416e+00 1.738198999999999899e+02 1.800000000000000000e+02 1.657155999999999949e+02 3.000000000000000000e+00 1.000000000000000000e+00 1.824999999999999956e-01 2.500000000000000000e-01 1.000000000000000048e-04
4.775000000000000000e+01 6.689700000000000202e+00 1.739351000000000056e+02 1.800000000000000000e+02 1.658301999999999907e+02 3.000000000000000000e+00 1.000000000000000000e+00 1.827999999999999903e-01 2.500000000000000000e-01 1.000000000000000048e-04
4.779999999999999716e+01 6.685599999999999987e+00 1.740504999999999995e+02 1.800000000000000000e+02 1.659449999999999932e+02 3.000000000000000000e+00 1.000000000000000000e+00 1.831000000000000127e-01 2.500000000000000000e-01 1.000000000000000048e-04
4.785000000000000142e+01 6.681499999999999773e+00 1.741662000000000035e+02 1.800000000000000000e+02 1.660600000000000023e+02 3.000000000000000000e+00 1.000000000000000000e+00 1.834999999999999964e-01 2.500000000000000000e-01 1.000000000000000048e-04
4.789999999999999858e+01 6.677399999999999558e+00 1.742821000000000140e+02 1.800000000000000000e+02 1.661752999999999929e+02 3.000000000000000000e+00 1.000000000000000000e+00 1.837999999999999912e-01 2.500000000000000000e-01 1.000000000000000048e-04
4.795000000000000284e+01 6.673300000000000232e+00 1.743982000000000028e+02 1.800000000000000000e+02 1.662907999999999902e+02 3.000000000000000000e+00 1.000000000000000000e+00 1.842000000000000026e-01 2.500000000000000000e-01 1.000000000000000048e-04
4.800000000000000000e+01 6.669299999999999784e+00 1.745144999999999982e+02 1.800000000000000000e+02 1.664064999999999941e+02 3.000000000000000000e+00 1.000000000000000000e+00 1.844999999999999973e-01 2.500000000000000000e-01 1.000000000000000048e-04
4.804999999999999716e+01 6.665199999999999569e+00 1.746310000000000002e+02 1.800000000000000000e+02 1.665224000000000046e+02 3.000000000000000000e+00 1.000000000000000000e+00 1.849000000000000088e-01 2.500000000000000000e-01 1.000000000000000048e-04
4.810000000000000142e+01 6.661100000000000243e+00 1.747478000000000122e+02 1.800000000000000000e+02 1.666384999999999934e+02 3.000000000000000000e+00 1.000000000000000000e+00 1.852000000000000035e-01 2.500000000000000000e-01 1.000000000000000048e-04
4.814999999999999858e+01 6.657000000000000028e+00 1.748648000000000025e+02 1.800000000000000000e+02 1.667547999999999888e+02 3.000000000000000000e+00 1.000000000000000000e+00 1.855999999999999872e-01 2.500000000000000000e-01 1.000000000000000048e-04
4.820000000000000284e+01 6.652899999999999814e+00 1.749819999999999993e+02 1.800000000000000000e+02 1.668713999999999942e+02 3.000000000000000000e+00 1.000000000000000000e+00 1.859000000000000097e-01 2.500000000000000000e-01 1.000000000000000048e-04
4.825000000000000000e+01 6.648799999999999599e+00 1.750995000000000061e+02 1.800000000000000000e+02 1.669881000000000029e+02 3.000000000000000000e+00 1.000000000000000000e+00 1.862000000000000044e-01 2.500000000000000000e-01 1.000000000000000048e-04
4.829999999999999716e+01 6.644700000000000273e+00 1.752171999999999912e+02 1.800000000000000000e+02 1.671050999999999931e+02 3.000000000000000000e+00 1.000000000000000000e+00 1.865999999999999881e-01 2.500000000000000000e-01 1.000000000000000048e-04
4.835000000000000142e+01 6.640600000000000058e+00 1.753351000000000113e+02 1.800000000000000000e+02 1.672222999999999900e+02 3.000000000000000000e+00 1.000000000000000000e+00 1.869000000000000106e-01 2.500000000000000000e-01 1.000000000000000048e-04
4.839999999999999858e+01 6.636499999999999844e+00 1.754532000000000096e+02 1.800000000000000000e+02 1.673397999999999968e+02 3.000000000000000000e+00 1.000000000000000000e+00 1.872999999999999943e-01 2.500000000000000000e-01 1.000000000000000048e-04
4.845000000000000284e+01 6.632299999999999862e+00 1.755715999999999894e+02 1.800000000000000000e+02 1.674574000000000069e+02 3.000000000000000000e+00 1.000000000000000000e+00 1.875999999999999890e-01 2.500000000000000000e-01 1.000000000000000048e-04
4.850000000000000000e+01 6.628199999999999648e+00 1.756902000000000044e+02 1.800000000000000000e+02 1.675752999999999986e+02 3.000000000000000000e+00 1.000000000000000000e+00 1.880000000000000004e-01 2.500000000000000000e-01 1.000000000000000048e-04
4.854999999999999716e+01 6.624100000000000321e+00 1.758091000000000008e+02 1.800000000000000000e+02 1.676933999999999969e+02 3.000000000000000000e+00 1.000000000000000000e+00 1.882999999999999952e-01 2.500000000000000000e-01 1.000000000000000048e-04
4.860000000000000142e+01 6.620000000000000107e+00 1.759281000000000006e+02 1.800000000000000000e+02 1.678118000000000052e+02 3.000000000000000000e+00 1.000000000000000000e+00 1.887000000000000066e-01 2.500000000000000000e-01 1.000000000000000048e-04
4.864999999999999858e+01 6.615899999999999892e+00 1.760475000000000136e+02 1.800000000000000000e+02 1.679302999999999884e+02 3.000000000000000000e+00 1.000000000000000000e+00 1.890999999999999903e-01 2.500000000000000000e-01 1.000000000000000048e-04
4.870000000000000284e+01 6.611699999999999910e+00 1.761670000000000016e+02 1.800000000000000000e+02 1.680491000000000099e+02 3.000000000000000000e+00 1.000000000000000000e+00 1.894000000000000128e-01 2.500000000000000000e-01 1.000000000000000048e-04
4.875000000000000000e+01 6.607599999999999696e+00 1.762867999999999995e+02 1.800000000000000000e+02 1.681681000000000097e+02 3.000000000000000000e+00 1.000000000000000000e+00 1.897999999999999965e-01 2.500000000000000000e-01 1.000000000000000048e-04
4.879999999999999716e+01 6.603500000000000369e+00 1.764068000000000040e+02 1.800000000000000000e+02 1.682873999999999910e+02 3.000000000000000000e+00 1.000000000000000000e+00 1.900999999999999912e-01 2.500000000000000000e-01 1.000000000000000048e-04
4.885000000000000142e+01 6.599400000000000155e+00 1.765270999999999901e+02 1.800000000000000000e+02 1.684068000000000040e+02 3.000000000000000000e+00 1.000000000000000000e+00 1.905000000000000027e-01 2.500000000000000000e-01 1.000000000000000048e-04
4.889999999999999858e+01 6.595200000000000173e+00 1.766476000000000113e+02 1.800000000000000000e+02 1.685264999999999986e+02 3.000000000000000000e+00 1.000000000000000000e+00 1.907999999999999974e-01 2.500000000000000000e-01 1.000000000000000048e-04
4.895000000000000284e+01 6.591099999999999959e+00 1.767684000000000140e+02 1.800000000000000000e+02 1.686465000000000032e+02 3.000000000000000000e+00 1.000000000000000000e+00 1.912000000000000088e-01 2.500000000000000000e-01 1.000000000000000048e-04
4.900000000000000000e+01 6.586899999999999977e+00 1.768893999999999949e+02 1.800000000000000000e+02 1.687666000000000111e+02 3.000000000000000000e+00 1.000000000000000000e+00 1.915000000000000036e-01 2.500000000000000000e-01 1.000000000000000048e-04
4.904999999999999716e+01 6.582799999999999763e+00 1.770106000000000108e+02 1.800000000000000000e+02 1.688870000000000005e+02 3.000000000000000000e+00 1.000000000000000000e+00 1.918999999999999873e-01 2.500000000000000000e-01 1.000000000000000048e-04
4.910000000000000142e+01 6.578599999999999781e+00 1.771321000000000083e+02 1.800000000000000000e+02 1.690076999999999998e+02 3.000000000000000000e+00 1.000000000000000000e+00 1.922999999999999987e-01 2.500000000000000000e-01 1.000000000000000048e-04
4.914999999999999858e+01 6.574499999999999567e+00 1.772538999999999874e+02 1.800000000000000000e+02 1.691285000000000025e+02 3.000000000000000000e+00 1.000000000000000000e+00 1.925999999999999934e-01 2.500000000000000000e-01 1.000000000000000048e-04
4.920000000000000284e+01 6.570299999999999585e+00 1.773757999999999981e+02 1.800000000000000000e+02 1.692495999999999867e+02 3.000000000000000000e+00 1.000000000000000000e+00 1.930000000000000049e-01 2.500000000000000000e-01 1.000000000000000048e-04
4.925000000000000000e+01 6.566200000000000259e+00 1.774980999999999938e+02 1.800000000000000000e+02 1.693710000000000093e+02 3.000000000000000000e+00 1.000000000000000000e+00 1.932999999999999996e-01 2.500000000000000000e-01 1.000000000000000048e-04
4.929999999999999716e+01 6.562000000000000277e+00 1.776205999999999960e+02 1.800000000000000000e+02 1.694926000000000101e+02 3.000000000000000000e+00 1.000000000000000000e+00 1.937000000000000111e-01 2.500000000000000000e-01 1.000000000000000048e-04
4.935000000000000142e+01 6.557900000000000063e+00 1.777433000000000050e+02 1.800000000000000000e+02 1.696143999999999892e+02 3.000000000000000000e+00 1.000000000000000000e+00 1.940999999999999948e-01 2.500000000000000000e-01 1.000000000000000048e-04
4.939999999999999858e+01 6.553700000000000081e+00 1.778662999999999954e+02 1.800000000000000000e+02 1.697365000000000066e+02 3.000000000000000000e+00 1.000000000000000000e+00 1.943999999999999895e-01 2.500000000000000000e-01 1.000000000000000048e-04
4.945000000000000284e+01 6.549500000000000099e+00 1.779894999999999925e+02 1.800000000000000000e+02 1.698588000000000022e+02 3.000000000000000000e+00 1.000000000000000000e+00 1.948000000000000009e-01 2.500000000000000000e-01 1.000000000000000048e-04
4.950000000000000000e+01 6.545399999999999885e+00 1.781129999999999995e+02 1.800000000000000000e+02 1.699813000000000045e+02 3.000000000000000000e+00 1.000000000000000000e+00 1.952000000000000124e-01 2.500000000000000000e-01 1.000000000000000048e-04
4.954999999999999716e+01 6.541199999999999903e+00 1.782367999999999881e+02 1.800000000000000000e+02 1.701040999999999883e+02 3.000000000000000000e+00 1.000000000000000000e+00 1.955000000000000071e-01 2.500000000000000000e-01 1.000000000000000048e-04
4.960000000000000142e+01 6.536999999999999922e+00 1.783608000000000118e+02 1.800000000000000000e+02 1.702271000000000072e+02 3.000000000000000000e+00 1.000000000000000000e+00 1.958999999999999908e-01 2.500000000000000000e-01 1.000000000000000048e-04
4.964999999999999858e+01 6.532899999999999707e+00 1.784850000000000136e+02 1.800000000000000000e+02 1.703504000000000076e+02 3.000000000000000000e+00 1.000000000000000000e+00 1.963000000000000023e-01 2.500000000000000000e-01 1.000000000000000048e-04
4.970000000000000284e+01 6.528699999999999726e+00 1.786096000000000004e+02 1.800000000000000000e+02 1.704738999999999862e+02 3.000000000000000000e+00 1.000000000000000000e+00 1.965999999999999970e-01 2.500000000000000000e-01 1.000000000000000048e-04
4.975000000000000000e+01 6.524499999999999744e+00 1.787343999999999937e+02 1.800000000000000000e+02 1.705977000000000032e+02 3.000000000000000000e+00 1.000000000000000000e+00 1.970000000000000084e-01 2.500000000000000000e-01 1.000000000000000048e-04
4.979999999999999716e+01 6.520299999999999763e+00 1.788593999999999937e+02 1.800000000000000000e+02 1.707216999999999985e+02 3.000000000000000000e+00 1.000000000000000000e+00 1.973999999999999921e-01 2.500000000000000000e-01 1.000000000000000048e-04
4.985000000000000142e+01 6.516099999999999781e+00 1.789847000000000037e+02 1.800000000000000000e+02 1.708460000000000036e+02 3.000000000000000000e+00 1.000000000000000000e+00 1.976999999999999869e-01 2.500000000000000000e-01 1.000000000000000048e-04
4.989999999999999858e+01 6.511899999999999800e+00 1.791102999999999952e+02 1.800000000000000000e+02 1.709704999999999870e+02 3.000000000000000000e+00 1.000000000000000000e+00 1.980999999999999983e-01 2.500000000000000000e-01 1.000000000000000048e-04
4.995000000000000284e+01 6.507699999999999818e+00 1.792360999999999933e+02 1.800000000000000000e+02 1.710953000000000088e+02 3.000000000000000000e+00 1.000000000000000000e+00 1.985000000000000098e-01 2.500000000000000000e-01 1.000000000000000048e-04
5.000000000000000000e+01 6.503499999999999837e+00 1.793622000000000014e+02 1.800000000000000000e+02 1.712203000000000088e+02 3.000000000000000000e+00 1.000000000000000000e+00 1.988999999999999935e-01 2.500000000000000000e-01 1.000000000000000048e-04
5.004999999999999716e+01 6.499299999999999855e+00 1.794885999999999910e+02 1.800000000000000000e+02 1.713455999999999904e+02 3.000000000000000000e+00 1.000000000000000000e+00 1.991999999999999882e-01 2.500000000000000000e-01 1.000000000000000048e-04
5.010000000000000142e+01 6.495099999999999874e+00 1.796152999999999906e+02 1.800000000000000000e+02 1.714711000000000070e+02 3.000000000000000000e+00 1.000000000000000000e+00 1.995999999999999996e-01 2.500000000000000000e-01 1.000000000000000048e-04
5.014999999999999858e+01 6.490899999999999892e+00 1.797421999999999969e+02 1.800000000000000000e+02 1.715969000000000051e+02 3.000000000000000000e+00 1.000000000000000000e+00 2.000000000000000111e-01 2.500000000000000000e-01 1.000000000000000048e-04
5.020000000000000284e+01 6.486699999999999910e+00 1.798694000000000131e+02 1.800000000000000000e+02 1.717230000000000132e+02 3.000000000000000000e+00 1.000000000000000000e+00 2.003999999999999948e-01 2.500000000000000000e-01 1.000000000000000048e-04
5.025000000000000000e+01 6.482499999999999929e+00 1.799968000000000075e+02 1.800000000000000000e+02 1.718492999999999995e+02 3.000000000000000000e+00 1.000000000000000000e+00 2.006999999999999895e-01 2.500000000000000000e-01 1.000000000000000048e-04
5.029999999999999716e+01 6.478299999999999947e+00 1.801245999999999867e+02 1.800000000000000000e+02 1.719757999999999925e+02 3.000000000000000000e+00 1.000000000000000000e+00 2.011000000000000010e-01 2.500000000000000000e-01 1.000000000000000048e-04
5.035000000000000142e+01 6.474099999999999966e+00 1.802526000000000010e+02 1.800000000000000000e+02 1.721025999999999954e+02 3.000000000000000000e+00 1.000000000000000000e+00 2.015000000000000124e-01 2.500000000000000000e-01 1.000000000000000048e-04
5.039999999999999858e+01 6.469899999999999984e+00 1.803808999999999969e+02 1.800000000000000000e+02 1.722297000000000082e+02 3.000000000000000000e+00 1.000000000000000000e+00 2.018999999999999961e-01 2.500000000000000000e-01 1.000000000000000048e-04
5.045000000000000284e+01 6.465600000000000236e+00 1.805093999999999994e+02 1.800000000000000000e+02 1.723571000000000026e+02 3.000000000000000000e+00 1.000000000000000000e+00 2.023000000000000076e-01 2.500000000000000000e-01 1.000000000000000048e-04
5.050000000000000000e+01 6.461400000000000254e+00 1.806382999999999868e+02 1.800000000000000000e+02 1.724847000000000037e+02 3.000000000000000000e+00 1.000000000000000000e+00 2.026000000000000023e-01 2.500000000000000000e-01 1.000000000000000048e-04
5.054999999999999716e+01 6.457200000000000273e+00 1.807674000000000092e+02 1.800000000000000000e+02 1.726125999999999863e+02 3.000000000000000000e+00 1.000000000000000000e+00 2.030000000000000138e-01 2.500000000000000000e-01 1.000000000000000048e-04
5.060000000000000142e+01 6.453000000000000291e+00 1.808968000000000131e+02 1.800000000000000000e+02 1.727407000000000039e+02 3.000000000000000000e+00 1.000000000000000000e+00 2.033999999999999975e-01 2.500000000000000000e-01 1.000000000000000048e-04
5.064999999999999858e+01 6.448699999999999655e+00 1.810264999999999986e+02 1.800000000000000000e+02 1.728691000000000031e+02 3.000000000000000000e+00 1.000000000000000000e+00 2.038000000000000089e-01 2.500000000000000000e-01 1.000000000000000048e-04
5.070000000000000284e+01 6.444499999999999673e+00 1.811564999999999941e+02 1.800000000000000000e+02 1.729978000000000122e+02 3.000000000000000000e+00 1.000000000000000000e+00 2.041999999999999926e-01 2.500000000000000000e-01 1.000000000000000048e-04
5.075000000000000000e+01 6.440199999999999925e+00 1.812867999999999995e+02 1.800000000000000000e+02 1.731268000000000029e+02 3.000000000000000000e+00 1.000000000000000000e+00 2.046000000000000041e-01 2.500000000000000000e-01 1.000000000000000048e-04
5.079999999999999716e+01 6.435999999999999943e+00 1.814173000000000116e+02 1.800000000000000000e+02 1.732560000000000002e+02 3.000000000000000000e+00 1.000000000000000000e+00 2.048999999999999988e-01 2.500000000000000000e-01 1.000000000000000048e-04
5.085000000000000142e+01 6.431799999999999962e+00 1.815482000000000085e+02 1.800000000000000000e+02 1.733855000000000075e+02 3.000000000000000000e+00 1.000000000000000000e+00 2.053000000000000103e-01 2.500000000000000000e-01 1.000000000000000048e-04
5.089999999999999858e+01 6.427500000000000213e+00 1.816793000000000120e+02 1.800000000000000000e+02 1.735151999999999930e+02 3.000000000000000000e+00 1.000000000000000000e+00 2.056999999999999940e-01 2.500000000000000000e-01 1.000000000000000048e-04
5.095000000000000284e+01 6.423199999999999577e+00 1.818108000000000004e+02 1.800000000000000000e+02 1.736452999999999918e+02 3.000000000000000000e+00 1.000000000000000000e+00 2.061000000000000054e-01 2.500000000000000000e-01 1.000000000000000048e-04
5.100000000000000000e+01 6.418999999999999595e+00 1.819424999999999955e+02 1.800000000000000000e+02 1.737755999999999972e+02 3.000000000000000000e+00 1.000000000000000000e+00 2.064999999999999891e-01 2.500000000000000000e-01 1.000000000000000048e-04
5.104999999999999716e+01 6.414699999999999847e+00 1.820745000000000005e+02 1.800000000000000000e+02 1.739062000000000126e+02 3.000000000000000000e+00 1.000000000000000000e+00 2.069000000000000006e-01 2.500000000000000000e-01 1.000000000000000048e-04
5.110000000000000142e+01 6.410499999999999865e+00 1.822068999999999903e+02 1.800000000000000000e+02 1.740371000000000095e+02 3.000000000000000000e+00 1.000000000000000000e+00 2.073000000000000120e-01 2.500000000000000000e-01 1.000000000000000048e-04
5.114999999999999858e+01 6.406200000000000117e+00 1.823394999999999868e+02 1.800000000000000000e+02 1.741682000000000130e+02 3.000000000000000000e+00 1.000000000000000000e+00 2.076999999999999957e-01 2.500000000000000000e-01 1.000000000000000048e-04
5.120000000000000284e+01 6.401900000000000368e+00 1.824723999999999933e+02 1.800000000000000000e+02 1.742997000000000014e+02 3.000000000000000000e+00 1.000000000000000000e+00 2.081000000000000072e-01 2.500000000000000000e-01 1.000000000000000048e-04
5.125000000000000000e+01 6.397700000000000387e+00 1.826056000000000097e+02 1.800000000000000000e+02 1.744313999999999965e+02 3.000000000000000000e+00 1.000000000000000000e+00 2.084999999999999909e-01 2.500000000000000000e-01 1.000000000000000048e-04
5.129999999999999716e+01 6.393399999999999750e+00 1.827392000000000110e+02 1.800000000000000000e+02 1.745634000000000015e+02 3.000000000000000000e+00 1.000000000000000000e+00 2.089000000000000024e-01 2.500000000000000000e-01 1.000000000000000048e-04
5.135000000000000142e+01 6.389100000000000001e+00 1.828729999999999905e+02 1.800000000000000000e+02 1.746956999999999880e+02 3.000000000000000000e+00 1.000000000000000000e+00 2.093000000000000138e-01 2.500000000000000000e-01 1.000000000000000048e-04
5.139999999999999858e+01 6.384800000000000253e+00 1.830072000000000116e+02 1.800000000000000000e+02 1.748283000000000129e+02 3.000000000000000000e+00 1.000000000000000000e+00 2.096999999999999975e-01 2.500000000000000000e-01 1.000000000000000048e-04
5.145000000000000284e+01 6.380499999999999616e+00 1.831416000000000111e+02 1.800000000000000000e+02 1.749610999999999876e+02 3.000000000000000000e+00 1.000000000000000000e+00 2.101000000000000090e-01 2.500000000000000000e-01 1.000000000000000048e-04
5.150000000000000000e+01 6.376299999999999635e+00 1.832763999999999953e+02 1.800000000000000000e+02 1.750943000000000040e+02 3.000000000000000000e+00 1.000000000000000000e+00 2.104999999999999927e-01 2.500000000000000000e-01 1.000000000000000048e-04
5.154999999999999716e+01 6.371999999999999886e+00 1.834114999999999895e+02 1.800000000000000000e+02 1.752276999999999987e+02 3.000000000000000000e+00 1.000000000000000000e+00 2.109000000000000041e-01 2.500000000000000000e-01 1.000000000000000048e-04
5.160000000000000142e+01 6.367700000000000138e+00 1.835468999999999937e+02 1.800000000000000000e+02 1.753615000000000066e+02 3.000000000000000000e+00 1.000000000000000000e+00 2.112999999999999878e-01 2.500000000000000000e-01 1.000000000000000048e-04
5.164999999999999858e+01 6.363400000000000389e+00 1.836826000000000079e+02 1.800000000000000000e+02 1.754954999999999927e+02 3.000000000000000000e+00 1.000000000000000000e+00 2.116999999999999993e-01 2.500000000000000000e-01 1.000000000000000048e-04
5.170000000000000284e+01 6.359099999999999753e+00 1.838186000000000035e+02 1.800000000000000000e+02 1.756298999999999921e+02 3.000000000000000000e+00 1.000000000000000000e+00 2.121000000000000107e-01 2.500000000000000000e-01 1.000000000000000048e-04
5.175000000000000000e+01 6.354800000000000004e+00 1.839550000000000125e+02 1.800000000000000000e+02 1.757644999999999982e+02 3.000000000000000000e+00 1.000000000000000000e+00 2.124999999999999944e-01 2.500000000000000000e-01 1.000000000000000048e-04
5.179999999999999716e+01 6.350500000000000256e+00 1.840915999999999997e+02 1.800000000000000000e+02 1.758994000000000142e+02 3.000000000000000000e+00 1.000000000000000000e+00 2.129000000000000059e-01 2.500000000000000000e-01 1.000000000000000048e-04
5.185000000000000142e+01 6.346099999999999852e+00 1.842286000000000001e+02 1.800000000000000000e+02 1.760346000000000117e+02 3.000000000000000000e+00 1.000000000000000000e+00 2.132999999999999896e-01 2.500000000000000000e-01 1.000000000000000048e-04
5.189999999999999858e+01 6.341800000000000104e+00 1.843660000000000139e+02 1.800000000000000000e+02 1.761701999999999941e+02 3.000000000000000000e+00 1.000000000000000000e+00 2.137000000000000011e-01 2.500000000000000000e-01 1.000000000000000048e-04
5.195000000000000284e+01 6.337500000000000355e+00 1.845036000000000058e+02 1.800000000000000000e+02 1.763060000000000116e+02 3.000000000000000000e+00 1.000000000000000000e+00 2.141000000000000125e-01 2.500000000000000000e-01 1.000000000000000048e-04
5.200000000000000000e+01 6.333199999999999719e+00 1.846416000000000111e+02 1.800000000000000000e+02 1.764421000000000106e+02 3.000000000000000000e+00 1.000000000000000000e+00 2.144999999999999962e-01 2.500000000000000000e-01 1.000000000000000048e-04
5.204999999999999716e+01 6.328899999999999970e+00 1.847798999999999978e+02 1.800000000000000000e+02 1.765785999999999945e+02 3.000000000000000000e+00 1.000000000000000000e+00 2.149000000000000077e-01 2.500000000000000000e-01 1.000000000000000048e-04
5.210000000000000142e+01 6.324499999999999567e+00 1.849185999999999979e+02 1.800000000000000000e+02 1.767153000000000134e+02 3.000000000000000000e+00 1.000000000000000000e+00 2.152999999999999914e-01 2.500000000000000000e-01 1.000000000000000048e-04
5.214999999999999858e+01 6.320199999999999818e+00 1.850576000000000079e+02 1.800000000000000000e+02 1.768523999999999887e+02 3.000000000000000000e+00 1.000000000000000000e+00 2.157000000000000028e-01 2.500000000000000000e-01 1.000000000000000048e-04
5.220000000000000284e+01 6.315900000000000070e+00 1.851968999999999994e+02 1.800000000000000000e+02 1.769898000000000025e+02 3.000000000000000000e+00 1.000000000000000000e+00 2.160999999999999865e-01 2.500000000000000000e-01 1.000000000000000048e-04
5.225000000000000000e+01 6.311499999999999666e+00 1.853366000000000042e+02 1.800000000000000000e+02 1.771273999999999944e+02 3.000000000000000000e+00 1.000000000000000000e+00 2.165999999999999870e-01 2.500000000000000000e-01 1.000000000000000048e-04
5.229999999999999716e+01 6.307199999999999918e+00 1.854765999999999906e+02 1.800000000000000000e+02 1.772653999999999996e+02 3.000000000000000000e+00 1.000000000000000000e+00 2.169999999999999984e-01 2.500000000000000000e-01 1.000000000000000048e-04
5.235000000000000142e+01 6.302800000000000402e+00 1.856168999999999869e+02 1.800000000000000000e+02 1.774037999999999897e+02 3.000000000000000000e+00 1.000000000000000000e+00 2.174000000000000099e-01 2.500000000000000000e-01 1.000000000000000048e-04
5.239999999999999858e+01 6.298499999999999766e+00 1.857575999999999965e+02 1.800000000000000000e+02 1.775423999999999864e+02 3.000000000000000000e+00 1.000000000000000000e+00 2.177999999999999936e-01 2.500000000000000000e-01 1.000000000000000048e-04
5.245000000000000284e+01 6.294100000000000250e+00 1.858986999999999910e+02 1.800000000000000000e+02 1.776812999999999931e+02 3.000000000000000000e+00 1.000000000000000000e+00 2.182000000000000051e-01 2.500000000000000000e-01 1.000000000000000048e-04
5.250000000000000000e+01 6.289799999999999613e+00 1.860400999999999954e+02 1.800000000000000000e+02 1.778206000000000131e+02 3.000000000000000000e+00 1.000000000000000000e+00 2.185999999999999888e-01 2.500000000000000000e-01 1.000000000000000048e-04
5.254999999999999716e+01 6.285400000000000098e+00 1.861818000000000097e+02 1.800000000000000000e+02 1.779601999999999862e+02 3.000000000000000000e+00 1.000000000000000000e+00 2.190999999999999892e-01 2.500000000000000000e-01 1.000000000000000048e-04
5.260000000000000142e+01 6.280999999999999694e+00 1.863239000000000090e+02 1.800000000000000000e+02 1.781000999999999976e+02 3.000000000000000000e+00 1.000000000000000000e+00 2.195000000000000007e-01 2.500000000000000000e-01 1.000000000000000048e-04
5.264999999999999858e+01 6.276699999999999946e+00 1.864663999999999930e+02 1.800000000000000000e+02 1.782403999999999940e+02 3.000000000000000000e+00 1.000000000000000000e+00 2.199000000000000121e-01 2.500000000000000000e-01 1.000000000000000048e-04
5.270000000000000284e+01 6.272300000000000431e+00 1.866091999999999871e+02 1.800000000000000000e+02 1.783810000000000002e+02 3.000000000000000000e+00 1.000000000000000000e+00 2.202999999999999958e-01 2.500000000000000000e-01 1.000000000000000048e-04
5.275000000000000000e+01 6.267900000000000027e+00 1.867523999999999944e+02 1.800000000000000000e+02 1.785218999999999880e+02 3.000000000000000000e+00 1.000000000000000000e+00 2.207000000000000073e-01 2.500000000000000000e-01 1.000000000000000048e-04
5.279999999999999716e+01 6.263499999999999623e+00 1.868959000000000117e+02 1.800000000000000000e+02 1.786630999999999858e+02 3.000000000000000000e+00 1.000000000000000000e+00 2.212000000000000077e-01 2.500000000000000000e-01 1.000000000000000048e-04
5.285000000000000142e+01 6.259199999999999875e+00 1.870398999999999887e+02 1.800000000000000000e+02 1.788046999999999969e+02 3.000000000000000000e+00 1.000000000000000000e+00 2.215999999999999914e-01 2.500000000000000000e-01 1.000000000000000048e-04
5.289999999999999858e+01 6.254800000000000360e+00 1.871842000000000041e+02 1.800000000000000000e+02 1.789465999999999894e+02 3.000000000000000000e+00 1.000000000000000000e+00 2.220000000000000029e-01 2.500000000000000000e-01 1.000000000000000048e-04
5.295000000000000284e+01 6.250399999999999956e+00 1.873288000000000011e+02 1.800000000000000000e+02 1.790888999999999953e+02 3.000000000000000000e+00 1.000000000000000000e+00 2.223999999999999866e-01 2.500000000000000000e-01 1.000000000000000048e-04
5.300000000000000000e+01 6.246000000000000441e+00 1.874738999999999862e+02 1.800000000000000000e+02 1.792314000000000078e+02 3.000000000000000000e+00 1.000000000000000000e+00 2.228999999999999870e-01 2.500000000000000000e-01 1.000000000000000048e-04
5.304999999999999716e+01 6.241600000000000037e+00 1.876193000000000097e+02 1.800000000000000000e+02 1.793744000000000085e+02 3.000000000000000000e+00 1.000000000000000000e+00 2.232999999999999985e-01 2.500000000000000000e-01 1.000000000000000048e-04
5.310000000000000142e+01 6.237199999999999633e+00 1.877650999999999897e+02 1.800000000000000000e+02 1.795176999999999907e+02 3.000000000000000000e+00 1.000000000000000000e+00 2.237000000000000099e-01 2.500000000000000000e-01 1.000000000000000048e-04
5.314999999999999858e+01 6.232800000000000118e+00 1.879113000000000113e+02 1.800000000000000000e+02 1.796613000000000113e+02 3.000000000000000000e+00 1.000000000000000000e+00 2.242000000000000104e-01 2.500000000000000000e-01 1.000000000000000048e-04
5.320000000000000284e+01 6.228399999999999714e+00 1.880577999999999861e+02 1.800000000000000000e+02 1.798052999999999884e+02 3.000000000000000000e+00 1.000000000000000000e+00 2.245999999999999941e-01 2.500000000000000000e-01 1.000000000000000048e-04
5.325000000000000000e+01 6.224000000000000199e+00 1.882048000000000059e+02 1.800000000000000000e+02 1.799496000000000038e+02 3.000000000000000000e+00 1.000000000000000000e+00 2.250000000000000056e-01 2.500000000000000000e-01 1.000000000000000048e-04
5.329999999999999716e+01 6.219500000000000028e+00 1.883521000000000072e+02 1.800000000000000000e+02 1.800942000000000007e+02 3.000000000000000000e+00 1.000000000000000000e+00 2.255000000000000060e-01 2.500000000000000000e-01 1.000000000000000048e-04
5.335000000000000142e+01 6.215099999999999625e+00 1.884998999999999967e+02 1.800000000000000000e+02 1.802392999999999859e+02 3.000000000000000000e+00 1.000000000000000000e+00 2.258999999999999897e-01 2.500000000000000000e-01 1.000000000000000048e-04
5.339999999999999858e+01 6.210700000000000109e+00 1.886479999999999961e+02 1.800000000000000000e+02 1.803847000000000094e+02 3.000000000000000000e+00 1.000000000000000000e+00 2.263999999999999901e-01 2.500000000000000000e-01 1.000000000000000048e-04
5.345000000000000284e+01 6.206299999999999706e+00 1.887966000000000122e+02 1.800000000000000000e+02 1.805303999999999860e+02 3.000000000000000000e+00 1.000000000000000000e+00 2.268000000000000016e-01 2.500000000000000000e-01 1.000000000000000048e-04
5.350000000000000000e+01 6.201800000000000423e+00 1.889455000000000098e+02 1.800000000000000000e+02 1.806765000000000043e+02 3.000000000000000000e+00 1.000000000000000000e+00 2.272000000000000131e-01 2.500000000000000000e-01 1.000000000000000048e-04
5.354999999999999716e+01 6.197400000000000020e+00 1.890948999999999955e+02 1.800000000000000000e+02 1.808230000000000075e+02 3.000000000000000000e+00 1.000000000000000000e+00 2.277000000000000135e-01 2.500000000000000000e-01 1.000000000000000048e-04
5.360000000000000142e+01 6.192899999999999849e+00 1.892445999999999913e+02 1.800000000000000000e+02 1.809697999999999922e+02 3.000000000000000000e+00 1.000000000000000000e+00 2.280999999999999972e-01 2.500000000000000000e-01 1.000000000000000048e-04
5.364999999999999858e+01 6.188500000000000334e+00 1.893948000000000036e+02 1.800000000000000000e+02 1.811169999999999902e+02 3.000000000000000000e+00 1.000000000000000000e+00 2.285999999999999976e-01 2.500000000000000000e-01 1.000000000000000048e-04
5.370000000000000284e+01 6.184000000000000163e+00 1.895454000000000008e+02 1.800000000000000000e+02 1.812646000000000015e+02 3.000000000000000000e+00 1.000000000000000000e+00 2.290000000000000091e-01 2.500000000000000000e-01 1.000000000000000048e-04
5.375000000000000000e+01 6.179599999999999760e+00 1.896964000000000112e+02 1.800000000000000000e+02 1.814125999999999976e+02 3.000000000000000000e+00 1.000000000000000000e+00 2.295000000000000095e-01 2.500000000000000000e-01 1.000000000000000048e-04
5.379999999999999716e+01 6.175099999999999589e+00 1.898478000000000065e+02 1.800000000000000000e+02 1.815609000000000037e+02 3.000000000000000000e+00 1.000000000000000000e+00 2.298999999999999932e-01 2.500000000000000000e-01 1.000000000000000048e-04
5.385000000000000142e+01 6.170700000000000074e+00 1.899996999999999900e+02 1.800000000000000000e+02 1.817095999999999947e+02 3.000000000000000000e+00 1.000000000000000000e+00 2.303999999999999937e-01 2.500000000000000000e-01 1.000000000000000048e-04
5.389999999999999858e+01 6.166199999999999903e+00 1.901519999999999868e+02 1.800000000000000000e+02 1.818586999999999989e+02 3.000000000000000000e+00 1.000000000000000000e+00 2.308000000000000052e-01 2.500000000000000000e-01 1.000000000000000048e-04
5.395000000000000284e+01 6.161699999999999733e+00 1.903046999999999969e+02 1.800000000000000000e+02 1.820081000000000131e+02 3.000000000000000000e+00 1.000000000000000000e+00 2.313000000000000056e-01 2.500000000000000000e-01 1.000000000000000048e-04
5.400000000000000000e+01 6.157300000000000217e+00 1.904578999999999951e+02 1.800000000000000000e+02 1.821579999999999870e+02 3.000000000000000000e+00 1.000000000000000000e+00 2.316999999999999893e-01 2.500000000000000000e-01 1.000000000000000048e-04
5.404999999999999716e+01 6.152800000000000047e+00 1.906115000000000066e+02 1.800000000000000000e+02 1.823081999999999994e+02 3.000000000000000000e+00 1.000000000000000000e+00 2.321999999999999897e-01 2.500000000000000000e-01 1.000000000000000048e-04
5.410000000000000142e+01 6.148299999999999876e+00 1.907655000000000030e+02 1.800000000000000000e+02 1.824588999999999999e+02 3.000000000000000000e+00 1.000000000000000000e+00 2.326000000000000012e-01 2.500000000000000000e-01 1.000000000000000048e-04
5.414999999999999858e+01 6.143799999999999706e+00 1.909199999999999875e+02 1.800000000000000000e+02 1.826099000000000103e+02 3.000000000000000000e+00 1.000000000000000000e+00 2.331000000000000016e-01 2.500000000000000000e-01 1.000000000000000048e-04
5.420000000000000284e+01 6.139300000000000423e+00 1.910749000000000137e+02 1.800000000000000000e+02 1.827613000000000056e+02 3.000000000000000000e+00 1.000000000000000000e+00 2.335000000000000131e-01 2.500000000000000000e-01 1.000000000000000048e-04
5.425000000000000000e+01 6.134800000000000253e+00 1.912304000000000030e+02 1.800000000000000000e+02 1.829130999999999858e+02 3.000000000000000000e+00 1.000000000000000000e+00 2.340000000000000135e-01 2.500000000000000000e-01 1.000000000000000048e-04
5.429999999999999716e+01 6.130300000000000082e+00 1.913862000000000023e+02 1.800000000000000000e+02 1.830654000000000110e+02 3.000000000000000000e+00 1.000000000000000000e+00 2.344999999999999862e-01 2.500000000000000000e-01 1.000000000000000048e-04
5.435000000000000142e+01 6.125799999999999912e+00 1.915424999999999898e+02 1.800000000000000000e+02 1.832179999999999893e+02 3.000000000000000000e+00 1.000000000000000000e+00 2.348999999999999977e-01 2.500000000000000000e-01 1.000000000000000048e-04
5.439999999999999858e+01 6.121299999999999741e+00 1.916992999999999938e+02 1.800000000000000000e+02 1.833710000000000093e+02 3.000000000000000000e+00 1.000000000000000000e+00 2.353999999999999981e-01 2.500000000000000000e-01 1.000000000000000048e-04
5.445000000000000284e+01 6.116799999999999571e+00 1.918565999999999860e+02 1.800000000000000000e+02 1.835244999999999891e+02 3.000000000000000000e+00 1.000000000000000000e+00 2.358999999999999986e-01 2.500000000000000000e-01 1.000000000000000048e-04
5.450000000000000000e+01 6.112199999999999633e+00 1.920143999999999949e+02 1.800000000000000000e+02 1.836784000000000106e+02 3.000000000000000000e+00 1.000000000000000000e+00 2.363000000000000100e-01 2.500000000000000000e-01 1.000000000000000048e-04
5.454999999999999716e+01 6.107700000000000351e+00 1.921725999999999885e+02 1.800000000000000000e+02 1.838326000000000136e+02 3.000000000000000000e+00 1.000000000000000000e+00 2.368000000000000105e-01 2.500000000000000000e-01 1.000000000000000048e-04
5.460000000000000142e+01 6.103200000000000180e+00 1.923312999999999988e+02 1.800000000000000000e+02 1.839873000000000047e+02 3.000000000000000000e+00 1.000000000000000000e+00 2.373000000000000109e-01 2.500000000000000000e-01 1.000000000000000048e-04
5.464999999999999858e+01 6.098700000000000010e+00 1.924904999999999973e+02 1.800000000000000000e+02 1.841425000000000125e+02 3.000000000000000000e+00 1.000000000000000000e+00 2.376999999999999946e-01 2.500000000000000000e-01 1.000000000000000048e-04
5.470000000000000284e+01 6.094100000000000072e+00 1.926502000000000123e+02 1.800000000000000000e+02 1.842980000000000018e+02 3.000000000000000000e+00 1.000000000000000000e+00 2.381999999999999951e-01 2.500000000000000000e-01 1.000000000000000048e-04
5.475000000000000000e+01 6.089599999999999902e+00 1.928103999999999871e+02 1.800000000000000000e+02 1.844540000000000077e+02 3.000000000000000000e+00 1.000000000000000000e+00 2.386999999999999955e-01 2.500000000000000000e-01 1.000000000000000048e-04
5.479999999999999716e+01 6.084999999999999964e+00 1.929711000000000070e+02 1.800000000000000000e+02 1.846103999999999985e+02 3.000000000000000000e+00 1.000000000000000000e+00 2.391999999999999960e-01 2.500000000000000000e-01 1.000000000000000048e-04
5.485000000000000142e+01 6.080499999999999794e+00 1.931323999999999899e+02 1.800000000000000000e+02 1.847673000000000059e+02 3.000000000000000000e+00 1.000000000000000000e+00 2.396000000000000074e-01 2.500000000000000000e-01 1.000000000000000048e-04
5.489999999999999858e+01 6.075899999999999856e+00 1.932940999999999860e+02 1.800000000000000000e+02 1.849245999999999981e+02 3.000000000000000000e+00 1.000000000000000000e+00 2.401000000000000079e-01 2.500000000000000000e-01 1.000000000000000048e-04
5.495000000000000284e+01 6.071299999999999919e+00 1.934562999999999988e+02 1.800000000000000000e+02 1.850824000000000069e+02 3.000000000000000000e+00 1.000000000000000000e+00 2.406000000000000083e-01 2.500000000000000000e-01 1.000000000000000048e-04
5.500000000000000000e+01 6.066799999999999748e+00 1.936191000000000031e+02 1.800000000000000000e+02 1.852406000000000006e+02 3.000000000000000000e+00 1.000000000000000000e+00 2.411000000000000087e-01 2.500000000000000000e-01 1.000000000000000048e-04
5.504999999999999716e+01 6.062199999999999811e+00 1.937824999999999989e+02 1.800000000000000000e+02 1.853992000000000075e+02 3.000000000000000000e+00 1.000000000000000000e+00 2.416000000000000092e-01 2.500000000000000000e-01 1.000000000000000048e-04
5.510000000000000142e+01 6.057599999999999874e+00 1.939463000000000079e+02 1.800000000000000000e+02 1.855583000000000027e+02 3.000000000000000000e+00 1.000000000000000000e+00 2.419999999999999929e-01 2.500000000000000000e-01 1.000000000000000048e-04
5.514999999999999858e+01 6.052999999999999936e+00 1.941107000000000085e+02 1.800000000000000000e+02 1.857178999999999860e+02 3.000000000000000000e+00 1.000000000000000000e+00 2.424999999999999933e-01 2.500000000000000000e-01 1.000000000000000048e-04
5.520000000000000284e+01 6.048399999999999999e+00 1.942757000000000005e+02 1.800000000000000000e+02 1.858779000000000110e+02 3.000000000000000000e+00 1.000000000000000000e+00 2.429999999999999938e-01 2.500000000000000000e-01 1.000000000000000048e-04
5.525000000000000000e+01 6.043800000000000061e+00 1.944412000000000091e+02 1.800000000000000000e+02 1.860383999999999958e+02 3.000000000000000000e+00 1.000000000000000000e+00 2.434999999999999942e-01 2.500000000000000000e-01 1.000000000000000048e-04
5.529999999999999716e+01 6.039200000000000124e+00 1.946073000000000093e+02 1.800000000000000000e+02 1.861993999999999971e+02 3.000000000000000000e+00 1.000000000000000000e+00 2.439999999999999947e-01 2.500000000000000000e-01 1.000000000000000048e-04
5.535000000000000142e+01 6.034600000000000186e+00 1.947738999999999976e+02 1.800000000000000000e+02 1.863608999999999867e+02 3.000000000000000000e+00 1.000000000000000000e+00 2.444999999999999951e-01 2.500000000000000000e-01 1.000000000000000048e-04
5.539999999999999858e+01 6.030000000000000249e+00 1.949411000000000058e+02 1.800000000000000000e+02 1.865227999999999895e+02 3.000000000000000000e+00 1.000000000000000000e+00 2.449999999999999956e-01 2.500000000000000000e-01 1.000000000000000048e-04
5.545000000000000284e+01 6.025400000000000311e+00 1.951089000000000055e+02 1.800000000000000000e+02 1.866852000000000089e+02 3.000000000000000000e+00 1.000000000000000000e+00 2.454999999999999960e-01 2.500000000000000000e-01 1.000000000000000048e-04
5.550000000000000000e+01 6.020800000000000374e+00 1.952772999999999968e+02 1.800000000000000000e+02 1.868480999999999881e+02 3.000000000000000000e+00 1.000000000000000000e+00 2.459999999999999964e-01 2.500000000000000000e-01 1.000000000000000048e-04
5.554999999999999716e+01 6.016200000000000436e+00 1.954463000000000079e+02 1.800000000000000000e+02 1.870115999999999872e+02 3.000000000000000000e+00 1.000000000000000000e+00 2.464999999999999969e-01 2.500000000000000000e-01 1.000000000000000048e-04
5.560000000000000142e+01 6.011499999999999844e+00 1.956159000000000106e+02 1.800000000000000000e+02 1.871754999999999995e+02 3.000000000000000000e+00 1.000000000000000000e+00 2.469999999999999973e-01 2.500000000000000000e-01 1.000000000000000048e-04
5.564999999999999858e+01 6.006899999999999906e+00 1.957861000000000047e+02 1.800000000000000000e+02 1.873399000000000001e+02 3.000000000000000000e+00 1.000000000000000000e+00 2.474999999999999978e-01 2.500000000000000000e-01 1.000000000000000048e-04
5.570000000000000284e+01 6.002200000000000202e+00 1.959568999999999903e+02 1.800000000000000000e+02 1.875047999999999888e+02 3.000000000000000000e+00 1.000000000000000000e+00 2.479999999999999982e-01 2.500000000000000000e-01 1.000000000000000048e-04
5.575000000000000000e+01 5.997600000000000264e+00 1.961283999999999992e+02 1.800000000000000000e+02 1.876702999999999975e+02 3.000000000000000000e+00 1.000000000000000000e+00 2.484999999999999987e-01 2.500000000000000000e-01 1.000000000000000048e-04
5.579999999999999716e+01 5.992899999999999672e+00 1.963004999999999995e+02 1.800000000000000000e+02 1.878361999999999910e+02 3.000000000000000000e+00 1.000000000000000000e+00 2.489999999999999991e-01 2.500000000000000000e-01 1.000000000000000048e-04
5.585000000000000142e+01 5.988299999999999734e+00 1.964731999999999914e+02 1.800000000000000000e+02 1.880027000000000044e+02 3.000000000000000000e+00 1.000000000000000000e+00 2.494999999999999996e-01 2.500000000000000000e-01 1.000000000000000048e-04
5.589999999999999858e+01 5.983600000000000030e+00 1.966466000000000065e+02 1.800000000000000000e+02 1.881697000000000060e+02 3.000000000000000000e+00 1.000000000000000000e+00 2.500000000000000000e-01 2.500000000000000000e-01 1.000000000000000048e-04
5.595000000000000284e+01 5.978900000000000325e+00 1.968206999999999880e+02 1.800000000000000000e+02 1.883372999999999990e+02 3.000000000000000000e+00 1.000000000000000000e+00 2.505000000000000004e-01 2.500000000000000000e-01 1.000000000000000048e-04
5.600000000000000000e+01 5.974300000000000388e+00 1.969953999999999894e+02 1.800000000000000000e+02 1.885054000000000087e+02 3.000000000000000000e+00 1.000000000000000000e+00 2.510999999999999899e-01 2.500000000000000000e-01 1.000000000000000048e-04
5.604999999999999716e+01 5.969599999999999795e+00 1.971708000000000141e+02 1.800000000000000000e+02 1.886741000000000099e+02 3.000000000000000000e+00 1.000000000000000000e+00 2.515999999999999903e-01 2.500000000000000000e-01 1.000000000000000048e-04
5.610000000000000142e+01 5.964900000000000091e+00 1.973469000000000051e+02 1.800000000000000000e+02 1.888432999999999993e+02 3.000000000000000000e+00 1.000000000000000000e+00 2.520999999999999908e-01 2.500000000000000000e-01 1.000000000000000048e-04
5.614999999999999858e+01 5.960200000000000387e+00 1.975236999999999910e+02 1.800000000000000000e+02 1.890131000000000085e+02 3.000000000000000000e+00 1.000000000000000000e+00 2.525999999999999912e-01 2.500000000000000000e-01 1.000000000000000048e-04
5.620000000000000284e+01 5.955499999999999794e+00 1.977012000000000000e+02 1.800000000000000000e+02 1.891834000000000060e+02 3.000000000000000000e+00 1.000000000000000000e+00 2.531999999999999806e-01 2.500000000000000000e-01 1.000000000000000048e-04
5.625000000000000000e+01 5.950800000000000090e+00 1.978794000000000040e+02 1.800000000000000000e+02 1.893543999999999983e+02 3.000000000000000000e+00 1.000000000000000000e+00 2.536999999999999811e-01 2.500000000000000000e-01 1.000000000000000048e-04
5.629999999999999716e+01 5.945999999999999730e+00 1.980584000000000060e+02 1.800000000000000000e+02 1.895259000000000071e+02 3.000000000000000000e+00 1.000000000000000000e+00 2.541999999999999815e-01 2.500000000000000000e-01 1.000000000000000048e-04
5.635000000000000142e+01 5.941300000000000026e+00 1.982381000000000029e+02 1.800000000000000000e+02 1.896980000000000075e+02 3.000000000000000000e+00 1.000000000000000000e+00 2.546999999999999820e-01 2.500000000000000000e-01 1.000000000000000048e-04
5.639999999999999858e+01 5.936600000000000321e+00 1.984185999999999979e+02 1.800000000000000000e+02 1.898706999999999994e+02 3.000000000000000000e+00 1.000000000000000000e+00 2.553000000000000269e-01 2.500000000000000000e-01 1.000000000000000048e-04
5.645000000000000284e+01 5.931799999999999962e+00 1.985997999999999877e+02 1.800000000000000000e+02 1.900440000000000111e+02 3.000000000000000000e+00 1.000000000000000000e+00 2.558000000000000274e-01 2.500000000000000000e-01 1.000000000000000048e-04
5.650000000000000000e+01 5.927100000000000257e+00 1.987818000000000040e+02 1.800000000000000000e+02 1.902178999999999860e+02 3.000000000000000000e+00 1.000000000000000000e+00 2.564000000000000168e-01 2.500000000000000000e-01 1.000000000000000048e-04
5.654999999999999716e+01 5.922299999999999898e+00 1.989645999999999901e+02 1.800000000000000000e+02 1.903924000000000092e+02 3.000000000000000000e+00 1.000000000000000000e+00 2.569000000000000172e-01 2.500000000000000000e-01 1.000000000000000048e-04
5.660000000000000142e+01 5.917600000000000193e+00 1.991483000000000061e+02 1.800000000000000000e+02 1.905675999999999988e+02 3.000000000000000000e+00 1.000000000000000000e+00 2.574000000000000177e-01 2.500000000000000000e-01 1.000000000000000048e-04
5.664999999999999858e+01 5.912799999999999834e+00 1.993326999999999884e+02 1.800000000000000000e+02 1.907434000000000083e+02 3.000000000000000000e+00 1.000000000000000000e+00 2.580000000000000071e-01 2.500000000000000000e-01 1.000000000000000048e-04
5.670000000000000284e+01 5.908000000000000362e+00 1.995180000000000007e+02 1.800000000000000000e+02 1.909199000000000126e+02 3.000000000000000000e+00 1.000000000000000000e+00 2.585000000000000075e-01 2.500000000000000000e-01 1.000000000000000048e-04
5.675000000000000000e+01 5.903299999999999770e+00 1.997041000000000111e+02 1.800000000000000000e+02 1.910970000000000084e+02 3.000000000000000000e+00 1.000000000000000000e+00 2.590999999999999970e-01 2.500000000000000000e-01 1.000000000000000048e-04
5.679999999999999716e+01 5.898500000000000298e+00 1.998910999999999945e+02 1.800000000000000000e+02 1.912747999999999990e+02 3.000000000000000000e+00 1.000000000000000000e+00 2.595999999999999974e-01 2.500000000000000000e-01 1.000000000000000048e-04
5.685000000000000142e+01 5.893699999999999939e+00 2.000790000000000077e+02 1.800000000000000000e+02 1.914532000000000096e+02 3.000000000000000000e+00 1.000000000000000000e+00 2.601999999999999869e-01 2.500000000000000000e-01 1.000000000000000048e-04
5.689999999999999858e+01 5.888899999999999579e+00 2.002676999999999907e+02 1.800000000000000000e+02 1.916323999999999899e+02 3.000000000000000000e+00 1.000000000000000000e+00 2.606999999999999873e-01 2.500000000000000000e-01 1.000000000000000048e-04
5.695000000000000284e+01 5.884000000000000341e+00 2.004574000000000069e+02 1.800000000000000000e+02 1.918121999999999900e+02 3.000000000000000000e+00 1.000000000000000000e+00 2.612999999999999767e-01 2.500000000000000000e-01 1.000000000000000048e-04
5.700000000000000000e+01 5.879199999999999982e+00 2.006480999999999995e+02 1.800000000000000000e+02 1.919927999999999884e+02 3.000000000000000000e+00 1.000000000000000000e+00 2.619000000000000217e-01 2.500000000000000000e-01 1.000000000000000048e-04
5.704999999999999716e+01 5.874399999999999622e+00 2.008395999999999901e+02 1.800000000000000000e+02 1.921740000000000066e+02 3.000000000000000000e+00 1.000000000000000000e+00 2.624000000000000221e-01 2.500000000000000000e-01 1.000000000000000048e-04
5.710000000000000142e+01 5.869600000000000151e+00 2.010321999999999889e+02 1.800000000000000000e+02 1.923559999999999945e+02 3.000000000000000000e+00 1.000000000000000000e+00 2.630000000000000115e-01 2.500000000000000000e-01 1.000000000000000048e-04
5.714999999999999858e+01 5.864700000000000024e+00 2.012256999999999891e+02 1.800000000000000000e+02 1.925388000000000090e+02 3.000000000000000000e+00 1.000000000000000000e+00 2.636000000000000010e-01 2.500000000000000000e-01 1.000000000000000048e-04
5.720000000000000284e+01 5.859899999999999665e+00 2.014202999999999975e+02 1.800000000000000000e+02 1.927221999999999866e+02 3.000000000000000000e+00 1.000000000000000000e+00 2.641999999999999904e-01 2.500000000000000000e-01 1.000000000000000048e-04
5.725000000000000000e+01 5.855000000000000426e+00 2.016158000000000072e+02 1.800000000000000000e+02 1.929064999999999941e+02 3.000000000000000000e+00 1.000000000000000000e+00 2.646999999999999909e-01 2.500000000000000000e-01 1.000000000000000048e-04
5.729999999999999716e+01 5.850100000000000300e+00 2.018125000000000000e+02 1.800000000000000000e+02 1.930914999999999964e+02 3.000000000000000000e+00 1.000000000000000000e+00 2.652999999999999803e-01 2.500000000000000000e-01 1.000000000000000048e-04
5.735000000000000142e+01 5.845200000000000173e+00 2.020101999999999975e+02 1.800000000000000000e+02 1.932774000000000001e+02 3.000000000000000000e+00 1.000000000000000000e+00 2.659000000000000252e-01 2.500000000000000000e-01 1.000000000000000048e-04
5.739999999999999858e+01 5.840399999999999814e+00 2.022090000000000032e+02 1.800000000000000000e+02 1.934639999999999986e+02 3.000000000000000000e+00 1.000000000000000000e+00 2.665000000000000147e-01 2.500000000000000000e-01 1.000000000000000048e-04
5.745000000000000284e+01 5.835499999999999687e+00 2.024088999999999885e+02 1.800000000000000000e+02 1.936514999999999986e+02 3.000000000000000000e+00 1.000000000000000000e+00 2.671000000000000041e-01 2.500000000000000000e-01 1.000000000000000048e-04
5.750000000000000000e+01 5.830499999999999794e+00 2.026100000000000136e+02 1.800000000000000000e+02 1.938397999999999968e+02 3.000000000000000000e+00 1.000000000000000000e+00 2.676999999999999935e-01 2.500000000000000000e-01 1.000000000000000048e-04
5.754999999999999716e+01 5.825599999999999667e+00 2.028122999999999934e+02 1.800000000000000000e+02 1.940288999999999930e+02 3.000000000000000000e+00 1.000000000000000000e+00 2.682999999999999829e-01 2.500000000000000000e-01 1.000000000000000048e-04
5.760000000000000142e+01 5.820700000000000429e+00 2.030158000000000129e+02 1.800000000000000000e+02 1.942189999999999941e+02 3.000000000000000000e+00 1.000000000000000000e+00 2.688999999999999724e-01 2.500000000000000000e-01 1.000000000000000048e-04
5.764999999999999858e+01 5.815800000000000303e+00 2.032204999999999870e+02 1.800000000000000000e+02 1.944098999999999933e+02 3.000000000000000000e+00 1.000000000000000000e+00 2.695000000000000173e-01 2.500000000000000000e-01 1.000000000000000048e-04
5.770000000000000284e+01 5.810800000000000409e+00 2.034265000000000043e+02 1.800000000000000000e+02 1.946016999999999939e+02 3.000000000000000000e+00 1.000000000000000000e+00 2.701000000000000068e-01 2.500000000000000000e-01 1.000000000000000048e-04
5.775000000000000000e+01 5.805799999999999628e+00 2.036338000000000079e+02 1.800000000000000000e+02 1.947944999999999993e+02 3.000000000000000000e+00 1.000000000000000000e+00 2.706999999999999962e-01 2.500000000000000000e-01 1.000000000000000048e-04
5.779999999999999716e+01 5.800900000000000389e+00 2.038425000000000011e+02 1.800000000000000000e+02 1.949882000000000062e+02 3.000000000000000000e+00 1.000000000000000000e+00 2.712999999999999856e-01 2.500000000000000000e-01 1.000000000000000048e-04
5.785000000000000142e+01 5.795899999999999608e+00 2.040525000000000091e+02 1.800000000000000000e+02 1.951828999999999894e+02 3.000000000000000000e+00 1.000000000000000000e+00 2.720000000000000195e-01 2.500000000000000000e-01 1.000000000000000048e-04
5.789999999999999858e+01 5.790899999999999714e+00 2.042639000000000067e+02 1.800000000000000000e+02 1.953785000000000025e+02 3.000000000000000000e+00 1.000000000000000000e+00 2.726000000000000090e-01 2.500000000000000000e-01 1.000000000000000048e-04
5.795000000000000284e+01 5.785899999999999821e+00 2.044767999999999972e+02 1.800000000000000000e+02 1.955751999999999953e+02 3.000000000000000000e+00 1.000000000000000000e+00 2.731999999999999984e-01 2.500000000000000000e-01 1.000000000000000048e-04
5.800000000000000000e+01 5.780899999999999928e+00 2.046912000000000091e+02 1.800000000000000000e+02 1.957728999999999928e+02 3.000000000000000000e+00 1.000000000000000000e+00 2.737999999999999878e-01 2.500000000000000000e-01 1.000000000000000048e-04
5.804999999999999716e+01 5.775800000000000267e+00 2.049071000000000140e+02 1.800000000000000000e+02 1.959716999999999985e+02 3.000000000000000000e+00 1.000000000000000000e+00 2.745000000000000218e-01 2.500000000000000000e-01 1.000000000000000048e-04
5.810000000000000142e+01 5.770800000000000374e+00 2.051245999999999867e+02 1.800000000000000000e+02 1.961716000000000122e+02 3.000000000000000000e+00 1.000000000000000000e+00 2.751000000000000112e-01 2.500000000000000000e-01 1.000000000000000048e-04
5.814999999999999858e+01 5.765799999999999592e+00 2.053437000000000126e+02 1.800000000000000000e+02 1.963726000000000056e+02 3.000000000000000000e+00 1.000000000000000000e+00 2.757999999999999896e-01 2.500000000000000000e-01 1.000000000000000048e-04
5.820000000000000284e+01 5.760699999999999932e+00 2.055644000000000062e+02 1.800000000000000000e+02 1.965747000000000071e+02 3.000000000000000000e+00 1.000000000000000000e+00 2.763999999999999790e-01 2.500000000000000000e-01 1.000000000000000048e-04
5.825000000000000000e+01 5.755600000000000271e+00 2.057870000000000061e+02 1.800000000000000000e+02 1.967779999999999916e+02 3.000000000000000000e+00 1.000000000000000000e+00 2.771000000000000130e-01 2.500000000000000000e-01 1.000000000000000048e-04
5.829999999999999716e+01 5.750499999999999723e+00 2.060113000000000056e+02 1.800000000000000000e+02 1.969824999999999875e+02 3.000000000000000000e+00 1.000000000000000000e+00 2.777999999999999914e-01 2.500000000000000000e-01 1.000000000000000048e-04
5.835000000000000142e+01 5.745400000000000063e+00 2.062374000000000080e+02 1.800000000000000000e+02 1.971881999999999948e+02 3.000000000000000000e+00 1.000000000000000000e+00 2.783999999999999808e-01 2.500000000000000000e-01 1.000000000000000048e-04
5.839999999999999858e+01 5.740300000000000402e+00 2.064653999999999883e+02 1.800000000000000000e+02 1.973952999999999918e+02 3.000000000000000000e+00 1.000000000000000000e+00 2.791000000000000147e-01 2.500000000000000000e-01 1.000000000000000048e-04
5.845000000000000284e+01 5.735100000000000087e+00 2.066954000000000065e+02 1.800000000000000000e+02 1.976036000000000001e+02 3.000000000000000000e+00 1.000000000000000000e+00 2.797999999999999932e-01 2.500000000000000000e-01 1.000000000000000048e-04
5.850000000000000000e+01 5.730000000000000426e+00 2.069275000000000091e+02 1.800000000000000000e+02 1.978132999999999981e+02 3.000000000000000000e+00 1.000000000000000000e+00 2.805000000000000271e-01 2.500000000000000000e-01 1.000000000000000048e-04
5.854999999999999716e+01 5.724800000000000111e+00 2.071615999999999929e+02 1.800000000000000000e+02 1.980243000000000109e+02 3.000000000000000000e+00 1.000000000000000000e+00 2.812000000000000055e-01 2.500000000000000000e-01 1.000000000000000048e-04
5.860000000000000142e+01 5.719599999999999795e+00 2.073979999999999961e+02 1.800000000000000000e+02 1.982368999999999915e+02 3.000000000000000000e+00 1.000000000000000000e+00 2.818999999999999839e-01 2.500000000000000000e-01 1.000000000000000048e-04
5.864999999999999858e+01 5.714400000000000368e+00 2.076365999999999872e+02 1.800000000000000000e+02 1.984507999999999868e+02 3.000000000000000000e+00 1.000000000000000000e+00 2.826000000000000179e-01 2.500000000000000000e-01 1.000000000000000048e-04
5.870000000000000284e+01 5.709200000000000053e+00 2.078774999999999977e+02 1.800000000000000000e+02 1.986664000000000101e+02 3.000000000000000000e+00 1.000000000000000000e+00 2.832999999999999963e-01 2.500000000000000000e-01 1.000000000000000048e-04
5.875000000000000000e+01 5.703899999999999970e+00 2.081209000000000060e+02 1.800000000000000000e+02 1.988834999999999980e+02 3.000000000000000000e+00 1.000000000000000000e+00 2.839999999999999747e-01 2.500000000000000000e-01 1.000000000000000048e-04
5.879999999999999716e+01 5.698699999999999655e+00 2.083668000000000120e+02 1.800000000000000000e+02 1.991022000000000105e+02 3.000000000000000000e+00 1.000000000000000000e+00 2.847000000000000086e-01 2.500000000000000000e-01 1.000000000000000048e-04
5.885000000000000142e+01 5.693399999999999572e+00 2.086153999999999940e+02 1.800000000000000000e+02 1.993225999999999942e+02 3.000000000000000000e+00 1.000000000000000000e+00 2.854999999999999760e-01 2.500000000000000000e-01 1.000000000000000048e-04
5.889999999999999858e+01 5.688100000000000378e+00 2.088667000000000087e+02 1.800000000000000000e+02 1.995448000000000093e+02 3.000000000000000000e+00 1.000000000000000000e+00 2.862000000000000099e-01 2.500000000000000000e-01 1.000000000000000048e-04
5.895000000000000284e+01 5.682800000000000296e+00 2.091209000000000060e+02 1.800000000000000000e+02 1.997687999999999988e+02 3.000000000000000000e+00 1.000000000000000000e+00 2.869999999999999774e-01 2.500000000000000000e-01 1.000000000000000048e-04
5.900000000000000000e+01 5.677399999999999558e+00 2.093779999999999859e+02 1.800000000000000000e+02 1.999945999999999913e+02 3.000000000000000000e+00 1.000000000000000000e+00 2.877000000000000113e-01 2.500000000000000000e-01 1.000000000000000048e-04
5.904999999999999716e+01 5.671999999999999709e+00 2.096382000000000119e+02 1.800000000000000000e+02 2.002224999999999966e+02 3.000000000000000000e+00 1.000000000000000000e+00 2.884999999999999787e-01 2.500000000000000000e-01 1.000000000000000048e-04
5.910000000000000142e+01 5.666599999999999859e+00 2.099017000000000053e+02 1.800000000000000000e+02 2.004523000000000081e+02 3.000000000000000000e+00 1.000000000000000000e+00 2.893000000000000016e-01 2.500000000000000000e-01 1.000000000000000048e-04
5.914999999999999858e+01 5.661200000000000010e+00 2.101685999999999979e+02 1.800000000000000000e+02 2.006843000000000075e+02 3.000000000000000000e+00 1.000000000000000000e+00 2.901000000000000245e-01 2.500000000000000000e-01 1.000000000000000048e-04
5.920000000000000284e+01 5.655800000000000161e+00 2.104390999999999963e+02 1.800000000000000000e+02 2.009184999999999945e+02 3.000000000000000000e+00 1.000000000000000000e+00 2.908999999999999919e-01 2.500000000000000000e-01 1.000000000000000048e-04
5.925000000000000000e+01 5.650299999999999656e+00 2.107132000000000005e+02 1.800000000000000000e+02 2.011550000000000011e+02 3.000000000000000000e+00 1.000000000000000000e+00 2.917000000000000148e-01 2.500000000000000000e-01 1.000000000000000048e-04
5.929999999999999716e+01 5.644800000000000040e+00 2.109912999999999954e+02 1.800000000000000000e+02 2.013939000000000021e+02 3.000000000000000000e+00 1.000000000000000000e+00 2.924999999999999822e-01 2.500000000000000000e-01 1.000000000000000048e-04
5.935000000000000142e+01 5.639300000000000423e+00 2.112734000000000094e+02 1.800000000000000000e+02 2.016353000000000009e+02 3.000000000000000000e+00 1.000000000000000000e+00 2.933000000000000052e-01 2.500000000000000000e-01 1.000000000000000048e-04
5.939999999999999858e+01 5.633700000000000152e+00 2.115598999999999990e+02 1.800000000000000000e+02 2.018794000000000040e+02 3.000000000000000000e+00 1.000000000000000000e+00 2.942000000000000171e-01 2.500000000000000000e-01 1.000000000000000048e-04
5.945000000000000284e+01 5.628099999999999881e+00 2.118507999999999925e+02 1.800000000000000000e+02 2.021262000000000114e+02 3.000000000000000000e+00 1.000000000000000000e+00 2.949999999999999845e-01 2.500000000000000000e-01 1.000000000000000048e-04
5.950000000000000000e+01 5.622499999999999609e+00 2.121466000000000065e+02 1.800000000000000000e+02 2.023757999999999981e+02 3.000000000000000000e+00 1.000000000000000000e+00 2.958999999999999964e-01 2.500000000000000000e-01 1.000000000000000048e-04
5.954999999999999716e+01 5.616799999999999571e+00 2.124473000000000127e+02 1.800000000000000000e+02 2.026285000000000025e+02 3.000000000000000000e+00 1.000000000000000000e+00 2.968000000000000083e-01 2.500000000000000000e-01 1.000000000000000048e-04
5.960000000000000142e+01 5.611100000000000421e+00 2.127533999999999992e+02 1.800000000000000000e+02 2.028843999999999994e+02 3.000000000000000000e+00 1.000000000000000000e+00 2.977000000000000202e-01 2.500000000000000000e-01 1.000000000000000048e-04
5.964999999999999858e+01 5.605400000000000382e+00 2.130649999999999977e+02 1.800000000000000000e+02 2.031436999999999955e+02 3.000000000000000000e+00 1.000000000000000000e+00 2.985999999999999766e-01 2.500000000000000000e-01 1.000000000000000048e-04
5.970000000000000284e+01 5.599599999999999689e+00 2.133825999999999965e+02 1.800000000000000000e+02 2.034063999999999908e+02 3.000000000000000000e+00 1.000000000000000000e+00 2.995999999999999774e-01 2.500000000000000000e-01 1.000000000000000048e-04
5.975000000000000000e+01 5.593700000000000117e+00 2.137064000000000021e+02 1.800000000000000000e+02 2.036728999999999985e+02 3.000000000000000000e+00 1.000000000000000000e+00 3.004999999999999893e-01 2.500000000000000000e-01 1.000000000000000048e-04
5.979999999999999716e+01 5.587799999999999656e+00 2.140369000000000028e+02 1.800000000000000000e+02 2.039432999999999936e+02 3.000000000000000000e+00 1.000000000000000000e+00 3.014999999999999902e-01 2.500000000000000000e-01 1.000000000000000048e-04
5.985000000000000142e+01 5.581900000000000084e+00 2.143744000000000085e+02 1.800000000000000000e+02 2.042178999999999860e+02 3.000000000000000000e+00 1.000000000000000000e+00 3.024999999999999911e-01 2.500000000000000000e-01 1.000000000000000048e-04
5.989999999999999858e+01 5.575899999999999856e+00 2.147194000000000074e+02 1.800000000000000000e+02 2.044969000000000108e+02 3.000000000000000000e+00 1.000000000000000000e+00 3.034999999999999920e-01 2.500000000000000000e-01 1.000000000000000048e-04
5.995000000000000284e+01 5.569899999999999629e+00 2.150724999999999909e+02 1.800000000000000000e+02 2.047805999999999926e+02 3.000000000000000000e+00 1.000000000000000000e+00 3.045999999999999819e-01 2.500000000000000000e-01 1.000000000000000048e-04
6.000000000000000000e+01 5.563799999999999635e+00 2.154339999999999975e+02 1.800000000000000000e+02 2.050691999999999950e+02 3.000000000000000000e+00 1.000000000000000000e+00 3.055999999999999828e-01 2.500000000000000000e-01 1.000000000000000048e-04
6.004999999999999716e+01 5.557599999999999874e+00 2.158045999999999935e+02 1.800000000000000000e+02 2.053632000000000062e+02 3.000000000000000000e+00 1.000000000000000000e+00 3.066999999999999726e-01 2.500000000000000000e-01 1.000000000000000048e-04
6.010000000000000142e+01 5.551400000000000112e+00 2.161850000000000023e+02 1.800000000000000000e+02 2.056628000000000043e+02 3.000000000000000000e+00 1.000000000000000000e+00 3.079000000000000070e-01 2.500000000000000000e-01 1.000000000000000048e-04
6.014999999999999858e+01 5.545099999999999696e+00 2.165757999999999868e+02 1.800000000000000000e+02 2.059684000000000026e+02 3.000000000000000000e+00 1.000000000000000000e+00 3.089999999999999969e-01 2.500000000000000000e-01 1.000000000000000048e-04
6.020000000000000284e+01 5.538700000000000401e+00 2.169776999999999987e+02 1.800000000000000000e+02 2.062803999999999860e+02 3.000000000000000000e+00 1.000000000000000000e+00 3.101999999999999758e-01 2.500000000000000000e-01 1.000000000000000048e-04
6.025000000000000000e+01 5.532199999999999562e+00 2.173916999999999859e+02 1.800000000000000000e+02 2.065994000000000028e+02 3.000000000000000000e+00 1.000000000000000000e+00 3.114000000000000101e-01 2.500000000000000000e-01 1.000000000000000048e-04
6.029999999999999716e+01 5.525599999999999845e+00 2.178187000000000069e+02 1.800000000000000000e+02 2.069258000000000095e+02 3.000000000000000000e+00 1.000000000000000000e+00 3.126999999999999780e-01 2.500000000000000000e-01 1.000000000000000048e-04
6.035000000000000142e+01 5.518900000000000361e+00 2.182596000000000060e+02 1.800000000000000000e+02 2.072601999999999975e+02 3.000000000000000000e+00 1.000000000000000000e+00 3.140000000000000013e-01 2.500000000000000000e-01 1.000000000000000048e-04
6.039999999999999858e+01 5.512199999999999989e+00 2.187154999999999916e+02 1.800000000000000000e+02 2.076031999999999869e+02 3.000000000000000000e+00 1.000000000000000000e+00 3.154000000000000137e-01 2.500000000000000000e-01 1.000000000000000048e-04
6.045000000000000284e+01 5.505300000000000082e+00 2.191879000000000133e+02 1.800000000000000000e+02 2.079553999999999974e+02 3.000000000000000000e+00 1.000000000000000000e+00 3.168000000000000260e-01 2.500000000000000000e-01 1.000000000000000048e-04
6.050000000000000000e+01 5.498300000000000409e+00 2.196778999999999940e+02 1.800000000000000000e+02 2.083178000000000054e+02 3.000000000000000000e+00 1.000000000000000000e+00 3.181999999999999829e-01 2.500000000000000000e-01 1.000000000000000048e-04
6.054999999999999716e+01 5.491100000000000314e+00 2.201872999999999934e+02 1.800000000000000000e+02 2.086910000000000025e+02 3.000000000000000000e+00 1.000000000000000000e+00 3.196999999999999842e-01 2.500000000000000000e-01 1.000000000000000048e-04
6.060000000000000142e+01 5.483799999999999564e+00 2.207176000000000045e+02 1.800000000000000000e+02 2.090760999999999967e+02 3.000000000000000000e+00 1.000000000000000000e+00 3.212999999999999745e-01 2.500000000000000000e-01 1.000000000000000048e-04
6.064999999999999858e+01 5.476399999999999935e+00 2.212709999999999866e+02 1.800000000000000000e+02 2.094741999999999962e+02 3.000000000000000000e+00 1.000000000000000000e+00 3.229000000000000203e-01 2.500000000000000000e-01 1.000000000000000048e-04
6.070000000000000284e+01 5.468700000000000117e+00 2.218495000000000061e+02 1.800000000000000000e+02 2.098864000000000090e+02 3.000000000000000000e+00 1.000000000000000000e+00 3.245999999999999996e-01 2.500000000000000000e-01 1.000000000000000048e-04
6.075000000000000000e+01 5.460899999999999643e+00 2.224556000000000040e+02 1.800000000000000000e+02 2.103140999999999963e+02 3.000000000000000000e+00 1.000000000000000000e+00 3.264000000000000234e-01 2.500000000000000000e-01 1.000000000000000048e-04
6.079999999999999716e+01 5.452899999999999636e+00 2.230920999999999879e+02 1.800000000000000000e+02 2.107588000000000079e+02 3.000000000000000000e+00 1.000000000000000000e+00 3.282999999999999807e-01 2.500000000000000000e-01 1.000000000000000048e-04
6.085000000000000142e+01 5.444600000000000328e+00 2.237622000000000071e+02 1.800000000000000000e+02 2.112221999999999866e+02 3.000000000000000000e+00 1.000000000000000000e+00 3.302999999999999825e-01 2.500000000000000000e-01 1.000000000000000048e-04
6.089999999999999858e+01 5.436099999999999710e+00 2.244695000000000107e+02 1.800000000000000000e+02 2.117064000000000021e+02 3.000000000000000000e+00 1.000000000000000000e+00 3.323999999999999733e-01 2.500000000000000000e-01 1.000000000000000048e-04
6.095000000000000284e+01 5.427299999999999791e+00 2.252181999999999960e+02 1.800000000000000000e+02 2.122136000000000138e+02 3.000000000000000000e+00 1.000000000000000000e+00 3.346000000000000085e-01 2.500000000000000000e-01 1.000000000000000048e-04
6.100000000000000000e+01 5.418099999999999916e+00 2.260130000000000052e+02 1.800000000000000000e+02 2.127463999999999942e+02 3.000000000000000000e+00 1.000000000000000000e+00 3.370000000000000218e-01 2.500000000000000000e-01 1.000000000000000048e-04
6.104999999999999716e+01 5.408599999999999852e+00 2.268593999999999937e+02 1.800000000000000000e+02 2.133077000000000112e+02 3.000000000000000000e+00 1.000000000000000000e+00 3.395000000000000240e-01 2.500000000000000000e-01 1.000000000000000048e-04
6.110000000000000142e+01 5.398699999999999832e+00 2.277638000000000034e+02 1.800000000000000000e+02 2.139011000000000138e+02 3.000000000000000000e+00 1.000000000000000000e+00 3.421000000000000152e-01 2.500000000000000000e-01 1.000000000000000048e-04
6.114999999999999858e+01 5.388399999999999856e+00 2.287335999999999956e+02 1.800000000000000000e+02 2.145305999999999926e+02 3.000000000000000000e+00 1.000000000000000000e+00 3.449999999999999734e-01 2.500000000000000000e-01 1.000000000000000048e-04
6.120000000000000284e+01 5.377500000000000391e+00 2.297776000000000067e+02 1.800000000000000000e+02 2.152009999999999934e+02 3.000000000000000000e+00 1.000000000000000000e+00 3.481000000000000205e-01 2.500000000000000000e-01 1.000000000000000048e-04
6.125000000000000000e+01 5.366100000000000314e+00 2.309060000000000059e+02 1.800000000000000000e+02 2.159176999999999964e+02 3.000000000000000000e+00 1.000000000000000000e+00 3.513999999999999901e-01 2.500000000000000000e-01 1.000000000000000048e-04
6.129999999999999716e+01 5.353900000000000325e+00 2.321312000000000069e+02 1.800000000000000000e+02 2.166875000000000000e+02 3.000000000000000000e+00 1.000000000000000000e+00 3.551000000000000267e-01 2.500000000000000000e-01 1.000000000000000048e-04
6.135000000000000142e+01 5.341000000000000192e+00 2.334677000000000078e+02 1.800000000000000000e+02 2.175183000000000106e+02 3.000000000000000000e+00 1.000000000000000000e+00 3.589999999999999858e-01 2.500000000000000000e-01 1.000000000000000048e-04
6.139999999999999858e+01 5.327200000000000379e+00 2.349333000000000027e+02 1.800000000000000000e+02 2.184193999999999960e+02 3.000000000000000000e+00 1.000000000000000000e+00 3.634000000000000008e-01 2.500000000000000000e-01 1.000000000000000048e-04
6.145000000000000284e+01 5.312400000000000233e+00 2.365493999999999915e+02 1.800000000000000000e+02 2.194026000000000067e+02 3.000000000000000000e+00 1.000000000000000000e+00 3.680999999999999828e-01 2.500000000000000000e-01 1.000000000000000048e-04
6.150000000000000000e+01 5.296299999999999564e+00 2.383425000000000011e+02 1.800000000000000000e+02 2.204818999999999960e+02 3.000000000000000000e+00 1.000000000000000000e+00 3.734999999999999987e-01 2.500000000000000000e-01 1.000000000000000048e-04
6.154999999999999716e+01 5.278800000000000381e+00 2.403454000000000121e+02 1.800000000000000000e+02 2.216750000000000114e+02 3.000000000000000000e+00 1.000000000000000000e+00 3.794000000000000150e-01 2.500000000000000000e-01 1.000000000000000048e-04
6.160000000000000142e+01 5.259500000000000064e+00 2.425994000000000028e+02 1.800000000000000000e+02 2.230036000000000058e+02 3.000000000000000000e+00 1.000000000000000000e+00 3.860999999999999988e-01 2.500000000000000000e-01 1.000000000000000048e-04
6.164999999999999858e+01 5.238199999999999967e+00 2.451570000000000107e+02 1.800000000000000000e+02 2.244958000000000027e+02 3.000000000000000000e+00 1.000000000000000000e+00 3.936000000000000054e-01 2.500000000000000000e-01 1.000000000000000048e-04
6.170000000000000284e+01 5.214199999999999946e+00 2.480860999999999876e+02 1.800000000000000000e+02 2.261873999999999967e+02 3.000000000000000000e+00 1.000000000000000000e+00 4.022999999999999909e-01 2.500000000000000000e-01 1.000000000000000048e-04
6.175000000000000000e+01 5.187100000000000044e+00 2.514759999999999991e+02 1.800000000000000000e+02 2.281252000000000066e+02 3.000000000000000000e+00 1.000000000000000000e+00 4.122999999999999998e-01 2.500000000000000000e-01 1.000000000000000048e-04
6.179999999999999716e+01 5.155899999999999928e+00 2.554464000000000112e+02 1.800000000000000000e+02 2.303720000000000141e+02 3.000000000000000000e+00 1.000000000000000000e+00 4.240999999999999770e-01 2.500000000000000000e-01 1.000000000000000048e-04
6.185000000000000142e+01 5.119600000000000151e+00 2.601614000000000146e+02 1.800000000000000000e+02 2.330129000000000019e+02 3.000000000000000000e+00 1.000000000000000000e+00 4.380000000000000004e-01 2.500000000000000000e-01 1.000000000000000048e-04
6.189999999999999858e+01 5.076500000000000234e+00 2.658521999999999821e+02 1.800000000000000000e+02 2.361673999999999864e+02 3.000000000000000000e+00 1.000000000000000000e+00 4.549000000000000266e-01 2.500000000000000000e-01 1.000000000000000048e-04
6.195000000000000284e+01 5.024300000000000210e+00 2.728546999999999798e+02 1.800000000000000000e+02 2.400073999999999899e+02 3.000000000000000000e+00 1.000000000000000000e+00 4.756000000000000227e-01 2.500000000000000000e-01 1.000000000000000048e-04
6.200000000000000000e+01 4.959600000000000009e+00 2.816755999999999744e+02 1.800000000000000000e+02 2.447897000000000105e+02 3.000000000000000000e+00 1.000000000000000000e+00 5.017000000000000348e-01 2.500000000000000000e-01 1.000000000000000048e-04
6.204999999999999716e+01 4.876599999999999824e+00 2.931150999999999840e+02 1.800000000000000000e+02 2.509156999999999869e+02 3.000000000000000000e+00 1.000000000000000000e+00 5.355999999999999650e-01 2.500000000000000000e-01 1.000000000000000048e-04
6.210000000000000142e+01 4.766300000000000203e+00 3.085126999999999953e+02 1.800000000000000000e+02 2.590482999999999834e+02 3.000000000000000000e+00 1.000000000000000000e+00 5.812000000000000499e-01 2.500000000000000000e-01 1.000000000000000048e-04
6.214999999999999858e+01 4.611699999999999910e+00 3.302830000000000155e+02 1.800000000000000000e+02 2.703647000000000276e+02 3.000000000000000000e+00 1.000000000000000000e+00 6.455999999999999517e-01 2.500000000000000000e-01 1.000000000000000048e-04
6.220000000000000284e+01 4.379699999999999704e+00 3.632330999999999790e+02 1.800000000000000000e+02 2.871689000000000078e+02 3.000000000000000000e+00 1.000000000000000000e+00 7.431999999999999718e-01 2.500000000000000000e-01 1.000000000000000048e-04
6.225000000000000000e+01 3.993799999999999795e+00 4.183679999999999950e+02 1.800000000000000000e+02 3.146474999999999795e+02 3.000000000000000000e+00 1.000000000000000000e+00 9.063999999999999835e-01 2.500000000000000000e-01 1.000000000000000048e-04
6.229999999999999716e+01 3.238300000000000178e+00 5.268107999999999720e+02 1.800000000000000000e+02 3.673339000000000283e+02 3.000000000000000000e+00 1.000000000000000000e+00 1.227400000000000047e+00 2.500000000000000000e-01 1.000000000000000048e-04
