0.000000000000000000e+00 1.000000000000000000e+01 1.135370999999999952e+02 1.800000000000000000e+02 1.116106000000000051e+02 7.500000000000000000e-01 1.000000000000000000e+00 3.099999999999999891e-03 2.500000000000000000e-01 1.000000000000000048e-04
1.000000000000000056e-01 9.993700000000000472e+00 1.135370999999999952e+02 1.800000000000000000e+02 1.116106000000000051e+02 7.500000000000000000e-01 1.000000000000000000e+00 0.000000000000000000e+00 2.500000000000000000e-01 1.000000000000000048e-04
1.499999999999999944e-01 9.990600000000000591e+00 1.136149000000000058e+02 1.800000000000000000e+02 1.116885000000000048e+02 7.500000000000000000e-01 1.000000000000000000e+00 2.000000000000000096e-04 2.500000000000000000e-01 1.000000000000000048e-04
2.000000000000000111e-01 9.987500000000000711e+00 1.136538000000000039e+02 1.800000000000000000e+02 1.117275999999999954e+02 7.500000000000000000e-01 1.000000000000000000e+00 2.999999999999999737e-04 2.500000000000000000e-01 1.000000000000000048e-04
2.500000000000000000e-01 9.984299999999999287e+00 1.136927000000000021e+02 1.800000000000000000e+02 1.117665999999999968e+02 7.500000000000000000e-01 1.000000000000000000e+00 5.000000000000000104e-04 2.500000000000000000e-01 1.000000000000000048e-04
2.999999999999999889e-01 9.981199999999999406e+00 1.137317000000000036e+02 1.800000000000000000e+02 1.118057000000000016e+02 7.500000000000000000e-01 1.000000000000000000e+00 5.999999999999999474e-04 2.500000000000000000e-01 1.000000000000000048e-04
3.499999999999999778e-01 9.978099999999999525e+00 1.137707000000000050e+02 1.800000000000000000e+02 1.118448000000000064e+02 7.500000000000000000e-01 1.000000000000000000e+00 6.999999999999999929e-04 2.500000000000000000e-01 1.000000000000000048e-04
4.000000000000000222e-01 9.974899999999999878e+00 1.138097000000000065e+02 1.800000000000000000e+02 1.118838999999999970e+02 7.500000000000000000e-01 1.000000000000000000e+00 8.000000000000000383e-04 2.500000000000000000e-01 1.000000000000000048e-04
4.500000000000000111e-01 9.971799999999999997e+00 1.138487999999999971e+02 1.800000000000000000e+02 1.119231000000000051e+02 7.500000000000000000e-01 1.000000000000000000e+00 8.999999999999999754e-04 2.500000000000000000e-01 1.000000000000000048e-04
5.000000000000000000e-01 9.968700000000000117e+00 1.138879000000000019e+02 1.800000000000000000e+02 1.119622999999999990e+02 7.500000000000000000e-01 1.000000000000000000e+00 1.000000000000000021e-03 2.500000000000000000e-01 1.000000000000000048e-04
5.500000000000000444e-01 9.965500000000000469e+00 1.139270000000000067e+02 1.800000000000000000e+02 1.120014999999999930e+02 7.500000000000000000e-01 1.000000000000000000e+00 1.199999999999999895e-03 2.500000000000000000e-01 1.000000000000000048e-04
5.999999999999999778e-01 9.962400000000000588e+00 1.139662000000000006e+02 1.800000000000000000e+02 1.120408000000000044e+02 7.500000000000000000e-01 1.000000000000000000e+00 1.299999999999999940e-03 2.500000000000000000e-01 1.000000000000000048e-04
6.500000000000000222e-01 9.959300000000000708e+00 1.140053999999999945e+02 1.800000000000000000e+02 1.120801000000000016e+02 7.500000000000000000e-01 1.000000000000000000e+00 1.399999999999999986e-03 2.500000000000000000e-01 1.000000000000000048e-04
6.999999999999999556e-01 9.956099999999999284e+00 1.140446000000000026e+02 1.800000000000000000e+02 1.121193999999999988e+02 7.500000000000000000e-01 1.000000000000000000e+00 1.500000000000000031e-03 2.500000000000000000e-01 1.000000000000000048e-04
7.500000000000000000e-01 9.952999999999999403e+00 1.140837999999999965e+02 1.800000000000000000e+02 1.121586999999999961e+02 7.500000000000000000e-01 1.000000000000000000e+00 1.600000000000000077e-03 2.500000000000000000e-01 1.000000000000000048e-04
8.000000000000000444e-01 9.949899999999999523e+00 1.141230999999999938e+02 1.800000000000000000e+02 1.121980999999999966e+02 7.500000000000000000e-01 1.000000000000000000e+00 1.699999999999999905e-03 2.500000000000000000e-01 1.000000000000000048e-04
8.499999999999999778e-01 9.946699999999999875e+00 1.141624000000000052e+02 1.800000000000000000e+02 1.122374999999999972e+02 7.500000000000000000e-01 1.000000000000000000e+00 1.899999999999999996e-03 2.500000000000000000e-01 1.000000000000000048e-04
9.000000000000000222e-01 9.943599999999999994e+00 1.142018000000000058e+02 1.800000000000000000e+02 1.122770000000000010e+02 7.500000000000000000e-01 1.000000000000000000e+00 2.000000000000000042e-03 2.500000000000000000e-01 1.000000000000000048e-04
9.499999999999999556e-01 9.940400000000000347e+00 1.142411000000000030e+02 1.800000000000000000e+02 1.123165000000000049e+02 7.500000000000000000e-01 1.000000000000000000e+00 2.099999999999999870e-03 2.500000000000000000e-01 1.000000000000000048e-04
1.000000000000000000e+00 9.937300000000000466e+00 1.142805000000000035e+02 1.800000000000000000e+02 1.123559999999999945e+02 7.500000000000000000e-01 1.000000000000000000e+00 2.200000000000000133e-03 2.500000000000000000e-01 1.000000000000000048e-04
1.050000000000000044e+00 9.934200000000000585e+00 1.143199999999999932e+02 1.800000000000000000e+02 1.123954999999999984e+02 7.500000000000000000e-01 1.000000000000000000e+00 2.299999999999999961e-03 2.500000000000000000e-01 1.000000000000000048e-04
1.100000000000000089e+00 9.930999999999999162e+00 1.143593999999999937e+02 1.800000000000000000e+02 1.124351000000000056e+02 7.500000000000000000e-01 1.000000000000000000e+00 2.399999999999999790e-03 2.500000000000000000e-01 1.000000000000000048e-04
1.149999999999999911e+00 9.927899999999999281e+00 1.143988999999999976e+02 1.800000000000000000e+02 1.124746999999999986e+02 7.500000000000000000e-01 1.000000000000000000e+00 2.599999999999999881e-03 2.500000000000000000e-01 1.000000000000000048e-04
1.199999999999999956e+00 9.924699999999999633e+00 1.144384000000000015e+02 1.800000000000000000e+02 1.125143000000000058e+02 7.500000000000000000e-01 1.000000000000000000e+00 2.700000000000000143e-03 2.500000000000000000e-01 1.000000000000000048e-04
1.250000000000000000e+00 9.921599999999999753e+00 1.144779999999999944e+02 1.800000000000000000e+02 1.125538999999999987e+02 7.500000000000000000e-01 1.000000000000000000e+00 2.799999999999999972e-03 2.500000000000000000e-01 1.000000000000000048e-04
1.300000000000000044e+00 9.918499999999999872e+00 1.145176000000000016e+02 1.800000000000000000e+02 1.125935999999999950e+02 7.500000000000000000e-01 1.000000000000000000e+00 2.899999999999999800e-03 2.500000000000000000e-01 1.000000000000000048e-04
1.350000000000000089e+00 9.915300000000000225e+00 1.145571999999999946e+02 1.800000000000000000e+02 1.126333999999999946e+02 7.500000000000000000e-01 1.000000000000000000e+00 3.000000000000000062e-03 2.500000000000000000e-01 1.000000000000000048e-04
1.399999999999999911e+00 9.912200000000000344e+00 1.145969000000000051e+02 1.800000000000000000e+02 1.126731000000000051e+02 7.500000000000000000e-01 1.000000000000000000e+00 3.099999999999999891e-03 2.500000000000000000e-01 1.000000000000000048e-04
1.449999999999999956e+00 9.909000000000000696e+00 1.146364999999999981e+02 1.800000000000000000e+02 1.127129000000000048e+02 7.500000000000000000e-01 1.000000000000000000e+00 3.299999999999999982e-03 2.500000000000000000e-01 1.000000000000000048e-04
1.500000000000000000e+00 9.905900000000000816e+00 1.146761999999999944e+02 1.800000000000000000e+02 1.127527000000000044e+02 7.500000000000000000e-01 1.000000000000000000e+00 3.399999999999999811e-03 2.500000000000000000e-01 1.000000000000000048e-04
1.550000000000000044e+00 9.902699999999999392e+00 1.147159999999999940e+02 1.800000000000000000e+02 1.127925000000000040e+02 7.500000000000000000e-01 1.000000000000000000e+00 3.500000000000000073e-03 2.500000000000000000e-01 1.000000000000000048e-04
1.600000000000000089e+00 9.899599999999999511e+00 1.147557999999999936e+02 1.800000000000000000e+02 1.128324000000000069e+02 7.500000000000000000e-01 1.000000000000000000e+00 3.599999999999999901e-03 2.500000000000000000e-01 1.000000000000000048e-04
1.649999999999999911e+00 9.896499999999999631e+00 1.147955999999999932e+02 1.800000000000000000e+02 1.128722999999999956e+02 7.500000000000000000e-01 1.000000000000000000e+00 3.700000000000000164e-03 2.500000000000000000e-01 1.000000000000000048e-04
1.699999999999999956e+00 9.893299999999999983e+00 1.148354000000000070e+02 1.800000000000000000e+02 1.129123000000000019e+02 7.500000000000000000e-01 1.000000000000000000e+00 3.899999999999999821e-03 2.500000000000000000e-01 1.000000000000000048e-04
1.750000000000000000e+00 9.890200000000000102e+00 1.148752999999999957e+02 1.800000000000000000e+02 1.129522000000000048e+02 7.500000000000000000e-01 1.000000000000000000e+00 4.000000000000000083e-03 2.500000000000000000e-01 1.000000000000000048e-04
1.800000000000000044e+00 9.887000000000000455e+00 1.149151999999999987e+02 1.800000000000000000e+02 1.129921999999999969e+02 7.500000000000000000e-01 1.000000000000000000e+00 4.100000000000000346e-03 2.500000000000000000e-01 1.000000000000000048e-04
1.850000000000000089e+00 9.883900000000000574e+00 1.149551000000000016e+02 1.800000000000000000e+02 1.130323000000000064e+02 7.500000000000000000e-01 1.000000000000000000e+00 4.199999999999999740e-03 2.500000000000000000e-01 1.000000000000000048e-04
1.899999999999999911e+00 9.880699999999999150e+00 1.149950999999999937e+02 1.800000000000000000e+02 1.130722999999999985e+02 7.500000000000000000e-01 1.000000000000000000e+00 4.300000000000000003e-03 2.500000000000000000e-01 1.000000000000000048e-04
1.949999999999999956e+00 9.877599999999999270e+00 1.150350999999999999e+02 1.800000000000000000e+02 1.131123999999999938e+02 7.500000000000000000e-01 1.000000000000000000e+00 4.499999999999999660e-03 2.500000000000000000e-01 1.000000000000000048e-04
2.000000000000000000e+00 9.874399999999999622e+00 1.150751000000000062e+02 1.800000000000000000e+02 1.131526000000000067e+02 7.500000000000000000e-01 1.000000000000000000e+00 4.599999999999999922e-03 2.500000000000000000e-01 1.000000000000000048e-04
2.049999999999999822e+00 9.871299999999999741e+00 1.151150999999999982e+02 1.800000000000000000e+02 1.131927000000000021e+02 7.500000000000000000e-01 1.000000000000000000e+00 4.700000000000000185e-03 2.500000000000000000e-01 1.000000000000000048e-04
2.100000000000000089e+00 9.868100000000000094e+00 1.151551999999999936e+02 1.800000000000000000e+02 1.132329000000000008e+02 7.500000000000000000e-01 1.000000000000000000e+00 4.799999999999999580e-03 2.500000000000000000e-01 1.000000000000000048e-04
2.149999999999999911e+00 9.865000000000000213e+00 1.151954000000000065e+02 1.800000000000000000e+02 1.132732000000000028e+02 7.500000000000000000e-01 1.000000000000000000e+00 4.899999999999999842e-03 2.500000000000000000e-01 1.000000000000000048e-04
2.200000000000000178e+00 9.861800000000000566e+00 1.152355000000000018e+02 1.800000000000000000e+02 1.133134000000000015e+02 7.500000000000000000e-01 1.000000000000000000e+00 5.000000000000000104e-03 2.500000000000000000e-01 1.000000000000000048e-04
2.250000000000000000e+00 9.858700000000000685e+00 1.152757000000000005e+02 1.800000000000000000e+02 1.133537000000000035e+02 7.500000000000000000e-01 1.000000000000000000e+00 5.199999999999999761e-03 2.500000000000000000e-01 1.000000000000000048e-04
2.299999999999999822e+00 9.855499999999999261e+00 1.153158999999999992e+02 1.800000000000000000e+02 1.133940000000000055e+02 7.500000000000000000e-01 1.000000000000000000e+00 5.300000000000000024e-03 2.500000000000000000e-01 1.000000000000000048e-04
2.350000000000000089e+00 9.852399999999999380e+00 1.153562000000000012e+02 1.800000000000000000e+02 1.134343999999999966e+02 7.500000000000000000e-01 1.000000000000000000e+00 5.400000000000000286e-03 2.500000000000000000e-01 1.000000000000000048e-04
2.399999999999999911e+00 9.849199999999999733e+00 1.153963999999999999e+02 1.800000000000000000e+02 1.134746999999999986e+02 7.500000000000000000e-01 1.000000000000000000e+00 5.499999999999999681e-03 2.500000000000000000e-01 1.000000000000000048e-04
2.450000000000000178e+00 9.846099999999999852e+00 1.154367000000000019e+02 1.800000000000000000e+02 1.135151999999999930e+02 7.500000000000000000e-01 1.000000000000000000e+00 5.599999999999999943e-03 2.500000000000000000e-01 1.000000000000000048e-04
2.500000000000000000e+00 9.842900000000000205e+00 1.154770999999999930e+02 1.800000000000000000e+02 1.135555999999999983e+02 7.500000000000000000e-01 1.000000000000000000e+00 5.799999999999999600e-03 2.500000000000000000e-01 1.000000000000000048e-04
2.549999999999999822e+00 9.839800000000000324e+00 1.155174999999999983e+02 1.800000000000000000e+02 1.135961000000000070e+02 7.500000000000000000e-01 1.000000000000000000e+00 5.899999999999999863e-03 2.500000000000000000e-01 1.000000000000000048e-04
2.600000000000000089e+00 9.836600000000000676e+00 1.155579000000000036e+02 1.800000000000000000e+02 1.136366000000000014e+02 7.500000000000000000e-01 1.000000000000000000e+00 6.000000000000000125e-03 2.500000000000000000e-01 1.000000000000000048e-04
2.649999999999999911e+00 9.833500000000000796e+00 1.155982999999999947e+02 1.800000000000000000e+02 1.136770999999999958e+02 7.500000000000000000e-01 1.000000000000000000e+00 6.100000000000000387e-03 2.500000000000000000e-01 1.000000000000000048e-04
2.700000000000000178e+00 9.830299999999999372e+00 1.156388000000000034e+02 1.800000000000000000e+02 1.137176999999999936e+02 7.500000000000000000e-01 1.000000000000000000e+00 6.199999999999999782e-03 2.500000000000000000e-01 1.000000000000000048e-04
2.750000000000000000e+00 9.827199999999999491e+00 1.156792999999999978e+02 1.800000000000000000e+02 1.137583000000000055e+02 7.500000000000000000e-01 1.000000000000000000e+00 6.400000000000000307e-03 2.500000000000000000e-01 1.000000000000000048e-04
2.799999999999999822e+00 9.823999999999999844e+00 1.157198000000000064e+02 1.800000000000000000e+02 1.137990000000000066e+02 7.500000000000000000e-01 1.000000000000000000e+00 6.499999999999999702e-03 2.500000000000000000e-01 1.000000000000000048e-04
2.850000000000000089e+00 9.820800000000000196e+00 1.157604000000000042e+02 1.800000000000000000e+02 1.138396000000000043e+02 7.500000000000000000e-01 1.000000000000000000e+00 6.599999999999999964e-03 2.500000000000000000e-01 1.000000000000000048e-04
2.899999999999999911e+00 9.817700000000000315e+00 1.158010000000000019e+02 1.800000000000000000e+02 1.138803999999999945e+02 7.500000000000000000e-01 1.000000000000000000e+00 6.700000000000000226e-03 2.500000000000000000e-01 1.000000000000000048e-04
2.950000000000000178e+00 9.814500000000000668e+00 1.158415999999999997e+02 1.800000000000000000e+02 1.139210999999999956e+02 7.500000000000000000e-01 1.000000000000000000e+00 6.799999999999999621e-03 2.500000000000000000e-01 1.000000000000000048e-04
3.000000000000000000e+00 9.811400000000000787e+00 1.158823000000000008e+02 1.800000000000000000e+02 1.139619000000000000e+02 7.500000000000000000e-01 1.000000000000000000e+00 7.000000000000000146e-03 2.500000000000000000e-01 1.000000000000000048e-04
3.049999999999999822e+00 9.808199999999999363e+00 1.159230000000000018e+02 1.800000000000000000e+02 1.140027000000000044e+02 7.500000000000000000e-01 1.000000000000000000e+00 7.100000000000000408e-03 2.500000000000000000e-01 1.000000000000000048e-04
3.100000000000000089e+00 9.805099999999999483e+00 1.159637000000000029e+02 1.800000000000000000e+02 1.140434999999999945e+02 7.500000000000000000e-01 1.000000000000000000e+00 7.199999999999999803e-03 2.500000000000000000e-01 1.000000000000000048e-04
3.149999999999999911e+00 9.801899999999999835e+00 1.160044999999999931e+02 1.800000000000000000e+02 1.140844000000000023e+02 7.500000000000000000e-01 1.000000000000000000e+00 7.300000000000000065e-03 2.500000000000000000e-01 1.000000000000000048e-04
3.200000000000000178e+00 9.798700000000000188e+00 1.160452999999999975e+02 1.800000000000000000e+02 1.141252999999999957e+02 7.500000000000000000e-01 1.000000000000000000e+00 7.499999999999999722e-03 2.500000000000000000e-01 1.000000000000000048e-04
3.250000000000000000e+00 9.795600000000000307e+00 1.160861000000000018e+02 1.800000000000000000e+02 1.141662000000000035e+02 7.500000000000000000e-01 1.000000000000000000e+00 7.599999999999999985e-03 2.500000000000000000e-01 1.000000000000000048e-04
3.299999999999999822e+00 9.792400000000000659e+00 1.161269999999999953e+02 1.800000000000000000e+02 1.142072000000000003e+02 7.500000000000000000e-01 1.000000000000000000e+00 7.700000000000000247e-03 2.500000000000000000e-01 1.000000000000000048e-04
3.350000000000000089e+00 9.789300000000000779e+00 1.161679000000000030e+02 1.800000000000000000e+02 1.142481999999999971e+02 7.500000000000000000e-01 1.000000000000000000e+00 7.799999999999999642e-03 2.500000000000000000e-01 1.000000000000000048e-04
3.399999999999999911e+00 9.786099999999999355e+00 1.162087999999999965e+02 1.800000000000000000e+02 1.142891999999999939e+02 7.500000000000000000e-01 1.000000000000000000e+00 7.900000000000000772e-03 2.500000000000000000e-01 1.000000000000000048e-04
3.450000000000000178e+00 9.782999999999999474e+00 1.162172999999999945e+02 1.800000000000000000e+02 1.141427000000000049e+02 7.500000000000000000e-01 1.000000000000000000e+00 8.000000000000000167e-03 2.500000000000000000e-01 1.000000000000000048e-04
3.500000000000000000e+00 9.779799999999999827e+00 1.162582000000000022e+02 1.800000000000000000e+02 1.141835999999999984e+02 7.500000000000000000e-01 1.000000000000000000e+00 8.099999999999999561e-03 2.500000000000000000e-01 1.000000000000000048e-04
3.549999999999999822e+00 9.776600000000000179e+00 1.162991999999999990e+02 1.800000000000000000e+02 1.142248000000000019e+02 7.500000000000000000e-01 1.000000000000000000e+00 8.200000000000000691e-03 2.500000000000000000e-01 1.000000000000000048e-04
3.600000000000000089e+00 9.773500000000000298e+00 1.163401999999999958e+02 1.800000000000000000e+02 1.142659000000000020e+02 7.500000000000000000e-01 1.000000000000000000e+00 8.300000000000000086e-03 2.500000000000000000e-01 1.000000000000000048e-04
3.649999999999999911e+00 9.770300000000000651e+00 1.163812999999999960e+02 1.800000000000000000e+02 1.143071000000000055e+02 7.500000000000000000e-01 1.000000000000000000e+00 8.500000000000000611e-03 2.500000000000000000e-01 1.000000000000000048e-04
3.700000000000000178e+00 9.767099999999999227e+00 1.164224999999999994e+02 1.800000000000000000e+02 1.143483999999999980e+02 7.500000000000000000e-01 1.000000000000000000e+00 8.600000000000000006e-03 2.500000000000000000e-01 1.000000000000000048e-04
3.750000000000000000e+00 9.763999999999999346e+00 1.164635999999999996e+02 1.800000000000000000e+02 1.143896000000000015e+02 7.500000000000000000e-01 1.000000000000000000e+00 8.699999999999999400e-03 2.500000000000000000e-01 1.000000000000000048e-04
3.799999999999999822e+00 9.760799999999999699e+00 1.165048000000000030e+02 1.800000000000000000e+02 1.144308999999999941e+02 7.500000000000000000e-01 1.000000000000000000e+00 8.800000000000000530e-03 2.500000000000000000e-01 1.000000000000000048e-04
3.850000000000000089e+00 9.757600000000000051e+00 1.165460999999999956e+02 1.800000000000000000e+02 1.144723000000000042e+02 7.500000000000000000e-01 1.000000000000000000e+00 8.899999999999999925e-03 2.500000000000000000e-01 1.000000000000000048e-04
3.899999999999999911e+00 9.754500000000000171e+00 1.165872999999999990e+02 1.800000000000000000e+02 1.145135999999999967e+02 7.500000000000000000e-01 1.000000000000000000e+00 9.100000000000000450e-03 2.500000000000000000e-01 1.000000000000000048e-04
3.950000000000000178e+00 9.751300000000000523e+00 1.166286000000000058e+02 1.800000000000000000e+02 1.145550000000000068e+02 7.500000000000000000e-01 1.000000000000000000e+00 9.199999999999999845e-03 2.500000000000000000e-01 1.000000000000000048e-04
4.000000000000000000e+00 9.748100000000000875e+00 1.166698999999999984e+02 1.800000000000000000e+02 1.145965000000000060e+02 7.500000000000000000e-01 1.000000000000000000e+00 9.299999999999999239e-03 2.500000000000000000e-01 1.000000000000000048e-04
4.049999999999999822e+00 9.744999999999999218e+00 1.167112999999999943e+02 1.800000000000000000e+02 1.146380000000000052e+02 7.500000000000000000e-01 1.000000000000000000e+00 9.400000000000000369e-03 2.500000000000000000e-01 1.000000000000000048e-04
4.099999999999999645e+00 9.741799999999999571e+00 1.167527000000000044e+02 1.800000000000000000e+02 1.146795000000000044e+02 7.500000000000000000e-01 1.000000000000000000e+00 9.599999999999999159e-03 2.500000000000000000e-01 1.000000000000000048e-04
4.150000000000000355e+00 9.738599999999999923e+00 1.167941000000000003e+02 1.800000000000000000e+02 1.147210000000000036e+02 7.500000000000000000e-01 1.000000000000000000e+00 9.700000000000000289e-03 2.500000000000000000e-01 1.000000000000000048e-04
4.200000000000000178e+00 9.735500000000000043e+00 1.168355999999999995e+02 1.800000000000000000e+02 1.147626000000000062e+02 7.500000000000000000e-01 1.000000000000000000e+00 9.799999999999999684e-03 2.500000000000000000e-01 1.000000000000000048e-04
4.250000000000000000e+00 9.732300000000000395e+00 1.168770999999999987e+02 1.800000000000000000e+02 1.148041999999999945e+02 7.500000000000000000e-01 1.000000000000000000e+00 9.900000000000000813e-03 2.500000000000000000e-01 1.000000000000000048e-04
4.299999999999999822e+00 9.729100000000000747e+00 1.169185999999999979e+02 1.800000000000000000e+02 1.148457999999999970e+02 7.500000000000000000e-01 1.000000000000000000e+00 1.009999999999999960e-02 2.500000000000000000e-01 1.000000000000000048e-04
4.349999999999999645e+00 9.726000000000000867e+00 1.169602000000000004e+02 1.800000000000000000e+02 1.148875000000000028e+02 7.500000000000000000e-01 1.000000000000000000e+00 1.020000000000000073e-02 2.500000000000000000e-01 1.000000000000000048e-04
4.400000000000000355e+00 9.722799999999999443e+00 1.170018000000000029e+02 1.800000000000000000e+02 1.149291999999999945e+02 7.500000000000000000e-01 1.000000000000000000e+00 1.030000000000000013e-02 2.500000000000000000e-01 1.000000000000000048e-04
4.450000000000000178e+00 9.719599999999999795e+00 1.170434000000000054e+02 1.800000000000000000e+02 1.149709000000000003e+02 7.500000000000000000e-01 1.000000000000000000e+00 1.039999999999999952e-02 2.500000000000000000e-01 1.000000000000000048e-04
4.500000000000000000e+00 9.716499999999999915e+00 1.170850999999999971e+02 1.800000000000000000e+02 1.150126999999999953e+02 7.500000000000000000e-01 1.000000000000000000e+00 1.050000000000000065e-02 2.500000000000000000e-01 1.000000000000000048e-04
4.549999999999999822e+00 9.713300000000000267e+00 1.171268000000000029e+02 1.800000000000000000e+02 1.150545000000000044e+02 7.500000000000000000e-01 1.000000000000000000e+00 1.069999999999999944e-02 2.500000000000000000e-01 1.000000000000000048e-04
4.599999999999999645e+00 9.710100000000000620e+00 1.171684999999999945e+02 1.800000000000000000e+02 1.150962999999999994e+02 7.500000000000000000e-01 1.000000000000000000e+00 1.080000000000000057e-02 2.500000000000000000e-01 1.000000000000000048e-04
4.650000000000000355e+00 9.706899999999999196e+00 1.172103000000000037e+02 1.800000000000000000e+02 1.151381999999999977e+02 7.500000000000000000e-01 1.000000000000000000e+00 1.089999999999999997e-02 2.500000000000000000e-01 1.000000000000000048e-04
4.700000000000000178e+00 9.703799999999999315e+00 1.172520999999999987e+02 1.800000000000000000e+02 1.151800999999999959e+02 7.500000000000000000e-01 1.000000000000000000e+00 1.099999999999999936e-02 2.500000000000000000e-01 1.000000000000000048e-04
4.750000000000000000e+00 9.700599999999999667e+00 1.172938999999999936e+02 1.800000000000000000e+02 1.152220999999999975e+02 7.500000000000000000e-01 1.000000000000000000e+00 1.119999999999999989e-02 2.500000000000000000e-01 1.000000000000000048e-04
4.799999999999999822e+00 9.697400000000000020e+00 1.173358000000000061e+02 1.800000000000000000e+02 1.152639999999999958e+02 7.500000000000000000e-01 1.000000000000000000e+00 1.129999999999999928e-02 2.500000000000000000e-01 1.000000000000000048e-04
4.849999999999999645e+00 9.694200000000000372e+00 1.173777000000000044e+02 1.800000000000000000e+02 1.153061000000000007e+02 7.500000000000000000e-01 1.000000000000000000e+00 1.140000000000000041e-02 2.500000000000000000e-01 1.000000000000000048e-04
4.900000000000000355e+00 9.691100000000000492e+00 1.174196000000000026e+02 1.800000000000000000e+02 1.153481000000000023e+02 7.500000000000000000e-01 1.000000000000000000e+00 1.149999999999999981e-02 2.500000000000000000e-01 1.000000000000000048e-04
4.950000000000000178e+00 9.687900000000000844e+00 1.174616000000000042e+02 1.800000000000000000e+02 1.153901999999999930e+02 7.500000000000000000e-01 1.000000000000000000e+00 1.170000000000000033e-02 2.500000000000000000e-01 1.000000000000000048e-04
5.000000000000000000e+00 9.684699999999999420e+00 1.175036000000000058e+02 1.800000000000000000e+02 1.154322999999999979e+02 7.500000000000000000e-01 1.000000000000000000e+00 1.179999999999999973e-02 2.500000000000000000e-01 1.000000000000000048e-04
5.049999999999999822e+00 9.681499999999999773e+00 1.175455999999999932e+02 1.800000000000000000e+02 1.154744000000000028e+02 7.500000000000000000e-01 1.000000000000000000e+00 1.190000000000000085e-02 2.500000000000000000e-01 1.000000000000000048e-04
5.099999999999999645e+00 9.678399999999999892e+00 1.175876999999999981e+02 1.800000000000000000e+02 1.155165999999999968e+02 7.500000000000000000e-01 1.000000000000000000e+00 1.200000000000000025e-02 2.500000000000000000e-01 1.000000000000000048e-04
5.150000000000000355e+00 9.675200000000000244e+00 1.176298000000000030e+02 1.800000000000000000e+02 1.155588000000000051e+02 7.500000000000000000e-01 1.000000000000000000e+00 1.220000000000000077e-02 2.500000000000000000e-01 1.000000000000000048e-04
5.200000000000000178e+00 9.672000000000000597e+00 1.176719999999999970e+02 1.800000000000000000e+02 1.156011000000000024e+02 7.500000000000000000e-01 1.000000000000000000e+00 1.230000000000000017e-02 2.500000000000000000e-01 1.000000000000000048e-04
5.250000000000000000e+00 9.668799999999999173e+00 1.177141000000000020e+02 1.800000000000000000e+02 1.156433999999999997e+02 7.500000000000000000e-01 1.000000000000000000e+00 1.239999999999999956e-02 2.500000000000000000e-01 1.000000000000000048e-04
5.299999999999999822e+00 9.665699999999999292e+00 1.177562999999999960e+02 1.800000000000000000e+02 1.156856999999999971e+02 7.500000000000000000e-01 1.000000000000000000e+00 1.250000000000000069e-02 2.500000000000000000e-01 1.000000000000000048e-04
5.349999999999999645e+00 9.662499999999999645e+00 1.177985999999999933e+02 1.800000000000000000e+02 1.157280999999999977e+02 7.500000000000000000e-01 1.000000000000000000e+00 1.269999999999999948e-02 2.500000000000000000e-01 1.000000000000000048e-04
5.400000000000000355e+00 9.659299999999999997e+00 1.178409000000000049e+02 1.800000000000000000e+02 1.157704999999999984e+02 7.500000000000000000e-01 1.000000000000000000e+00 1.280000000000000061e-02 2.500000000000000000e-01 1.000000000000000048e-04
5.450000000000000178e+00 9.656100000000000350e+00 1.178832000000000022e+02 1.800000000000000000e+02 1.158128999999999991e+02 7.500000000000000000e-01 1.000000000000000000e+00 1.290000000000000001e-02 2.500000000000000000e-01 1.000000000000000048e-04
5.500000000000000000e+00 9.652900000000000702e+00 1.179256000000000029e+02 1.800000000000000000e+02 1.158552999999999997e+02 7.500000000000000000e-01 1.000000000000000000e+00 1.299999999999999940e-02 2.500000000000000000e-01 1.000000000000000048e-04
5.549999999999999822e+00 9.649800000000000821e+00 1.179679000000000002e+02 1.800000000000000000e+02 1.158978000000000037e+02 7.500000000000000000e-01 1.000000000000000000e+00 1.319999999999999993e-02 2.500000000000000000e-01 1.000000000000000048e-04
5.599999999999999645e+00 9.646599999999999397e+00 1.180104000000000042e+02 1.800000000000000000e+02 1.159403999999999968e+02 7.500000000000000000e-01 1.000000000000000000e+00 1.329999999999999932e-02 2.500000000000000000e-01 1.000000000000000048e-04
5.650000000000000355e+00 9.643399999999999750e+00 1.180528000000000048e+02 1.800000000000000000e+02 1.159829000000000008e+02 7.500000000000000000e-01 1.000000000000000000e+00 1.340000000000000045e-02 2.500000000000000000e-01 1.000000000000000048e-04
5.700000000000000178e+00 9.640200000000000102e+00 1.180952999999999946e+02 1.800000000000000000e+02 1.160254999999999939e+02 7.500000000000000000e-01 1.000000000000000000e+00 1.349999999999999985e-02 2.500000000000000000e-01 1.000000000000000048e-04
5.750000000000000000e+00 9.637000000000000455e+00 1.181377999999999986e+02 1.800000000000000000e+02 1.160682000000000045e+02 7.500000000000000000e-01 1.000000000000000000e+00 1.370000000000000037e-02 2.500000000000000000e-01 1.000000000000000048e-04
5.799999999999999822e+00 9.633800000000000807e+00 1.181804000000000059e+02 1.800000000000000000e+02 1.161107999999999976e+02 7.500000000000000000e-01 1.000000000000000000e+00 1.379999999999999977e-02 2.500000000000000000e-01 1.000000000000000048e-04
5.849999999999999645e+00 9.630699999999999150e+00 1.182229999999999990e+02 1.800000000000000000e+02 1.161534999999999940e+02 7.500000000000000000e-01 1.000000000000000000e+00 1.389999999999999916e-02 2.500000000000000000e-01 1.000000000000000048e-04
5.900000000000000355e+00 9.627499999999999503e+00 1.182656000000000063e+02 1.800000000000000000e+02 1.161962999999999937e+02 7.500000000000000000e-01 1.000000000000000000e+00 1.409999999999999969e-02 2.500000000000000000e-01 1.000000000000000048e-04
5.950000000000000178e+00 9.624299999999999855e+00 1.183083000000000027e+02 1.800000000000000000e+02 1.162390999999999934e+02 7.500000000000000000e-01 1.000000000000000000e+00 1.420000000000000082e-02 2.500000000000000000e-01 1.000000000000000048e-04
6.000000000000000000e+00 9.621100000000000207e+00 1.183509999999999991e+02 1.800000000000000000e+02 1.162818999999999932e+02 7.500000000000000000e-01 1.000000000000000000e+00 1.430000000000000021e-02 2.500000000000000000e-01 1.000000000000000048e-04
6.049999999999999822e+00 9.617900000000000560e+00 1.183937999999999988e+02 1.800000000000000000e+02 1.163247000000000071e+02 7.500000000000000000e-01 1.000000000000000000e+00 1.439999999999999961e-02 2.500000000000000000e-01 1.000000000000000048e-04
6.099999999999999645e+00 9.614699999999999136e+00 1.184364999999999952e+02 1.800000000000000000e+02 1.163675999999999959e+02 7.500000000000000000e-01 1.000000000000000000e+00 1.460000000000000013e-02 2.500000000000000000e-01 1.000000000000000048e-04
6.150000000000000355e+00 9.611499999999999488e+00 1.184792999999999950e+02 1.800000000000000000e+02 1.164104999999999990e+02 7.500000000000000000e-01 1.000000000000000000e+00 1.469999999999999953e-02 2.500000000000000000e-01 1.000000000000000048e-04
6.200000000000000178e+00 9.608399999999999608e+00 1.185221999999999980e+02 1.800000000000000000e+02 1.164535000000000053e+02 7.500000000000000000e-01 1.000000000000000000e+00 1.480000000000000066e-02 2.500000000000000000e-01 1.000000000000000048e-04
6.250000000000000000e+00 9.605199999999999960e+00 1.185651000000000010e+02 1.800000000000000000e+02 1.164964999999999975e+02 7.500000000000000000e-01 1.000000000000000000e+00 1.490000000000000005e-02 2.500000000000000000e-01 1.000000000000000048e-04
6.299999999999999822e+00 9.602000000000000313e+00 1.186080000000000041e+02 1.800000000000000000e+02 1.165395000000000039e+02 7.500000000000000000e-01 1.000000000000000000e+00 1.510000000000000057e-02 2.500000000000000000e-01 1.000000000000000048e-04
6.349999999999999645e+00 9.598800000000000665e+00 1.186508999999999929e+02 1.800000000000000000e+02 1.165825999999999993e+02 7.500000000000000000e-01 1.000000000000000000e+00 1.519999999999999997e-02 2.500000000000000000e-01 1.000000000000000048e-04
6.400000000000000355e+00 9.595599999999999241e+00 1.186938999999999993e+02 1.800000000000000000e+02 1.166256000000000057e+02 7.500000000000000000e-01 1.000000000000000000e+00 1.529999999999999936e-02 2.500000000000000000e-01 1.000000000000000048e-04
6.450000000000000178e+00 9.592399999999999594e+00 1.187369999999999948e+02 1.800000000000000000e+02 1.166688000000000045e+02 7.500000000000000000e-01 1.000000000000000000e+00 1.549999999999999989e-02 2.500000000000000000e-01 1.000000000000000048e-04
6.500000000000000000e+00 9.589199999999999946e+00 1.187800000000000011e+02 1.800000000000000000e+02 1.167119000000000000e+02 7.500000000000000000e-01 1.000000000000000000e+00 1.559999999999999928e-02 2.500000000000000000e-01 1.000000000000000048e-04
6.549999999999999822e+00 9.586000000000000298e+00 1.188230999999999966e+02 1.800000000000000000e+02 1.167552000000000021e+02 7.500000000000000000e-01 1.000000000000000000e+00 1.569999999999999868e-02 2.500000000000000000e-01 1.000000000000000048e-04
6.599999999999999645e+00 9.582800000000000651e+00 1.188662000000000063e+02 1.800000000000000000e+02 1.167984000000000009e+02 7.500000000000000000e-01 1.000000000000000000e+00 1.580000000000000154e-02 2.500000000000000000e-01 1.000000000000000048e-04
6.650000000000000355e+00 9.579599999999999227e+00 1.189094000000000051e+02 1.800000000000000000e+02 1.168417000000000030e+02 7.500000000000000000e-01 1.000000000000000000e+00 1.600000000000000033e-02 2.500000000000000000e-01 1.000000000000000048e-04
6.700000000000000178e+00 9.576399999999999579e+00 1.189526000000000039e+02 1.800000000000000000e+02 1.168850000000000051e+02 7.500000000000000000e-01 1.000000000000000000e+00 1.609999999999999973e-02 2.500000000000000000e-01 1.000000000000000048e-04
6.750000000000000000e+00 9.573299999999999699e+00 1.189959000000000060e+02 1.800000000000000000e+02 1.169282999999999930e+02 7.500000000000000000e-01 1.000000000000000000e+00 1.619999999999999912e-02 2.500000000000000000e-01 1.000000000000000048e-04
6.799999999999999822e+00 9.570100000000000051e+00 1.190391000000000048e+02 1.800000000000000000e+02 1.169716999999999985e+02 7.500000000000000000e-01 1.000000000000000000e+00 1.640000000000000138e-02 2.500000000000000000e-01 1.000000000000000048e-04
6.849999999999999645e+00 9.566900000000000404e+00 1.190824999999999960e+02 1.800000000000000000e+02 1.170151000000000039e+02 7.500000000000000000e-01 1.000000000000000000e+00 1.650000000000000078e-02 2.500000000000000000e-01 1.000000000000000048e-04
6.900000000000000355e+00 9.563700000000000756e+00 1.191257999999999981e+02 1.800000000000000000e+02 1.170585999999999984e+02 7.500000000000000000e-01 1.000000000000000000e+00 1.660000000000000017e-02 2.500000000000000000e-01 1.000000000000000048e-04
6.950000000000000178e+00 9.560499999999999332e+00 1.191692000000000036e+02 1.800000000000000000e+02 1.171020999999999930e+02 7.500000000000000000e-01 1.000000000000000000e+00 1.669999999999999957e-02 2.500000000000000000e-01 1.000000000000000048e-04
7.000000000000000000e+00 9.557299999999999685e+00 1.192125999999999948e+02 1.800000000000000000e+02 1.171456000000000017e+02 7.500000000000000000e-01 1.000000000000000000e+00 1.689999999999999836e-02 2.500000000000000000e-01 1.000000000000000048e-04
7.049999999999999822e+00 9.554100000000000037e+00 1.192561000000000035e+02 1.800000000000000000e+02 1.171891999999999996e+02 7.500000000000000000e-01 1.000000000000000000e+00 1.700000000000000122e-02 2.500000000000000000e-01 1.000000000000000048e-04
7.099999999999999645e+00 9.550900000000000389e+00 1.192995999999999981e+02 1.800000000000000000e+02 1.172327999999999975e+02 7.500000000000000000e-01 1.000000000000000000e+00 1.710000000000000062e-02 2.500000000000000000e-01 1.000000000000000048e-04
7.150000000000000355e+00 9.547700000000000742e+00 1.193431000000000068e+02 1.800000000000000000e+02 1.172763999999999953e+02 7.500000000000000000e-01 1.000000000000000000e+00 1.729999999999999941e-02 2.500000000000000000e-01 1.000000000000000048e-04
7.200000000000000178e+00 9.544499999999999318e+00 1.193867000000000047e+02 1.800000000000000000e+02 1.173200999999999965e+02 7.500000000000000000e-01 1.000000000000000000e+00 1.739999999999999880e-02 2.500000000000000000e-01 1.000000000000000048e-04
7.250000000000000000e+00 9.541299999999999670e+00 1.194303000000000026e+02 1.800000000000000000e+02 1.173637999999999977e+02 7.500000000000000000e-01 1.000000000000000000e+00 1.750000000000000167e-02 2.500000000000000000e-01 1.000000000000000048e-04
7.299999999999999822e+00 9.538100000000000023e+00 1.194739000000000004e+02 1.800000000000000000e+02 1.174076000000000022e+02 7.500000000000000000e-01 1.000000000000000000e+00 1.760000000000000106e-02 2.500000000000000000e-01 1.000000000000000048e-04
7.349999999999999645e+00 9.534900000000000375e+00 1.195176000000000016e+02 1.800000000000000000e+02 1.174513000000000034e+02 7.500000000000000000e-01 1.000000000000000000e+00 1.779999999999999985e-02 2.500000000000000000e-01 1.000000000000000048e-04
7.400000000000000355e+00 9.531700000000000728e+00 1.195613000000000028e+02 1.800000000000000000e+02 1.174951999999999970e+02 7.500000000000000000e-01 1.000000000000000000e+00 1.789999999999999925e-02 2.500000000000000000e-01 1.000000000000000048e-04
7.450000000000000178e+00 9.528499999999999304e+00 1.196050999999999931e+02 1.800000000000000000e+02 1.175390000000000015e+02 7.500000000000000000e-01 1.000000000000000000e+00 1.799999999999999864e-02 2.500000000000000000e-01 1.000000000000000048e-04
7.500000000000000000e+00 9.525299999999999656e+00 1.196488999999999976e+02 1.800000000000000000e+02 1.175828999999999951e+02 7.500000000000000000e-01 1.000000000000000000e+00 1.820000000000000090e-02 2.500000000000000000e-01 1.000000000000000048e-04
7.549999999999999822e+00 9.522100000000000009e+00 1.196927000000000021e+02 1.800000000000000000e+02 1.176269000000000062e+02 7.500000000000000000e-01 1.000000000000000000e+00 1.830000000000000029e-02 2.500000000000000000e-01 1.000000000000000048e-04
7.599999999999999645e+00 9.518900000000000361e+00 1.197365000000000066e+02 1.800000000000000000e+02 1.176707999999999998e+02 7.500000000000000000e-01 1.000000000000000000e+00 1.839999999999999969e-02 2.500000000000000000e-01 1.000000000000000048e-04
7.650000000000000355e+00 9.515700000000000713e+00 1.197805000000000035e+02 1.800000000000000000e+02 1.177147999999999968e+02 7.500000000000000000e-01 1.000000000000000000e+00 1.859999999999999848e-02 2.500000000000000000e-01 1.000000000000000048e-04
7.700000000000000178e+00 9.512499999999999289e+00 1.198243999999999971e+02 1.800000000000000000e+02 1.177588999999999970e+02 7.500000000000000000e-01 1.000000000000000000e+00 1.870000000000000134e-02 2.500000000000000000e-01 1.000000000000000048e-04
7.750000000000000000e+00 9.509299999999999642e+00 1.198683999999999941e+02 1.800000000000000000e+02 1.178029999999999973e+02 7.500000000000000000e-01 1.000000000000000000e+00 1.880000000000000074e-02 2.500000000000000000e-01 1.000000000000000048e-04
7.799999999999999822e+00 9.506099999999999994e+00 1.199124000000000052e+02 1.800000000000000000e+02 1.178470999999999975e+02 7.500000000000000000e-01 1.000000000000000000e+00 1.890000000000000013e-02 2.500000000000000000e-01 1.000000000000000048e-04
7.849999999999999645e+00 9.502900000000000347e+00 1.199564000000000021e+02 1.800000000000000000e+02 1.178911999999999978e+02 7.500000000000000000e-01 1.000000000000000000e+00 1.909999999999999892e-02 2.500000000000000000e-01 1.000000000000000048e-04
7.900000000000000355e+00 9.499700000000000699e+00 1.200005000000000024e+02 1.800000000000000000e+02 1.179354000000000013e+02 7.500000000000000000e-01 1.000000000000000000e+00 1.919999999999999832e-02 2.500000000000000000e-01 1.000000000000000048e-04
7.950000000000000178e+00 9.496499999999999275e+00 1.200446000000000026e+02 1.800000000000000000e+02 1.179796999999999940e+02 7.500000000000000000e-01 1.000000000000000000e+00 1.930000000000000118e-02 2.500000000000000000e-01 1.000000000000000048e-04
8.000000000000000000e+00 9.493299999999999628e+00 1.200888000000000062e+02 1.800000000000000000e+02 1.180238999999999976e+02 7.500000000000000000e-01 1.000000000000000000e+00 1.949999999999999997e-02 2.500000000000000000e-01 1.000000000000000048e-04
8.050000000000000711e+00 9.490000000000000213e+00 1.201329999999999956e+02 1.800000000000000000e+02 1.180682000000000045e+02 7.500000000000000000e-01 1.000000000000000000e+00 1.959999999999999937e-02 2.500000000000000000e-01 1.000000000000000048e-04
8.099999999999999645e+00 9.486800000000000566e+00 1.201771999999999991e+02 1.800000000000000000e+02 1.181126000000000005e+02 7.500000000000000000e-01 1.000000000000000000e+00 1.969999999999999876e-02 2.500000000000000000e-01 1.000000000000000048e-04
8.150000000000000355e+00 9.483599999999999142e+00 1.202215000000000060e+02 1.800000000000000000e+02 1.181569999999999965e+02 7.500000000000000000e-01 1.000000000000000000e+00 1.990000000000000102e-02 2.500000000000000000e-01 1.000000000000000048e-04
8.199999999999999289e+00 9.480399999999999494e+00 1.202657999999999987e+02 1.800000000000000000e+02 1.182014000000000067e+02 7.500000000000000000e-01 1.000000000000000000e+00 2.000000000000000042e-02 2.500000000000000000e-01 1.000000000000000048e-04
8.250000000000000000e+00 9.477199999999999847e+00 1.203101999999999947e+02 1.800000000000000000e+02 1.182458000000000027e+02 7.500000000000000000e-01 1.000000000000000000e+00 2.009999999999999981e-02 2.500000000000000000e-01 1.000000000000000048e-04
8.300000000000000711e+00 9.474000000000000199e+00 1.203546000000000049e+02 1.800000000000000000e+02 1.182903000000000020e+02 7.500000000000000000e-01 1.000000000000000000e+00 2.029999999999999860e-02 2.500000000000000000e-01 1.000000000000000048e-04
8.349999999999999645e+00 9.470800000000000551e+00 1.203990000000000009e+02 1.800000000000000000e+02 1.183349000000000046e+02 7.500000000000000000e-01 1.000000000000000000e+00 2.040000000000000147e-02 2.500000000000000000e-01 1.000000000000000048e-04
8.400000000000000355e+00 9.467599999999999127e+00 1.204435000000000002e+02 1.800000000000000000e+02 1.183794000000000040e+02 7.500000000000000000e-01 1.000000000000000000e+00 2.050000000000000086e-02 2.500000000000000000e-01 1.000000000000000048e-04
8.449999999999999289e+00 9.464399999999999480e+00 1.204879999999999995e+02 1.800000000000000000e+02 1.184240999999999957e+02 7.500000000000000000e-01 1.000000000000000000e+00 2.069999999999999965e-02 2.500000000000000000e-01 1.000000000000000048e-04
8.500000000000000000e+00 9.461199999999999832e+00 1.205324999999999989e+02 1.800000000000000000e+02 1.184686999999999983e+02 7.500000000000000000e-01 1.000000000000000000e+00 2.079999999999999905e-02 2.500000000000000000e-01 1.000000000000000048e-04
8.550000000000000711e+00 9.458000000000000185e+00 1.205771000000000015e+02 1.800000000000000000e+02 1.185134000000000043e+02 7.500000000000000000e-01 1.000000000000000000e+00 2.089999999999999844e-02 2.500000000000000000e-01 1.000000000000000048e-04
8.599999999999999645e+00 9.454700000000000770e+00 1.206217000000000041e+02 1.800000000000000000e+02 1.185580999999999960e+02 7.500000000000000000e-01 1.000000000000000000e+00 2.110000000000000070e-02 2.500000000000000000e-01 1.000000000000000048e-04
8.650000000000000355e+00 9.451499999999999346e+00 1.206663999999999959e+02 1.800000000000000000e+02 1.186029000000000053e+02 7.500000000000000000e-01 1.000000000000000000e+00 2.120000000000000009e-02 2.500000000000000000e-01 1.000000000000000048e-04
8.699999999999999289e+00 9.448299999999999699e+00 1.207111000000000018e+02 1.800000000000000000e+02 1.186477000000000004e+02 7.500000000000000000e-01 1.000000000000000000e+00 2.129999999999999949e-02 2.500000000000000000e-01 1.000000000000000048e-04
8.750000000000000000e+00 9.445100000000000051e+00 1.207557999999999936e+02 1.800000000000000000e+02 1.186924999999999955e+02 7.500000000000000000e-01 1.000000000000000000e+00 2.149999999999999828e-02 2.500000000000000000e-01 1.000000000000000048e-04
8.800000000000000711e+00 9.441900000000000404e+00 1.208006000000000029e+02 1.800000000000000000e+02 1.187373999999999938e+02 7.500000000000000000e-01 1.000000000000000000e+00 2.160000000000000114e-02 2.500000000000000000e-01 1.000000000000000048e-04
8.849999999999999645e+00 9.438700000000000756e+00 1.208453999999999979e+02 1.800000000000000000e+02 1.187823000000000064e+02 7.500000000000000000e-01 1.000000000000000000e+00 2.170000000000000054e-02 2.500000000000000000e-01 1.000000000000000048e-04
8.900000000000000355e+00 9.435499999999999332e+00 1.208901999999999930e+02 1.800000000000000000e+02 1.188272000000000048e+02 7.500000000000000000e-01 1.000000000000000000e+00 2.189999999999999933e-02 2.500000000000000000e-01 1.000000000000000048e-04
8.949999999999999289e+00 9.432199999999999918e+00 1.209351000000000056e+02 1.800000000000000000e+02 1.188722000000000065e+02 7.500000000000000000e-01 1.000000000000000000e+00 2.199999999999999872e-02 2.500000000000000000e-01 1.000000000000000048e-04
9.000000000000000000e+00 9.429000000000000270e+00 1.209800000000000040e+02 1.800000000000000000e+02 1.189172999999999973e+02 7.500000000000000000e-01 1.000000000000000000e+00 2.210000000000000159e-02 2.500000000000000000e-01 1.000000000000000048e-04
9.050000000000000711e+00 9.425800000000000622e+00 1.210250000000000057e+02 1.800000000000000000e+02 1.189622999999999990e+02 7.500000000000000000e-01 1.000000000000000000e+00 2.230000000000000038e-02 2.500000000000000000e-01 1.000000000000000048e-04
9.099999999999999645e+00 9.422599999999999199e+00 1.210699999999999932e+02 1.800000000000000000e+02 1.190074000000000041e+02 7.500000000000000000e-01 1.000000000000000000e+00 2.239999999999999977e-02 2.500000000000000000e-01 1.000000000000000048e-04
9.150000000000000355e+00 9.419399999999999551e+00 1.211149999999999949e+02 1.800000000000000000e+02 1.190525999999999982e+02 7.500000000000000000e-01 1.000000000000000000e+00 2.249999999999999917e-02 2.500000000000000000e-01 1.000000000000000048e-04
9.199999999999999289e+00 9.416100000000000136e+00 1.211600999999999999e+02 1.800000000000000000e+02 1.190978000000000065e+02 7.500000000000000000e-01 1.000000000000000000e+00 2.270000000000000143e-02 2.500000000000000000e-01 1.000000000000000048e-04
9.250000000000000000e+00 9.412900000000000489e+00 1.212052000000000049e+02 1.800000000000000000e+02 1.191430000000000007e+02 7.500000000000000000e-01 1.000000000000000000e+00 2.280000000000000082e-02 2.500000000000000000e-01 1.000000000000000048e-04
9.300000000000000711e+00 9.409700000000000841e+00 1.212503999999999991e+02 1.800000000000000000e+02 1.191882999999999981e+02 7.500000000000000000e-01 1.000000000000000000e+00 2.290000000000000022e-02 2.500000000000000000e-01 1.000000000000000048e-04
9.349999999999999645e+00 9.406499999999999417e+00 1.212955999999999932e+02 1.800000000000000000e+02 1.192335999999999956e+02 7.500000000000000000e-01 1.000000000000000000e+00 2.309999999999999901e-02 2.500000000000000000e-01 1.000000000000000048e-04
9.400000000000000355e+00 9.403299999999999770e+00 1.213408000000000015e+02 1.800000000000000000e+02 1.192788999999999930e+02 7.500000000000000000e-01 1.000000000000000000e+00 2.319999999999999840e-02 2.500000000000000000e-01 1.000000000000000048e-04
9.449999999999999289e+00 9.400000000000000355e+00 1.213860999999999990e+02 1.800000000000000000e+02 1.193242999999999938e+02 7.500000000000000000e-01 1.000000000000000000e+00 2.330000000000000127e-02 2.500000000000000000e-01 1.000000000000000048e-04
9.500000000000000000e+00 9.396800000000000708e+00 1.214313999999999965e+02 1.800000000000000000e+02 1.193696999999999946e+02 7.500000000000000000e-01 1.000000000000000000e+00 2.350000000000000006e-02 2.500000000000000000e-01 1.000000000000000048e-04
9.550000000000000711e+00 9.393599999999999284e+00 1.214767999999999972e+02 1.800000000000000000e+02 1.194151999999999987e+02 7.500000000000000000e-01 1.000000000000000000e+00 2.359999999999999945e-02 2.500000000000000000e-01 1.000000000000000048e-04
9.599999999999999645e+00 9.390399999999999636e+00 1.215220999999999947e+02 1.800000000000000000e+02 1.194607000000000028e+02 7.500000000000000000e-01 1.000000000000000000e+00 2.369999999999999885e-02 2.500000000000000000e-01 1.000000000000000048e-04
9.650000000000000355e+00 9.387199999999999989e+00 1.215675999999999988e+02 1.800000000000000000e+02 1.195062000000000069e+02 7.500000000000000000e-01 1.000000000000000000e+00 2.390000000000000110e-02 2.500000000000000000e-01 1.000000000000000048e-04
9.699999999999999289e+00 9.383900000000000574e+00 1.216129999999999995e+02 1.800000000000000000e+02 1.195518000000000001e+02 7.500000000000000000e-01 1.000000000000000000e+00 2.400000000000000050e-02 2.500000000000000000e-01 1.000000000000000048e-04
9.750000000000000000e+00 9.380699999999999150e+00 1.216586000000000070e+02 1.800000000000000000e+02 1.195973999999999933e+02 7.500000000000000000e-01 1.000000000000000000e+00 2.409999999999999989e-02 2.500000000000000000e-01 1.000000000000000048e-04
9.800000000000000711e+00 9.377499999999999503e+00 1.217040999999999968e+02 1.800000000000000000e+02 1.196430000000000007e+02 7.500000000000000000e-01 1.000000000000000000e+00 2.429999999999999868e-02 2.500000000000000000e-01 1.000000000000000048e-04
9.849999999999999645e+00 9.374299999999999855e+00 1.217497000000000043e+02 1.800000000000000000e+02 1.196886999999999972e+02 7.500000000000000000e-01 1.000000000000000000e+00 2.440000000000000155e-02 2.500000000000000000e-01 1.000000000000000048e-04
9.900000000000000355e+00 9.371000000000000441e+00 1.217952999999999975e+02 1.800000000000000000e+02 1.197344999999999970e+02 7.500000000000000000e-01 1.000000000000000000e+00 2.450000000000000094e-02 2.500000000000000000e-01 1.000000000000000048e-04
9.949999999999999289e+00 9.367800000000000793e+00 1.218409999999999940e+02 1.800000000000000000e+02 1.197801999999999936e+02 7.500000000000000000e-01 1.000000000000000000e+00 2.469999999999999973e-02 2.500000000000000000e-01 1.000000000000000048e-04
1.000000000000000000e+01 9.364599999999999369e+00 1.218867000000000047e+02 1.800000000000000000e+02 1.198260999999999967e+02 7.500000000000000000e-01 1.000000000000000000e+00 2.479999999999999913e-02 2.500000000000000000e-01 1.000000000000000048e-04
1.005000000000000071e+01 9.361299999999999955e+00 1.219325000000000045e+02 1.800000000000000000e+02 1.198718999999999966e+02 7.500000000000000000e-01 1.000000000000000000e+00 2.500000000000000139e-02 2.500000000000000000e-01 1.000000000000000048e-04
1.009999999999999964e+01 9.358100000000000307e+00 1.219782000000000011e+02 1.800000000000000000e+02 1.199177999999999997e+02 7.500000000000000000e-01 1.000000000000000000e+00 2.510000000000000078e-02 2.500000000000000000e-01 1.000000000000000048e-04
1.015000000000000036e+01 9.354900000000000659e+00 1.220241000000000042e+02 1.800000000000000000e+02 1.199637000000000029e+02 7.500000000000000000e-01 1.000000000000000000e+00 2.520000000000000018e-02 2.500000000000000000e-01 1.000000000000000048e-04
1.019999999999999929e+01 9.351699999999999235e+00 1.220699000000000041e+02 1.800000000000000000e+02 1.200096999999999952e+02 7.500000000000000000e-01 1.000000000000000000e+00 2.539999999999999897e-02 2.500000000000000000e-01 1.000000000000000048e-04
1.025000000000000000e+01 9.348399999999999821e+00 1.221158999999999963e+02 1.800000000000000000e+02 1.200557000000000016e+02 7.500000000000000000e-01 1.000000000000000000e+00 2.549999999999999836e-02 2.500000000000000000e-01 1.000000000000000048e-04
1.030000000000000071e+01 9.345200000000000173e+00 1.221617999999999995e+02 1.800000000000000000e+02 1.201017999999999972e+02 7.500000000000000000e-01 1.000000000000000000e+00 2.560000000000000123e-02 2.500000000000000000e-01 1.000000000000000048e-04
1.034999999999999964e+01 9.342000000000000526e+00 1.222078000000000060e+02 1.800000000000000000e+02 1.201479000000000070e+02 7.500000000000000000e-01 1.000000000000000000e+00 2.580000000000000002e-02 2.500000000000000000e-01 1.000000000000000048e-04
1.040000000000000036e+01 9.338699999999999335e+00 1.222537999999999982e+02 1.800000000000000000e+02 1.201940000000000026e+02 7.500000000000000000e-01 1.000000000000000000e+00 2.589999999999999941e-02 2.500000000000000000e-01 1.000000000000000048e-04
1.044999999999999929e+01 9.335499999999999687e+00 1.222998999999999938e+02 1.800000000000000000e+02 1.202402000000000015e+02 7.500000000000000000e-01 1.000000000000000000e+00 2.599999999999999881e-02 2.500000000000000000e-01 1.000000000000000048e-04
1.050000000000000000e+01 9.332300000000000040e+00 1.223460000000000036e+02 1.800000000000000000e+02 1.202864000000000004e+02 7.500000000000000000e-01 1.000000000000000000e+00 2.620000000000000107e-02 2.500000000000000000e-01 1.000000000000000048e-04
1.055000000000000071e+01 9.329000000000000625e+00 1.223922000000000025e+02 1.800000000000000000e+02 1.203325999999999993e+02 7.500000000000000000e-01 1.000000000000000000e+00 2.630000000000000046e-02 2.500000000000000000e-01 1.000000000000000048e-04
1.059999999999999964e+01 9.325799999999999201e+00 1.224382999999999981e+02 1.800000000000000000e+02 1.203789000000000016e+02 7.500000000000000000e-01 1.000000000000000000e+00 2.649999999999999925e-02 2.500000000000000000e-01 1.000000000000000048e-04
1.065000000000000036e+01 9.322599999999999554e+00 1.224846000000000004e+02 1.800000000000000000e+02 1.204252999999999929e+02 7.500000000000000000e-01 1.000000000000000000e+00 2.659999999999999865e-02 2.500000000000000000e-01 1.000000000000000048e-04
1.069999999999999929e+01 9.319300000000000139e+00 1.225309000000000026e+02 1.800000000000000000e+02 1.204716999999999985e+02 7.500000000000000000e-01 1.000000000000000000e+00 2.670000000000000151e-02 2.500000000000000000e-01 1.000000000000000048e-04
1.075000000000000000e+01 9.316100000000000492e+00 1.225772000000000048e+02 1.800000000000000000e+02 1.205181000000000040e+02 7.500000000000000000e-01 1.000000000000000000e+00 2.690000000000000030e-02 2.500000000000000000e-01 1.000000000000000048e-04
1.080000000000000071e+01 9.312900000000000844e+00 1.226235000000000070e+02 1.800000000000000000e+02 1.205644999999999953e+02 7.500000000000000000e-01 1.000000000000000000e+00 2.699999999999999969e-02 2.500000000000000000e-01 1.000000000000000048e-04
1.084999999999999964e+01 9.309599999999999653e+00 1.226698999999999984e+02 1.800000000000000000e+02 1.206110000000000042e+02 7.500000000000000000e-01 1.000000000000000000e+00 2.709999999999999909e-02 2.500000000000000000e-01 1.000000000000000048e-04
1.090000000000000036e+01 9.306400000000000006e+00 1.227163000000000039e+02 1.800000000000000000e+02 1.206576000000000022e+02 7.500000000000000000e-01 1.000000000000000000e+00 2.730000000000000135e-02 2.500000000000000000e-01 1.000000000000000048e-04
1.094999999999999929e+01 9.303100000000000591e+00 1.227627999999999986e+02 1.800000000000000000e+02 1.207042000000000002e+02 7.500000000000000000e-01 1.000000000000000000e+00 2.740000000000000074e-02 2.500000000000000000e-01 1.000000000000000048e-04
1.100000000000000000e+01 9.299899999999999167e+00 1.228092999999999932e+02 1.800000000000000000e+02 1.207507999999999981e+02 7.500000000000000000e-01 1.000000000000000000e+00 2.759999999999999953e-02 2.500000000000000000e-01 1.000000000000000048e-04
1.105000000000000071e+01 9.296699999999999520e+00 1.228559000000000054e+02 1.800000000000000000e+02 1.207973999999999961e+02 7.500000000000000000e-01 1.000000000000000000e+00 2.769999999999999893e-02 2.500000000000000000e-01 1.000000000000000048e-04
1.109999999999999964e+01 9.293400000000000105e+00 1.229025000000000034e+02 1.800000000000000000e+02 1.208440999999999974e+02 7.500000000000000000e-01 1.000000000000000000e+00 2.779999999999999832e-02 2.500000000000000000e-01 1.000000000000000048e-04
1.115000000000000036e+01 9.290200000000000458e+00 1.229491000000000014e+02 1.800000000000000000e+02 1.208909000000000020e+02 7.500000000000000000e-01 1.000000000000000000e+00 2.800000000000000058e-02 2.500000000000000000e-01 1.000000000000000048e-04
1.119999999999999929e+01 9.286899999999999267e+00 1.229958000000000027e+02 1.800000000000000000e+02 1.209377000000000066e+02 7.500000000000000000e-01 1.000000000000000000e+00 2.809999999999999998e-02 2.500000000000000000e-01 1.000000000000000048e-04
1.125000000000000000e+01 9.283699999999999619e+00 1.230425999999999931e+02 1.800000000000000000e+02 1.209844999999999970e+02 7.500000000000000000e-01 1.000000000000000000e+00 2.829999999999999877e-02 2.500000000000000000e-01 1.000000000000000048e-04
1.130000000000000071e+01 9.280499999999999972e+00 1.230892999999999944e+02 1.800000000000000000e+02 1.210314000000000050e+02 7.500000000000000000e-01 1.000000000000000000e+00 2.840000000000000163e-02 2.500000000000000000e-01 1.000000000000000048e-04
1.134999999999999964e+01 9.277200000000000557e+00 1.231360999999999990e+02 1.800000000000000000e+02 1.210782999999999987e+02 7.500000000000000000e-01 1.000000000000000000e+00 2.850000000000000103e-02 2.500000000000000000e-01 1.000000000000000048e-04
1.140000000000000036e+01 9.273999999999999133e+00 1.231830000000000069e+02 1.800000000000000000e+02 1.211252000000000066e+02 7.500000000000000000e-01 1.000000000000000000e+00 2.869999999999999982e-02 2.500000000000000000e-01 1.000000000000000048e-04
1.144999999999999929e+01 9.270699999999999719e+00 1.232299000000000007e+02 1.800000000000000000e+02 1.211722000000000037e+02 7.500000000000000000e-01 1.000000000000000000e+00 2.879999999999999921e-02 2.500000000000000000e-01 1.000000000000000048e-04
1.150000000000000000e+01 9.267500000000000071e+00 1.232767999999999944e+02 1.800000000000000000e+02 1.212193000000000040e+02 7.500000000000000000e-01 1.000000000000000000e+00 2.889999999999999861e-02 2.500000000000000000e-01 1.000000000000000048e-04
1.155000000000000071e+01 9.264200000000000657e+00 1.233238000000000056e+02 1.800000000000000000e+02 1.212663000000000011e+02 7.500000000000000000e-01 1.000000000000000000e+00 2.910000000000000087e-02 2.500000000000000000e-01 1.000000000000000048e-04
1.159999999999999964e+01 9.260999999999999233e+00 1.233708000000000027e+02 1.800000000000000000e+02 1.213135000000000048e+02 7.500000000000000000e-01 1.000000000000000000e+00 2.920000000000000026e-02 2.500000000000000000e-01 1.000000000000000048e-04
1.165000000000000036e+01 9.257699999999999818e+00 1.234177999999999997e+02 1.800000000000000000e+02 1.213606000000000051e+02 7.500000000000000000e-01 1.000000000000000000e+00 2.939999999999999905e-02 2.500000000000000000e-01 1.000000000000000048e-04
1.169999999999999929e+01 9.254500000000000171e+00 1.234649000000000001e+02 1.800000000000000000e+02 1.214077999999999946e+02 7.500000000000000000e-01 1.000000000000000000e+00 2.949999999999999845e-02 2.500000000000000000e-01 1.000000000000000048e-04
1.175000000000000000e+01 9.251200000000000756e+00 1.235121000000000038e+02 1.800000000000000000e+02 1.214551000000000016e+02 7.500000000000000000e-01 1.000000000000000000e+00 2.960000000000000131e-02 2.500000000000000000e-01 1.000000000000000048e-04
1.180000000000000071e+01 9.247999999999999332e+00 1.235592999999999932e+02 1.800000000000000000e+02 1.215023999999999944e+02 7.500000000000000000e-01 1.000000000000000000e+00 2.980000000000000010e-02 2.500000000000000000e-01 1.000000000000000048e-04
1.184999999999999964e+01 9.244799999999999685e+00 1.236064999999999969e+02 1.800000000000000000e+02 1.215497000000000014e+02 7.500000000000000000e-01 1.000000000000000000e+00 2.989999999999999949e-02 2.500000000000000000e-01 1.000000000000000048e-04
1.190000000000000036e+01 9.241500000000000270e+00 1.236538000000000039e+02 1.800000000000000000e+02 1.215970999999999975e+02 7.500000000000000000e-01 1.000000000000000000e+00 3.009999999999999828e-02 2.500000000000000000e-01 1.000000000000000048e-04
1.194999999999999929e+01 9.238300000000000622e+00 1.237010999999999967e+02 1.800000000000000000e+02 1.216444999999999936e+02 7.500000000000000000e-01 1.000000000000000000e+00 3.020000000000000115e-02 2.500000000000000000e-01 1.000000000000000048e-04
1.200000000000000000e+01 9.234999999999999432e+00 1.237484000000000037e+02 1.800000000000000000e+02 1.216919000000000040e+02 7.500000000000000000e-01 1.000000000000000000e+00 3.030000000000000054e-02 2.500000000000000000e-01 1.000000000000000048e-04
1.205000000000000071e+01 9.231799999999999784e+00 1.237957999999999998e+02 1.800000000000000000e+02 1.217394000000000034e+02 7.500000000000000000e-01 1.000000000000000000e+00 3.049999999999999933e-02 2.500000000000000000e-01 1.000000000000000048e-04
1.209999999999999964e+01 9.228500000000000369e+00 1.238432999999999993e+02 1.800000000000000000e+02 1.217870000000000061e+02 7.500000000000000000e-01 1.000000000000000000e+00 3.059999999999999873e-02 2.500000000000000000e-01 1.000000000000000048e-04
1.215000000000000036e+01 9.225199999999999179e+00 1.238906999999999954e+02 1.800000000000000000e+02 1.218345000000000056e+02 7.500000000000000000e-01 1.000000000000000000e+00 3.080000000000000099e-02 2.500000000000000000e-01 1.000000000000000048e-04
1.219999999999999929e+01 9.221999999999999531e+00 1.239382999999999981e+02 1.800000000000000000e+02 1.218821999999999974e+02 7.500000000000000000e-01 1.000000000000000000e+00 3.090000000000000038e-02 2.500000000000000000e-01 1.000000000000000048e-04
1.225000000000000000e+01 9.218700000000000117e+00 1.239857999999999976e+02 1.800000000000000000e+02 1.219298000000000002e+02 7.500000000000000000e-01 1.000000000000000000e+00 3.109999999999999917e-02 2.500000000000000000e-01 1.000000000000000048e-04
1.230000000000000071e+01 9.215500000000000469e+00 1.240334000000000003e+02 1.800000000000000000e+02 1.219775000000000063e+02 7.500000000000000000e-01 1.000000000000000000e+00 3.119999999999999857e-02 2.500000000000000000e-01 1.000000000000000048e-04
1.234999999999999964e+01 9.212199999999999278e+00 1.240811000000000064e+02 1.800000000000000000e+02 1.220253000000000014e+02 7.500000000000000000e-01 1.000000000000000000e+00 3.130000000000000143e-02 2.500000000000000000e-01 1.000000000000000048e-04
1.240000000000000036e+01 9.208999999999999631e+00 1.241287999999999982e+02 1.800000000000000000e+02 1.220730999999999966e+02 7.500000000000000000e-01 1.000000000000000000e+00 3.150000000000000022e-02 2.500000000000000000e-01 1.000000000000000048e-04
1.244999999999999929e+01 9.205700000000000216e+00 1.241765000000000043e+02 1.800000000000000000e+02 1.221209000000000060e+02 7.500000000000000000e-01 1.000000000000000000e+00 3.160000000000000309e-02 2.500000000000000000e-01 1.000000000000000048e-04
1.250000000000000000e+01 9.202500000000000568e+00 1.242242999999999995e+02 1.800000000000000000e+02 1.221688000000000045e+02 7.500000000000000000e-01 1.000000000000000000e+00 3.180000000000000188e-02 2.500000000000000000e-01 1.000000000000000048e-04
1.255000000000000071e+01 9.199199999999999378e+00 1.242720999999999947e+02 1.800000000000000000e+02 1.222167000000000030e+02 7.500000000000000000e-01 1.000000000000000000e+00 3.189999999999999780e-02 2.500000000000000000e-01 1.000000000000000048e-04
1.259999999999999964e+01 9.195999999999999730e+00 1.243199999999999932e+02 1.800000000000000000e+02 1.222647000000000048e+02 7.500000000000000000e-01 1.000000000000000000e+00 3.200000000000000067e-02 2.500000000000000000e-01 1.000000000000000048e-04
1.265000000000000036e+01 9.192700000000000315e+00 1.243679000000000059e+02 1.800000000000000000e+02 1.223127000000000066e+02 7.500000000000000000e-01 1.000000000000000000e+00 3.219999999999999946e-02 2.500000000000000000e-01 1.000000000000000048e-04
1.269999999999999929e+01 9.189399999999999125e+00 1.244158000000000044e+02 1.800000000000000000e+02 1.223607999999999976e+02 7.500000000000000000e-01 1.000000000000000000e+00 3.230000000000000232e-02 2.500000000000000000e-01 1.000000000000000048e-04
1.275000000000000000e+01 9.186199999999999477e+00 1.244638000000000062e+02 1.800000000000000000e+02 1.224089000000000027e+02 7.500000000000000000e-01 1.000000000000000000e+00 3.250000000000000111e-02 2.500000000000000000e-01 1.000000000000000048e-04
1.280000000000000071e+01 9.182900000000000063e+00 1.245118999999999971e+02 1.800000000000000000e+02 1.224569999999999936e+02 7.500000000000000000e-01 1.000000000000000000e+00 3.259999999999999704e-02 2.500000000000000000e-01 1.000000000000000048e-04
1.284999999999999964e+01 9.179700000000000415e+00 1.245600000000000023e+02 1.800000000000000000e+02 1.225052000000000021e+02 7.500000000000000000e-01 1.000000000000000000e+00 3.280000000000000276e-02 2.500000000000000000e-01 1.000000000000000048e-04
1.290000000000000036e+01 9.176399999999999224e+00 1.246080999999999932e+02 1.800000000000000000e+02 1.225533999999999963e+02 7.500000000000000000e-01 1.000000000000000000e+00 3.289999999999999869e-02 2.500000000000000000e-01 1.000000000000000048e-04
1.294999999999999929e+01 9.173099999999999810e+00 1.246561999999999983e+02 1.800000000000000000e+02 1.226016999999999939e+02 7.500000000000000000e-01 1.000000000000000000e+00 3.300000000000000155e-02 2.500000000000000000e-01 1.000000000000000048e-04
1.300000000000000000e+01 9.169900000000000162e+00 1.247044999999999959e+02 1.800000000000000000e+02 1.226500000000000057e+02 7.500000000000000000e-01 1.000000000000000000e+00 3.320000000000000034e-02 2.500000000000000000e-01 1.000000000000000048e-04
1.305000000000000071e+01 9.166600000000000747e+00 1.247527000000000044e+02 1.800000000000000000e+02 1.226984000000000066e+02 7.500000000000000000e-01 1.000000000000000000e+00 3.330000000000000321e-02 2.500000000000000000e-01 1.000000000000000048e-04
1.309999999999999964e+01 9.163299999999999557e+00 1.248010000000000019e+02 1.800000000000000000e+02 1.227467999999999932e+02 7.500000000000000000e-01 1.000000000000000000e+00 3.350000000000000200e-02 2.500000000000000000e-01 1.000000000000000048e-04
1.315000000000000036e+01 9.160099999999999909e+00 1.248494000000000028e+02 1.800000000000000000e+02 1.227951999999999941e+02 7.500000000000000000e-01 1.000000000000000000e+00 3.359999999999999792e-02 2.500000000000000000e-01 1.000000000000000048e-04
1.319999999999999929e+01 9.156800000000000495e+00 1.248978000000000037e+02 1.800000000000000000e+02 1.228436999999999983e+02 7.500000000000000000e-01 1.000000000000000000e+00 3.379999999999999671e-02 2.500000000000000000e-01 1.000000000000000048e-04
1.325000000000000000e+01 9.153600000000000847e+00 1.249462000000000046e+02 1.800000000000000000e+02 1.228922000000000025e+02 7.500000000000000000e-01 1.000000000000000000e+00 3.389999999999999958e-02 2.500000000000000000e-01 1.000000000000000048e-04
1.330000000000000071e+01 9.150299999999999656e+00 1.249946999999999946e+02 1.800000000000000000e+02 1.229407999999999959e+02 7.500000000000000000e-01 1.000000000000000000e+00 3.409999999999999837e-02 2.500000000000000000e-01 1.000000000000000048e-04
1.334999999999999964e+01 9.147000000000000242e+00 1.250431999999999988e+02 1.800000000000000000e+02 1.229894000000000034e+02 7.500000000000000000e-01 1.000000000000000000e+00 3.420000000000000123e-02 2.500000000000000000e-01 1.000000000000000048e-04
1.340000000000000036e+01 9.143800000000000594e+00 1.250917000000000030e+02 1.800000000000000000e+02 1.230381000000000000e+02 7.500000000000000000e-01 1.000000000000000000e+00 3.429999999999999716e-02 2.500000000000000000e-01 1.000000000000000048e-04
1.344999999999999929e+01 9.140499999999999403e+00 1.251403999999999996e+02 1.800000000000000000e+02 1.230867999999999967e+02 7.500000000000000000e-01 1.000000000000000000e+00 3.450000000000000289e-02 2.500000000000000000e-01 1.000000000000000048e-04
1.350000000000000000e+01 9.137199999999999989e+00 1.251889999999999930e+02 1.800000000000000000e+02 1.231355999999999966e+02 7.500000000000000000e-01 1.000000000000000000e+00 3.459999999999999881e-02 2.500000000000000000e-01 1.000000000000000048e-04
1.355000000000000071e+01 9.133900000000000574e+00 1.252377000000000038e+02 1.800000000000000000e+02 1.231843999999999966e+02 7.500000000000000000e-01 1.000000000000000000e+00 3.479999999999999760e-02 2.500000000000000000e-01 1.000000000000000048e-04
1.359999999999999964e+01 9.130699999999999150e+00 1.252864000000000004e+02 1.800000000000000000e+02 1.232331999999999965e+02 7.500000000000000000e-01 1.000000000000000000e+00 3.490000000000000047e-02 2.500000000000000000e-01 1.000000000000000048e-04
1.365000000000000036e+01 9.127399999999999736e+00 1.253352000000000004e+02 1.800000000000000000e+02 1.232820999999999998e+02 7.500000000000000000e-01 1.000000000000000000e+00 3.509999999999999926e-02 2.500000000000000000e-01 1.000000000000000048e-04
1.369999999999999929e+01 9.124100000000000321e+00 1.253841000000000037e+02 1.800000000000000000e+02 1.233310000000000031e+02 7.500000000000000000e-01 1.000000000000000000e+00 3.520000000000000212e-02 2.500000000000000000e-01 1.000000000000000048e-04
1.375000000000000000e+01 9.120900000000000674e+00 1.254329000000000036e+02 1.800000000000000000e+02 1.233799999999999955e+02 7.500000000000000000e-01 1.000000000000000000e+00 3.540000000000000091e-02 2.500000000000000000e-01 1.000000000000000048e-04
1.380000000000000071e+01 9.117599999999999483e+00 1.254818999999999960e+02 1.800000000000000000e+02 1.234290000000000020e+02 7.500000000000000000e-01 1.000000000000000000e+00 3.549999999999999684e-02 2.500000000000000000e-01 1.000000000000000048e-04
1.384999999999999964e+01 9.114300000000000068e+00 1.255307999999999993e+02 1.800000000000000000e+02 1.234780999999999977e+02 7.500000000000000000e-01 1.000000000000000000e+00 3.559999999999999970e-02 2.500000000000000000e-01 1.000000000000000048e-04
1.390000000000000036e+01 9.111000000000000654e+00 1.255798000000000059e+02 1.800000000000000000e+02 1.235271999999999935e+02 7.500000000000000000e-01 1.000000000000000000e+00 3.579999999999999849e-02 2.500000000000000000e-01 1.000000000000000048e-04
1.394999999999999929e+01 9.107799999999999230e+00 1.256289000000000016e+02 1.800000000000000000e+02 1.235764000000000067e+02 7.500000000000000000e-01 1.000000000000000000e+00 3.590000000000000135e-02 2.500000000000000000e-01 1.000000000000000048e-04
1.400000000000000000e+01 9.104499999999999815e+00 1.256779999999999973e+02 1.800000000000000000e+02 1.236256000000000057e+02 7.500000000000000000e-01 1.000000000000000000e+00 3.610000000000000014e-02 2.500000000000000000e-01 1.000000000000000048e-04
1.405000000000000071e+01 9.101200000000000401e+00 1.257270999999999930e+02 1.800000000000000000e+02 1.236748000000000047e+02 7.500000000000000000e-01 1.000000000000000000e+00 3.620000000000000301e-02 2.500000000000000000e-01 1.000000000000000048e-04
1.409999999999999964e+01 9.098000000000000753e+00 1.257763000000000062e+02 1.800000000000000000e+02 1.237241000000000071e+02 7.500000000000000000e-01 1.000000000000000000e+00 3.640000000000000180e-02 2.500000000000000000e-01 1.000000000000000048e-04
1.415000000000000036e+01 9.094699999999999562e+00 1.258255999999999943e+02 1.800000000000000000e+02 1.237734999999999985e+02 7.500000000000000000e-01 1.000000000000000000e+00 3.649999999999999772e-02 2.500000000000000000e-01 1.000000000000000048e-04
1.419999999999999929e+01 9.091400000000000148e+00 1.258748999999999967e+02 1.800000000000000000e+02 1.238228000000000009e+02 7.500000000000000000e-01 1.000000000000000000e+00 3.670000000000000345e-02 2.500000000000000000e-01 1.000000000000000048e-04
1.425000000000000000e+01 9.088100000000000733e+00 1.259241999999999990e+02 1.800000000000000000e+02 1.238722999999999956e+02 7.500000000000000000e-01 1.000000000000000000e+00 3.679999999999999938e-02 2.500000000000000000e-01 1.000000000000000048e-04
1.430000000000000071e+01 9.084799999999999542e+00 1.259736000000000047e+02 1.800000000000000000e+02 1.239217000000000013e+02 7.500000000000000000e-01 1.000000000000000000e+00 3.699999999999999817e-02 2.500000000000000000e-01 1.000000000000000048e-04
1.434999999999999964e+01 9.081599999999999895e+00 1.260229999999999961e+02 1.800000000000000000e+02 1.239712999999999994e+02 7.500000000000000000e-01 1.000000000000000000e+00 3.710000000000000103e-02 2.500000000000000000e-01 1.000000000000000048e-04
1.440000000000000036e+01 9.078300000000000480e+00 1.260724000000000018e+02 1.800000000000000000e+02 1.240207999999999942e+02 7.500000000000000000e-01 1.000000000000000000e+00 3.729999999999999982e-02 2.500000000000000000e-01 1.000000000000000048e-04
1.444999999999999929e+01 9.074999999999999289e+00 1.261219999999999999e+02 1.800000000000000000e+02 1.240704000000000065e+02 7.500000000000000000e-01 1.000000000000000000e+00 3.740000000000000269e-02 2.500000000000000000e-01 1.000000000000000048e-04
1.450000000000000000e+01 9.071799999999999642e+00 1.261336000000000013e+02 1.800000000000000000e+02 1.239013999999999953e+02 7.500000000000000000e-01 1.000000000000000000e+00 3.740000000000000269e-02 2.500000000000000000e-01 1.000000000000000048e-04
1.455000000000000071e+01 9.068500000000000227e+00 1.261822999999999979e+02 1.800000000000000000e+02 1.239501000000000062e+02 7.500000000000000000e-01 1.000000000000000000e+00 3.760000000000000148e-02 2.500000000000000000e-01 1.000000000000000048e-04
1.459999999999999964e+01 9.065200000000000813e+00 1.262318999999999960e+02 1.800000000000000000e+02 1.239997999999999934e+02 7.500000000000000000e-01 1.000000000000000000e+00 3.769999999999999740e-02 2.500000000000000000e-01 1.000000000000000048e-04
1.465000000000000036e+01 9.061899999999999622e+00 1.262815999999999974e+02 1.800000000000000000e+02 1.240495999999999981e+02 7.500000000000000000e-01 1.000000000000000000e+00 3.790000000000000313e-02 2.500000000000000000e-01 1.000000000000000048e-04
1.469999999999999929e+01 9.058699999999999974e+00 1.263312999999999988e+02 1.800000000000000000e+02 1.240995000000000061e+02 7.500000000000000000e-01 1.000000000000000000e+00 3.799999999999999906e-02 2.500000000000000000e-01 1.000000000000000048e-04
1.475000000000000000e+01 9.055400000000000560e+00 1.263811000000000035e+02 1.800000000000000000e+02 1.241494000000000000e+02 7.500000000000000000e-01 1.000000000000000000e+00 3.819999999999999785e-02 2.500000000000000000e-01 1.000000000000000048e-04
1.480000000000000071e+01 9.052099999999999369e+00 1.264308999999999941e+02 1.800000000000000000e+02 1.241992999999999938e+02 7.500000000000000000e-01 1.000000000000000000e+00 3.830000000000000071e-02 2.500000000000000000e-01 1.000000000000000048e-04
1.484999999999999964e+01 9.048799999999999955e+00 1.264808000000000021e+02 1.800000000000000000e+02 1.242493000000000052e+02 7.500000000000000000e-01 1.000000000000000000e+00 3.849999999999999950e-02 2.500000000000000000e-01 1.000000000000000048e-04
1.490000000000000036e+01 9.045500000000000540e+00 1.265306999999999960e+02 1.800000000000000000e+02 1.242993000000000023e+02 7.500000000000000000e-01 1.000000000000000000e+00 3.860000000000000236e-02 2.500000000000000000e-01 1.000000000000000048e-04
1.494999999999999929e+01 9.042199999999999349e+00 1.265806999999999931e+02 1.800000000000000000e+02 1.243494000000000028e+02 7.500000000000000000e-01 1.000000000000000000e+00 3.880000000000000115e-02 2.500000000000000000e-01 1.000000000000000048e-04
1.500000000000000000e+01 9.038899999999999935e+00 1.266307000000000045e+02 1.800000000000000000e+02 1.243995000000000033e+02 7.500000000000000000e-01 1.000000000000000000e+00 3.889999999999999708e-02 2.500000000000000000e-01 1.000000000000000048e-04
1.505000000000000071e+01 9.035700000000000287e+00 1.266808000000000050e+02 1.800000000000000000e+02 1.244497000000000071e+02 7.500000000000000000e-01 1.000000000000000000e+00 3.910000000000000281e-02 2.500000000000000000e-01 1.000000000000000048e-04
1.509999999999999964e+01 9.032400000000000873e+00 1.267309000000000054e+02 1.800000000000000000e+02 1.244998999999999967e+02 7.500000000000000000e-01 1.000000000000000000e+00 3.919999999999999873e-02 2.500000000000000000e-01 1.000000000000000048e-04
1.515000000000000036e+01 9.029099999999999682e+00 1.267810000000000059e+02 1.800000000000000000e+02 1.245502000000000038e+02 7.500000000000000000e-01 1.000000000000000000e+00 3.939999999999999752e-02 2.500000000000000000e-01 1.000000000000000048e-04
1.519999999999999929e+01 9.025800000000000267e+00 1.268311999999999955e+02 1.800000000000000000e+02 1.246004999999999967e+02 7.500000000000000000e-01 1.000000000000000000e+00 3.950000000000000039e-02 2.500000000000000000e-01 1.000000000000000048e-04
1.525000000000000000e+01 9.022500000000000853e+00 1.268815000000000026e+02 1.800000000000000000e+02 1.246508000000000038e+02 7.500000000000000000e-01 1.000000000000000000e+00 3.969999999999999918e-02 2.500000000000000000e-01 1.000000000000000048e-04
1.530000000000000071e+01 9.019199999999999662e+00 1.269317999999999955e+02 1.800000000000000000e+02 1.247012000000000000e+02 7.500000000000000000e-01 1.000000000000000000e+00 3.980000000000000204e-02 2.500000000000000000e-01 1.000000000000000048e-04
1.534999999999999964e+01 9.015900000000000247e+00 1.269821000000000026e+02 1.800000000000000000e+02 1.247516999999999996e+02 7.500000000000000000e-01 1.000000000000000000e+00 4.000000000000000083e-02 2.500000000000000000e-01 1.000000000000000048e-04
1.540000000000000036e+01 9.012600000000000833e+00 1.270324999999999989e+02 1.800000000000000000e+02 1.248021999999999991e+02 7.500000000000000000e-01 1.000000000000000000e+00 4.009999999999999676e-02 2.500000000000000000e-01 1.000000000000000048e-04
1.544999999999999929e+01 9.009299999999999642e+00 1.270829999999999984e+02 1.800000000000000000e+02 1.248526999999999987e+02 7.500000000000000000e-01 1.000000000000000000e+00 4.030000000000000249e-02 2.500000000000000000e-01 1.000000000000000048e-04
1.550000000000000000e+01 9.006000000000000227e+00 1.271334999999999980e+02 1.800000000000000000e+02 1.249033000000000015e+02 7.500000000000000000e-01 1.000000000000000000e+00 4.039999999999999841e-02 2.500000000000000000e-01 1.000000000000000048e-04
1.555000000000000071e+01 9.002800000000000580e+00 1.271839999999999975e+02 1.800000000000000000e+02 1.249539999999999935e+02 7.500000000000000000e-01 1.000000000000000000e+00 4.059999999999999720e-02 2.500000000000000000e-01 1.000000000000000048e-04
1.559999999999999964e+01 8.999499999999999389e+00 1.272346000000000004e+02 1.800000000000000000e+02 1.250046999999999997e+02 7.500000000000000000e-01 1.000000000000000000e+00 4.070000000000000007e-02 2.500000000000000000e-01 1.000000000000000048e-04
1.565000000000000036e+01 8.996199999999999974e+00 1.272852000000000032e+02 1.800000000000000000e+02 1.250554000000000059e+02 7.500000000000000000e-01 1.000000000000000000e+00 4.089999999999999886e-02 2.500000000000000000e-01 1.000000000000000048e-04
1.569999999999999929e+01 8.992900000000000560e+00 1.273358999999999952e+02 1.800000000000000000e+02 1.251062000000000012e+02 7.500000000000000000e-01 1.000000000000000000e+00 4.100000000000000172e-02 2.500000000000000000e-01 1.000000000000000048e-04
1.575000000000000000e+01 8.989599999999999369e+00 1.273866000000000014e+02 1.800000000000000000e+02 1.251569999999999965e+02 7.500000000000000000e-01 1.000000000000000000e+00 4.120000000000000051e-02 2.500000000000000000e-01 1.000000000000000048e-04
1.580000000000000071e+01 8.986299999999999955e+00 1.274373999999999967e+02 1.800000000000000000e+02 1.252078999999999951e+02 7.500000000000000000e-01 1.000000000000000000e+00 4.130000000000000338e-02 2.500000000000000000e-01 1.000000000000000048e-04
1.584999999999999964e+01 8.983000000000000540e+00 1.274882000000000062e+02 1.800000000000000000e+02 1.252587999999999937e+02 7.500000000000000000e-01 1.000000000000000000e+00 4.150000000000000216e-02 2.500000000000000000e-01 1.000000000000000048e-04
1.590000000000000036e+01 8.979699999999999349e+00 1.275391000000000048e+02 1.800000000000000000e+02 1.253097999999999956e+02 7.500000000000000000e-01 1.000000000000000000e+00 4.159999999999999809e-02 2.500000000000000000e-01 1.000000000000000048e-04
1.594999999999999929e+01 8.976399999999999935e+00 1.275900000000000034e+02 1.800000000000000000e+02 1.253607999999999976e+02 7.500000000000000000e-01 1.000000000000000000e+00 4.179999999999999688e-02 2.500000000000000000e-01 1.000000000000000048e-04
1.600000000000000000e+01 8.973100000000000520e+00 1.276409000000000020e+02 1.800000000000000000e+02 1.254119000000000028e+02 7.500000000000000000e-01 1.000000000000000000e+00 4.189999999999999974e-02 2.500000000000000000e-01 1.000000000000000048e-04
1.605000000000000071e+01 8.969799999999999329e+00 1.276919000000000040e+02 1.800000000000000000e+02 1.254629999999999939e+02 7.500000000000000000e-01 1.000000000000000000e+00 4.209999999999999853e-02 2.500000000000000000e-01 1.000000000000000048e-04
1.610000000000000142e+01 8.966499999999999915e+00 1.277429999999999950e+02 1.800000000000000000e+02 1.255142000000000024e+02 7.500000000000000000e-01 1.000000000000000000e+00 4.220000000000000140e-02 2.500000000000000000e-01 1.000000000000000048e-04
1.614999999999999858e+01 8.963200000000000500e+00 1.277941000000000003e+02 1.800000000000000000e+02 1.255653999999999968e+02 7.500000000000000000e-01 1.000000000000000000e+00 4.240000000000000019e-02 2.500000000000000000e-01 1.000000000000000048e-04
1.619999999999999929e+01 8.959899999999999309e+00 1.278452999999999946e+02 1.800000000000000000e+02 1.256166000000000054e+02 7.500000000000000000e-01 1.000000000000000000e+00 4.250000000000000305e-02 2.500000000000000000e-01 1.000000000000000048e-04
1.625000000000000000e+01 8.956599999999999895e+00 1.278965000000000032e+02 1.800000000000000000e+02 1.256679000000000030e+02 7.500000000000000000e-01 1.000000000000000000e+00 4.270000000000000184e-02 2.500000000000000000e-01 1.000000000000000048e-04
1.630000000000000071e+01 8.953300000000000480e+00 1.279476999999999975e+02 1.800000000000000000e+02 1.257193000000000040e+02 7.500000000000000000e-01 1.000000000000000000e+00 4.279999999999999777e-02 2.500000000000000000e-01 1.000000000000000048e-04
1.635000000000000142e+01 8.949999999999999289e+00 1.279989999999999952e+02 1.800000000000000000e+02 1.257707000000000050e+02 7.500000000000000000e-01 1.000000000000000000e+00 4.299999999999999656e-02 2.500000000000000000e-01 1.000000000000000048e-04
1.639999999999999858e+01 8.946699999999999875e+00 1.280503999999999962e+02 1.800000000000000000e+02 1.258221999999999952e+02 7.500000000000000000e-01 1.000000000000000000e+00 4.309999999999999942e-02 2.500000000000000000e-01 1.000000000000000048e-04
1.644999999999999929e+01 8.943400000000000460e+00 1.281017999999999972e+02 1.800000000000000000e+02 1.258736999999999995e+02 7.500000000000000000e-01 1.000000000000000000e+00 4.329999999999999821e-02 2.500000000000000000e-01 1.000000000000000048e-04
1.650000000000000000e+01 8.940099999999999270e+00 1.281531999999999982e+02 1.800000000000000000e+02 1.259252000000000038e+02 7.500000000000000000e-01 1.000000000000000000e+00 4.340000000000000108e-02 2.500000000000000000e-01 1.000000000000000048e-04
1.655000000000000071e+01 8.936700000000000088e+00 1.282047000000000025e+02 1.800000000000000000e+02 1.259767999999999972e+02 7.500000000000000000e-01 1.000000000000000000e+00 4.359999999999999987e-02 2.500000000000000000e-01 1.000000000000000048e-04
1.660000000000000142e+01 8.933400000000000674e+00 1.282563000000000102e+02 1.800000000000000000e+02 1.260284999999999940e+02 7.500000000000000000e-01 1.000000000000000000e+00 4.370000000000000273e-02 2.500000000000000000e-01 1.000000000000000048e-04
1.664999999999999858e+01 8.930099999999999483e+00 1.283078999999999894e+02 1.800000000000000000e+02 1.260802000000000049e+02 7.500000000000000000e-01 1.000000000000000000e+00 4.390000000000000152e-02 2.500000000000000000e-01 1.000000000000000048e-04
1.669999999999999929e+01 8.926800000000000068e+00 1.283594999999999970e+02 1.800000000000000000e+02 1.261319000000000017e+02 7.500000000000000000e-01 1.000000000000000000e+00 4.410000000000000031e-02 2.500000000000000000e-01 1.000000000000000048e-04
1.675000000000000000e+01 8.923500000000000654e+00 1.284112000000000080e+02 1.800000000000000000e+02 1.261837000000000018e+02 7.500000000000000000e-01 1.000000000000000000e+00 4.420000000000000318e-02 2.500000000000000000e-01 1.000000000000000048e-04
1.680000000000000071e+01 8.920199999999999463e+00 1.284629999999999939e+02 1.800000000000000000e+02 1.262356000000000051e+02 7.500000000000000000e-01 1.000000000000000000e+00 4.440000000000000197e-02 2.500000000000000000e-01 1.000000000000000048e-04
1.685000000000000142e+01 8.916900000000000048e+00 1.285148000000000081e+02 1.800000000000000000e+02 1.262874999999999943e+02 7.500000000000000000e-01 1.000000000000000000e+00 4.449999999999999789e-02 2.500000000000000000e-01 1.000000000000000048e-04
1.689999999999999858e+01 8.913600000000000634e+00 1.285665999999999940e+02 1.800000000000000000e+02 1.263393999999999977e+02 7.500000000000000000e-01 1.000000000000000000e+00 4.469999999999999668e-02 2.500000000000000000e-01 1.000000000000000048e-04
1.694999999999999929e+01 8.910299999999999443e+00 1.286185000000000116e+02 1.800000000000000000e+02 1.263914000000000044e+02 7.500000000000000000e-01 1.000000000000000000e+00 4.479999999999999954e-02 2.500000000000000000e-01 1.000000000000000048e-04
1.700000000000000000e+01 8.907000000000000028e+00 1.286704000000000008e+02 1.800000000000000000e+02 1.264435000000000002e+02 7.500000000000000000e-01 1.000000000000000000e+00 4.499999999999999833e-02 2.500000000000000000e-01 1.000000000000000048e-04
1.705000000000000071e+01 8.903600000000000847e+00 1.287223999999999933e+02 1.800000000000000000e+02 1.264955999999999960e+02 7.500000000000000000e-01 1.000000000000000000e+00 4.510000000000000120e-02 2.500000000000000000e-01 1.000000000000000048e-04
1.710000000000000142e+01 8.900299999999999656e+00 1.287744999999999891e+02 1.800000000000000000e+02 1.265477000000000061e+02 7.500000000000000000e-01 1.000000000000000000e+00 4.529999999999999999e-02 2.500000000000000000e-01 1.000000000000000048e-04
1.714999999999999858e+01 8.897000000000000242e+00 1.288266000000000133e+02 1.800000000000000000e+02 1.265999000000000052e+02 7.500000000000000000e-01 1.000000000000000000e+00 4.540000000000000285e-02 2.500000000000000000e-01 1.000000000000000048e-04
1.719999999999999929e+01 8.893700000000000827e+00 1.288787000000000091e+02 1.800000000000000000e+02 1.266521999999999935e+02 7.500000000000000000e-01 1.000000000000000000e+00 4.560000000000000164e-02 2.500000000000000000e-01 1.000000000000000048e-04
1.725000000000000000e+01 8.890399999999999636e+00 1.289309000000000083e+02 1.800000000000000000e+02 1.267044999999999959e+02 7.500000000000000000e-01 1.000000000000000000e+00 4.580000000000000043e-02 2.500000000000000000e-01 1.000000000000000048e-04
1.730000000000000071e+01 8.887100000000000222e+00 1.289832000000000107e+02 1.800000000000000000e+02 1.267567999999999984e+02 7.500000000000000000e-01 1.000000000000000000e+00 4.590000000000000330e-02 2.500000000000000000e-01 1.000000000000000048e-04
1.735000000000000142e+01 8.883699999999999264e+00 1.290354000000000099e+02 1.800000000000000000e+02 1.268092000000000041e+02 7.500000000000000000e-01 1.000000000000000000e+00 4.610000000000000209e-02 2.500000000000000000e-01 1.000000000000000048e-04
1.739999999999999858e+01 8.880399999999999849e+00 1.290877999999999872e+02 1.800000000000000000e+02 1.268616999999999990e+02 7.500000000000000000e-01 1.000000000000000000e+00 4.619999999999999801e-02 2.500000000000000000e-01 1.000000000000000048e-04
1.744999999999999929e+01 8.877100000000000435e+00 1.291401999999999930e+02 1.800000000000000000e+02 1.269141999999999939e+02 7.500000000000000000e-01 1.000000000000000000e+00 4.639999999999999680e-02 2.500000000000000000e-01 1.000000000000000048e-04
1.750000000000000000e+01 8.873799999999999244e+00 1.291925999999999988e+02 1.800000000000000000e+02 1.269667000000000030e+02 7.500000000000000000e-01 1.000000000000000000e+00 4.649999999999999967e-02 2.500000000000000000e-01 1.000000000000000048e-04
1.755000000000000071e+01 8.870499999999999829e+00 1.292451000000000079e+02 1.800000000000000000e+02 1.270193000000000012e+02 7.500000000000000000e-01 1.000000000000000000e+00 4.669999999999999846e-02 2.500000000000000000e-01 1.000000000000000048e-04
1.760000000000000142e+01 8.867200000000000415e+00 1.292976999999999919e+02 1.800000000000000000e+02 1.270720000000000027e+02 7.500000000000000000e-01 1.000000000000000000e+00 4.680000000000000132e-02 2.500000000000000000e-01 1.000000000000000048e-04
1.764999999999999858e+01 8.863799999999999457e+00 1.293503000000000043e+02 1.800000000000000000e+02 1.271247000000000043e+02 7.500000000000000000e-01 1.000000000000000000e+00 4.700000000000000011e-02 2.500000000000000000e-01 1.000000000000000048e-04
1.769999999999999929e+01 8.860500000000000043e+00 1.294028999999999883e+02 1.800000000000000000e+02 1.271774000000000058e+02 7.500000000000000000e-01 1.000000000000000000e+00 4.719999999999999890e-02 2.500000000000000000e-01 1.000000000000000048e-04
1.775000000000000000e+01 8.857200000000000628e+00 1.294556000000000040e+02 1.800000000000000000e+02 1.272301999999999964e+02 7.500000000000000000e-01 1.000000000000000000e+00 4.730000000000000177e-02 2.500000000000000000e-01 1.000000000000000048e-04
1.780000000000000071e+01 8.853899999999999437e+00 1.295083999999999946e+02 1.800000000000000000e+02 1.272831000000000046e+02 7.500000000000000000e-01 1.000000000000000000e+00 4.750000000000000056e-02 2.500000000000000000e-01 1.000000000000000048e-04
1.785000000000000142e+01 8.850500000000000256e+00 1.295612000000000137e+02 1.800000000000000000e+02 1.273359999999999985e+02 7.500000000000000000e-01 1.000000000000000000e+00 4.760000000000000342e-02 2.500000000000000000e-01 1.000000000000000048e-04
1.789999999999999858e+01 8.847200000000000841e+00 1.296140000000000043e+02 1.800000000000000000e+02 1.273889000000000067e+02 7.500000000000000000e-01 1.000000000000000000e+00 4.780000000000000221e-02 2.500000000000000000e-01 1.000000000000000048e-04
1.794999999999999929e+01 8.843899999999999650e+00 1.296668999999999983e+02 1.800000000000000000e+02 1.274419000000000040e+02 7.500000000000000000e-01 1.000000000000000000e+00 4.789999999999999813e-02 2.500000000000000000e-01 1.000000000000000048e-04
1.800000000000000000e+01 8.840600000000000236e+00 1.297198999999999955e+02 1.800000000000000000e+02 1.274950000000000045e+02 7.500000000000000000e-01 1.000000000000000000e+00 4.809999999999999692e-02 2.500000000000000000e-01 1.000000000000000048e-04
1.805000000000000071e+01 8.837199999999999278e+00 1.297728999999999928e+02 1.800000000000000000e+02 1.275481000000000051e+02 7.500000000000000000e-01 1.000000000000000000e+00 4.830000000000000265e-02 2.500000000000000000e-01 1.000000000000000048e-04
1.810000000000000142e+01 8.833899999999999864e+00 1.298259999999999934e+02 1.800000000000000000e+02 1.276012999999999948e+02 7.500000000000000000e-01 1.000000000000000000e+00 4.839999999999999858e-02 2.500000000000000000e-01 1.000000000000000048e-04
1.814999999999999858e+01 8.830600000000000449e+00 1.298790999999999940e+02 1.800000000000000000e+02 1.276544999999999987e+02 7.500000000000000000e-01 1.000000000000000000e+00 4.859999999999999737e-02 2.500000000000000000e-01 1.000000000000000048e-04
1.819999999999999929e+01 8.827199999999999491e+00 1.299321999999999946e+02 1.800000000000000000e+02 1.277078000000000060e+02 7.500000000000000000e-01 1.000000000000000000e+00 4.870000000000000023e-02 2.500000000000000000e-01 1.000000000000000048e-04
1.825000000000000000e+01 8.823900000000000077e+00 1.299855000000000018e+02 1.800000000000000000e+02 1.277610999999999990e+02 7.500000000000000000e-01 1.000000000000000000e+00 4.889999999999999902e-02 2.500000000000000000e-01 1.000000000000000048e-04
1.830000000000000071e+01 8.820600000000000662e+00 1.300387000000000057e+02 1.800000000000000000e+02 1.278144000000000062e+02 7.500000000000000000e-01 1.000000000000000000e+00 4.900000000000000189e-02 2.500000000000000000e-01 1.000000000000000048e-04
1.835000000000000142e+01 8.817299999999999471e+00 1.300920000000000130e+02 1.800000000000000000e+02 1.278679000000000059e+02 7.500000000000000000e-01 1.000000000000000000e+00 4.920000000000000068e-02 2.500000000000000000e-01 1.000000000000000048e-04
1.839999999999999858e+01 8.813900000000000290e+00 1.301453999999999951e+02 1.800000000000000000e+02 1.279213000000000022e+02 7.500000000000000000e-01 1.000000000000000000e+00 4.939999999999999947e-02 2.500000000000000000e-01 1.000000000000000048e-04
1.844999999999999929e+01 8.810600000000000875e+00 1.301988000000000056e+02 1.800000000000000000e+02 1.279749000000000052e+02 7.500000000000000000e-01 1.000000000000000000e+00 4.950000000000000233e-02 2.500000000000000000e-01 1.000000000000000048e-04
1.850000000000000000e+01 8.807299999999999685e+00 1.302522999999999911e+02 1.800000000000000000e+02 1.280284000000000049e+02 7.500000000000000000e-01 1.000000000000000000e+00 4.970000000000000112e-02 2.500000000000000000e-01 1.000000000000000048e-04
1.855000000000000071e+01 8.803900000000000503e+00 1.303058000000000050e+02 1.800000000000000000e+02 1.280820999999999970e+02 7.500000000000000000e-01 1.000000000000000000e+00 4.979999999999999705e-02 2.500000000000000000e-01 1.000000000000000048e-04
1.860000000000000142e+01 8.800599999999999312e+00 1.303593999999999937e+02 1.800000000000000000e+02 1.281357999999999890e+02 7.500000000000000000e-01 1.000000000000000000e+00 5.000000000000000278e-02 2.500000000000000000e-01 1.000000000000000048e-04
1.864999999999999858e+01 8.797299999999999898e+00 1.304130999999999858e+02 1.800000000000000000e+02 1.281895000000000095e+02 7.500000000000000000e-01 1.000000000000000000e+00 5.020000000000000157e-02 2.500000000000000000e-01 1.000000000000000048e-04
1.869999999999999929e+01 8.793900000000000716e+00 1.304667000000000030e+02 1.800000000000000000e+02 1.282433000000000050e+02 7.500000000000000000e-01 1.000000000000000000e+00 5.029999999999999749e-02 2.500000000000000000e-01 1.000000000000000048e-04
1.875000000000000000e+01 8.790599999999999525e+00 1.305204999999999984e+02 1.800000000000000000e+02 1.282971000000000004e+02 7.500000000000000000e-01 1.000000000000000000e+00 5.050000000000000322e-02 2.500000000000000000e-01 1.000000000000000048e-04
1.880000000000000071e+01 8.787200000000000344e+00 1.305742999999999938e+02 1.800000000000000000e+02 1.283509999999999991e+02 7.500000000000000000e-01 1.000000000000000000e+00 5.059999999999999915e-02 2.500000000000000000e-01 1.000000000000000048e-04
1.885000000000000142e+01 8.783899999999999153e+00 1.306280999999999892e+02 1.800000000000000000e+02 1.284050000000000011e+02 7.500000000000000000e-01 1.000000000000000000e+00 5.079999999999999793e-02 2.500000000000000000e-01 1.000000000000000048e-04
1.889999999999999858e+01 8.780599999999999739e+00 1.306819999999999879e+02 1.800000000000000000e+02 1.284590000000000032e+02 7.500000000000000000e-01 1.000000000000000000e+00 5.099999999999999672e-02 2.500000000000000000e-01 1.000000000000000048e-04
1.894999999999999929e+01 8.777200000000000557e+00 1.307359999999999900e+02 1.800000000000000000e+02 1.285130000000000052e+02 7.500000000000000000e-01 1.000000000000000000e+00 5.109999999999999959e-02 2.500000000000000000e-01 1.000000000000000048e-04
1.900000000000000000e+01 8.773899999999999366e+00 1.307899999999999920e+02 1.800000000000000000e+02 1.285671000000000106e+02 7.500000000000000000e-01 1.000000000000000000e+00 5.129999999999999838e-02 2.500000000000000000e-01 1.000000000000000048e-04
1.905000000000000071e+01 8.770500000000000185e+00 1.308439999999999941e+02 1.800000000000000000e+02 1.286212999999999909e+02 7.500000000000000000e-01 1.000000000000000000e+00 5.140000000000000124e-02 2.500000000000000000e-01 1.000000000000000048e-04
1.910000000000000142e+01 8.767200000000000770e+00 1.308982000000000028e+02 1.800000000000000000e+02 1.286754999999999995e+02 7.500000000000000000e-01 1.000000000000000000e+00 5.160000000000000003e-02 2.500000000000000000e-01 1.000000000000000048e-04
1.914999999999999858e+01 8.763899999999999579e+00 1.309523000000000081e+02 1.800000000000000000e+02 1.287298000000000116e+02 7.500000000000000000e-01 1.000000000000000000e+00 5.179999999999999882e-02 2.500000000000000000e-01 1.000000000000000048e-04
1.919999999999999929e+01 8.760500000000000398e+00 1.310064999999999884e+02 1.800000000000000000e+02 1.287840999999999951e+02 7.500000000000000000e-01 1.000000000000000000e+00 5.190000000000000169e-02 2.500000000000000000e-01 1.000000000000000048e-04
1.925000000000000000e+01 8.757199999999999207e+00 1.310608000000000004e+02 1.800000000000000000e+02 1.288385000000000105e+02 7.500000000000000000e-01 1.000000000000000000e+00 5.210000000000000048e-02 2.500000000000000000e-01 1.000000000000000048e-04
1.930000000000000071e+01 8.753800000000000026e+00 1.311151000000000124e+02 1.800000000000000000e+02 1.288928999999999974e+02 7.500000000000000000e-01 1.000000000000000000e+00 5.220000000000000334e-02 2.500000000000000000e-01 1.000000000000000048e-04
1.935000000000000142e+01 8.750500000000000611e+00 1.311694999999999993e+02 1.800000000000000000e+02 1.289473999999999876e+02 7.500000000000000000e-01 1.000000000000000000e+00 5.240000000000000213e-02 2.500000000000000000e-01 1.000000000000000048e-04
1.939999999999999858e+01 8.747099999999999653e+00 1.312239999999999895e+02 1.800000000000000000e+02 1.290019000000000062e+02 7.500000000000000000e-01 1.000000000000000000e+00 5.260000000000000092e-02 2.500000000000000000e-01 1.000000000000000048e-04
1.944999999999999929e+01 8.743800000000000239e+00 1.312784000000000049e+02 1.800000000000000000e+02 1.290564999999999998e+02 7.500000000000000000e-01 1.000000000000000000e+00 5.269999999999999685e-02 2.500000000000000000e-01 1.000000000000000048e-04
1.950000000000000000e+01 8.740399999999999281e+00 1.313329999999999984e+02 1.800000000000000000e+02 1.291110999999999933e+02 7.500000000000000000e-01 1.000000000000000000e+00 5.290000000000000258e-02 2.500000000000000000e-01 1.000000000000000048e-04
1.955000000000000071e+01 8.737099999999999866e+00 1.313875999999999920e+02 1.800000000000000000e+02 1.291657999999999902e+02 7.500000000000000000e-01 1.000000000000000000e+00 5.310000000000000137e-02 2.500000000000000000e-01 1.000000000000000048e-04
1.960000000000000142e+01 8.733700000000000685e+00 1.314422000000000139e+02 1.800000000000000000e+02 1.292205999999999904e+02 7.500000000000000000e-01 1.000000000000000000e+00 5.319999999999999729e-02 2.500000000000000000e-01 1.000000000000000048e-04
1.964999999999999858e+01 8.730399999999999494e+00 1.314969000000000108e+02 1.800000000000000000e+02 1.292753999999999905e+02 7.500000000000000000e-01 1.000000000000000000e+00 5.340000000000000302e-02 2.500000000000000000e-01 1.000000000000000048e-04
1.969999999999999929e+01 8.727000000000000313e+00 1.315517000000000110e+02 1.800000000000000000e+02 1.293302999999999940e+02 7.500000000000000000e-01 1.000000000000000000e+00 5.349999999999999895e-02 2.500000000000000000e-01 1.000000000000000048e-04
1.975000000000000000e+01 8.723699999999999122e+00 1.316065000000000111e+02 1.800000000000000000e+02 1.293851999999999975e+02 7.500000000000000000e-01 1.000000000000000000e+00 5.369999999999999774e-02 2.500000000000000000e-01 1.000000000000000048e-04
1.980000000000000071e+01 8.720299999999999940e+00 1.316613999999999862e+02 1.800000000000000000e+02 1.294402000000000044e+02 7.500000000000000000e-01 1.000000000000000000e+00 5.390000000000000346e-02 2.500000000000000000e-01 1.000000000000000048e-04
1.985000000000000142e+01 8.717000000000000526e+00 1.317162999999999897e+02 1.800000000000000000e+02 1.294952000000000112e+02 7.500000000000000000e-01 1.000000000000000000e+00 5.399999999999999939e-02 2.500000000000000000e-01 1.000000000000000048e-04
1.989999999999999858e+01 8.713599999999999568e+00 1.317712999999999965e+02 1.800000000000000000e+02 1.295502999999999929e+02 7.500000000000000000e-01 1.000000000000000000e+00 5.419999999999999818e-02 2.500000000000000000e-01 1.000000000000000048e-04
1.994999999999999929e+01 8.710300000000000153e+00 1.318263000000000034e+02 1.800000000000000000e+02 1.296054000000000030e+02 7.500000000000000000e-01 1.000000000000000000e+00 5.439999999999999697e-02 2.500000000000000000e-01 1.000000000000000048e-04
2.000000000000000000e+01 8.706899999999999196e+00 1.318814000000000135e+02 1.800000000000000000e+02 1.296605999999999881e+02 7.500000000000000000e-01 1.000000000000000000e+00 5.449999999999999983e-02 2.500000000000000000e-01 1.000000000000000048e-04
2.005000000000000071e+01 8.703599999999999781e+00 1.319365999999999985e+02 1.800000000000000000e+02 1.297158000000000015e+02 7.500000000000000000e-01 1.000000000000000000e+00 5.469999999999999862e-02 2.500000000000000000e-01 1.000000000000000048e-04
2.010000000000000142e+01 8.700200000000000600e+00 1.319918000000000120e+02 1.800000000000000000e+02 1.297710999999999899e+02 7.500000000000000000e-01 1.000000000000000000e+00 5.480000000000000149e-02 2.500000000000000000e-01 1.000000000000000048e-04
2.014999999999999858e+01 8.696899999999999409e+00 1.320469999999999970e+02 1.800000000000000000e+02 1.298265000000000100e+02 7.500000000000000000e-01 1.000000000000000000e+00 5.500000000000000028e-02 2.500000000000000000e-01 1.000000000000000048e-04
2.019999999999999929e+01 8.693500000000000227e+00 1.321023999999999887e+02 1.800000000000000000e+02 1.298819000000000017e+02 7.500000000000000000e-01 1.000000000000000000e+00 5.519999999999999907e-02 2.500000000000000000e-01 1.000000000000000048e-04
2.025000000000000000e+01 8.690099999999999270e+00 1.321577000000000055e+02 1.800000000000000000e+02 1.299373999999999967e+02 7.500000000000000000e-01 1.000000000000000000e+00 5.530000000000000193e-02 2.500000000000000000e-01 1.000000000000000048e-04
2.030000000000000071e+01 8.686799999999999855e+00 1.322130999999999972e+02 1.800000000000000000e+02 1.299928999999999917e+02 7.500000000000000000e-01 1.000000000000000000e+00 5.550000000000000072e-02 2.500000000000000000e-01 1.000000000000000048e-04
2.035000000000000142e+01 8.683400000000000674e+00 1.322685999999999922e+02 1.800000000000000000e+02 1.300484999999999900e+02 7.500000000000000000e-01 1.000000000000000000e+00 5.569999999999999951e-02 2.500000000000000000e-01 1.000000000000000048e-04
2.039999999999999858e+01 8.680099999999999483e+00 1.323241999999999905e+02 1.800000000000000000e+02 1.301040999999999883e+02 7.500000000000000000e-01 1.000000000000000000e+00 5.580000000000000238e-02 2.500000000000000000e-01 1.000000000000000048e-04
2.044999999999999929e+01 8.676700000000000301e+00 1.323797999999999888e+02 1.800000000000000000e+02 1.301597999999999900e+02 7.500000000000000000e-01 1.000000000000000000e+00 5.600000000000000117e-02 2.500000000000000000e-01 1.000000000000000048e-04
2.050000000000000000e+01 8.673299999999999343e+00 1.324353999999999871e+02 1.800000000000000000e+02 1.302155999999999949e+02 7.500000000000000000e-01 1.000000000000000000e+00 5.619999999999999996e-02 2.500000000000000000e-01 1.000000000000000048e-04
2.055000000000000071e+01 8.669999999999999929e+00 1.324910999999999888e+02 1.800000000000000000e+02 1.302713999999999999e+02 7.500000000000000000e-01 1.000000000000000000e+00 5.630000000000000282e-02 2.500000000000000000e-01 1.000000000000000048e-04
2.060000000000000142e+01 8.666600000000000747e+00 1.325468999999999937e+02 1.800000000000000000e+02 1.303272000000000048e+02 7.500000000000000000e-01 1.000000000000000000e+00 5.650000000000000161e-02 2.500000000000000000e-01 1.000000000000000048e-04
2.064999999999999858e+01 8.663299999999999557e+00 1.326026999999999987e+02 1.800000000000000000e+02 1.303831000000000131e+02 7.500000000000000000e-01 1.000000000000000000e+00 5.670000000000000040e-02 2.500000000000000000e-01 1.000000000000000048e-04
2.069999999999999929e+01 8.659900000000000375e+00 1.326586000000000070e+02 1.800000000000000000e+02 1.304390999999999963e+02 7.500000000000000000e-01 1.000000000000000000e+00 5.680000000000000326e-02 2.500000000000000000e-01 1.000000000000000048e-04
2.075000000000000000e+01 8.656499999999999417e+00 1.327144999999999868e+02 1.800000000000000000e+02 1.304951000000000079e+02 7.500000000000000000e-01 1.000000000000000000e+00 5.700000000000000205e-02 2.500000000000000000e-01 1.000000000000000048e-04
2.080000000000000071e+01 8.653200000000000003e+00 1.327704999999999984e+02 1.800000000000000000e+02 1.305511999999999944e+02 7.500000000000000000e-01 1.000000000000000000e+00 5.720000000000000084e-02 2.500000000000000000e-01 1.000000000000000048e-04
2.085000000000000142e+01 8.649800000000000821e+00 1.328265000000000100e+02 1.800000000000000000e+02 1.306074000000000126e+02 7.500000000000000000e-01 1.000000000000000000e+00 5.729999999999999677e-02 2.500000000000000000e-01 1.000000000000000048e-04
2.089999999999999858e+01 8.646399999999999864e+00 1.328825999999999965e+02 1.800000000000000000e+02 1.306636000000000024e+02 7.500000000000000000e-01 1.000000000000000000e+00 5.750000000000000250e-02 2.500000000000000000e-01 1.000000000000000048e-04
2.094999999999999929e+01 8.643000000000000682e+00 1.329387999999999863e+02 1.800000000000000000e+02 1.307197999999999922e+02 7.500000000000000000e-01 1.000000000000000000e+00 5.770000000000000129e-02 2.500000000000000000e-01 1.000000000000000048e-04
2.100000000000000000e+01 8.639699999999999491e+00 1.329950000000000045e+02 1.800000000000000000e+02 1.307761000000000138e+02 7.500000000000000000e-01 1.000000000000000000e+00 5.779999999999999721e-02 2.500000000000000000e-01 1.000000000000000048e-04
2.105000000000000071e+01 8.636300000000000310e+00 1.330512999999999977e+02 1.800000000000000000e+02 1.308325000000000102e+02 7.500000000000000000e-01 1.000000000000000000e+00 5.800000000000000294e-02 2.500000000000000000e-01 1.000000000000000048e-04
2.110000000000000142e+01 8.632899999999999352e+00 1.331075999999999908e+02 1.800000000000000000e+02 1.308889000000000067e+02 7.500000000000000000e-01 1.000000000000000000e+00 5.820000000000000173e-02 2.500000000000000000e-01 1.000000000000000048e-04
2.114999999999999858e+01 8.629599999999999937e+00 1.331639999999999873e+02 1.800000000000000000e+02 1.309454000000000065e+02 7.500000000000000000e-01 1.000000000000000000e+00 5.829999999999999766e-02 2.500000000000000000e-01 1.000000000000000048e-04
2.119999999999999929e+01 8.626200000000000756e+00 1.332204999999999870e+02 1.800000000000000000e+02 1.310020000000000095e+02 7.500000000000000000e-01 1.000000000000000000e+00 5.850000000000000339e-02 2.500000000000000000e-01 1.000000000000000048e-04
2.125000000000000000e+01 8.622799999999999798e+00 1.332769999999999868e+02 1.800000000000000000e+02 1.310586000000000126e+02 7.500000000000000000e-01 1.000000000000000000e+00 5.870000000000000218e-02 2.500000000000000000e-01 1.000000000000000048e-04
2.130000000000000071e+01 8.619400000000000617e+00 1.333334999999999866e+02 1.800000000000000000e+02 1.311151999999999873e+02 7.500000000000000000e-01 1.000000000000000000e+00 5.879999999999999810e-02 2.500000000000000000e-01 1.000000000000000048e-04
2.135000000000000142e+01 8.616099999999999426e+00 1.333900999999999897e+02 1.800000000000000000e+02 1.311719999999999970e+02 7.500000000000000000e-01 1.000000000000000000e+00 5.899999999999999689e-02 2.500000000000000000e-01 1.000000000000000048e-04
2.139999999999999858e+01 8.612700000000000244e+00 1.334467999999999961e+02 1.800000000000000000e+02 1.312287000000000035e+02 7.500000000000000000e-01 1.000000000000000000e+00 5.920000000000000262e-02 2.500000000000000000e-01 1.000000000000000048e-04
2.144999999999999929e+01 8.609299999999999287e+00 1.335036000000000058e+02 1.800000000000000000e+02 1.312855999999999881e+02 7.500000000000000000e-01 1.000000000000000000e+00 5.929999999999999855e-02 2.500000000000000000e-01 1.000000000000000048e-04
2.150000000000000000e+01 8.605900000000000105e+00 1.335603999999999871e+02 1.800000000000000000e+02 1.313425000000000011e+02 7.500000000000000000e-01 1.000000000000000000e+00 5.949999999999999734e-02 2.500000000000000000e-01 1.000000000000000048e-04
2.155000000000000071e+01 8.602600000000000691e+00 1.336171999999999969e+02 1.800000000000000000e+02 1.313994000000000142e+02 7.500000000000000000e-01 1.000000000000000000e+00 5.970000000000000306e-02 2.500000000000000000e-01 1.000000000000000048e-04
2.160000000000000142e+01 8.599199999999999733e+00 1.336741000000000099e+02 1.800000000000000000e+02 1.314564000000000021e+02 7.500000000000000000e-01 1.000000000000000000e+00 5.979999999999999899e-02 2.500000000000000000e-01 1.000000000000000048e-04
2.164999999999999858e+01 8.595800000000000551e+00 1.337310999999999979e+02 1.800000000000000000e+02 1.315134999999999934e+02 7.500000000000000000e-01 1.000000000000000000e+00 5.999999999999999778e-02 2.500000000000000000e-01 1.000000000000000048e-04
2.169999999999999929e+01 8.592399999999999594e+00 1.337880999999999858e+02 1.800000000000000000e+02 1.315706000000000131e+02 7.500000000000000000e-01 1.000000000000000000e+00 6.019999999999999657e-02 2.500000000000000000e-01 1.000000000000000048e-04
2.175000000000000000e+01 8.589000000000000412e+00 1.338452000000000055e+02 1.800000000000000000e+02 1.316278000000000077e+02 7.500000000000000000e-01 1.000000000000000000e+00 6.040000000000000230e-02 2.500000000000000000e-01 1.000000000000000048e-04
2.180000000000000071e+01 8.585699999999999221e+00 1.339024000000000001e+02 1.800000000000000000e+02 1.316850000000000023e+02 7.500000000000000000e-01 1.000000000000000000e+00 6.049999999999999822e-02 2.500000000000000000e-01 1.000000000000000048e-04
2.185000000000000142e+01 8.582300000000000040e+00 1.339595999999999947e+02 1.800000000000000000e+02 1.317423000000000002e+02 7.500000000000000000e-01 1.000000000000000000e+00 6.069999999999999701e-02 2.500000000000000000e-01 1.000000000000000048e-04
2.189999999999999858e+01 8.578900000000000858e+00 1.340167999999999893e+02 1.800000000000000000e+02 1.317997000000000014e+02 7.500000000000000000e-01 1.000000000000000000e+00 6.090000000000000274e-02 2.500000000000000000e-01 1.000000000000000048e-04
2.194999999999999929e+01 8.575499999999999901e+00 1.340740999999999872e+02 1.800000000000000000e+02 1.318571000000000026e+02 7.500000000000000000e-01 1.000000000000000000e+00 6.099999999999999867e-02 2.500000000000000000e-01 1.000000000000000048e-04
2.200000000000000000e+01 8.572100000000000719e+00 1.341314999999999884e+02 1.800000000000000000e+02 1.319146000000000072e+02 7.500000000000000000e-01 1.000000000000000000e+00 6.119999999999999746e-02 2.500000000000000000e-01 1.000000000000000048e-04
2.205000000000000071e+01 8.568699999999999761e+00 1.341889999999999930e+02 1.800000000000000000e+02 1.319721000000000117e+02 7.500000000000000000e-01 1.000000000000000000e+00 6.140000000000000319e-02 2.500000000000000000e-01 1.000000000000000048e-04
2.210000000000000142e+01 8.565400000000000347e+00 1.342464999999999975e+02 1.800000000000000000e+02 1.320296999999999912e+02 7.500000000000000000e-01 1.000000000000000000e+00 6.160000000000000198e-02 2.500000000000000000e-01 1.000000000000000048e-04
2.214999999999999858e+01 8.561999999999999389e+00 1.343040000000000020e+02 1.800000000000000000e+02 1.320874000000000024e+02 7.500000000000000000e-01 1.000000000000000000e+00 6.169999999999999790e-02 2.500000000000000000e-01 1.000000000000000048e-04
2.219999999999999929e+01 8.558600000000000207e+00 1.343617000000000132e+02 1.800000000000000000e+02 1.321451000000000136e+02 7.500000000000000000e-01 1.000000000000000000e+00 6.189999999999999669e-02 2.500000000000000000e-01 1.000000000000000048e-04
2.225000000000000000e+01 8.555199999999999250e+00 1.344192999999999927e+02 1.800000000000000000e+02 1.322028999999999996e+02 7.500000000000000000e-01 1.000000000000000000e+00 6.210000000000000242e-02 2.500000000000000000e-01 1.000000000000000048e-04
2.230000000000000071e+01 8.551800000000000068e+00 1.344771000000000072e+02 1.800000000000000000e+02 1.322607000000000141e+02 7.500000000000000000e-01 1.000000000000000000e+00 6.219999999999999835e-02 2.500000000000000000e-01 1.000000000000000048e-04
2.235000000000000142e+01 8.548400000000000887e+00 1.345348999999999933e+02 1.800000000000000000e+02 1.323186000000000035e+02 7.500000000000000000e-01 1.000000000000000000e+00 6.239999999999999714e-02 2.500000000000000000e-01 1.000000000000000048e-04
2.239999999999999858e+01 8.544999999999999929e+00 1.345928000000000111e+02 1.800000000000000000e+02 1.323765999999999963e+02 7.500000000000000000e-01 1.000000000000000000e+00 6.260000000000000286e-02 2.500000000000000000e-01 1.000000000000000048e-04
2.244999999999999929e+01 8.541600000000000747e+00 1.346507000000000005e+02 1.800000000000000000e+02 1.324345999999999890e+02 7.500000000000000000e-01 1.000000000000000000e+00 6.279999999999999472e-02 2.500000000000000000e-01 1.000000000000000048e-04
2.250000000000000000e+01 8.538199999999999790e+00 1.347086999999999932e+02 1.800000000000000000e+02 1.324927000000000135e+02 7.500000000000000000e-01 1.000000000000000000e+00 6.289999999999999758e-02 2.500000000000000000e-01 1.000000000000000048e-04
2.255000000000000071e+01 8.534800000000000608e+00 1.347666999999999859e+02 1.800000000000000000e+02 1.325508000000000095e+02 7.500000000000000000e-01 1.000000000000000000e+00 6.310000000000000331e-02 2.500000000000000000e-01 1.000000000000000048e-04
2.260000000000000142e+01 8.531399999999999650e+00 1.348248000000000104e+02 1.800000000000000000e+02 1.326090000000000089e+02 7.500000000000000000e-01 1.000000000000000000e+00 6.329999999999999516e-02 2.500000000000000000e-01 1.000000000000000048e-04
2.264999999999999858e+01 8.528000000000000469e+00 1.348830000000000098e+02 1.800000000000000000e+02 1.326673000000000116e+02 7.500000000000000000e-01 1.000000000000000000e+00 6.339999999999999802e-02 2.500000000000000000e-01 1.000000000000000048e-04
2.269999999999999929e+01 8.524599999999999511e+00 1.349412000000000091e+02 1.800000000000000000e+02 1.327255999999999858e+02 7.500000000000000000e-01 1.000000000000000000e+00 6.360000000000000375e-02 2.500000000000000000e-01 1.000000000000000048e-04
2.275000000000000000e+01 8.521300000000000097e+00 1.349995000000000118e+02 1.800000000000000000e+02 1.327839999999999918e+02 7.500000000000000000e-01 1.000000000000000000e+00 6.379999999999999560e-02 2.500000000000000000e-01 1.000000000000000048e-04
2.280000000000000071e+01 8.517899999999999139e+00 1.350577999999999861e+02 1.800000000000000000e+02 1.328423999999999978e+02 7.500000000000000000e-01 1.000000000000000000e+00 6.400000000000000133e-02 2.500000000000000000e-01 1.000000000000000048e-04
2.285000000000000142e+01 8.514499999999999957e+00 1.351161999999999921e+02 1.800000000000000000e+02 1.329009000000000071e+02 7.500000000000000000e-01 1.000000000000000000e+00 6.410000000000000420e-02 2.500000000000000000e-01 1.000000000000000048e-04
2.289999999999999858e+01 8.511100000000000776e+00 1.351747000000000014e+02 1.800000000000000000e+02 1.329594999999999914e+02 7.500000000000000000e-01 1.000000000000000000e+00 6.429999999999999605e-02 2.500000000000000000e-01 1.000000000000000048e-04
2.294999999999999929e+01 8.507699999999999818e+00 1.352332000000000107e+02 1.800000000000000000e+02 1.330181000000000040e+02 7.500000000000000000e-01 1.000000000000000000e+00 6.450000000000000178e-02 2.500000000000000000e-01 1.000000000000000048e-04
2.300000000000000000e+01 8.504300000000000637e+00 1.352917999999999950e+02 1.800000000000000000e+02 1.330767999999999915e+02 7.500000000000000000e-01 1.000000000000000000e+00 6.469999999999999363e-02 2.500000000000000000e-01 1.000000000000000048e-04
2.305000000000000071e+01 8.500899999999999679e+00 1.353505000000000109e+02 1.800000000000000000e+02 1.331356000000000108e+02 7.500000000000000000e-01 1.000000000000000000e+00 6.479999999999999649e-02 2.500000000000000000e-01 1.000000000000000048e-04
2.310000000000000142e+01 8.497400000000000730e+00 1.354091999999999985e+02 1.800000000000000000e+02 1.331944000000000017e+02 7.500000000000000000e-01 1.000000000000000000e+00 6.500000000000000222e-02 2.500000000000000000e-01 1.000000000000000048e-04
2.314999999999999858e+01 8.493999999999999773e+00 1.354679999999999893e+02 1.800000000000000000e+02 1.332531999999999925e+02 7.500000000000000000e-01 1.000000000000000000e+00 6.519999999999999407e-02 2.500000000000000000e-01 1.000000000000000048e-04
2.319999999999999929e+01 8.490600000000000591e+00 1.355268000000000086e+02 1.800000000000000000e+02 1.333121999999999900e+02 7.500000000000000000e-01 1.000000000000000000e+00 6.539999999999999980e-02 2.500000000000000000e-01 1.000000000000000048e-04
2.325000000000000000e+01 8.487199999999999633e+00 1.355857000000000028e+02 1.800000000000000000e+02 1.333711999999999875e+02 7.500000000000000000e-01 1.000000000000000000e+00 6.550000000000000266e-02 2.500000000000000000e-01 1.000000000000000048e-04
2.330000000000000071e+01 8.483800000000000452e+00 1.356447000000000003e+02 1.800000000000000000e+02 1.334302000000000135e+02 7.500000000000000000e-01 1.000000000000000000e+00 6.569999999999999452e-02 2.500000000000000000e-01 1.000000000000000048e-04
2.335000000000000142e+01 8.480399999999999494e+00 1.357036999999999978e+02 1.800000000000000000e+02 1.334893999999999892e+02 7.500000000000000000e-01 1.000000000000000000e+00 6.590000000000000024e-02 2.500000000000000000e-01 1.000000000000000048e-04
2.339999999999999858e+01 8.477000000000000313e+00 1.357627999999999986e+02 1.800000000000000000e+02 1.335484999999999900e+02 7.500000000000000000e-01 1.000000000000000000e+00 6.610000000000000597e-02 2.500000000000000000e-01 1.000000000000000048e-04
2.344999999999999929e+01 8.473599999999999355e+00 1.358220000000000027e+02 1.800000000000000000e+02 1.336077999999999975e+02 7.500000000000000000e-01 1.000000000000000000e+00 6.619999999999999496e-02 2.500000000000000000e-01 1.000000000000000048e-04
2.350000000000000000e+01 8.470200000000000173e+00 1.358812000000000069e+02 1.800000000000000000e+02 1.336671000000000049e+02 7.500000000000000000e-01 1.000000000000000000e+00 6.640000000000000069e-02 2.500000000000000000e-01 1.000000000000000048e-04
2.355000000000000071e+01 8.466799999999999216e+00 1.359404999999999859e+02 1.800000000000000000e+02 1.337264999999999873e+02 7.500000000000000000e-01 1.000000000000000000e+00 6.660000000000000642e-02 2.500000000000000000e-01 1.000000000000000048e-04
2.360000000000000142e+01 8.463400000000000034e+00 1.359997999999999934e+02 1.800000000000000000e+02 1.337858999999999980e+02 7.500000000000000000e-01 1.000000000000000000e+00 6.679999999999999827e-02 2.500000000000000000e-01 1.000000000000000048e-04
2.364999999999999858e+01 8.460000000000000853e+00 1.360592000000000041e+02 1.800000000000000000e+02 1.338454000000000121e+02 7.500000000000000000e-01 1.000000000000000000e+00 6.690000000000000113e-02 2.500000000000000000e-01 1.000000000000000048e-04
2.369999999999999929e+01 8.456599999999999895e+00 1.361186999999999898e+02 1.800000000000000000e+02 1.339050000000000011e+02 7.500000000000000000e-01 1.000000000000000000e+00 6.710000000000000686e-02 2.500000000000000000e-01 1.000000000000000048e-04
2.375000000000000000e+01 8.453099999999999170e+00 1.361782000000000039e+02 1.800000000000000000e+02 1.339645999999999901e+02 7.500000000000000000e-01 1.000000000000000000e+00 6.729999999999999871e-02 2.500000000000000000e-01 1.000000000000000048e-04
2.380000000000000071e+01 8.449699999999999989e+00 1.362377999999999929e+02 1.800000000000000000e+02 1.340243000000000109e+02 7.500000000000000000e-01 1.000000000000000000e+00 6.750000000000000444e-02 2.500000000000000000e-01 1.000000000000000048e-04
2.385000000000000142e+01 8.446300000000000807e+00 1.362975000000000136e+02 1.800000000000000000e+02 1.340840000000000032e+02 7.500000000000000000e-01 1.000000000000000000e+00 6.759999999999999343e-02 2.500000000000000000e-01 1.000000000000000048e-04
2.389999999999999858e+01 8.442899999999999849e+00 1.363572000000000060e+02 1.800000000000000000e+02 1.341437999999999988e+02 7.500000000000000000e-01 1.000000000000000000e+00 6.779999999999999916e-02 2.500000000000000000e-01 1.000000000000000048e-04
2.394999999999999929e+01 8.439500000000000668e+00 1.364170000000000016e+02 1.800000000000000000e+02 1.342036999999999978e+02 7.500000000000000000e-01 1.000000000000000000e+00 6.800000000000000488e-02 2.500000000000000000e-01 1.000000000000000048e-04
2.400000000000000000e+01 8.436099999999999710e+00 1.364767999999999972e+02 1.800000000000000000e+02 1.342637000000000000e+02 7.500000000000000000e-01 1.000000000000000000e+00 6.819999999999999674e-02 2.500000000000000000e-01 1.000000000000000048e-04
2.405000000000000071e+01 8.432600000000000762e+00 1.365367999999999995e+02 1.800000000000000000e+02 1.343237000000000023e+02 7.500000000000000000e-01 1.000000000000000000e+00 6.840000000000000246e-02 2.500000000000000000e-01 1.000000000000000048e-04
2.410000000000000142e+01 8.429199999999999804e+00 1.365966999999999985e+02 1.800000000000000000e+02 1.343837000000000046e+02 7.500000000000000000e-01 1.000000000000000000e+00 6.850000000000000533e-02 2.500000000000000000e-01 1.000000000000000048e-04
2.414999999999999858e+01 8.425800000000000622e+00 1.366568000000000040e+02 1.800000000000000000e+02 1.344439000000000135e+02 7.500000000000000000e-01 1.000000000000000000e+00 6.869999999999999718e-02 2.500000000000000000e-01 1.000000000000000048e-04
2.419999999999999929e+01 8.422399999999999665e+00 1.367169000000000096e+02 1.800000000000000000e+02 1.345040999999999940e+02 7.500000000000000000e-01 1.000000000000000000e+00 6.890000000000000291e-02 2.500000000000000000e-01 1.000000000000000048e-04
2.425000000000000000e+01 8.419000000000000483e+00 1.367770999999999901e+02 1.800000000000000000e+02 1.345643000000000029e+02 7.500000000000000000e-01 1.000000000000000000e+00 6.909999999999999476e-02 2.500000000000000000e-01 1.000000000000000048e-04
2.430000000000000071e+01 8.415499999999999758e+00 1.368372999999999990e+02 1.800000000000000000e+02 1.346246999999999900e+02 7.500000000000000000e-01 1.000000000000000000e+00 6.930000000000000049e-02 2.500000000000000000e-01 1.000000000000000048e-04
2.435000000000000142e+01 8.412100000000000577e+00 1.368976000000000113e+02 1.800000000000000000e+02 1.346851000000000056e+02 7.500000000000000000e-01 1.000000000000000000e+00 6.940000000000000335e-02 2.500000000000000000e-01 1.000000000000000048e-04
2.439999999999999858e+01 8.408699999999999619e+00 1.369579999999999984e+02 1.800000000000000000e+02 1.347454999999999927e+02 7.500000000000000000e-01 1.000000000000000000e+00 6.959999999999999520e-02 2.500000000000000000e-01 1.000000000000000048e-04
2.444999999999999929e+01 8.405300000000000438e+00 1.370184000000000140e+02 1.800000000000000000e+02 1.348060000000000116e+02 7.500000000000000000e-01 1.000000000000000000e+00 6.980000000000000093e-02 2.500000000000000000e-01 1.000000000000000048e-04
2.450000000000000000e+01 8.401799999999999713e+00 1.370789000000000044e+02 1.800000000000000000e+02 1.348666000000000054e+02 7.500000000000000000e-01 1.000000000000000000e+00 7.000000000000000666e-02 2.500000000000000000e-01 1.000000000000000048e-04
2.455000000000000071e+01 8.398400000000000531e+00 1.371394999999999982e+02 1.800000000000000000e+02 1.349273000000000025e+02 7.500000000000000000e-01 1.000000000000000000e+00 7.009999999999999565e-02 2.500000000000000000e-01 1.000000000000000048e-04
2.460000000000000142e+01 8.394999999999999574e+00 1.372000999999999920e+02 1.800000000000000000e+02 1.349879999999999995e+02 7.500000000000000000e-01 1.000000000000000000e+00 7.030000000000000138e-02 2.500000000000000000e-01 1.000000000000000048e-04
2.464999999999999858e+01 8.391600000000000392e+00 1.372607999999999890e+02 1.800000000000000000e+02 1.350488000000000000e+02 7.500000000000000000e-01 1.000000000000000000e+00 7.049999999999999323e-02 2.500000000000000000e-01 1.000000000000000048e-04
2.469999999999999929e+01 8.388099999999999667e+00 1.373215999999999894e+02 1.800000000000000000e+02 1.351096000000000004e+02 7.500000000000000000e-01 1.000000000000000000e+00 7.069999999999999896e-02 2.500000000000000000e-01 1.000000000000000048e-04
2.475000000000000000e+01 8.384700000000000486e+00 1.373823999999999899e+02 1.800000000000000000e+02 1.351706000000000074e+02 7.500000000000000000e-01 1.000000000000000000e+00 7.090000000000000469e-02 2.500000000000000000e-01 1.000000000000000048e-04
2.480000000000000071e+01 8.381299999999999528e+00 1.374432999999999936e+02 1.800000000000000000e+02 1.352315000000000111e+02 7.500000000000000000e-01 1.000000000000000000e+00 7.109999999999999654e-02 2.500000000000000000e-01 1.000000000000000048e-04
2.485000000000000142e+01 8.377800000000000580e+00 1.375041999999999973e+02 1.800000000000000000e+02 1.352925999999999931e+02 7.500000000000000000e-01 1.000000000000000000e+00 7.119999999999999940e-02 2.500000000000000000e-01 1.000000000000000048e-04
2.489999999999999858e+01 8.374399999999999622e+00 1.375653000000000077e+02 1.800000000000000000e+02 1.353537000000000035e+02 7.500000000000000000e-01 1.000000000000000000e+00 7.140000000000000513e-02 2.500000000000000000e-01 1.000000000000000048e-04
2.494999999999999929e+01 8.371000000000000441e+00 1.376263999999999896e+02 1.800000000000000000e+02 1.354148999999999887e+02 7.500000000000000000e-01 1.000000000000000000e+00 7.159999999999999698e-02 2.500000000000000000e-01 1.000000000000000048e-04
2.500000000000000000e+01 8.367499999999999716e+00 1.376875000000000000e+02 1.800000000000000000e+02 1.354761000000000024e+02 7.500000000000000000e-01 1.000000000000000000e+00 7.180000000000000271e-02 2.500000000000000000e-01 1.000000000000000048e-04
2.505000000000000071e+01 8.364100000000000534e+00 1.377487000000000137e+02 1.800000000000000000e+02 1.355373999999999910e+02 7.500000000000000000e-01 1.000000000000000000e+00 7.199999999999999456e-02 2.500000000000000000e-01 1.000000000000000048e-04
2.510000000000000142e+01 8.360699999999999577e+00 1.378100000000000023e+02 1.800000000000000000e+02 1.355988000000000113e+02 7.500000000000000000e-01 1.000000000000000000e+00 7.209999999999999742e-02 2.500000000000000000e-01 1.000000000000000048e-04
2.514999999999999858e+01 8.357200000000000628e+00 1.378713999999999942e+02 1.800000000000000000e+02 1.356603000000000065e+02 7.500000000000000000e-01 1.000000000000000000e+00 7.230000000000000315e-02 2.500000000000000000e-01 1.000000000000000048e-04
2.519999999999999929e+01 8.353799999999999670e+00 1.379327999999999861e+02 1.800000000000000000e+02 1.357218000000000018e+02 7.500000000000000000e-01 1.000000000000000000e+00 7.249999999999999500e-02 2.500000000000000000e-01 1.000000000000000048e-04
2.525000000000000000e+01 8.350300000000000722e+00 1.379943000000000097e+02 1.800000000000000000e+02 1.357834000000000003e+02 7.500000000000000000e-01 1.000000000000000000e+00 7.270000000000000073e-02 2.500000000000000000e-01 1.000000000000000048e-04
2.530000000000000071e+01 8.346899999999999764e+00 1.380559000000000083e+02 1.800000000000000000e+02 1.358449999999999989e+02 7.500000000000000000e-01 1.000000000000000000e+00 7.290000000000000646e-02 2.500000000000000000e-01 1.000000000000000048e-04
2.535000000000000142e+01 8.343600000000000350e+00 1.380724999999999909e+02 1.800000000000000000e+02 1.356474000000000046e+02 7.500000000000000000e-01 1.000000000000000000e+00 7.290000000000000646e-02 2.500000000000000000e-01 1.000000000000000048e-04
2.539999999999999858e+01 8.340199999999999392e+00 1.381317999999999984e+02 1.800000000000000000e+02 1.357067999999999870e+02 7.500000000000000000e-01 1.000000000000000000e+00 7.309999999999999831e-02 2.500000000000000000e-01 1.000000000000000048e-04
2.544999999999999929e+01 8.336700000000000443e+00 1.381933999999999969e+02 1.800000000000000000e+02 1.357684999999999889e+02 7.500000000000000000e-01 1.000000000000000000e+00 7.330000000000000404e-02 2.500000000000000000e-01 1.000000000000000048e-04
2.550000000000000000e+01 8.333299999999999486e+00 1.382552000000000021e+02 1.800000000000000000e+02 1.358303999999999974e+02 7.500000000000000000e-01 1.000000000000000000e+00 7.349999999999999589e-02 2.500000000000000000e-01 1.000000000000000048e-04
2.555000000000000071e+01 8.329800000000000537e+00 1.383171000000000106e+02 1.800000000000000000e+02 1.358924000000000092e+02 7.500000000000000000e-01 1.000000000000000000e+00 7.359999999999999876e-02 2.500000000000000000e-01 1.000000000000000048e-04
2.560000000000000142e+01 8.326399999999999579e+00 1.383790999999999940e+02 1.800000000000000000e+02 1.359543999999999926e+02 7.500000000000000000e-01 1.000000000000000000e+00 7.380000000000000449e-02 2.500000000000000000e-01 1.000000000000000048e-04
2.564999999999999858e+01 8.322900000000000631e+00 1.384411000000000058e+02 1.800000000000000000e+02 1.360165000000000077e+02 7.500000000000000000e-01 1.000000000000000000e+00 7.399999999999999634e-02 2.500000000000000000e-01 1.000000000000000048e-04
2.569999999999999929e+01 8.319499999999999673e+00 1.385031999999999925e+02 1.800000000000000000e+02 1.360786999999999978e+02 7.500000000000000000e-01 1.000000000000000000e+00 7.420000000000000207e-02 2.500000000000000000e-01 1.000000000000000048e-04
2.575000000000000000e+01 8.316000000000000725e+00 1.385654000000000110e+02 1.800000000000000000e+02 1.361409999999999911e+02 7.500000000000000000e-01 1.000000000000000000e+00 7.439999999999999392e-02 2.500000000000000000e-01 1.000000000000000048e-04
2.580000000000000071e+01 8.312599999999999767e+00 1.386276000000000010e+02 1.800000000000000000e+02 1.362033000000000129e+02 7.500000000000000000e-01 1.000000000000000000e+00 7.459999999999999964e-02 2.500000000000000000e-01 1.000000000000000048e-04
2.585000000000000142e+01 8.309200000000000585e+00 1.386898999999999944e+02 1.800000000000000000e+02 1.362657000000000096e+02 7.500000000000000000e-01 1.000000000000000000e+00 7.480000000000000537e-02 2.500000000000000000e-01 1.000000000000000048e-04
2.589999999999999858e+01 8.305699999999999861e+00 1.387522999999999911e+02 1.800000000000000000e+02 1.363282000000000096e+02 7.500000000000000000e-01 1.000000000000000000e+00 7.489999999999999436e-02 2.500000000000000000e-01 1.000000000000000048e-04
2.594999999999999929e+01 8.302300000000000679e+00 1.388146999999999878e+02 1.800000000000000000e+02 1.363907000000000096e+02 7.500000000000000000e-01 1.000000000000000000e+00 7.510000000000000009e-02 2.500000000000000000e-01 1.000000000000000048e-04
2.600000000000000000e+01 8.298799999999999955e+00 1.388771999999999878e+02 1.800000000000000000e+02 1.364533000000000129e+02 7.500000000000000000e-01 1.000000000000000000e+00 7.530000000000000582e-02 2.500000000000000000e-01 1.000000000000000048e-04
2.605000000000000071e+01 8.295299999999999230e+00 1.389397999999999911e+02 1.800000000000000000e+02 1.365159999999999911e+02 7.500000000000000000e-01 1.000000000000000000e+00 7.549999999999999767e-02 2.500000000000000000e-01 1.000000000000000048e-04
2.610000000000000142e+01 8.291900000000000048e+00 1.390023999999999944e+02 1.800000000000000000e+02 1.365786999999999978e+02 7.500000000000000000e-01 1.000000000000000000e+00 7.570000000000000340e-02 2.500000000000000000e-01 1.000000000000000048e-04
2.614999999999999858e+01 8.288399999999999324e+00 1.390652000000000044e+02 1.800000000000000000e+02 1.366415000000000077e+02 7.500000000000000000e-01 1.000000000000000000e+00 7.589999999999999525e-02 2.500000000000000000e-01 1.000000000000000048e-04
2.619999999999999929e+01 8.285000000000000142e+00 1.391279000000000110e+02 1.800000000000000000e+02 1.367043999999999926e+02 7.500000000000000000e-01 1.000000000000000000e+00 7.610000000000000098e-02 2.500000000000000000e-01 1.000000000000000048e-04
2.625000000000000000e+01 8.281499999999999417e+00 1.391907999999999959e+02 1.800000000000000000e+02 1.367673000000000059e+02 7.500000000000000000e-01 1.000000000000000000e+00 7.620000000000000384e-02 2.500000000000000000e-01 1.000000000000000048e-04
2.630000000000000071e+01 8.278100000000000236e+00 1.392537000000000091e+02 1.800000000000000000e+02 1.368303999999999974e+02 7.500000000000000000e-01 1.000000000000000000e+00 7.639999999999999569e-02 2.500000000000000000e-01 1.000000000000000048e-04
2.635000000000000142e+01 8.274599999999999511e+00 1.393166999999999973e+02 1.800000000000000000e+02 1.368934999999999889e+02 7.500000000000000000e-01 1.000000000000000000e+00 7.660000000000000142e-02 2.500000000000000000e-01 1.000000000000000048e-04
2.639999999999999858e+01 8.271200000000000330e+00 1.393797999999999888e+02 1.800000000000000000e+02 1.369566000000000088e+02 7.500000000000000000e-01 1.000000000000000000e+00 7.679999999999999327e-02 2.500000000000000000e-01 1.000000000000000048e-04
2.644999999999999929e+01 8.267699999999999605e+00 1.394429000000000087e+02 1.800000000000000000e+02 1.370198000000000036e+02 7.500000000000000000e-01 1.000000000000000000e+00 7.699999999999999900e-02 2.500000000000000000e-01 1.000000000000000048e-04
2.650000000000000000e+01 8.264200000000000657e+00 1.395061000000000035e+02 1.800000000000000000e+02 1.370831000000000017e+02 7.500000000000000000e-01 1.000000000000000000e+00 7.720000000000000473e-02 2.500000000000000000e-01 1.000000000000000048e-04
2.655000000000000071e+01 8.260799999999999699e+00 1.395694000000000017e+02 1.800000000000000000e+02 1.371465000000000032e+02 7.500000000000000000e-01 1.000000000000000000e+00 7.739999999999999658e-02 2.500000000000000000e-01 1.000000000000000048e-04
2.660000000000000142e+01 8.257300000000000750e+00 1.396328000000000031e+02 1.800000000000000000e+02 1.372099000000000046e+02 7.500000000000000000e-01 1.000000000000000000e+00 7.760000000000000231e-02 2.500000000000000000e-01 1.000000000000000048e-04
2.664999999999999858e+01 8.253800000000000026e+00 1.396962000000000046e+02 1.800000000000000000e+02 1.372735000000000127e+02 7.500000000000000000e-01 1.000000000000000000e+00 7.770000000000000517e-02 2.500000000000000000e-01 1.000000000000000048e-04
2.669999999999999929e+01 8.250400000000000844e+00 1.397597000000000094e+02 1.800000000000000000e+02 1.373369999999999891e+02 7.500000000000000000e-01 1.000000000000000000e+00 7.789999999999999702e-02 2.500000000000000000e-01 1.000000000000000048e-04
2.675000000000000000e+01 8.246900000000000119e+00 1.398232000000000141e+02 1.800000000000000000e+02 1.374007000000000005e+02 7.500000000000000000e-01 1.000000000000000000e+00 7.810000000000000275e-02 2.500000000000000000e-01 1.000000000000000048e-04
2.680000000000000071e+01 8.243399999999999395e+00 1.398868999999999971e+02 1.800000000000000000e+02 1.374644000000000119e+02 7.500000000000000000e-01 1.000000000000000000e+00 7.829999999999999460e-02 2.500000000000000000e-01 1.000000000000000048e-04
2.685000000000000142e+01 8.240000000000000213e+00 1.399506000000000085e+02 1.800000000000000000e+02 1.375281999999999982e+02 7.500000000000000000e-01 1.000000000000000000e+00 7.850000000000000033e-02 2.500000000000000000e-01 1.000000000000000048e-04
2.689999999999999858e+01 8.236499999999999488e+00 1.400143999999999949e+02 1.800000000000000000e+02 1.375920999999999879e+02 7.500000000000000000e-01 1.000000000000000000e+00 7.870000000000000606e-02 2.500000000000000000e-01 1.000000000000000048e-04
2.694999999999999929e+01 8.233000000000000540e+00 1.400782000000000096e+02 1.800000000000000000e+02 1.376560000000000059e+02 7.500000000000000000e-01 1.000000000000000000e+00 7.889999999999999791e-02 2.500000000000000000e-01 1.000000000000000048e-04
2.700000000000000000e+01 8.229599999999999582e+00 1.401420999999999992e+02 1.800000000000000000e+02 1.377199999999999989e+02 7.500000000000000000e-01 1.000000000000000000e+00 7.910000000000000364e-02 2.500000000000000000e-01 1.000000000000000048e-04
2.705000000000000071e+01 8.226100000000000634e+00 1.402060999999999922e+02 1.800000000000000000e+02 1.377840999999999951e+02 7.500000000000000000e-01 1.000000000000000000e+00 7.929999999999999549e-02 2.500000000000000000e-01 1.000000000000000048e-04
2.710000000000000142e+01 8.222599999999999909e+00 1.402701999999999884e+02 1.800000000000000000e+02 1.378482999999999947e+02 7.500000000000000000e-01 1.000000000000000000e+00 7.950000000000000122e-02 2.500000000000000000e-01 1.000000000000000048e-04
2.714999999999999858e+01 8.219200000000000728e+00 1.403343000000000131e+02 1.800000000000000000e+02 1.379124999999999943e+02 7.500000000000000000e-01 1.000000000000000000e+00 7.960000000000000409e-02 2.500000000000000000e-01 1.000000000000000048e-04
2.719999999999999929e+01 8.215700000000000003e+00 1.403985999999999876e+02 1.800000000000000000e+02 1.379767999999999972e+02 7.500000000000000000e-01 1.000000000000000000e+00 7.979999999999999594e-02 2.500000000000000000e-01 1.000000000000000048e-04
2.725000000000000000e+01 8.212199999999999278e+00 1.404627999999999872e+02 1.800000000000000000e+02 1.380412000000000035e+02 7.500000000000000000e-01 1.000000000000000000e+00 8.000000000000000167e-02 2.500000000000000000e-01 1.000000000000000048e-04
2.730000000000000071e+01 8.208700000000000330e+00 1.405271999999999935e+02 1.800000000000000000e+02 1.381056000000000097e+02 7.500000000000000000e-01 1.000000000000000000e+00 8.019999999999999352e-02 2.500000000000000000e-01 1.000000000000000048e-04
2.735000000000000142e+01 8.205299999999999372e+00 1.405915999999999997e+02 1.800000000000000000e+02 1.381700999999999908e+02 7.500000000000000000e-01 1.000000000000000000e+00 8.039999999999999925e-02 2.500000000000000000e-01 1.000000000000000048e-04
2.739999999999999858e+01 8.201800000000000423e+00 1.406561000000000092e+02 1.800000000000000000e+02 1.382347000000000037e+02 7.500000000000000000e-01 1.000000000000000000e+00 8.060000000000000497e-02 2.500000000000000000e-01 1.000000000000000048e-04
2.744999999999999929e+01 8.198299999999999699e+00 1.407206999999999937e+02 1.800000000000000000e+02 1.382993999999999915e+02 7.500000000000000000e-01 1.000000000000000000e+00 8.079999999999999682e-02 2.500000000000000000e-01 1.000000000000000048e-04
2.750000000000000000e+01 8.194800000000000750e+00 1.407854000000000099e+02 1.800000000000000000e+02 1.383641000000000076e+02 7.500000000000000000e-01 1.000000000000000000e+00 8.100000000000000255e-02 2.500000000000000000e-01 1.000000000000000048e-04
2.755000000000000071e+01 8.191300000000000026e+00 1.408500999999999976e+02 1.800000000000000000e+02 1.384288999999999987e+02 7.500000000000000000e-01 1.000000000000000000e+00 8.119999999999999440e-02 2.500000000000000000e-01 1.000000000000000048e-04
2.760000000000000142e+01 8.187900000000000844e+00 1.409148999999999887e+02 1.800000000000000000e+02 1.384937999999999931e+02 7.500000000000000000e-01 1.000000000000000000e+00 8.140000000000000013e-02 2.500000000000000000e-01 1.000000000000000048e-04
2.764999999999999858e+01 8.184400000000000119e+00 1.409798000000000116e+02 1.800000000000000000e+02 1.385587999999999909e+02 7.500000000000000000e-01 1.000000000000000000e+00 8.160000000000000586e-02 2.500000000000000000e-01 1.000000000000000048e-04
2.769999999999999929e+01 8.180899999999999395e+00 1.410447000000000060e+02 1.800000000000000000e+02 1.386237999999999886e+02 7.500000000000000000e-01 1.000000000000000000e+00 8.179999999999999771e-02 2.500000000000000000e-01 1.000000000000000048e-04
2.775000000000000000e+01 8.177400000000000446e+00 1.411097000000000037e+02 1.800000000000000000e+02 1.386888999999999896e+02 7.500000000000000000e-01 1.000000000000000000e+00 8.190000000000000058e-02 2.500000000000000000e-01 1.000000000000000048e-04
2.780000000000000071e+01 8.173899999999999721e+00 1.411748000000000047e+02 1.800000000000000000e+02 1.387540999999999940e+02 7.500000000000000000e-01 1.000000000000000000e+00 8.210000000000000631e-02 2.500000000000000000e-01 1.000000000000000048e-04
2.785000000000000142e+01 8.170400000000000773e+00 1.412400000000000091e+02 1.800000000000000000e+02 1.388194000000000017e+02 7.500000000000000000e-01 1.000000000000000000e+00 8.229999999999999816e-02 2.500000000000000000e-01 1.000000000000000048e-04
2.789999999999999858e+01 8.166999999999999815e+00 1.413052000000000135e+02 1.800000000000000000e+02 1.388847000000000094e+02 7.500000000000000000e-01 1.000000000000000000e+00 8.250000000000000389e-02 2.500000000000000000e-01 1.000000000000000048e-04
2.794999999999999929e+01 8.163500000000000867e+00 1.413704999999999927e+02 1.800000000000000000e+02 1.389500999999999920e+02 7.500000000000000000e-01 1.000000000000000000e+00 8.269999999999999574e-02 2.500000000000000000e-01 1.000000000000000048e-04
2.800000000000000000e+01 8.160000000000000142e+00 1.414359000000000037e+02 1.800000000000000000e+02 1.390156000000000063e+02 7.500000000000000000e-01 1.000000000000000000e+00 8.290000000000000147e-02 2.500000000000000000e-01 1.000000000000000048e-04
2.805000000000000071e+01 8.156499999999999417e+00 1.415013999999999896e+02 1.800000000000000000e+02 1.390810999999999922e+02 7.500000000000000000e-01 1.000000000000000000e+00 8.309999999999999332e-02 2.500000000000000000e-01 1.000000000000000048e-04
2.810000000000000142e+01 8.153000000000000469e+00 1.415670000000000073e+02 1.800000000000000000e+02 1.391468000000000131e+02 7.500000000000000000e-01 1.000000000000000000e+00 8.329999999999999905e-02 2.500000000000000000e-01 1.000000000000000048e-04
2.814999999999999858e+01 8.149499999999999744e+00 1.416325999999999965e+02 1.800000000000000000e+02 1.392125000000000057e+02 7.500000000000000000e-01 1.000000000000000000e+00 8.350000000000000477e-02 2.500000000000000000e-01 1.000000000000000048e-04
2.819999999999999929e+01 8.146000000000000796e+00 1.416982999999999890e+02 1.800000000000000000e+02 1.392781999999999982e+02 7.500000000000000000e-01 1.000000000000000000e+00 8.369999999999999662e-02 2.500000000000000000e-01 1.000000000000000048e-04
2.825000000000000000e+01 8.142500000000000071e+00 1.417640000000000100e+02 1.800000000000000000e+02 1.393440999999999974e+02 7.500000000000000000e-01 1.000000000000000000e+00 8.390000000000000235e-02 2.500000000000000000e-01 1.000000000000000048e-04
2.830000000000000071e+01 8.138999999999999346e+00 1.418299000000000092e+02 1.800000000000000000e+02 1.394099999999999966e+02 7.500000000000000000e-01 1.000000000000000000e+00 8.409999999999999420e-02 2.500000000000000000e-01 1.000000000000000048e-04
2.835000000000000142e+01 8.135500000000000398e+00 1.418958000000000084e+02 1.800000000000000000e+02 1.394759999999999991e+02 7.500000000000000000e-01 1.000000000000000000e+00 8.429999999999999993e-02 2.500000000000000000e-01 1.000000000000000048e-04
2.839999999999999858e+01 8.131999999999999673e+00 1.419618000000000109e+02 1.800000000000000000e+02 1.395421000000000049e+02 7.500000000000000000e-01 1.000000000000000000e+00 8.450000000000000566e-02 2.500000000000000000e-01 1.000000000000000048e-04
2.844999999999999929e+01 8.128500000000000725e+00 1.420278999999999883e+02 1.800000000000000000e+02 1.396083000000000141e+02 7.500000000000000000e-01 1.000000000000000000e+00 8.469999999999999751e-02 2.500000000000000000e-01 1.000000000000000048e-04
2.850000000000000000e+01 8.125000000000000000e+00 1.420939999999999941e+02 1.800000000000000000e+02 1.396744999999999948e+02 7.500000000000000000e-01 1.000000000000000000e+00 8.490000000000000324e-02 2.500000000000000000e-01 1.000000000000000048e-04
2.855000000000000071e+01 8.121499999999999275e+00 1.421603000000000065e+02 1.800000000000000000e+02 1.397408000000000072e+02 7.500000000000000000e-01 1.000000000000000000e+00 8.509999999999999509e-02 2.500000000000000000e-01 1.000000000000000048e-04
2.860000000000000142e+01 8.118000000000000327e+00 1.422265999999999906e+02 1.800000000000000000e+02 1.398071999999999946e+02 7.500000000000000000e-01 1.000000000000000000e+00 8.530000000000000082e-02 2.500000000000000000e-01 1.000000000000000048e-04
2.864999999999999858e+01 8.114499999999999602e+00 1.422930000000000064e+02 1.800000000000000000e+02 1.398737000000000137e+02 7.500000000000000000e-01 1.000000000000000000e+00 8.550000000000000655e-02 2.500000000000000000e-01 1.000000000000000048e-04
2.869999999999999929e+01 8.111000000000000654e+00 1.423593999999999937e+02 1.800000000000000000e+02 1.399402000000000044e+02 7.500000000000000000e-01 1.000000000000000000e+00 8.569999999999999840e-02 2.500000000000000000e-01 1.000000000000000048e-04
2.875000000000000000e+01 8.107499999999999929e+00 1.424259999999999877e+02 1.800000000000000000e+02 1.400069000000000017e+02 7.500000000000000000e-01 1.000000000000000000e+00 8.590000000000000413e-02 2.500000000000000000e-01 1.000000000000000048e-04
2.880000000000000071e+01 8.103999999999999204e+00 1.424926000000000101e+02 1.800000000000000000e+02 1.400735999999999990e+02 7.500000000000000000e-01 1.000000000000000000e+00 8.609999999999999598e-02 2.500000000000000000e-01 1.000000000000000048e-04
2.885000000000000142e+01 8.100500000000000256e+00 1.425593000000000075e+02 1.800000000000000000e+02 1.401402999999999963e+02 7.500000000000000000e-01 1.000000000000000000e+00 8.630000000000000171e-02 2.500000000000000000e-01 1.000000000000000048e-04
2.889999999999999858e+01 8.096999999999999531e+00 1.426261000000000081e+02 1.800000000000000000e+02 1.402072000000000003e+02 7.500000000000000000e-01 1.000000000000000000e+00 8.649999999999999356e-02 2.500000000000000000e-01 1.000000000000000048e-04
2.894999999999999929e+01 8.093500000000000583e+00 1.426929000000000087e+02 1.800000000000000000e+02 1.402741000000000042e+02 7.500000000000000000e-01 1.000000000000000000e+00 8.669999999999999929e-02 2.500000000000000000e-01 1.000000000000000048e-04
2.900000000000000000e+01 8.089999999999999858e+00 1.427598000000000127e+02 1.800000000000000000e+02 1.403411000000000115e+02 7.500000000000000000e-01 1.000000000000000000e+00 8.690000000000000502e-02 2.500000000000000000e-01 1.000000000000000048e-04
2.905000000000000071e+01 8.086499999999999133e+00 1.428267999999999915e+02 1.800000000000000000e+02 1.404081999999999937e+02 7.500000000000000000e-01 1.000000000000000000e+00 8.709999999999999687e-02 2.500000000000000000e-01 1.000000000000000048e-04
2.910000000000000142e+01 8.083000000000000185e+00 1.428939000000000021e+02 1.800000000000000000e+02 1.404754000000000076e+02 7.500000000000000000e-01 1.000000000000000000e+00 8.730000000000000260e-02 2.500000000000000000e-01 1.000000000000000048e-04
2.914999999999999858e+01 8.079499999999999460e+00 1.429610999999999876e+02 1.800000000000000000e+02 1.405425999999999931e+02 7.500000000000000000e-01 1.000000000000000000e+00 8.749999999999999445e-02 2.500000000000000000e-01 1.000000000000000048e-04
2.919999999999999929e+01 8.076000000000000512e+00 1.430283000000000015e+02 1.800000000000000000e+02 1.406099000000000103e+02 7.500000000000000000e-01 1.000000000000000000e+00 8.770000000000000018e-02 2.500000000000000000e-01 1.000000000000000048e-04
2.925000000000000000e+01 8.072400000000000020e+00 1.430956999999999937e+02 1.800000000000000000e+02 1.406773000000000025e+02 7.500000000000000000e-01 1.000000000000000000e+00 8.790000000000000591e-02 2.500000000000000000e-01 1.000000000000000048e-04
2.930000000000000071e+01 8.068899999999999295e+00 1.431630999999999858e+02 1.800000000000000000e+02 1.407447999999999979e+02 7.500000000000000000e-01 1.000000000000000000e+00 8.809999999999999776e-02 2.500000000000000000e-01 1.000000000000000048e-04
2.935000000000000142e+01 8.065400000000000347e+00 1.432305000000000064e+02 1.800000000000000000e+02 1.408123999999999967e+02 7.500000000000000000e-01 1.000000000000000000e+00 8.830000000000000349e-02 2.500000000000000000e-01 1.000000000000000048e-04
2.939999999999999858e+01 8.061899999999999622e+00 1.432981000000000051e+02 1.800000000000000000e+02 1.408799999999999955e+02 7.500000000000000000e-01 1.000000000000000000e+00 8.849999999999999534e-02 2.500000000000000000e-01 1.000000000000000048e-04
2.944999999999999929e+01 8.058400000000000674e+00 1.433657000000000039e+02 1.800000000000000000e+02 1.409478000000000009e+02 7.500000000000000000e-01 1.000000000000000000e+00 8.870000000000000107e-02 2.500000000000000000e-01 1.000000000000000048e-04
2.950000000000000000e+01 8.054899999999999949e+00 1.434335000000000093e+02 1.800000000000000000e+02 1.410156000000000063e+02 7.500000000000000000e-01 1.000000000000000000e+00 8.890000000000000679e-02 2.500000000000000000e-01 1.000000000000000048e-04
2.955000000000000071e+01 8.051299999999999457e+00 1.435012999999999863e+02 1.800000000000000000e+02 1.410834000000000117e+02 7.500000000000000000e-01 1.000000000000000000e+00 8.909999999999999865e-02 2.500000000000000000e-01 1.000000000000000048e-04
2.960000000000000142e+01 8.047800000000000509e+00 1.435690999999999917e+02 1.800000000000000000e+02 1.411513999999999953e+02 7.500000000000000000e-01 1.000000000000000000e+00 8.930000000000000437e-02 2.500000000000000000e-01 1.000000000000000048e-04
2.964999999999999858e+01 8.044299999999999784e+00 1.436371000000000038e+02 1.800000000000000000e+02 1.412194000000000074e+02 7.500000000000000000e-01 1.000000000000000000e+00 8.949999999999999623e-02 2.500000000000000000e-01 1.000000000000000048e-04
2.969999999999999929e+01 8.040800000000000836e+00 1.437051999999999907e+02 1.800000000000000000e+02 1.412875999999999976e+02 7.500000000000000000e-01 1.000000000000000000e+00 8.970000000000000195e-02 2.500000000000000000e-01 1.000000000000000048e-04
2.975000000000000000e+01 8.037200000000000344e+00 1.437733000000000061e+02 1.800000000000000000e+02 1.413557999999999879e+02 7.500000000000000000e-01 1.000000000000000000e+00 8.989999999999999380e-02 2.500000000000000000e-01 1.000000000000000048e-04
2.980000000000000071e+01 8.033699999999999619e+00 1.438414999999999964e+02 1.800000000000000000e+02 1.414240000000000066e+02 7.500000000000000000e-01 1.000000000000000000e+00 9.009999999999999953e-02 2.500000000000000000e-01 1.000000000000000048e-04
2.985000000000000142e+01 8.030200000000000671e+00 1.439097999999999900e+02 1.800000000000000000e+02 1.414924000000000035e+02 7.500000000000000000e-01 1.000000000000000000e+00 9.030000000000000526e-02 2.500000000000000000e-01 1.000000000000000048e-04
2.989999999999999858e+01 8.026699999999999946e+00 1.439781000000000120e+02 1.800000000000000000e+02 1.415608000000000004e+02 7.500000000000000000e-01 1.000000000000000000e+00 9.049999999999999711e-02 2.500000000000000000e-01 1.000000000000000048e-04
2.994999999999999929e+01 8.023099999999999454e+00 1.440466000000000122e+02 1.800000000000000000e+02 1.416294000000000040e+02 7.500000000000000000e-01 1.000000000000000000e+00 9.070000000000000284e-02 2.500000000000000000e-01 1.000000000000000048e-04
3.000000000000000000e+01 8.019600000000000506e+00 1.441151000000000124e+02 1.800000000000000000e+02 1.416980000000000075e+02 7.500000000000000000e-01 1.000000000000000000e+00 9.089999999999999469e-02 2.500000000000000000e-01 1.000000000000000048e-04
3.005000000000000071e+01 8.016099999999999781e+00 1.441836999999999875e+02 1.800000000000000000e+02 1.417666999999999859e+02 7.500000000000000000e-01 1.000000000000000000e+00 9.110000000000000042e-02 2.500000000000000000e-01 1.000000000000000048e-04
3.010000000000000142e+01 8.012600000000000833e+00 1.442523999999999944e+02 1.800000000000000000e+02 1.418353999999999928e+02 7.500000000000000000e-01 1.000000000000000000e+00 9.130000000000000615e-02 2.500000000000000000e-01 1.000000000000000048e-04
3.014999999999999858e+01 8.009000000000000341e+00 1.443212000000000046e+02 1.800000000000000000e+02 1.419043000000000063e+02 7.500000000000000000e-01 1.000000000000000000e+00 9.149999999999999800e-02 2.500000000000000000e-01 1.000000000000000048e-04
3.019999999999999929e+01 8.005499999999999616e+00 1.443899999999999864e+02 1.800000000000000000e+02 1.419731999999999914e+02 7.500000000000000000e-01 1.000000000000000000e+00 9.170000000000000373e-02 2.500000000000000000e-01 1.000000000000000048e-04
3.025000000000000000e+01 8.002000000000000668e+00 1.444590000000000032e+02 1.800000000000000000e+02 1.420422000000000082e+02 7.500000000000000000e-01 1.000000000000000000e+00 9.189999999999999558e-02 2.500000000000000000e-01 1.000000000000000048e-04
3.030000000000000071e+01 7.998400000000000176e+00 1.445279999999999916e+02 1.800000000000000000e+02 1.421113000000000000e+02 7.500000000000000000e-01 1.000000000000000000e+00 9.210000000000000131e-02 2.500000000000000000e-01 1.000000000000000048e-04
3.035000000000000142e+01 7.994900000000000340e+00 1.445971000000000117e+02 1.800000000000000000e+02 1.421804999999999950e+02 7.500000000000000000e-01 1.000000000000000000e+00 9.229999999999999316e-02 2.500000000000000000e-01 1.000000000000000048e-04
3.039999999999999858e+01 7.991299999999999848e+00 1.446663000000000068e+02 1.800000000000000000e+02 1.422497999999999934e+02 7.500000000000000000e-01 1.000000000000000000e+00 9.249999999999999889e-02 2.500000000000000000e-01 1.000000000000000048e-04
3.044999999999999929e+01 7.987800000000000011e+00 1.447356000000000051e+02 1.800000000000000000e+02 1.423190999999999917e+02 7.500000000000000000e-01 1.000000000000000000e+00 9.270000000000000462e-02 2.500000000000000000e-01 1.000000000000000048e-04
3.050000000000000000e+01 7.984300000000000175e+00 1.448049000000000035e+02 1.800000000000000000e+02 1.423885999999999967e+02 7.500000000000000000e-01 1.000000000000000000e+00 9.289999999999999647e-02 2.500000000000000000e-01 1.000000000000000048e-04
3.055000000000000071e+01 7.980699999999999683e+00 1.448744000000000085e+02 1.800000000000000000e+02 1.424581000000000017e+02 7.500000000000000000e-01 1.000000000000000000e+00 9.310000000000000220e-02 2.500000000000000000e-01 1.000000000000000048e-04
3.060000000000000142e+01 7.977199999999999847e+00 1.449439000000000135e+02 1.800000000000000000e+02 1.425277000000000100e+02 7.500000000000000000e-01 1.000000000000000000e+00 9.329999999999999405e-02 2.500000000000000000e-01 1.000000000000000048e-04
3.064999999999999858e+01 7.973600000000000243e+00 1.450134999999999934e+02 1.800000000000000000e+02 1.425973999999999933e+02 7.500000000000000000e-01 1.000000000000000000e+00 9.360000000000000264e-02 2.500000000000000000e-01 1.000000000000000048e-04
3.069999999999999929e+01 7.970100000000000406e+00 1.450832000000000050e+02 1.800000000000000000e+02 1.426671000000000049e+02 7.500000000000000000e-01 1.000000000000000000e+00 9.379999999999999449e-02 2.500000000000000000e-01 1.000000000000000048e-04
3.075000000000000000e+01 7.966599999999999682e+00 1.451529999999999916e+02 1.800000000000000000e+02 1.427369999999999948e+02 7.500000000000000000e-01 1.000000000000000000e+00 9.400000000000000022e-02 2.500000000000000000e-01 1.000000000000000048e-04
3.080000000000000071e+01 7.963000000000000078e+00 1.452228000000000065e+02 1.800000000000000000e+02 1.428069000000000131e+02 7.500000000000000000e-01 1.000000000000000000e+00 9.420000000000000595e-02 2.500000000000000000e-01 1.000000000000000048e-04
3.085000000000000142e+01 7.959500000000000242e+00 1.452927999999999997e+02 1.800000000000000000e+02 1.428769000000000062e+02 7.500000000000000000e-01 1.000000000000000000e+00 9.439999999999999780e-02 2.500000000000000000e-01 1.000000000000000048e-04
3.089999999999999858e+01 7.955899999999999750e+00 1.453627999999999929e+02 1.800000000000000000e+02 1.429470000000000027e+02 7.500000000000000000e-01 1.000000000000000000e+00 9.460000000000000353e-02 2.500000000000000000e-01 1.000000000000000048e-04
3.094999999999999929e+01 7.952399999999999913e+00 1.454328999999999894e+02 1.800000000000000000e+02 1.430172000000000025e+02 7.500000000000000000e-01 1.000000000000000000e+00 9.479999999999999538e-02 2.500000000000000000e-01 1.000000000000000048e-04
3.100000000000000000e+01 7.948800000000000310e+00 1.455030999999999892e+02 1.800000000000000000e+02 1.430875000000000057e+02 7.500000000000000000e-01 1.000000000000000000e+00 9.500000000000000111e-02 2.500000000000000000e-01 1.000000000000000048e-04
3.105000000000000071e+01 7.945299999999999585e+00 1.455733999999999924e+02 1.800000000000000000e+02 1.431579000000000121e+02 7.500000000000000000e-01 1.000000000000000000e+00 9.520000000000000684e-02 2.500000000000000000e-01 1.000000000000000048e-04
3.110000000000000142e+01 7.941699999999999982e+00 1.456437999999999988e+02 1.800000000000000000e+02 1.432282999999999902e+02 7.500000000000000000e-01 1.000000000000000000e+00 9.539999999999999869e-02 2.500000000000000000e-01 1.000000000000000048e-04
3.114999999999999858e+01 7.938200000000000145e+00 1.457143000000000086e+02 1.800000000000000000e+02 1.432988000000000000e+02 7.500000000000000000e-01 1.000000000000000000e+00 9.560000000000000442e-02 2.500000000000000000e-01 1.000000000000000048e-04
3.119999999999999929e+01 7.934599999999999653e+00 1.457847999999999900e+02 1.800000000000000000e+02 1.433694000000000131e+02 7.500000000000000000e-01 1.000000000000000000e+00 9.579999999999999627e-02 2.500000000000000000e-01 1.000000000000000048e-04
3.125000000000000000e+01 7.931099999999999817e+00 1.458554000000000030e+02 1.800000000000000000e+02 1.434401000000000010e+02 7.500000000000000000e-01 1.000000000000000000e+00 9.610000000000000486e-02 2.500000000000000000e-01 1.000000000000000048e-04
3.130000000000000071e+01 7.927500000000000213e+00 1.459261999999999944e+02 1.800000000000000000e+02 1.435108999999999924e+02 7.500000000000000000e-01 1.000000000000000000e+00 9.629999999999999671e-02 2.500000000000000000e-01 1.000000000000000048e-04
3.135000000000000142e+01 7.923899999999999721e+00 1.459970000000000141e+02 1.800000000000000000e+02 1.435817999999999870e+02 7.500000000000000000e-01 1.000000000000000000e+00 9.650000000000000244e-02 2.500000000000000000e-01 1.000000000000000048e-04
3.139999999999999858e+01 7.920399999999999885e+00 1.460679000000000087e+02 1.800000000000000000e+02 1.436528000000000134e+02 7.500000000000000000e-01 1.000000000000000000e+00 9.669999999999999429e-02 2.500000000000000000e-01 1.000000000000000048e-04
3.144999999999999929e+01 7.916800000000000281e+00 1.461388000000000034e+02 1.800000000000000000e+02 1.437238000000000113e+02 7.500000000000000000e-01 1.000000000000000000e+00 9.690000000000000002e-02 2.500000000000000000e-01 1.000000000000000048e-04
3.150000000000000000e+01 7.913299999999999557e+00 1.462099000000000046e+02 1.800000000000000000e+02 1.437949999999999875e+02 7.500000000000000000e-01 1.000000000000000000e+00 9.710000000000000575e-02 2.500000000000000000e-01 1.000000000000000048e-04
3.155000000000000071e+01 7.909699999999999953e+00 1.462811000000000092e+02 1.800000000000000000e+02 1.438661999999999921e+02 7.500000000000000000e-01 1.000000000000000000e+00 9.729999999999999760e-02 2.500000000000000000e-01 1.000000000000000048e-04
3.160000000000000142e+01 7.906100000000000350e+00 1.463523000000000138e+02 1.800000000000000000e+02 1.439375000000000000e+02 7.500000000000000000e-01 1.000000000000000000e+00 9.750000000000000333e-02 2.500000000000000000e-01 1.000000000000000048e-04
3.164999999999999858e+01 7.902599999999999625e+00 1.464235999999999933e+02 1.800000000000000000e+02 1.440089000000000112e+02 7.500000000000000000e-01 1.000000000000000000e+00 9.769999999999999518e-02 2.500000000000000000e-01 1.000000000000000048e-04
3.169999999999999929e+01 7.899000000000000021e+00 1.464950000000000045e+02 1.800000000000000000e+02 1.440803999999999974e+02 7.500000000000000000e-01 1.000000000000000000e+00 9.800000000000000377e-02 2.500000000000000000e-01 1.000000000000000048e-04
3.175000000000000000e+01 7.895400000000000418e+00 1.465665999999999940e+02 1.800000000000000000e+02 1.441519000000000119e+02 7.500000000000000000e-01 1.000000000000000000e+00 9.819999999999999563e-02 2.500000000000000000e-01 1.000000000000000048e-04
3.180000000000000071e+01 7.891899999999999693e+00 1.466381000000000085e+02 1.800000000000000000e+02 1.442236000000000047e+02 7.500000000000000000e-01 1.000000000000000000e+00 9.840000000000000135e-02 2.500000000000000000e-01 1.000000000000000048e-04
3.185000000000000142e+01 7.888300000000000090e+00 1.467098000000000013e+02 1.800000000000000000e+02 1.442954000000000008e+02 7.500000000000000000e-01 1.000000000000000000e+00 9.859999999999999321e-02 2.500000000000000000e-01 1.000000000000000048e-04
3.189999999999999858e+01 7.884699999999999598e+00 1.467815999999999974e+02 1.800000000000000000e+02 1.443671999999999969e+02 7.500000000000000000e-01 1.000000000000000000e+00 9.879999999999999893e-02 2.500000000000000000e-01 1.000000000000000048e-04
3.194999999999999929e+01 7.881199999999999761e+00 1.468534999999999968e+02 1.800000000000000000e+02 1.444390999999999963e+02 7.500000000000000000e-01 1.000000000000000000e+00 9.900000000000000466e-02 2.500000000000000000e-01 1.000000000000000048e-04
3.200000000000000000e+01 7.877600000000000158e+00 1.469253999999999962e+02 1.800000000000000000e+02 1.445110999999999990e+02 7.500000000000000000e-01 1.000000000000000000e+00 9.919999999999999651e-02 2.500000000000000000e-01 1.000000000000000048e-04
3.204999999999999716e+01 7.873999999999999666e+00 1.469975000000000023e+02 1.800000000000000000e+02 1.445833000000000084e+02 7.500000000000000000e-01 1.000000000000000000e+00 9.940000000000000224e-02 2.500000000000000000e-01 1.000000000000000048e-04
3.210000000000000142e+01 7.870499999999999829e+00 1.470696000000000083e+02 1.800000000000000000e+02 1.446553999999999860e+02 7.500000000000000000e-01 1.000000000000000000e+00 9.969999999999999696e-02 2.500000000000000000e-01 1.000000000000000048e-04
3.214999999999999858e+01 7.866900000000000226e+00 1.471417999999999893e+02 1.800000000000000000e+02 1.447276999999999987e+02 7.500000000000000000e-01 1.000000000000000000e+00 9.990000000000000269e-02 2.500000000000000000e-01 1.000000000000000048e-04
3.220000000000000284e+01 7.863299999999999734e+00 1.472141000000000020e+02 1.800000000000000000e+02 1.448000999999999863e+02 7.500000000000000000e-01 1.000000000000000000e+00 1.000999999999999945e-01 2.500000000000000000e-01 1.000000000000000048e-04
3.225000000000000000e+01 7.859700000000000131e+00 1.472864999999999895e+02 1.800000000000000000e+02 1.448726000000000056e+02 7.500000000000000000e-01 1.000000000000000000e+00 1.003000000000000003e-01 2.500000000000000000e-01 1.000000000000000048e-04
3.229999999999999716e+01 7.856099999999999639e+00 1.473590000000000089e+02 1.800000000000000000e+02 1.449450999999999965e+02 7.500000000000000000e-01 1.000000000000000000e+00 1.005000000000000060e-01 2.500000000000000000e-01 1.000000000000000048e-04
3.235000000000000142e+01 7.852599999999999802e+00 1.474316000000000031e+02 1.800000000000000000e+02 1.450177999999999940e+02 7.500000000000000000e-01 1.000000000000000000e+00 1.006999999999999978e-01 2.500000000000000000e-01 1.000000000000000048e-04
3.239999999999999858e+01 7.849000000000000199e+00 1.475043000000000006e+02 1.800000000000000000e+02 1.450904999999999916e+02 7.500000000000000000e-01 1.000000000000000000e+00 1.010000000000000064e-01 2.500000000000000000e-01 1.000000000000000048e-04
3.245000000000000284e+01 7.845399999999999707e+00 1.475771000000000015e+02 1.800000000000000000e+02 1.451632999999999925e+02 7.500000000000000000e-01 1.000000000000000000e+00 1.011999999999999983e-01 2.500000000000000000e-01 1.000000000000000048e-04
3.250000000000000000e+01 7.841800000000000104e+00 1.476499000000000024e+02 1.800000000000000000e+02 1.452363000000000000e+02 7.500000000000000000e-01 1.000000000000000000e+00 1.014000000000000040e-01 2.500000000000000000e-01 1.000000000000000048e-04
3.254999999999999716e+01 7.838199999999999612e+00 1.477229000000000099e+02 1.800000000000000000e+02 1.453093000000000075e+02 7.500000000000000000e-01 1.000000000000000000e+00 1.015999999999999959e-01 2.500000000000000000e-01 1.000000000000000048e-04
3.260000000000000142e+01 7.834699999999999775e+00 1.477959999999999923e+02 1.800000000000000000e+02 1.453823999999999899e+02 7.500000000000000000e-01 1.000000000000000000e+00 1.018000000000000016e-01 2.500000000000000000e-01 1.000000000000000048e-04
3.264999999999999858e+01 7.831100000000000172e+00 1.478691000000000031e+02 1.800000000000000000e+02 1.454556000000000040e+02 7.500000000000000000e-01 1.000000000000000000e+00 1.019999999999999934e-01 2.500000000000000000e-01 1.000000000000000048e-04
3.270000000000000284e+01 7.827499999999999680e+00 1.479423999999999921e+02 1.800000000000000000e+02 1.455287999999999897e+02 7.500000000000000000e-01 1.000000000000000000e+00 1.023000000000000020e-01 2.500000000000000000e-01 1.000000000000000048e-04
3.275000000000000000e+01 7.823900000000000077e+00 1.480158000000000129e+02 1.800000000000000000e+02 1.456022000000000105e+02 7.500000000000000000e-01 1.000000000000000000e+00 1.024999999999999939e-01 2.500000000000000000e-01 1.000000000000000048e-04
3.279999999999999716e+01 7.820299999999999585e+00 1.480893000000000086e+02 1.800000000000000000e+02 1.456757000000000062e+02 7.500000000000000000e-01 1.000000000000000000e+00 1.026999999999999996e-01 2.500000000000000000e-01 1.000000000000000048e-04
3.285000000000000142e+01 7.816699999999999982e+00 1.481629000000000076e+02 1.800000000000000000e+02 1.457492000000000019e+02 7.500000000000000000e-01 1.000000000000000000e+00 1.029000000000000054e-01 2.500000000000000000e-01 1.000000000000000048e-04
3.289999999999999858e+01 7.813100000000000378e+00 1.482366000000000099e+02 1.800000000000000000e+02 1.458229000000000042e+02 7.500000000000000000e-01 1.000000000000000000e+00 1.030999999999999972e-01 2.500000000000000000e-01 1.000000000000000048e-04
3.295000000000000284e+01 7.809499999999999886e+00 1.483103999999999871e+02 1.800000000000000000e+02 1.458966000000000065e+02 7.500000000000000000e-01 1.000000000000000000e+00 1.033000000000000029e-01 2.500000000000000000e-01 1.000000000000000048e-04
3.300000000000000000e+01 7.805900000000000283e+00 1.483843999999999994e+02 1.800000000000000000e+02 1.459704999999999870e+02 7.500000000000000000e-01 1.000000000000000000e+00 1.035999999999999976e-01 2.500000000000000000e-01 1.000000000000000048e-04
3.304999999999999716e+01 7.802299999999999791e+00 1.484584999999999866e+02 1.800000000000000000e+02 1.460443999999999960e+02 7.500000000000000000e-01 1.000000000000000000e+00 1.038000000000000034e-01 2.500000000000000000e-01 1.000000000000000048e-04
3.310000000000000142e+01 7.798700000000000188e+00 1.485329000000000121e+02 1.800000000000000000e+02 1.461184000000000083e+02 7.500000000000000000e-01 1.000000000000000000e+00 1.039999999999999952e-01 2.500000000000000000e-01 1.000000000000000048e-04
3.314999999999999858e+01 7.795099999999999696e+00 1.486073000000000093e+02 1.800000000000000000e+02 1.461924999999999955e+02 7.500000000000000000e-01 1.000000000000000000e+00 1.042000000000000010e-01 2.500000000000000000e-01 1.000000000000000048e-04
3.320000000000000284e+01 7.791500000000000092e+00 1.486820999999999913e+02 1.800000000000000000e+02 1.462666999999999859e+02 7.500000000000000000e-01 1.000000000000000000e+00 1.044999999999999957e-01 2.500000000000000000e-01 1.000000000000000048e-04
3.325000000000000000e+01 7.787899999999999601e+00 1.487570000000000050e+02 1.800000000000000000e+02 1.463411000000000115e+02 7.500000000000000000e-01 1.000000000000000000e+00 1.047000000000000014e-01 2.500000000000000000e-01 1.000000000000000048e-04
3.329999999999999716e+01 7.784299999999999997e+00 1.488323000000000036e+02 1.800000000000000000e+02 1.464155000000000086e+02 7.500000000000000000e-01 1.000000000000000000e+00 1.048999999999999932e-01 2.500000000000000000e-01 1.000000000000000048e-04
3.335000000000000142e+01 7.780700000000000394e+00 1.489079999999999870e+02 1.762500000000000000e+02 1.464900000000000091e+02 7.500000000000000000e-01 1.000000000000000000e+00 1.050999999999999990e-01 2.500000000000000000e-01 1.000000000000000048e-04
3.339999999999999858e+01 7.777099999999999902e+00 1.489852999999999952e+02 1.762500000000000000e+02 1.465646000000000129e+02 7.500000000000000000e-01 1.000000000000000000e+00 1.053999999999999937e-01 2.500000000000000000e-01 1.000000000000000048e-04
3.345000000000000284e+01 7.773500000000000298e+00 1.490634000000000015e+02 1.762500000000000000e+02 1.466392999999999915e+02 7.500000000000000000e-01 1.000000000000000000e+00 1.055999999999999994e-01 2.500000000000000000e-01 1.000000000000000048e-04
3.350000000000000000e+01 7.769800000000000040e+00 1.491448000000000036e+02 1.717500000000000000e+02 1.467141000000000020e+02 7.500000000000000000e-01 1.000000000000000000e+00 1.058000000000000052e-01 2.500000000000000000e-01 1.000000000000000048e-04
3.354999999999999716e+01 7.766200000000000436e+00 1.492307999999999879e+02 1.717500000000000000e+02 1.467889999999999873e+02 7.500000000000000000e-01 1.000000000000000000e+00 1.060999999999999999e-01 2.500000000000000000e-01 1.000000000000000048e-04
3.360000000000000142e+01 7.762500000000000178e+00 1.493196000000000083e+02 1.717500000000000000e+02 1.468641000000000076e+02 7.500000000000000000e-01 1.000000000000000000e+00 1.063000000000000056e-01 2.500000000000000000e-01 1.000000000000000048e-04
3.364999999999999858e+01 7.758899999999999686e+00 1.494119000000000028e+02 1.717500000000000000e+02 1.469393000000000029e+02 7.500000000000000000e-01 1.000000000000000000e+00 1.066000000000000003e-01 2.500000000000000000e-01 1.000000000000000048e-04
3.370000000000000284e+01 7.755200000000000315e+00 1.495087000000000046e+02 1.717500000000000000e+02 1.470146000000000015e+02 7.500000000000000000e-01 1.000000000000000000e+00 1.068999999999999950e-01 2.500000000000000000e-01 1.000000000000000048e-04
3.375000000000000000e+01 7.751500000000000057e+00 1.496110999999999933e+02 1.717500000000000000e+02 1.470901000000000067e+02 7.500000000000000000e-01 1.000000000000000000e+00 1.072000000000000036e-01 2.500000000000000000e-01 1.000000000000000048e-04
3.379999999999999716e+01 7.747700000000000031e+00 1.497255000000000109e+02 1.672500000000000000e+02 1.471656999999999869e+02 7.500000000000000000e-01 1.000000000000000000e+00 1.076000000000000012e-01 2.500000000000000000e-01 1.000000000000000048e-04
3.385000000000000142e+01 7.743900000000000006e+00 1.498539000000000101e+02 1.672500000000000000e+02 1.472416000000000054e+02 7.500000000000000000e-01 1.000000000000000000e+00 1.078999999999999959e-01 2.500000000000000000e-01 1.000000000000000048e-04
3.389999999999999858e+01 7.740000000000000213e+00 1.499958000000000027e+02 1.672500000000000000e+02 1.473178000000000054e+02 7.500000000000000000e-01 1.000000000000000000e+00 1.083999999999999964e-01 2.500000000000000000e-01 1.000000000000000048e-04
3.395000000000000284e+01 7.736100000000000421e+00 1.501551000000000045e+02 1.672500000000000000e+02 1.473942000000000121e+02 7.500000000000000000e-01 1.000000000000000000e+00 1.087999999999999939e-01 2.500000000000000000e-01 1.000000000000000048e-04
3.400000000000000000e+01 7.732099999999999973e+00 1.503361999999999910e+02 1.672500000000000000e+02 1.474710000000000036e+02 7.500000000000000000e-01 1.000000000000000000e+00 1.093999999999999972e-01 2.500000000000000000e-01 1.000000000000000048e-04
3.404999999999999716e+01 7.727899999999999991e+00 1.505450999999999908e+02 1.672500000000000000e+02 1.475483000000000118e+02 7.500000000000000000e-01 1.000000000000000000e+00 1.100000000000000006e-01 2.500000000000000000e-01 1.000000000000000048e-04
3.410000000000000142e+01 7.723700000000000010e+00 1.507895000000000039e+02 1.672500000000000000e+02 1.476262999999999863e+02 7.500000000000000000e-01 1.000000000000000000e+00 1.107000000000000067e-01 2.500000000000000000e-01 1.000000000000000048e-04
3.414999999999999858e+01 7.719199999999999839e+00 1.510790000000000077e+02 1.672500000000000000e+02 1.477050000000000125e+02 7.500000000000000000e-01 1.000000000000000000e+00 1.116000000000000048e-01 2.500000000000000000e-01 1.000000000000000048e-04
3.420000000000000284e+01 7.714599999999999902e+00 1.514262999999999977e+02 1.672500000000000000e+02 1.477846999999999866e+02 7.500000000000000000e-01 1.000000000000000000e+00 1.126000000000000056e-01 2.500000000000000000e-01 1.000000000000000048e-04
3.425000000000000000e+01 7.709600000000000009e+00 1.518477000000000032e+02 1.672500000000000000e+02 1.478657000000000039e+02 7.500000000000000000e-01 1.000000000000000000e+00 1.139000000000000012e-01 2.500000000000000000e-01 1.000000000000000048e-04
3.429999999999999716e+01 7.704299999999999926e+00 1.523642000000000110e+02 1.672500000000000000e+02 1.479484999999999957e+02 7.500000000000000000e-01 1.000000000000000000e+00 1.154000000000000026e-01 2.500000000000000000e-01 1.000000000000000048e-04
3.435000000000000142e+01 7.698500000000000121e+00 1.530028000000000077e+02 1.672500000000000000e+02 1.480334000000000003e+02 7.500000000000000000e-01 1.000000000000000000e+00 1.173000000000000015e-01 2.500000000000000000e-01 1.000000000000000048e-04
3.439999999999999858e+01 7.692099999999999937e+00 1.537988000000000000e+02 1.672500000000000000e+02 1.481211999999999875e+02 7.500000000000000000e-01 1.000000000000000000e+00 1.197000000000000008e-01 2.500000000000000000e-01 1.000000000000000048e-04
3.445000000000000284e+01 7.684999999999999609e+00 1.547977999999999952e+02 1.672500000000000000e+02 1.482126000000000090e+02 7.500000000000000000e-01 1.000000000000000000e+00 1.226000000000000006e-01 2.500000000000000000e-01 1.000000000000000048e-04
3.450000000000000000e+01 7.676800000000000068e+00 1.560586999999999875e+02 1.672500000000000000e+02 1.483086000000000126e+02 7.500000000000000000e-01 1.000000000000000000e+00 1.264000000000000123e-01 2.500000000000000000e-01 1.000000000000000048e-04
3.454999999999999716e+01 7.667300000000000004e+00 1.576581999999999937e+02 1.672500000000000000e+02 1.484103000000000065e+02 7.500000000000000000e-01 1.000000000000000000e+00 1.310999999999999943e-01 2.500000000000000000e-01 1.000000000000000048e-04
3.460000000000000142e+01 7.656100000000000350e+00 1.596949999999999932e+02 1.672500000000000000e+02 1.485190000000000055e+02 7.500000000000000000e-01 1.000000000000000000e+00 1.371999999999999886e-01 2.500000000000000000e-01 1.000000000000000048e-04
3.464999999999999858e+01 7.642699999999999605e+00 1.622964000000000055e+02 1.672500000000000000e+02 1.486357000000000141e+02 7.500000000000000000e-01 1.000000000000000000e+00 1.449000000000000010e-01 2.500000000000000000e-01 1.000000000000000048e-04
3.470000000000000284e+01 7.626400000000000290e+00 1.656244000000000085e+02 1.672500000000000000e+02 1.487610999999999990e+02 7.500000000000000000e-01 1.000000000000000000e+00 1.547999999999999932e-01 2.500000000000000000e-01 1.000000000000000048e-04
3.475000000000000000e+01 7.606600000000000250e+00 1.698828000000000031e+02 1.672500000000000000e+02 1.488944999999999936e+02 7.500000000000000000e-01 1.000000000000000000e+00 1.675000000000000100e-01 2.500000000000000000e-01 1.000000000000000048e-04
3.479999999999999716e+01 7.582099999999999618e+00 1.753205000000000098e+02 1.672500000000000000e+02 1.490327000000000055e+02 7.500000000000000000e-01 1.000000000000000000e+00 1.836000000000000132e-01 2.500000000000000000e-01 1.000000000000000048e-04
3.485000000000000142e+01 7.551899999999999835e+00 1.822283999999999935e+02 1.672500000000000000e+02 1.491676999999999964e+02 7.500000000000000000e-01 1.000000000000000000e+00 2.041999999999999926e-01 2.500000000000000000e-01 1.000000000000000048e-04
3.489999999999999858e+01 7.514700000000000379e+00 1.909182000000000130e+02 1.672500000000000000e+02 1.492829999999999870e+02 7.500000000000000000e-01 1.000000000000000000e+00 2.300000000000000100e-01 2.500000000000000000e-01 1.000000000000000048e-04
3.495000000000000284e+01 7.469299999999999606e+00 2.016707000000000107e+02 1.672500000000000000e+02 1.493497999999999877e+02 7.500000000000000000e-01 1.000000000000000000e+00 2.619000000000000217e-01 2.500000000000000000e-01 1.000000000000000048e-04
3.500000000000000000e+01 7.415300000000000225e+00 2.146425999999999874e+02 1.672500000000000000e+02 1.493238000000000056e+02 7.500000000000000000e-01 1.000000000000000000e+00 3.004999999999999893e-01 2.500000000000000000e-01 1.000000000000000048e-04
3.504999999999999716e+01 7.352800000000000225e+00 2.297464999999999975e+02 1.672500000000000000e+02 1.491462999999999965e+02 7.500000000000000000e-01 1.000000000000000000e+00 3.453999999999999848e-01 2.500000000000000000e-01 1.000000000000000048e-04
3.510000000000000142e+01 7.283400000000000318e+00 2.465746000000000038e+02 1.672500000000000000e+02 1.487563000000000102e+02 7.500000000000000000e-01 1.000000000000000000e+00 3.953999999999999737e-01 2.500000000000000000e-01 1.000000000000000048e-04
3.514999999999999858e+01 7.209600000000000009e+00 2.644669000000000096e+02 1.672500000000000000e+02 1.481082000000000107e+02 7.500000000000000000e-01 1.000000000000000000e+00 4.485999999999999988e-01 2.500000000000000000e-01 1.000000000000000048e-04
3.520000000000000284e+01 7.134299999999999642e+00 2.827180999999999926e+02 1.672500000000000000e+02 1.471785000000000139e+02 7.500000000000000000e-01 1.000000000000000000e+00 5.028000000000000247e-01 2.500000000000000000e-01 1.000000000000000048e-04
3.525000000000000000e+01 7.067099999999999937e+00 2.988346999999999980e+02 1.485000000000000000e+02 1.431451000000000136e+02 7.500000000000000000e-01 1.000000000000000000e+00 5.506999999999999673e-01 2.500000000000000000e-01 1.000000000000000048e-04
3.529999999999999716e+01 6.987599999999999589e+00 3.180330999999999904e+02 1.485000000000000000e+02 1.418051000000000101e+02 7.500000000000000000e-01 1.000000000000000000e+00 6.078000000000000069e-01 2.500000000000000000e-01 1.000000000000000048e-04
3.535000000000000142e+01 6.885699999999999932e+00 3.428987000000000194e+02 1.485000000000000000e+02 1.411023000000000138e+02 2.250000000000000000e+00 1.000000000000000000e+00 6.816999999999999726e-01 2.500000000000000000e-01 1.000000000000000048e-04
